relative_path,absolute_path,filename,extension,size_bytes,size_human,modified_time,first_level_folder,second_level_folder,depth
.gitignore,C:\Users\Luis\Desktop\das4navy\.gitignore,.gitignore,[no_ext],253,253.00 B,2026-05-25 21:11:49,.,.,0
README.md,C:\Users\Luis\Desktop\das4navy\README.md,README.md,.md,1027,1.00 KB,2026-05-25 21:11:50,.,.,0
eslint.config.js,C:\Users\Luis\Desktop\das4navy\eslint.config.js,eslint.config.js,.js,568,568.00 B,2026-05-25 21:11:49,.,.,0
index.html,C:\Users\Luis\Desktop\das4navy\index.html,index.html,.html,299,299.00 B,2026-06-06 16:55:28,.,.,0
package-lock.json,C:\Users\Luis\Desktop\das4navy\package-lock.json,package-lock.json,.json,83797,81.83 KB,2026-06-06 16:55:09,.,.,0
package.json,C:\Users\Luis\Desktop\das4navy\package.json,package.json,.json,605,605.00 B,2026-06-06 16:54:12,.,.,0
vite.config.js,C:\Users\Luis\Desktop\das4navy\vite.config.js,vite.config.js,.js,162,162.00 B,2026-06-06 16:55:18,.,.,0
.git\COMMIT_EDITMSG,C:\Users\Luis\Desktop\das4navy\.git\COMMIT_EDITMSG,COMMIT_EDITMSG,[no_ext],37,37.00 B,2026-06-06 17:16:17,.git,.git,1
.git\HEAD,C:\Users\Luis\Desktop\das4navy\.git\HEAD,HEAD,[no_ext],21,21.00 B,2026-06-06 17:00:29,.git,.git,1
.git\config,C:\Users\Luis\Desktop\das4navy\.git\config,config,[no_ext],299,299.00 B,2026-06-06 17:00:39,.git,.git,1
.git\description,C:\Users\Luis\Desktop\das4navy\.git\description,description,[no_ext],73,73.00 B,2026-06-06 17:00:28,.git,.git,1
.git\hooks\applypatch-msg.sample,C:\Users\Luis\Desktop\das4navy\.git\hooks\applypatch-msg.sample,applypatch-msg.sample,.sample,478,478.00 B,2026-06-06 17:00:28,.git,.git\hooks,2
.git\hooks\commit-msg.sample,C:\Users\Luis\Desktop\das4navy\.git\hooks\commit-msg.sample,commit-msg.sample,.sample,896,896.00 B,2026-06-06 17:00:28,.git,.git\hooks,2
.git\hooks\fsmonitor-watchman.sample,C:\Users\Luis\Desktop\das4navy\.git\hooks\fsmonitor-watchman.sample,fsmonitor-watchman.sample,.sample,4726,4.62 KB,2026-06-06 17:00:28,.git,.git\hooks,2
.git\hooks\post-update.sample,C:\Users\Luis\Desktop\das4navy\.git\hooks\post-update.sample,post-update.sample,.sample,189,189.00 B,2026-06-06 17:00:28,.git,.git\hooks,2
.git\hooks\pre-applypatch.sample,C:\Users\Luis\Desktop\das4navy\.git\hooks\pre-applypatch.sample,pre-applypatch.sample,.sample,424,424.00 B,2026-06-06 17:00:28,.git,.git\hooks,2
.git\hooks\pre-commit.sample,C:\Users\Luis\Desktop\das4navy\.git\hooks\pre-commit.sample,pre-commit.sample,.sample,1649,1.61 KB,2026-06-06 17:00:28,.git,.git\hooks,2
.git\hooks\pre-merge-commit.sample,C:\Users\Luis\Desktop\das4navy\.git\hooks\pre-merge-commit.sample,pre-merge-commit.sample,.sample,416,416.00 B,2026-06-06 17:00:28,.git,.git\hooks,2
.git\hooks\pre-push.sample,C:\Users\Luis\Desktop\das4navy\.git\hooks\pre-push.sample,pre-push.sample,.sample,1374,1.34 KB,2026-06-06 17:00:28,.git,.git\hooks,2
.git\hooks\pre-rebase.sample,C:\Users\Luis\Desktop\das4navy\.git\hooks\pre-rebase.sample,pre-rebase.sample,.sample,4898,4.78 KB,2026-06-06 17:00:28,.git,.git\hooks,2
.git\hooks\pre-receive.sample,C:\Users\Luis\Desktop\das4navy\.git\hooks\pre-receive.sample,pre-receive.sample,.sample,544,544.00 B,2026-06-06 17:00:28,.git,.git\hooks,2
.git\hooks\prepare-commit-msg.sample,C:\Users\Luis\Desktop\das4navy\.git\hooks\prepare-commit-msg.sample,prepare-commit-msg.sample,.sample,1492,1.46 KB,2026-06-06 17:00:28,.git,.git\hooks,2
.git\hooks\push-to-checkout.sample,C:\Users\Luis\Desktop\das4navy\.git\hooks\push-to-checkout.sample,push-to-checkout.sample,.sample,2783,2.72 KB,2026-06-06 17:00:28,.git,.git\hooks,2
.git\hooks\sendemail-validate.sample,C:\Users\Luis\Desktop\das4navy\.git\hooks\sendemail-validate.sample,sendemail-validate.sample,.sample,2308,2.25 KB,2026-06-06 17:00:28,.git,.git\hooks,2
.git\hooks\update.sample,C:\Users\Luis\Desktop\das4navy\.git\hooks\update.sample,update.sample,.sample,3650,3.56 KB,2026-06-06 17:00:28,.git,.git\hooks,2
.git\index,C:\Users\Luis\Desktop\das4navy\.git\index,index,[no_ext],1622,1.58 KB,2026-06-06 17:16:17,.git,.git,1
.git\info\exclude,C:\Users\Luis\Desktop\das4navy\.git\info\exclude,exclude,[no_ext],240,240.00 B,2026-06-06 17:00:28,.git,.git\info,2
.git\logs\HEAD,C:\Users\Luis\Desktop\das4navy\.git\logs\HEAD,HEAD,[no_ext],394,394.00 B,2026-06-06 17:16:17,.git,.git\logs,2
.git\logs\refs\heads\main,C:\Users\Luis\Desktop\das4navy\.git\logs\refs\heads\main,main,[no_ext],394,394.00 B,2026-06-06 17:16:17,.git,.git\logs,4
.git\logs\refs\remotes\origin\main,C:\Users\Luis\Desktop\das4navy\.git\logs\refs\remotes\origin\main,main,[no_ext],320,320.00 B,2026-06-06 17:16:22,.git,.git\logs,5
.git\objects\00\6154a408bbe33b1d897b84d3d65e45093733f0,C:\Users\Luis\Desktop\das4navy\.git\objects\00\6154a408bbe33b1d897b84d3d65e45093733f0,6154a408bbe33b1d897b84d3d65e45093733f0,[no_ext],451,451.00 B,2026-06-06 17:00:29,.git,.git\objects,3
.git\objects\02\251f4b956c55af2d76fd0788124d7eee2b45eb,C:\Users\Luis\Desktop\das4navy\.git\objects\02\251f4b956c55af2d76fd0788124d7eee2b45eb,251f4b956c55af2d76fd0788124d7eee2b45eb,[no_ext],13079,12.77 KB,2026-06-06 17:00:29,.git,.git\objects,3
.git\objects\12\b96d98e05aa263b9099d2ae169c3b1e279a3bc,C:\Users\Luis\Desktop\das4navy\.git\objects\12\b96d98e05aa263b9099d2ae169c3b1e279a3bc,b96d98e05aa263b9099d2ae169c3b1e279a3bc,[no_ext],720,720.00 B,2026-06-06 17:16:16,.git,.git\objects,3
.git\objects\15\1abc1bbfe8cbfc811c11827ae44b77a6f0b030,C:\Users\Luis\Desktop\das4navy\.git\objects\15\1abc1bbfe8cbfc811c11827ae44b77a6f0b030,1abc1bbfe8cbfc811c11827ae44b77a6f0b030,[no_ext],286,286.00 B,2026-06-06 17:00:29,.git,.git\objects,3
.git\objects\2c\84af069a9d5a22b28df0a263fcc7b4f4b5a5b9,C:\Users\Luis\Desktop\das4navy\.git\objects\2c\84af069a9d5a22b28df0a263fcc7b4f4b5a5b9,84af069a9d5a22b28df0a263fcc7b4f4b5a5b9,[no_ext],936,936.00 B,2026-06-06 17:00:29,.git,.git\objects,3
.git\objects\3a\2bf01ed0a2de5c62c8d574a059feb7bb05d675,C:\Users\Luis\Desktop\das4navy\.git\objects\3a\2bf01ed0a2de5c62c8d574a059feb7bb05d675,2bf01ed0a2de5c62c8d574a059feb7bb05d675,[no_ext],172,172.00 B,2026-06-06 17:00:29,.git,.git\objects,3
.git\objects\4e\8bd6752fd0d17b176ee6bc6144ab97754d8f0c,C:\Users\Luis\Desktop\das4navy\.git\objects\4e\8bd6752fd0d17b176ee6bc6144ab97754d8f0c,8bd6752fd0d17b176ee6bc6144ab97754d8f0c,[no_ext],174,174.00 B,2026-06-06 17:00:29,.git,.git\objects,3
.git\objects\51\01b674df391399da71c767aa5c976426c9dc7a,C:\Users\Luis\Desktop\das4navy\.git\objects\51\01b674df391399da71c767aa5c976426c9dc7a,01b674df391399da71c767aa5c976426c9dc7a,[no_ext],1717,1.68 KB,2026-06-06 17:00:29,.git,.git\objects,3
.git\objects\62\ed27af69396b0b0d1742a65892bdc14dc99415,C:\Users\Luis\Desktop\das4navy\.git\objects\62\ed27af69396b0b0d1742a65892bdc14dc99415,ed27af69396b0b0d1742a65892bdc14dc99415,[no_ext],52,52.00 B,2026-06-06 17:00:29,.git,.git\objects,3
.git\objects\68\93eb13237060adc0c968a690149a49faa2d7d3,C:\Users\Luis\Desktop\das4navy\.git\objects\68\93eb13237060adc0c968a690149a49faa2d7d3,93eb13237060adc0c968a690149a49faa2d7d3,[no_ext],1630,1.59 KB,2026-06-06 17:00:29,.git,.git\objects,3
.git\objects\6c\87de9bb3358469122cc991d5cf578927246184,C:\Users\Luis\Desktop\das4navy\.git\objects\6c\87de9bb3358469122cc991d5cf578927246184,87de9bb3358469122cc991d5cf578927246184,[no_ext],2192,2.14 KB,2026-06-06 17:00:29,.git,.git\objects,3
.git\objects\71\f9cfc3dd76e4c24d73d59b9d8cc3583fafedd0,C:\Users\Luis\Desktop\das4navy\.git\objects\71\f9cfc3dd76e4c24d73d59b9d8cc3583fafedd0,f9cfc3dd76e4c24d73d59b9d8cc3583fafedd0,[no_ext],3790,3.70 KB,2026-06-06 17:16:16,.git,.git\objects,3
.git\objects\73\bbc8ae887b4be71fb376e781f08dfba02fe332,C:\Users\Luis\Desktop\das4navy\.git\objects\73\bbc8ae887b4be71fb376e781f08dfba02fe332,bbc8ae887b4be71fb376e781f08dfba02fe332,[no_ext],162,162.00 B,2026-06-06 17:00:29,.git,.git\objects,3
.git\objects\75\bc5a69dfe48286627f95e74fa233e61150c30d,C:\Users\Luis\Desktop\das4navy\.git\objects\75\bc5a69dfe48286627f95e74fa233e61150c30d,bc5a69dfe48286627f95e74fa233e61150c30d,[no_ext],702,702.00 B,2026-06-06 17:00:29,.git,.git\objects,3
.git\objects\78\6e798fcb2cc3af14869f95ca7b6154060eb468,C:\Users\Luis\Desktop\das4navy\.git\objects\78\6e798fcb2cc3af14869f95ca7b6154060eb468,6e798fcb2cc3af14869f95ca7b6154060eb468,[no_ext],175,175.00 B,2026-06-06 17:16:17,.git,.git\objects,3
.git\objects\7a\d287eaf0baabf523c34e9c71f7120cac803281,C:\Users\Luis\Desktop\das4navy\.git\objects\7a\d287eaf0baabf523c34e9c71f7120cac803281,d287eaf0baabf523c34e9c71f7120cac803281,[no_ext],222,222.00 B,2026-06-06 17:00:29,.git,.git\objects,3
.git\objects\81\12625d1277576be14060906d2d644243319fc5,C:\Users\Luis\Desktop\das4navy\.git\objects\81\12625d1277576be14060906d2d644243319fc5,12625d1277576be14060906d2d644243319fc5,[no_ext],2717,2.65 KB,2026-06-06 17:00:29,.git,.git\objects,3
.git\objects\8b\bb5ee6c07004e372ddd3fd49ee75964c2c9e75,C:\Users\Luis\Desktop\das4navy\.git\objects\8b\bb5ee6c07004e372ddd3fd49ee75964c2c9e75,bb5ee6c07004e372ddd3fd49ee75964c2c9e75,[no_ext],85,85.00 B,2026-06-06 17:00:29,.git,.git\objects,3
.git\objects\8f\e626dbf7a3c2078be7120fbcb245c8fa3d876c,C:\Users\Luis\Desktop\das4navy\.git\objects\8f\e626dbf7a3c2078be7120fbcb245c8fa3d876c,e626dbf7a3c2078be7120fbcb245c8fa3d876c,[no_ext],346,346.00 B,2026-06-06 17:00:29,.git,.git\objects,3
.git\objects\a3\6934d874c7fbc51aecd1c66dffc106f60693a9,C:\Users\Luis\Desktop\das4navy\.git\objects\a3\6934d874c7fbc51aecd1c66dffc106f60693a9,6934d874c7fbc51aecd1c66dffc106f60693a9,[no_ext],534,534.00 B,2026-06-06 17:00:29,.git,.git\objects,3
.git\objects\a5\47bf36d8d11a4f89c59c144f24795749086dd1,C:\Users\Luis\Desktop\das4navy\.git\objects\a5\47bf36d8d11a4f89c59c144f24795749086dd1,47bf36d8d11a4f89c59c144f24795749086dd1,[no_ext],173,173.00 B,2026-06-06 17:00:29,.git,.git\objects,3
.git\objects\ac\1c3ec57014299ec207e82105e9919b012faf9c,C:\Users\Luis\Desktop\das4navy\.git\objects\ac\1c3ec57014299ec207e82105e9919b012faf9c,1c3ec57014299ec207e82105e9919b012faf9c,[no_ext],193,193.00 B,2026-06-06 17:16:17,.git,.git\objects,3
.git\objects\b5\6c22cde3d81f35217921d4a31129ae99987c92,C:\Users\Luis\Desktop\das4navy\.git\objects\b5\6c22cde3d81f35217921d4a31129ae99987c92,6c22cde3d81f35217921d4a31129ae99987c92,[no_ext],22134,21.62 KB,2026-06-06 17:00:29,.git,.git\objects,3
.git\objects\ce\264d6c03ed90b6216b6076e86bd55300d37bb9,C:\Users\Luis\Desktop\das4navy\.git\objects\ce\264d6c03ed90b6216b6076e86bd55300d37bb9,264d6c03ed90b6216b6076e86bd55300d37bb9,[no_ext],139,139.00 B,2026-06-06 17:00:29,.git,.git\objects,3
.git\objects\cf\1ee902aae17efad73d68ac85b3d08f493b1d1f,C:\Users\Luis\Desktop\das4navy\.git\objects\cf\1ee902aae17efad73d68ac85b3d08f493b1d1f,1ee902aae17efad73d68ac85b3d08f493b1d1f,[no_ext],346,346.00 B,2026-06-06 17:16:17,.git,.git\objects,3
.git\objects\cf\f299901617c708226dccca2b0bf0ab0378c5fa,C:\Users\Luis\Desktop\das4navy\.git\objects\cf\f299901617c708226dccca2b0bf0ab0378c5fa,f299901617c708226dccca2b0bf0ab0378c5fa,[no_ext],115,115.00 B,2026-06-06 17:00:29,.git,.git\objects,3
.git\objects\da\989bbda50a7a87159b213bb7bf7b6eef923bbf,C:\Users\Luis\Desktop\das4navy\.git\objects\da\989bbda50a7a87159b213bb7bf7b6eef923bbf,989bbda50a7a87159b213bb7bf7b6eef923bbf,[no_ext],54,54.00 B,2026-06-06 17:00:29,.git,.git\objects,3
.git\objects\e9\522193d9f796a9748e9ad8c952a5df73c87db9,C:\Users\Luis\Desktop\das4navy\.git\objects\e9\522193d9f796a9748e9ad8c952a5df73c87db9,522193d9f796a9748e9ad8c952a5df73c87db9,[no_ext],2253,2.20 KB,2026-06-06 17:00:29,.git,.git\objects,3
.git\objects\ea\36dd3dc45ddadb9d25dd5e1c74a706dd61a6a9,C:\Users\Luis\Desktop\das4navy\.git\objects\ea\36dd3dc45ddadb9d25dd5e1c74a706dd61a6a9,36dd3dc45ddadb9d25dd5e1c74a706dd61a6a9,[no_ext],296,296.00 B,2026-06-06 17:00:29,.git,.git\objects,3
.git\refs\heads\main,C:\Users\Luis\Desktop\das4navy\.git\refs\heads\main,main,[no_ext],41,41.00 B,2026-06-06 17:16:17,.git,.git\refs,3
.git\refs\remotes\origin\main,C:\Users\Luis\Desktop\das4navy\.git\refs\remotes\origin\main,main,[no_ext],41,41.00 B,2026-06-06 17:16:22,.git,.git\refs,4
.github\workflows\deploy.yml,C:\Users\Luis\Desktop\das4navy\.github\workflows\deploy.yml,deploy.yml,.yml,919,919.00 B,2026-06-06 16:57:06,.github,.github\workflows,2
dist\assets\index-DMcFQBab.js,C:\Users\Luis\Desktop\das4navy\dist\assets\index-DMcFQBab.js,index-DMcFQBab.js,.js,196619,192.01 KB,2026-06-06 17:16:16,dist,dist\assets,2
dist\assets\index-DOiqhqcl.css,C:\Users\Luis\Desktop\das4navy\dist\assets\index-DOiqhqcl.css,index-DOiqhqcl.css,.css,1398,1.37 KB,2026-06-06 17:16:16,dist,dist\assets,2
dist\favicon.svg,C:\Users\Luis\Desktop\das4navy\dist\favicon.svg,favicon.svg,.svg,9522,9.30 KB,2026-05-25 21:11:50,dist,dist,1
dist\icons.svg,C:\Users\Luis\Desktop\das4navy\dist\icons.svg,icons.svg,.svg,5031,4.91 KB,2026-05-25 21:11:50,dist,dist,1
dist\index.html,C:\Users\Luis\Desktop\das4navy\dist\index.html,index.html,.html,415,415.00 B,2026-06-06 17:16:16,dist,dist,1
node_modules\.bin\acorn,C:\Users\Luis\Desktop\das4navy\node_modules\.bin\acorn,acorn,[no_ext],379,379.00 B,2026-06-06 16:54:26,node_modules,node_modules\.bin,2
node_modules\.bin\acorn.cmd,C:\Users\Luis\Desktop\das4navy\node_modules\.bin\acorn.cmd,acorn.cmd,.cmd,320,320.00 B,2026-06-06 16:54:26,node_modules,node_modules\.bin,2
node_modules\.bin\acorn.ps1,C:\Users\Luis\Desktop\das4navy\node_modules\.bin\acorn.ps1,acorn.ps1,.ps1,785,785.00 B,2026-06-06 16:54:26,node_modules,node_modules\.bin,2
node_modules\.bin\baseline-browser-mapping,C:\Users\Luis\Desktop\das4navy\node_modules\.bin\baseline-browser-mapping,baseline-browser-mapping,[no_ext],423,423.00 B,2026-06-06 16:54:26,node_modules,node_modules\.bin,2
node_modules\.bin\baseline-browser-mapping.cmd,C:\Users\Luis\Desktop\das4navy\node_modules\.bin\baseline-browser-mapping.cmd,baseline-browser-mapping.cmd,.cmd,342,342.00 B,2026-06-06 16:54:26,node_modules,node_modules\.bin,2
node_modules\.bin\baseline-browser-mapping.ps1,C:\Users\Luis\Desktop\das4navy\node_modules\.bin\baseline-browser-mapping.ps1,baseline-browser-mapping.ps1,.ps1,873,873.00 B,2026-06-06 16:54:26,node_modules,node_modules\.bin,2
node_modules\.bin\browserslist,C:\Users\Luis\Desktop\das4navy\node_modules\.bin\browserslist,browserslist,[no_ext],387,387.00 B,2026-06-06 16:54:26,node_modules,node_modules\.bin,2
node_modules\.bin\browserslist.cmd,C:\Users\Luis\Desktop\das4navy\node_modules\.bin\browserslist.cmd,browserslist.cmd,.cmd,324,324.00 B,2026-06-06 16:54:26,node_modules,node_modules\.bin,2
node_modules\.bin\browserslist.ps1,C:\Users\Luis\Desktop\das4navy\node_modules\.bin\browserslist.ps1,browserslist.ps1,.ps1,801,801.00 B,2026-06-06 16:54:26,node_modules,node_modules\.bin,2
node_modules\.bin\eslint,C:\Users\Luis\Desktop\das4navy\node_modules\.bin\eslint,eslint,[no_ext],389,389.00 B,2026-06-06 16:54:26,node_modules,node_modules\.bin,2
node_modules\.bin\eslint.cmd,C:\Users\Luis\Desktop\das4navy\node_modules\.bin\eslint.cmd,eslint.cmd,.cmd,325,325.00 B,2026-06-06 16:54:26,node_modules,node_modules\.bin,2
node_modules\.bin\eslint.ps1,C:\Users\Luis\Desktop\das4navy\node_modules\.bin\eslint.ps1,eslint.ps1,.ps1,805,805.00 B,2026-06-06 16:54:26,node_modules,node_modules\.bin,2
node_modules\.bin\jsesc,C:\Users\Luis\Desktop\das4navy\node_modules\.bin\jsesc,jsesc,[no_ext],379,379.00 B,2026-06-06 16:54:26,node_modules,node_modules\.bin,2
node_modules\.bin\jsesc.cmd,C:\Users\Luis\Desktop\das4navy\node_modules\.bin\jsesc.cmd,jsesc.cmd,.cmd,320,320.00 B,2026-06-06 16:54:26,node_modules,node_modules\.bin,2
node_modules\.bin\jsesc.ps1,C:\Users\Luis\Desktop\das4navy\node_modules\.bin\jsesc.ps1,jsesc.ps1,.ps1,785,785.00 B,2026-06-06 16:54:26,node_modules,node_modules\.bin,2
node_modules\.bin\json5,C:\Users\Luis\Desktop\das4navy\node_modules\.bin\json5,json5,[no_ext],381,381.00 B,2026-06-06 16:54:26,node_modules,node_modules\.bin,2
node_modules\.bin\json5.cmd,C:\Users\Luis\Desktop\das4navy\node_modules\.bin\json5.cmd,json5.cmd,.cmd,321,321.00 B,2026-06-06 16:54:26,node_modules,node_modules\.bin,2
node_modules\.bin\json5.ps1,C:\Users\Luis\Desktop\das4navy\node_modules\.bin\json5.ps1,json5.ps1,.ps1,789,789.00 B,2026-06-06 16:54:26,node_modules,node_modules\.bin,2
node_modules\.bin\nanoid,C:\Users\Luis\Desktop\das4navy\node_modules\.bin\nanoid,nanoid,[no_ext],391,391.00 B,2026-06-06 16:54:26,node_modules,node_modules\.bin,2
node_modules\.bin\nanoid.cmd,C:\Users\Luis\Desktop\das4navy\node_modules\.bin\nanoid.cmd,nanoid.cmd,.cmd,326,326.00 B,2026-06-06 16:54:26,node_modules,node_modules\.bin,2
node_modules\.bin\nanoid.ps1,C:\Users\Luis\Desktop\das4navy\node_modules\.bin\nanoid.ps1,nanoid.ps1,.ps1,809,809.00 B,2026-06-06 16:54:26,node_modules,node_modules\.bin,2
node_modules\.bin\node-which,C:\Users\Luis\Desktop\das4navy\node_modules\.bin\node-which,node-which,[no_ext],389,389.00 B,2026-06-06 16:54:26,node_modules,node_modules\.bin,2
node_modules\.bin\node-which.cmd,C:\Users\Luis\Desktop\das4navy\node_modules\.bin\node-which.cmd,node-which.cmd,.cmd,325,325.00 B,2026-06-06 16:54:26,node_modules,node_modules\.bin,2
node_modules\.bin\node-which.ps1,C:\Users\Luis\Desktop\das4navy\node_modules\.bin\node-which.ps1,node-which.ps1,.ps1,805,805.00 B,2026-06-06 16:54:26,node_modules,node_modules\.bin,2
node_modules\.bin\parser,C:\Users\Luis\Desktop\das4navy\node_modules\.bin\parser,parser,[no_ext],415,415.00 B,2026-06-06 16:54:26,node_modules,node_modules\.bin,2
node_modules\.bin\parser.cmd,C:\Users\Luis\Desktop\das4navy\node_modules\.bin\parser.cmd,parser.cmd,.cmd,338,338.00 B,2026-06-06 16:54:26,node_modules,node_modules\.bin,2
node_modules\.bin\parser.ps1,C:\Users\Luis\Desktop\das4navy\node_modules\.bin\parser.ps1,parser.ps1,.ps1,857,857.00 B,2026-06-06 16:54:26,node_modules,node_modules\.bin,2
node_modules\.bin\rolldown,C:\Users\Luis\Desktop\das4navy\node_modules\.bin\rolldown,rolldown,[no_ext],389,389.00 B,2026-06-06 16:54:26,node_modules,node_modules\.bin,2
node_modules\.bin\rolldown.cmd,C:\Users\Luis\Desktop\das4navy\node_modules\.bin\rolldown.cmd,rolldown.cmd,.cmd,325,325.00 B,2026-06-06 16:54:26,node_modules,node_modules\.bin,2
node_modules\.bin\rolldown.ps1,C:\Users\Luis\Desktop\das4navy\node_modules\.bin\rolldown.ps1,rolldown.ps1,.ps1,805,805.00 B,2026-06-06 16:54:26,node_modules,node_modules\.bin,2
node_modules\.bin\semver,C:\Users\Luis\Desktop\das4navy\node_modules\.bin\semver,semver,[no_ext],389,389.00 B,2026-06-06 16:54:26,node_modules,node_modules\.bin,2
node_modules\.bin\semver.cmd,C:\Users\Luis\Desktop\das4navy\node_modules\.bin\semver.cmd,semver.cmd,.cmd,325,325.00 B,2026-06-06 16:54:26,node_modules,node_modules\.bin,2
node_modules\.bin\semver.ps1,C:\Users\Luis\Desktop\das4navy\node_modules\.bin\semver.ps1,semver.ps1,.ps1,805,805.00 B,2026-06-06 16:54:26,node_modules,node_modules\.bin,2
node_modules\.bin\update-browserslist-db,C:\Users\Luis\Desktop\das4navy\node_modules\.bin\update-browserslist-db,update-browserslist-db,[no_ext],407,407.00 B,2026-06-06 16:54:26,node_modules,node_modules\.bin,2
node_modules\.bin\update-browserslist-db.cmd,C:\Users\Luis\Desktop\das4navy\node_modules\.bin\update-browserslist-db.cmd,update-browserslist-db.cmd,.cmd,334,334.00 B,2026-06-06 16:54:26,node_modules,node_modules\.bin,2
node_modules\.bin\update-browserslist-db.ps1,C:\Users\Luis\Desktop\das4navy\node_modules\.bin\update-browserslist-db.ps1,update-browserslist-db.ps1,.ps1,841,841.00 B,2026-06-06 16:54:26,node_modules,node_modules\.bin,2
node_modules\.bin\vite,C:\Users\Luis\Desktop\das4navy\node_modules\.bin\vite,vite,[no_ext],381,381.00 B,2026-06-06 16:54:26,node_modules,node_modules\.bin,2
node_modules\.bin\vite.cmd,C:\Users\Luis\Desktop\das4navy\node_modules\.bin\vite.cmd,vite.cmd,.cmd,321,321.00 B,2026-06-06 16:54:26,node_modules,node_modules\.bin,2
node_modules\.bin\vite.ps1,C:\Users\Luis\Desktop\das4navy\node_modules\.bin\vite.ps1,vite.ps1,.ps1,789,789.00 B,2026-06-06 16:54:26,node_modules,node_modules\.bin,2
node_modules\.package-lock.json,C:\Users\Luis\Desktop\das4navy\node_modules\.package-lock.json,.package-lock.json,.json,65810,64.27 KB,2026-06-06 16:55:09,node_modules,node_modules,1
node_modules\.vite\deps\_metadata.json,C:\Users\Luis\Desktop\das4navy\node_modules\.vite\deps\_metadata.json,_metadata.json,.json,1067,1.04 KB,2026-06-06 16:54:29,node_modules,node_modules\.vite,3
node_modules\.vite\deps\package.json,C:\Users\Luis\Desktop\das4navy\node_modules\.vite\deps\package.json,package.json,.json,23,23.00 B,2026-06-06 16:54:29,node_modules,node_modules\.vite,3
node_modules\.vite\deps\react-DiA8Tu0S.js,C:\Users\Luis\Desktop\das4navy\node_modules\.vite\deps\react-DiA8Tu0S.js,react-DiA8Tu0S.js,.js,38369,37.47 KB,2026-06-06 16:54:29,node_modules,node_modules\.vite,3
node_modules\.vite\deps\react-DiA8Tu0S.js.map,C:\Users\Luis\Desktop\das4navy\node_modules\.vite\deps\react-DiA8Tu0S.js.map,react-DiA8Tu0S.js.map,.map,68649,67.04 KB,2026-06-06 16:54:29,node_modules,node_modules\.vite,3
node_modules\.vite\deps\react-dom.js,C:\Users\Luis\Desktop\das4navy\node_modules\.vite\deps\react-dom.js,react-dom.js,.js,14533,14.19 KB,2026-06-06 16:54:29,node_modules,node_modules\.vite,3
node_modules\.vite\deps\react-dom.js.map,C:\Users\Luis\Desktop\das4navy\node_modules\.vite\deps\react-dom.js.map,react-dom.js.map,.map,25581,24.98 KB,2026-06-06 16:54:29,node_modules,node_modules\.vite,3
node_modules\.vite\deps\react-dom_client.js,C:\Users\Luis\Desktop\das4navy\node_modules\.vite\deps\react-dom_client.js,react-dom_client.js,.js,820851,801.61 KB,2026-06-06 16:54:29,node_modules,node_modules\.vite,3
node_modules\.vite\deps\react-dom_client.js.map,C:\Users\Luis\Desktop\das4navy\node_modules\.vite\deps\react-dom_client.js.map,react-dom_client.js.map,.map,1498117,1.43 MB,2026-06-06 16:54:29,node_modules,node_modules\.vite,3
node_modules\.vite\deps\react.js,C:\Users\Luis\Desktop\das4navy\node_modules\.vite\deps\react.js,react.js,.js,90,90.00 B,2026-06-06 16:54:29,node_modules,node_modules\.vite,3
node_modules\.vite\deps\react_jsx-dev-runtime.js,C:\Users\Luis\Desktop\das4navy\node_modules\.vite\deps\react_jsx-dev-runtime.js,react_jsx-dev-runtime.js,.js,10476,10.23 KB,2026-06-06 16:54:29,node_modules,node_modules\.vite,3
node_modules\.vite\deps\react_jsx-dev-runtime.js.map,C:\Users\Luis\Desktop\das4navy\node_modules\.vite\deps\react_jsx-dev-runtime.js.map,react_jsx-dev-runtime.js.map,.map,18047,17.62 KB,2026-06-06 16:54:29,node_modules,node_modules\.vite,3
node_modules\.vite\deps\react_jsx-runtime.js,C:\Users\Luis\Desktop\das4navy\node_modules\.vite\deps\react_jsx-runtime.js,react_jsx-runtime.js,.js,10749,10.50 KB,2026-06-06 16:54:29,node_modules,node_modules\.vite,3
node_modules\.vite\deps\react_jsx-runtime.js.map,C:\Users\Luis\Desktop\das4navy\node_modules\.vite\deps\react_jsx-runtime.js.map,react_jsx-runtime.js.map,.map,18615,18.18 KB,2026-06-06 16:54:29,node_modules,node_modules\.vite,3
node_modules\@babel\code-frame\LICENSE,C:\Users\Luis\Desktop\das4navy\node_modules\@babel\code-frame\LICENSE,LICENSE,[no_ext],1106,1.08 KB,2026-06-06 16:54:21,node_modules,node_modules\@babel,3
node_modules\@babel\code-frame\README.md,C:\Users\Luis\Desktop\das4navy\node_modules\@babel\code-frame\README.md,README.md,.md,334,334.00 B,2026-06-06 16:54:21,node_modules,node_modules\@babel,3
node_modules\@babel\code-frame\lib\index.js,C:\Users\Luis\Desktop\das4navy\node_modules\@babel\code-frame\lib\index.js,index.js,.js,7193,7.02 KB,2026-06-06 16:54:21,node_modules,node_modules\@babel,4
node_modules\@babel\code-frame\lib\index.js.map,C:\Users\Luis\Desktop\das4navy\node_modules\@babel\code-frame\lib\index.js.map,index.js.map,.map,25092,24.50 KB,2026-06-06 16:54:21,node_modules,node_modules\@babel,4
node_modules\@babel\code-frame\package.json,C:\Users\Luis\Desktop\das4navy\node_modules\@babel\code-frame\package.json,package.json,.json,907,907.00 B,2026-06-06 16:54:21,node_modules,node_modules\@babel,3
node_modules\@babel\compat-data\LICENSE,C:\Users\Luis\Desktop\das4navy\node_modules\@babel\compat-data\LICENSE,LICENSE,[no_ext],1106,1.08 KB,2026-06-06 16:54:21,node_modules,node_modules\@babel,3
node_modules\@babel\compat-data\README.md,C:\Users\Luis\Desktop\das4navy\node_modules\@babel\compat-data\README.md,README.md,.md,307,307.00 B,2026-06-06 16:54:21,node_modules,node_modules\@babel,3
node_modules\@babel\compat-data\corejs2-built-ins.js,C:\Users\Luis\Desktop\das4navy\node_modules\@babel\compat-data\corejs2-built-ins.js,corejs2-built-ins.js,.js,132,132.00 B,2026-06-06 16:54:21,node_modules,node_modules\@babel,3
node_modules\@babel\compat-data\corejs3-shipped-proposals.js,C:\Users\Luis\Desktop\das4navy\node_modules\@babel\compat-data\corejs3-shipped-proposals.js,corejs3-shipped-proposals.js,.js,160,160.00 B,2026-06-06 16:54:21,node_modules,node_modules\@babel,3
node_modules\@babel\compat-data\data\corejs2-built-ins.json,C:\Users\Luis\Desktop\das4navy\node_modules\@babel\compat-data\data\corejs2-built-ins.json,corejs2-built-ins.json,.json,41279,40.31 KB,2026-06-06 16:54:21,node_modules,node_modules\@babel,4
node_modules\@babel\compat-data\data\corejs3-shipped-proposals.json,C:\Users\Luis\Desktop\das4navy\node_modules\@babel\compat-data\data\corejs3-shipped-proposals.json,corejs3-shipped-proposals.json,.json,88,88.00 B,2026-06-06 16:54:21,node_modules,node_modules\@babel,4
node_modules\@babel\compat-data\data\native-modules.json,C:\Users\Luis\Desktop\das4navy\node_modules\@babel\compat-data\data\native-modules.json,native-modules.json,.json,316,316.00 B,2026-06-06 16:54:21,node_modules,node_modules\@babel,4
node_modules\@babel\compat-data\data\overlapping-plugins.json,C:\Users\Luis\Desktop\das4navy\node_modules\@babel\compat-data\data\overlapping-plugins.json,overlapping-plugins.json,.json,1293,1.26 KB,2026-06-06 16:54:21,node_modules,node_modules\@babel,4
node_modules\@babel\compat-data\data\plugin-bugfixes.json,C:\Users\Luis\Desktop\das4navy\node_modules\@babel\compat-data\data\plugin-bugfixes.json,plugin-bugfixes.json,.json,4733,4.62 KB,2026-06-06 16:54:21,node_modules,node_modules\@babel,4
node_modules\@babel\compat-data\data\plugins.json,C:\Users\Luis\Desktop\das4navy\node_modules\@babel\compat-data\data\plugins.json,plugins.json,.json,17058,16.66 KB,2026-06-06 16:54:21,node_modules,node_modules\@babel,4
node_modules\@babel\compat-data\native-modules.js,C:\Users\Luis\Desktop\das4navy\node_modules\@babel\compat-data\native-modules.js,native-modules.js,.js,136,136.00 B,2026-06-06 16:54:21,node_modules,node_modules\@babel,3
node_modules\@babel\compat-data\overlapping-plugins.js,C:\Users\Luis\Desktop\das4navy\node_modules\@babel\compat-data\overlapping-plugins.js,overlapping-plugins.js,.js,141,141.00 B,2026-06-06 16:54:21,node_modules,node_modules\@babel,3
node_modules\@babel\compat-data\package.json,C:\Users\Luis\Desktop\das4navy\node_modules\@babel\compat-data\package.json,package.json,.json,1192,1.16 KB,2026-06-06 16:54:21,node_modules,node_modules\@babel,3
node_modules\@babel\compat-data\plugin-bugfixes.js,C:\Users\Luis\Desktop\das4navy\node_modules\@babel\compat-data\plugin-bugfixes.js,plugin-bugfixes.js,.js,137,137.00 B,2026-06-06 16:54:21,node_modules,node_modules\@babel,3
node_modules\@babel\compat-data\plugins.js,C:\Users\Luis\Desktop\das4navy\node_modules\@babel\compat-data\plugins.js,plugins.js,.js,129,129.00 B,2026-06-06 16:54:21,node_modules,node_modules\@babel,3
node_modules\@babel\core\LICENSE,C:\Users\Luis\Desktop\das4navy\node_modules\@babel\core\LICENSE,LICENSE,[no_ext],1106,1.08 KB,2026-06-06 16:54:21,node_modules,node_modules\@babel,3
node_modules\@babel\core\README.md,C:\Users\Luis\Desktop\das4navy\node_modules\@babel\core\README.md,README.md,.md,401,401.00 B,2026-06-06 16:54:21,node_modules,node_modules\@babel,3
node_modules\@babel\core\lib\config\cache-contexts.js,C:\Users\Luis\Desktop\das4navy\node_modules\@babel\core\lib\config\cache-contexts.js,cache-contexts.js,.js,67,67.00 B,2026-06-06 16:54:21,node_modules,node_modules\@babel,5
node_modules\@babel\core\lib\config\cache-contexts.js.map,C:\Users\Luis\Desktop\das4navy\node_modules\@babel\core\lib\config\cache-contexts.js.map,cache-contexts.js.map,.map,897,897.00 B,2026-06-06 16:54:21,node_modules,node_modules\@babel,5
node_modules\@babel\core\lib\config\caching.js,C:\Users\Luis\Desktop\das4navy\node_modules\@babel\core\lib\config\caching.js,caching.js,.js,7290,7.12 KB,2026-06-06 16:54:21,node_modules,node_modules\@babel,5
node_modules\@babel\core\lib\config\caching.js.map,C:\Users\Luis\Desktop\das4navy\node_modules\@babel\core\lib\config\caching.js.map,caching.js.map,.map,20635,20.15 KB,2026-06-06 16:54:21,node_modules,node_modules\@babel,5
node_modules\@babel\core\lib\config\config-chain.js,C:\Users\Luis\Desktop\das4navy\node_modules\@babel\core\lib\config\config-chain.js,config-chain.js,.js,18644,18.21 KB,2026-06-06 16:54:21,node_modules,node_modules\@babel,5
node_modules\@babel\core\lib\config\config-chain.js.map,C:\Users\Luis\Desktop\das4navy\node_modules\@babel\core\lib\config\config-chain.js.map,config-chain.js.map,.map,47322,46.21 KB,2026-06-06 16:54:21,node_modules,node_modules\@babel,5
node_modules\@babel\core\lib\config\config-descriptors.js,C:\Users\Luis\Desktop\das4navy\node_modules\@babel\core\lib\config\config-descriptors.js,config-descriptors.js,.js,6856,6.70 KB,2026-06-06 16:54:21,node_modules,node_modules\@babel,5
node_modules\@babel\core\lib\config\config-descriptors.js.map,C:\Users\Luis\Desktop\das4navy\node_modules\@babel\core\lib\config\config-descriptors.js.map,config-descriptors.js.map,.map,20122,19.65 KB,2026-06-06 16:54:21,node_modules,node_modules\@babel,5
node_modules\@babel\core\lib\config\files\configuration.js,C:\Users\Luis\Desktop\das4navy\node_modules\@babel\core\lib\config\files\configuration.js,configuration.js,.js,10887,10.63 KB,2026-06-06 16:54:21,node_modules,node_modules\@babel,6
node_modules\@babel\core\lib\config\files\configuration.js.map,C:\Users\Luis\Desktop\das4navy\node_modules\@babel\core\lib\config\files\configuration.js.map,configuration.js.map,.map,22612,22.08 KB,2026-06-06 16:54:21,node_modules,node_modules\@babel,6
node_modules\@babel\core\lib\config\files\import.cjs,C:\Users\Luis\Desktop\das4navy\node_modules\@babel\core\lib\config\files\import.cjs,import.cjs,.cjs,121,121.00 B,2026-06-06 16:54:22,node_modules,node_modules\@babel,6
node_modules\@babel\core\lib\config\files\import.cjs.map,C:\Users\Luis\Desktop\das4navy\node_modules\@babel\core\lib\config\files\import.cjs.map,import.cjs.map,.map,519,519.00 B,2026-06-06 16:54:22,node_modules,node_modules\@babel,6
node_modules\@babel\core\lib\config\files\index-browser.js,C:\Users\Luis\Desktop\das4navy\node_modules\@babel\core\lib\config\files\index-browser.js,index-browser.js,.js,1568,1.53 KB,2026-06-06 16:54:22,node_modules,node_modules\@babel,6
node_modules\@babel\core\lib\config\files\index-browser.js.map,C:\Users\Luis\Desktop\das4navy\node_modules\@babel\core\lib\config\files\index-browser.js.map,index-browser.js.map,.map,4607,4.50 KB,2026-06-06 16:54:22,node_modules,node_modules\@babel,6
node_modules\@babel\core\lib\config\files\index.js,C:\Users\Luis\Desktop\das4navy\node_modules\@babel\core\lib\config\files\index.js,index.js,.js,1809,1.77 KB,2026-06-06 16:54:22,node_modules,node_modules\@babel,6
node_modules\@babel\core\lib\config\files\index.js.map,C:\Users\Luis\Desktop\das4navy\node_modules\@babel\core\lib\config\files\index.js.map,index.js.map,.map,1209,1.18 KB,2026-06-06 16:54:22,node_modules,node_modules\@babel,6
node_modules\@babel\core\lib\config\files\module-types.js,C:\Users\Luis\Desktop\das4navy\node_modules\@babel\core\lib\config\files\module-types.js,module-types.js,.js,7144,6.98 KB,2026-06-06 16:54:22,node_modules,node_modules\@babel,6
node_modules\@babel\core\lib\config\files\module-types.js.map,C:\Users\Luis\Desktop\das4navy\node_modules\@babel\core\lib\config\files\module-types.js.map,module-types.js.map,.map,17470,17.06 KB,2026-06-06 16:54:22,node_modules,node_modules\@babel,6
node_modules\@babel\core\lib\config\files\package.js,C:\Users\Luis\Desktop\das4navy\node_modules\@babel\core\lib\config\files\package.js,package.js,.js,1624,1.59 KB,2026-06-06 16:54:22,node_modules,node_modules\@babel,6
node_modules\@babel\core\lib\config\files\package.js.map,C:\Users\Luis\Desktop\das4navy\node_modules\@babel\core\lib\config\files\package.js.map,package.js.map,.map,3757,3.67 KB,2026-06-06 16:54:22,node_modules,node_modules\@babel,6
node_modules\@babel\core\lib\config\files\plugins.js,C:\Users\Luis\Desktop\das4navy\node_modules\@babel\core\lib\config\files\plugins.js,plugins.js,.js,7613,7.43 KB,2026-06-06 16:54:22,node_modules,node_modules\@babel,6
node_modules\@babel\core\lib\config\files\plugins.js.map,C:\Users\Luis\Desktop\das4navy\node_modules\@babel\core\lib\config\files\plugins.js.map,plugins.js.map,.map,17357,16.95 KB,2026-06-06 16:54:22,node_modules,node_modules\@babel,6
node_modules\@babel\core\lib\config\files\types.js,C:\Users\Luis\Desktop\das4navy\node_modules\@babel\core\lib\config\files\types.js,types.js,.js,58,58.00 B,2026-06-06 16:54:22,node_modules,node_modules\@babel,6
node_modules\@babel\core\lib\config\files\types.js.map,C:\Users\Luis\Desktop\das4navy\node_modules\@babel\core\lib\config\files\types.js.map,types.js.map,.map,1132,1.11 KB,2026-06-06 16:54:22,node_modules,node_modules\@babel,6
node_modules\@babel\core\lib\config\files\utils.js,C:\Users\Luis\Desktop\das4navy\node_modules\@babel\core\lib\config\files\utils.js,utils.js,.js,895,895.00 B,2026-06-06 16:54:22,node_modules,node_modules\@babel,6
node_modules\@babel\core\lib\config\files\utils.js.map,C:\Users\Luis\Desktop\das4navy\node_modules\@babel\core\lib\config\files\utils.js.map,utils.js.map,.map,2088,2.04 KB,2026-06-06 16:54:22,node_modules,node_modules\@babel,6
node_modules\@babel\core\lib\config\full.js,C:\Users\Luis\Desktop\das4navy\node_modules\@babel\core\lib\config\full.js,full.js,.js,11245,10.98 KB,2026-06-06 16:54:22,node_modules,node_modules\@babel,5
node_modules\@babel\core\lib\config\full.js.map,C:\Users\Luis\Desktop\das4navy\node_modules\@babel\core\lib\config\full.js.map,full.js.map,.map,27988,27.33 KB,2026-06-06 16:54:22,node_modules,node_modules\@babel,5
node_modules\@babel\core\lib\config\helpers\config-api.js,C:\Users\Luis\Desktop\das4navy\node_modules\@babel\core\lib\config\helpers\config-api.js,config-api.js,.js,2807,2.74 KB,2026-06-06 16:54:22,node_modules,node_modules\@babel,6
node_modules\@babel\core\lib\config\helpers\config-api.js.map,C:\Users\Luis\Desktop\das4navy\node_modules\@babel\core\lib\config\helpers\config-api.js.map,config-api.js.map,.map,8765,8.56 KB,2026-06-06 16:54:22,node_modules,node_modules\@babel,6
node_modules\@babel\core\lib\config\helpers\deep-array.js,C:\Users\Luis\Desktop\das4navy\node_modules\@babel\core\lib\config\helpers\deep-array.js,deep-array.js,.js,497,497.00 B,2026-06-06 16:54:22,node_modules,node_modules\@babel,6
node_modules\@babel\core\lib\config\helpers\deep-array.js.map,C:\Users\Luis\Desktop\das4navy\node_modules\@babel\core\lib\config\helpers\deep-array.js.map,deep-array.js.map,.map,1515,1.48 KB,2026-06-06 16:54:22,node_modules,node_modules\@babel,6
node_modules\@babel\core\lib\config\helpers\environment.js,C:\Users\Luis\Desktop\das4navy\node_modules\@babel\core\lib\config\helpers\environment.js,environment.js,.js,276,276.00 B,2026-06-06 16:54:22,node_modules,node_modules\@babel,6
node_modules\@babel\core\lib\config\helpers\environment.js.map,C:\Users\Luis\Desktop\das4navy\node_modules\@babel\core\lib\config\helpers\environment.js.map,environment.js.map,.map,488,488.00 B,2026-06-06 16:54:22,node_modules,node_modules\@babel,6
node_modules\@babel\core\lib\config\index.js,C:\Users\Luis\Desktop\das4navy\node_modules\@babel\core\lib\config\index.js,index.js,.js,3339,3.26 KB,2026-06-06 16:54:22,node_modules,node_modules\@babel,5
node_modules\@babel\core\lib\config\index.js.map,C:\Users\Luis\Desktop\das4navy\node_modules\@babel\core\lib\config\index.js.map,index.js.map,.map,8154,7.96 KB,2026-06-06 16:54:22,node_modules,node_modules\@babel,5
node_modules\@babel\core\lib\config\item.js,C:\Users\Luis\Desktop\das4navy\node_modules\@babel\core\lib\config\item.js,item.js,.js,1836,1.79 KB,2026-06-06 16:54:22,node_modules,node_modules\@babel,5
node_modules\@babel\core\lib\config\item.js.map,C:\Users\Luis\Desktop\das4navy\node_modules\@babel\core\lib\config\item.js.map,item.js.map,.map,6088,5.95 KB,2026-06-06 16:54:22,node_modules,node_modules\@babel,5
node_modules\@babel\core\lib\config\partial.js,C:\Users\Luis\Desktop\das4navy\node_modules\@babel\core\lib\config\partial.js,partial.js,.js,5400,5.27 KB,2026-06-06 16:54:22,node_modules,node_modules\@babel,5
node_modules\@babel\core\lib\config\partial.js.map,C:\Users\Luis\Desktop\das4navy\node_modules\@babel\core\lib\config\partial.js.map,partial.js.map,.map,12845,12.54 KB,2026-06-06 16:54:22,node_modules,node_modules\@babel,5
node_modules\@babel\core\lib\config\pattern-to-regex.js,C:\Users\Luis\Desktop\das4navy\node_modules\@babel\core\lib\config\pattern-to-regex.js,pattern-to-regex.js,.js,1186,1.16 KB,2026-06-06 16:54:22,node_modules,node_modules\@babel,5
node_modules\@babel\core\lib\config\pattern-to-regex.js.map,C:\Users\Luis\Desktop\das4navy\node_modules\@babel\core\lib\config\pattern-to-regex.js.map,pattern-to-regex.js.map,.map,3222,3.15 KB,2026-06-06 16:54:22,node_modules,node_modules\@babel,5
node_modules\@babel\core\lib\config\plugin.js,C:\Users\Luis\Desktop\das4navy\node_modules\@babel\core\lib\config\plugin.js,plugin.js,.js,986,986.00 B,2026-06-06 16:54:22,node_modules,node_modules\@babel,5
node_modules\@babel\core\lib\config\plugin.js.map,C:\Users\Luis\Desktop\das4navy\node_modules\@babel\core\lib\config\plugin.js.map,plugin.js.map,.map,2263,2.21 KB,2026-06-06 16:54:22,node_modules,node_modules\@babel,5
node_modules\@babel\core\lib\config\printer.js,C:\Users\Luis\Desktop\das4navy\node_modules\@babel\core\lib\config\printer.js,printer.js,.js,2894,2.83 KB,2026-06-06 16:54:22,node_modules,node_modules\@babel,5
node_modules\@babel\core\lib\config\printer.js.map,C:\Users\Luis\Desktop\das4navy\node_modules\@babel\core\lib\config\printer.js.map,printer.js.map,.map,8061,7.87 KB,2026-06-06 16:54:22,node_modules,node_modules\@babel,5
node_modules\@babel\core\lib\config\resolve-targets-browser.js,C:\Users\Luis\Desktop\das4navy\node_modules\@babel\core\lib\config\resolve-targets-browser.js,resolve-targets-browser.js,.js,1106,1.08 KB,2026-06-06 16:54:22,node_modules,node_modules\@babel,5
node_modules\@babel\core\lib\config\resolve-targets-browser.js.map,C:\Users\Luis\Desktop\das4navy\node_modules\@babel\core\lib\config\resolve-targets-browser.js.map,resolve-targets-browser.js.map,.map,2420,2.36 KB,2026-06-06 16:54:22,node_modules,node_modules\@babel,5
node_modules\@babel\core\lib\config\resolve-targets.js,C:\Users\Luis\Desktop\das4navy\node_modules\@babel\core\lib\config\resolve-targets.js,resolve-targets.js,.js,1577,1.54 KB,2026-06-06 16:54:22,node_modules,node_modules\@babel,5
node_modules\@babel\core\lib\config\resolve-targets.js.map,C:\Users\Luis\Desktop\das4navy\node_modules\@babel\core\lib\config\resolve-targets.js.map,resolve-targets.js.map,.map,3458,3.38 KB,2026-06-06 16:54:22,node_modules,node_modules\@babel,5
node_modules\@babel\core\lib\config\util.js,C:\Users\Luis\Desktop\das4navy\node_modules\@babel\core\lib\config\util.js,util.js,.js,927,927.00 B,2026-06-06 16:54:22,node_modules,node_modules\@babel,5
node_modules\@babel\core\lib\config\util.js.map,C:\Users\Luis\Desktop\das4navy\node_modules\@babel\core\lib\config\util.js.map,util.js.map,.map,2365,2.31 KB,2026-06-06 16:54:22,node_modules,node_modules\@babel,5
node_modules\@babel\core\lib\config\validation\option-assertions.js,C:\Users\Luis\Desktop\das4navy\node_modules\@babel\core\lib\config\validation\option-assertions.js,option-assertions.js,.js,10009,9.77 KB,2026-06-06 16:54:22,node_modules,node_modules\@babel,6
node_modules\@babel\core\lib\config\validation\option-assertions.js.map,C:\Users\Luis\Desktop\das4navy\node_modules\@babel\core\lib\config\validation\option-assertions.js.map,option-assertions.js.map,.map,24874,24.29 KB,2026-06-06 16:54:22,node_modules,node_modules\@babel,6
node_modules\@babel\core\lib\config\validation\options.js,C:\Users\Luis\Desktop\das4navy\node_modules\@babel\core\lib\config\validation\options.js,options.js,.js,8017,7.83 KB,2026-06-06 16:54:22,node_modules,node_modules\@babel,6
node_modules\@babel\core\lib\config\validation\options.js.map,C:\Users\Luis\Desktop\das4navy\node_modules\@babel\core\lib\config\validation\options.js.map,options.js.map,.map,26051,25.44 KB,2026-06-06 16:54:22,node_modules,node_modules\@babel,6
node_modules\@babel\core\lib\config\validation\plugins.js,C:\Users\Luis\Desktop\das4navy\node_modules\@babel\core\lib\config\validation\plugins.js,plugins.js,.js,2088,2.04 KB,2026-06-06 16:54:22,node_modules,node_modules\@babel,6
node_modules\@babel\core\lib\config\validation\plugins.js.map,C:\Users\Luis\Desktop\das4navy\node_modules\@babel\core\lib\config\validation\plugins.js.map,plugins.js.map,.map,6415,6.26 KB,2026-06-06 16:54:22,node_modules,node_modules\@babel,6
node_modules\@babel\core\lib\config\validation\removed.js,C:\Users\Luis\Desktop\das4navy\node_modules\@babel\core\lib\config\validation\removed.js,removed.js,.js,2410,2.35 KB,2026-06-06 16:54:22,node_modules,node_modules\@babel,6
node_modules\@babel\core\lib\config\validation\removed.js.map,C:\Users\Luis\Desktop\das4navy\node_modules\@babel\core\lib\config\validation\removed.js.map,removed.js.map,.map,3886,3.79 KB,2026-06-06 16:54:22,node_modules,node_modules\@babel,6
node_modules\@babel\core\lib\errors\config-error.js,C:\Users\Luis\Desktop\das4navy\node_modules\@babel\core\lib\errors\config-error.js,config-error.js,.js,476,476.00 B,2026-06-06 16:54:22,node_modules,node_modules\@babel,5
node_modules\@babel\core\lib\errors\config-error.js.map,C:\Users\Luis\Desktop\das4navy\node_modules\@babel\core\lib\errors\config-error.js.map,config-error.js.map,.map,861,861.00 B,2026-06-06 16:54:22,node_modules,node_modules\@babel,5
node_modules\@babel\core\lib\errors\rewrite-stack-trace.js,C:\Users\Luis\Desktop\das4navy\node_modules\@babel\core\lib\errors\rewrite-stack-trace.js,rewrite-stack-trace.js,.js,3221,3.15 KB,2026-06-06 16:54:22,node_modules,node_modules\@babel,5
node_modules\@babel\core\lib\errors\rewrite-stack-trace.js.map,C:\Users\Luis\Desktop\das4navy\node_modules\@babel\core\lib\errors\rewrite-stack-trace.js.map,rewrite-stack-trace.js.map,.map,10381,10.14 KB,2026-06-06 16:54:22,node_modules,node_modules\@babel,5
node_modules\@babel\core\lib\gensync-utils\async.js,C:\Users\Luis\Desktop\das4navy\node_modules\@babel\core\lib\gensync-utils\async.js,async.js,.js,2594,2.53 KB,2026-06-06 16:54:22,node_modules,node_modules\@babel,5
node_modules\@babel\core\lib\gensync-utils\async.js.map,C:\Users\Luis\Desktop\das4navy\node_modules\@babel\core\lib\gensync-utils\async.js.map,async.js.map,.map,7334,7.16 KB,2026-06-06 16:54:22,node_modules,node_modules\@babel,5
node_modules\@babel\core\lib\gensync-utils\fs.js,C:\Users\Luis\Desktop\das4navy\node_modules\@babel\core\lib\gensync-utils\fs.js,fs.js,.js,591,591.00 B,2026-06-06 16:54:22,node_modules,node_modules\@babel,5
node_modules\@babel\core\lib\gensync-utils\fs.js.map,C:\Users\Luis\Desktop\das4navy\node_modules\@babel\core\lib\gensync-utils\fs.js.map,fs.js.map,.map,1049,1.02 KB,2026-06-06 16:54:22,node_modules,node_modules\@babel,5
node_modules\@babel\core\lib\gensync-utils\functional.js,C:\Users\Luis\Desktop\das4navy\node_modules\@babel\core\lib\gensync-utils\functional.js,functional.js,.js,1300,1.27 KB,2026-06-06 16:54:22,node_modules,node_modules\@babel,5
node_modules\@babel\core\lib\gensync-utils\functional.js.map,C:\Users\Luis\Desktop\das4navy\node_modules\@babel\core\lib\gensync-utils\functional.js.map,functional.js.map,.map,3006,2.94 KB,2026-06-06 16:54:22,node_modules,node_modules\@babel,5
node_modules\@babel\core\lib\index.js,C:\Users\Luis\Desktop\das4navy\node_modules\@babel\core\lib\index.js,index.js,.js,5853,5.72 KB,2026-06-06 16:54:22,node_modules,node_modules\@babel,4
node_modules\@babel\core\lib\index.js.map,C:\Users\Luis\Desktop\das4navy\node_modules\@babel\core\lib\index.js.map,index.js.map,.map,6087,5.94 KB,2026-06-06 16:54:22,node_modules,node_modules\@babel,4
node_modules\@babel\core\lib\parse.js,C:\Users\Luis\Desktop\das4navy\node_modules\@babel\core\lib\parse.js,parse.js,.js,1415,1.38 KB,2026-06-06 16:54:22,node_modules,node_modules\@babel,4
node_modules\@babel\core\lib\parse.js.map,C:\Users\Luis\Desktop\das4navy\node_modules\@babel\core\lib\parse.js.map,parse.js.map,.map,3684,3.60 KB,2026-06-06 16:54:22,node_modules,node_modules\@babel,4
node_modules\@babel\core\lib\parser\index.js,C:\Users\Luis\Desktop\das4navy\node_modules\@babel\core\lib\parser\index.js,index.js,.js,2551,2.49 KB,2026-06-06 16:54:22,node_modules,node_modules\@babel,5
node_modules\@babel\core\lib\parser\index.js.map,C:\Users\Luis\Desktop\das4navy\node_modules\@babel\core\lib\parser\index.js.map,index.js.map,.map,5359,5.23 KB,2026-06-06 16:54:22,node_modules,node_modules\@babel,5
node_modules\@babel\core\lib\parser\util\missing-plugin-helper.js,C:\Users\Luis\Desktop\das4navy\node_modules\@babel\core\lib\parser\util\missing-plugin-helper.js,missing-plugin-helper.js,.js,12683,12.39 KB,2026-06-06 16:54:22,node_modules,node_modules\@babel,6
node_modules\@babel\core\lib\parser\util\missing-plugin-helper.js.map,C:\Users\Luis\Desktop\das4navy\node_modules\@babel\core\lib\parser\util\missing-plugin-helper.js.map,missing-plugin-helper.js.map,.map,20752,20.27 KB,2026-06-06 16:54:22,node_modules,node_modules\@babel,6
node_modules\@babel\core\lib\tools\build-external-helpers.js,C:\Users\Luis\Desktop\das4navy\node_modules\@babel\core\lib\tools\build-external-helpers.js,build-external-helpers.js,.js,4558,4.45 KB,2026-06-06 16:54:22,node_modules,node_modules\@babel,5
node_modules\@babel\core\lib\tools\build-external-helpers.js.map,C:\Users\Luis\Desktop\das4navy\node_modules\@babel\core\lib\tools\build-external-helpers.js.map,build-external-helpers.js.map,.map,11257,10.99 KB,2026-06-06 16:54:22,node_modules,node_modules\@babel,5
node_modules\@babel\core\lib\transform-ast.js,C:\Users\Luis\Desktop\das4navy\node_modules\@babel\core\lib\transform-ast.js,transform-ast.js,.js,1666,1.63 KB,2026-06-06 16:54:22,node_modules,node_modules\@babel,4
node_modules\@babel\core\lib\transform-ast.js.map,C:\Users\Luis\Desktop\das4navy\node_modules\@babel\core\lib\transform-ast.js.map,transform-ast.js.map,.map,4468,4.36 KB,2026-06-06 16:54:22,node_modules,node_modules\@babel,4
node_modules\@babel\core\lib\transform-file-browser.js,C:\Users\Luis\Desktop\das4navy\node_modules\@babel\core\lib\transform-file-browser.js,transform-file-browser.js,.js,733,733.00 B,2026-06-06 16:54:22,node_modules,node_modules\@babel,4
node_modules\@babel\core\lib\transform-file-browser.js.map,C:\Users\Luis\Desktop\das4navy\node_modules\@babel\core\lib\transform-file-browser.js.map,transform-file-browser.js.map,.map,1550,1.51 KB,2026-06-06 16:54:22,node_modules,node_modules\@babel,4
node_modules\@babel\core\lib\transform-file.js,C:\Users\Luis\Desktop\das4navy\node_modules\@babel\core\lib\transform-file.js,transform-file.js,.js,1106,1.08 KB,2026-06-06 16:54:22,node_modules,node_modules\@babel,4
node_modules\@babel\core\lib\transform-file.js.map,C:\Users\Luis\Desktop\das4navy\node_modules\@babel\core\lib\transform-file.js.map,transform-file.js.map,.map,3240,3.16 KB,2026-06-06 16:54:22,node_modules,node_modules\@babel,4
node_modules\@babel\core\lib\transform.js,C:\Users\Luis\Desktop\das4navy\node_modules\@babel\core\lib\transform.js,transform.js,.js,1496,1.46 KB,2026-06-06 16:54:22,node_modules,node_modules\@babel,4
node_modules\@babel\core\lib\transform.js.map,C:\Users\Luis\Desktop\das4navy\node_modules\@babel\core\lib\transform.js.map,transform.js.map,.map,3991,3.90 KB,2026-06-06 16:54:22,node_modules,node_modules\@babel,4
node_modules\@babel\core\lib\transformation\block-hoist-plugin.js,C:\Users\Luis\Desktop\das4navy\node_modules\@babel\core\lib\transformation\block-hoist-plugin.js,block-hoist-plugin.js,.js,1928,1.88 KB,2026-06-06 16:54:22,node_modules,node_modules\@babel,5
node_modules\@babel\core\lib\transformation\block-hoist-plugin.js.map,C:\Users\Luis\Desktop\das4navy\node_modules\@babel\core\lib\transformation\block-hoist-plugin.js.map,block-hoist-plugin.js.map,.map,5703,5.57 KB,2026-06-06 16:54:22,node_modules,node_modules\@babel,5
node_modules\@babel\core\lib\transformation\file\babel-7-helpers.cjs,C:\Users\Luis\Desktop\das4navy\node_modules\@babel\core\lib\transformation\file\babel-7-helpers.cjs,babel-7-helpers.cjs,.cjs,142,142.00 B,2026-06-06 16:54:22,node_modules,node_modules\@babel,6
node_modules\@babel\core\lib\transformation\file\babel-7-helpers.cjs.map,C:\Users\Luis\Desktop\das4navy\node_modules\@babel\core\lib\transformation\file\babel-7-helpers.cjs.map,babel-7-helpers.cjs.map,.map,565,565.00 B,2026-06-06 16:54:22,node_modules,node_modules\@babel,6
node_modules\@babel\core\lib\transformation\file\file.js,C:\Users\Luis\Desktop\das4navy\node_modules\@babel\core\lib\transformation\file\file.js,file.js,.js,5881,5.74 KB,2026-06-06 16:54:22,node_modules,node_modules\@babel,6
node_modules\@babel\core\lib\transformation\file\file.js.map,C:\Users\Luis\Desktop\das4navy\node_modules\@babel\core\lib\transformation\file\file.js.map,file.js.map,.map,15947,15.57 KB,2026-06-06 16:54:22,node_modules,node_modules\@babel,6
node_modules\@babel\core\lib\transformation\file\generate.js,C:\Users\Luis\Desktop\das4navy\node_modules\@babel\core\lib\transformation\file\generate.js,generate.js,.js,2260,2.21 KB,2026-06-06 16:54:22,node_modules,node_modules\@babel,6
node_modules\@babel\core\lib\transformation\file\generate.js.map,C:\Users\Luis\Desktop\das4navy\node_modules\@babel\core\lib\transformation\file\generate.js.map,generate.js.map,.map,5367,5.24 KB,2026-06-06 16:54:22,node_modules,node_modules\@babel,6
node_modules\@babel\core\lib\transformation\file\merge-map.js,C:\Users\Luis\Desktop\das4navy\node_modules\@babel\core\lib\transformation\file\merge-map.js,merge-map.js,.js,855,855.00 B,2026-06-06 16:54:22,node_modules,node_modules\@babel,6
node_modules\@babel\core\lib\transformation\file\merge-map.js.map,C:\Users\Luis\Desktop\das4navy\node_modules\@babel\core\lib\transformation\file\merge-map.js.map,merge-map.js.map,.map,3483,3.40 KB,2026-06-06 16:54:22,node_modules,node_modules\@babel,6
node_modules\@babel\core\lib\transformation\index.js,C:\Users\Luis\Desktop\das4navy\node_modules\@babel\core\lib\transformation\index.js,index.js,.js,3064,2.99 KB,2026-06-06 16:54:22,node_modules,node_modules\@babel,5
node_modules\@babel\core\lib\transformation\index.js.map,C:\Users\Luis\Desktop\das4navy\node_modules\@babel\core\lib\transformation\index.js.map,index.js.map,.map,7760,7.58 KB,2026-06-06 16:54:22,node_modules,node_modules\@babel,5
node_modules\@babel\core\lib\transformation\normalize-file.js,C:\Users\Luis\Desktop\das4navy\node_modules\@babel\core\lib\transformation\normalize-file.js,normalize-file.js,.js,3400,3.32 KB,2026-06-06 16:54:22,node_modules,node_modules\@babel,5
node_modules\@babel\core\lib\transformation\normalize-file.js.map,C:\Users\Luis\Desktop\das4navy\node_modules\@babel\core\lib\transformation\normalize-file.js.map,normalize-file.js.map,.map,8066,7.88 KB,2026-06-06 16:54:22,node_modules,node_modules\@babel,5
node_modules\@babel\core\lib\transformation\normalize-opts.js,C:\Users\Luis\Desktop\das4navy\node_modules\@babel\core\lib\transformation\normalize-opts.js,normalize-opts.js,.js,1604,1.57 KB,2026-06-06 16:54:22,node_modules,node_modules\@babel,5
node_modules\@babel\core\lib\transformation\normalize-opts.js.map,C:\Users\Luis\Desktop\das4navy\node_modules\@babel\core\lib\transformation\normalize-opts.js.map,normalize-opts.js.map,.map,4053,3.96 KB,2026-06-06 16:54:22,node_modules,node_modules\@babel,5
node_modules\@babel\core\lib\transformation\plugin-pass.js,C:\Users\Luis\Desktop\das4navy\node_modules\@babel\core\lib\transformation\plugin-pass.js,plugin-pass.js,.js,1160,1.13 KB,2026-06-06 16:54:22,node_modules,node_modules\@babel,5
node_modules\@babel\core\lib\transformation\plugin-pass.js.map,C:\Users\Luis\Desktop\das4navy\node_modules\@babel\core\lib\transformation\plugin-pass.js.map,plugin-pass.js.map,.map,3550,3.47 KB,2026-06-06 16:54:22,node_modules,node_modules\@babel,5
node_modules\@babel\core\lib\transformation\read-input-source-map-file-browser.js,C:\Users\Luis\Desktop\das4navy\node_modules\@babel\core\lib\transformation\read-input-source-map-file-browser.js,read-input-source-map-file-browser.js,.js,314,314.00 B,2026-06-06 16:54:22,node_modules,node_modules\@babel,5
node_modules\@babel\core\lib\transformation\read-input-source-map-file-browser.js.map,C:\Users\Luis\Desktop\das4navy\node_modules\@babel\core\lib\transformation\read-input-source-map-file-browser.js.map,read-input-source-map-file-browser.js.map,.map,425,425.00 B,2026-06-06 16:54:22,node_modules,node_modules\@babel,5
node_modules\@babel\core\lib\transformation\read-input-source-map-file.js,C:\Users\Luis\Desktop\das4navy\node_modules\@babel\core\lib\transformation\read-input-source-map-file.js,read-input-source-map-file.js,.js,2529,2.47 KB,2026-06-06 16:54:22,node_modules,node_modules\@babel,5
node_modules\@babel\core\lib\transformation\read-input-source-map-file.js.map,C:\Users\Luis\Desktop\das4navy\node_modules\@babel\core\lib\transformation\read-input-source-map-file.js.map,read-input-source-map-file.js.map,.map,5612,5.48 KB,2026-06-06 16:54:22,node_modules,node_modules\@babel,5
node_modules\@babel\core\lib\transformation\util\clone-deep.js,C:\Users\Luis\Desktop\das4navy\node_modules\@babel\core\lib\transformation\util\clone-deep.js,clone-deep.js,.js,1603,1.57 KB,2026-06-06 16:54:22,node_modules,node_modules\@babel,6
node_modules\@babel\core\lib\transformation\util\clone-deep.js.map,C:\Users\Luis\Desktop\das4navy\node_modules\@babel\core\lib\transformation\util\clone-deep.js.map,clone-deep.js.map,.map,4326,4.22 KB,2026-06-06 16:54:22,node_modules,node_modules\@babel,6
node_modules\@babel\core\lib\vendor\import-meta-resolve.js,C:\Users\Luis\Desktop\das4navy\node_modules\@babel\core\lib\vendor\import-meta-resolve.js,import-meta-resolve.js,.js,41549,40.58 KB,2026-06-06 16:54:22,node_modules,node_modules\@babel,5
node_modules\@babel\core\lib\vendor\import-meta-resolve.js.map,C:\Users\Luis\Desktop\das4navy\node_modules\@babel\core\lib\vendor\import-meta-resolve.js.map,import-meta-resolve.js.map,.map,109982,107.40 KB,2026-06-06 16:54:22,node_modules,node_modules\@babel,5
node_modules\@babel\core\package.json,C:\Users\Luis\Desktop\das4navy\node_modules\@babel\core\package.json,package.json,.json,2744,2.68 KB,2026-06-06 16:54:22,node_modules,node_modules\@babel,3
node_modules\@babel\core\src\config\files\index-browser.ts,C:\Users\Luis\Desktop\das4navy\node_modules\@babel\core\src\config\files\index-browser.ts,index-browser.ts,.ts,3009,2.94 KB,2026-06-06 16:54:22,node_modules,node_modules\@babel,6
node_modules\@babel\core\src\config\files\index.ts,C:\Users\Luis\Desktop\das4navy\node_modules\@babel\core\src\config\files\index.ts,index.ts,.ts,816,816.00 B,2026-06-06 16:54:22,node_modules,node_modules\@babel,6
node_modules\@babel\core\src\config\resolve-targets-browser.ts,C:\Users\Luis\Desktop\das4navy\node_modules\@babel\core\src\config\resolve-targets-browser.ts,resolve-targets-browser.ts,.ts,1216,1.19 KB,2026-06-06 16:54:22,node_modules,node_modules\@babel,5
node_modules\@babel\core\src\config\resolve-targets.ts,C:\Users\Luis\Desktop\das4navy\node_modules\@babel\core\src\config\resolve-targets.ts,resolve-targets.ts,.ts,1798,1.76 KB,2026-06-06 16:54:22,node_modules,node_modules\@babel,5
node_modules\@babel\core\src\transform-file-browser.ts,C:\Users\Luis\Desktop\das4navy\node_modules\@babel\core\src\transform-file-browser.ts,transform-file-browser.ts,.ts,844,844.00 B,2026-06-06 16:54:22,node_modules,node_modules\@babel,4
node_modules\@babel\core\src\transform-file.ts,C:\Users\Luis\Desktop\das4navy\node_modules\@babel\core\src\transform-file.ts,transform-file.ts,.ts,1901,1.86 KB,2026-06-06 16:54:22,node_modules,node_modules\@babel,4
node_modules\@babel\core\src\transformation\read-input-source-map-file-browser.ts,C:\Users\Luis\Desktop\das4navy\node_modules\@babel\core\src\transformation\read-input-source-map-file-browser.ts,read-input-source-map-file-browser.ts,.ts,151,151.00 B,2026-06-06 16:54:22,node_modules,node_modules\@babel,5
node_modules\@babel\core\src\transformation\read-input-source-map-file.ts,C:\Users\Luis\Desktop\das4navy\node_modules\@babel\core\src\transformation\read-input-source-map-file.ts,read-input-source-map-file.ts,.ts,2414,2.36 KB,2026-06-06 16:54:22,node_modules,node_modules\@babel,5
node_modules\@babel\generator\LICENSE,C:\Users\Luis\Desktop\das4navy\node_modules\@babel\generator\LICENSE,LICENSE,[no_ext],1106,1.08 KB,2026-06-06 16:54:21,node_modules,node_modules\@babel,3
node_modules\@babel\generator\README.md,C:\Users\Luis\Desktop\das4navy\node_modules\@babel\generator\README.md,README.md,.md,434,434.00 B,2026-06-06 16:54:21,node_modules,node_modules\@babel,3
node_modules\@babel\generator\lib\buffer.js,C:\Users\Luis\Desktop\das4navy\node_modules\@babel\generator\lib\buffer.js,buffer.js,.js,6473,6.32 KB,2026-06-06 16:54:21,node_modules,node_modules\@babel,4
node_modules\@babel\generator\lib\buffer.js.map,C:\Users\Luis\Desktop\das4navy\node_modules\@babel\generator\lib\buffer.js.map,buffer.js.map,.map,19994,19.53 KB,2026-06-06 16:54:21,node_modules,node_modules\@babel,4
node_modules\@babel\generator\lib\generators\base.js,C:\Users\Luis\Desktop\das4navy\node_modules\@babel\generator\lib\generators\base.js,base.js,.js,2726,2.66 KB,2026-06-06 16:54:21,node_modules,node_modules\@babel,5
node_modules\@babel\generator\lib\generators\base.js.map,C:\Users\Luis\Desktop\das4navy\node_modules\@babel\generator\lib\generators\base.js.map,base.js.map,.map,6314,6.17 KB,2026-06-06 16:54:21,node_modules,node_modules\@babel,5
node_modules\@babel\generator\lib\generators\classes.js,C:\Users\Luis\Desktop\das4navy\node_modules\@babel\generator\lib\generators\classes.js,classes.js,.js,6049,5.91 KB,2026-06-06 16:54:21,node_modules,node_modules\@babel,5
node_modules\@babel\generator\lib\generators\classes.js.map,C:\Users\Luis\Desktop\das4navy\node_modules\@babel\generator\lib\generators\classes.js.map,classes.js.map,.map,15659,15.29 KB,2026-06-06 16:54:21,node_modules,node_modules\@babel,5
node_modules\@babel\generator\lib\generators\deprecated.js,C:\Users\Luis\Desktop\das4navy\node_modules\@babel\generator\lib\generators\deprecated.js,deprecated.js,.js,2166,2.12 KB,2026-06-06 16:54:21,node_modules,node_modules\@babel,5
node_modules\@babel\generator\lib\generators\deprecated.js.map,C:\Users\Luis\Desktop\das4navy\node_modules\@babel\generator\lib\generators\deprecated.js.map,deprecated.js.map,.map,5473,5.34 KB,2026-06-06 16:54:21,node_modules,node_modules\@babel,5
node_modules\@babel\generator\lib\generators\expressions.js,C:\Users\Luis\Desktop\das4navy\node_modules\@babel\generator\lib\generators\expressions.js,expressions.js,.js,8457,8.26 KB,2026-06-06 16:54:21,node_modules,node_modules\@babel,5
node_modules\@babel\generator\lib\generators\expressions.js.map,C:\Users\Luis\Desktop\das4navy\node_modules\@babel\generator\lib\generators\expressions.js.map,expressions.js.map,.map,20695,20.21 KB,2026-06-06 16:54:21,node_modules,node_modules\@babel,5
node_modules\@babel\generator\lib\generators\flow.js,C:\Users\Luis\Desktop\das4navy\node_modules\@babel\generator\lib\generators\flow.js,flow.js,.js,16660,16.27 KB,2026-06-06 16:54:21,node_modules,node_modules\@babel,5
node_modules\@babel\generator\lib\generators\flow.js.map,C:\Users\Luis\Desktop\das4navy\node_modules\@babel\generator\lib\generators\flow.js.map,flow.js.map,.map,38630,37.72 KB,2026-06-06 16:54:22,node_modules,node_modules\@babel,5
node_modules\@babel\generator\lib\generators\index.js,C:\Users\Luis\Desktop\das4navy\node_modules\@babel\generator\lib\generators\index.js,index.js,.js,3858,3.77 KB,2026-06-06 16:54:22,node_modules,node_modules\@babel,5
node_modules\@babel\generator\lib\generators\index.js.map,C:\Users\Luis\Desktop\das4navy\node_modules\@babel\generator\lib\generators\index.js.map,index.js.map,.map,4018,3.92 KB,2026-06-06 16:54:22,node_modules,node_modules\@babel,5
node_modules\@babel\generator\lib\generators\jsx.js,C:\Users\Luis\Desktop\das4navy\node_modules\@babel\generator\lib\generators\jsx.js,jsx.js,.js,3014,2.94 KB,2026-06-06 16:54:22,node_modules,node_modules\@babel,5
node_modules\@babel\generator\lib\generators\jsx.js.map,C:\Users\Luis\Desktop\das4navy\node_modules\@babel\generator\lib\generators\jsx.js.map,jsx.js.map,.map,7391,7.22 KB,2026-06-06 16:54:22,node_modules,node_modules\@babel,5
node_modules\@babel\generator\lib\generators\methods.js,C:\Users\Luis\Desktop\das4navy\node_modules\@babel\generator\lib\generators\methods.js,methods.js,.js,6303,6.16 KB,2026-06-06 16:54:22,node_modules,node_modules\@babel,5
node_modules\@babel\generator\lib\generators\methods.js.map,C:\Users\Luis\Desktop\das4navy\node_modules\@babel\generator\lib\generators\methods.js.map,methods.js.map,.map,17004,16.61 KB,2026-06-06 16:54:22,node_modules,node_modules\@babel,5
node_modules\@babel\generator\lib\generators\modules.js,C:\Users\Luis\Desktop\das4navy\node_modules\@babel\generator\lib\generators\modules.js,modules.js,.js,8713,8.51 KB,2026-06-06 16:54:22,node_modules,node_modules\@babel,5
node_modules\@babel\generator\lib\generators\modules.js.map,C:\Users\Luis\Desktop\das4navy\node_modules\@babel\generator\lib\generators\modules.js.map,modules.js.map,.map,20840,20.35 KB,2026-06-06 16:54:22,node_modules,node_modules\@babel,5
node_modules\@babel\generator\lib\generators\statements.js,C:\Users\Luis\Desktop\das4navy\node_modules\@babel\generator\lib\generators\statements.js,statements.js,.js,7054,6.89 KB,2026-06-06 16:54:22,node_modules,node_modules\@babel,5
node_modules\@babel\generator\lib\generators\statements.js.map,C:\Users\Luis\Desktop\das4navy\node_modules\@babel\generator\lib\generators\statements.js.map,statements.js.map,.map,18401,17.97 KB,2026-06-06 16:54:22,node_modules,node_modules\@babel,5
node_modules\@babel\generator\lib\generators\template-literals.js,C:\Users\Luis\Desktop\das4navy\node_modules\@babel\generator\lib\generators\template-literals.js,template-literals.js,.js,1148,1.12 KB,2026-06-06 16:54:22,node_modules,node_modules\@babel,5
node_modules\@babel\generator\lib\generators\template-literals.js.map,C:\Users\Luis\Desktop\das4navy\node_modules\@babel\generator\lib\generators\template-literals.js.map,template-literals.js.map,.map,3180,3.11 KB,2026-06-06 16:54:22,node_modules,node_modules\@babel,5
node_modules\@babel\generator\lib\generators\types.js,C:\Users\Luis\Desktop\das4navy\node_modules\@babel\generator\lib\generators\types.js,types.js,.js,5442,5.31 KB,2026-06-06 16:54:22,node_modules,node_modules\@babel,5
node_modules\@babel\generator\lib\generators\types.js.map,C:\Users\Luis\Desktop\das4navy\node_modules\@babel\generator\lib\generators\types.js.map,types.js.map,.map,13583,13.26 KB,2026-06-06 16:54:22,node_modules,node_modules\@babel,5
node_modules\@babel\generator\lib\generators\typescript.js,C:\Users\Luis\Desktop\das4navy\node_modules\@babel\generator\lib\generators\typescript.js,typescript.js,.js,18937,18.49 KB,2026-06-06 16:54:22,node_modules,node_modules\@babel,5
node_modules\@babel\generator\lib\generators\typescript.js.map,C:\Users\Luis\Desktop\das4navy\node_modules\@babel\generator\lib\generators\typescript.js.map,typescript.js.map,.map,47282,46.17 KB,2026-06-06 16:54:22,node_modules,node_modules\@babel,5
node_modules\@babel\generator\lib\index.js,C:\Users\Luis\Desktop\das4navy\node_modules\@babel\generator\lib\index.js,index.js,.js,4204,4.11 KB,2026-06-06 16:54:22,node_modules,node_modules\@babel,4
node_modules\@babel\generator\lib\index.js.map,C:\Users\Luis\Desktop\das4navy\node_modules\@babel\generator\lib\index.js.map,index.js.map,.map,14202,13.87 KB,2026-06-06 16:54:22,node_modules,node_modules\@babel,4
node_modules\@babel\generator\lib\node\index.js,C:\Users\Luis\Desktop\das4navy\node_modules\@babel\generator\lib\node\index.js,index.js,.js,2182,2.13 KB,2026-06-06 16:54:22,node_modules,node_modules\@babel,5
node_modules\@babel\generator\lib\node\index.js.map,C:\Users\Luis\Desktop\das4navy\node_modules\@babel\generator\lib\node\index.js.map,index.js.map,.map,5495,5.37 KB,2026-06-06 16:54:22,node_modules,node_modules\@babel,5
node_modules\@babel\generator\lib\node\parentheses.js,C:\Users\Luis\Desktop\das4navy\node_modules\@babel\generator\lib\node\parentheses.js,parentheses.js,.js,10457,10.21 KB,2026-06-06 16:54:22,node_modules,node_modules\@babel,5
node_modules\@babel\generator\lib\node\parentheses.js.map,C:\Users\Luis\Desktop\das4navy\node_modules\@babel\generator\lib\node\parentheses.js.map,parentheses.js.map,.map,27188,26.55 KB,2026-06-06 16:54:22,node_modules,node_modules\@babel,5
node_modules\@babel\generator\lib\nodes.js,C:\Users\Luis\Desktop\das4navy\node_modules\@babel\generator\lib\nodes.js,nodes.js,.js,692,692.00 B,2026-06-06 16:54:22,node_modules,node_modules\@babel,4
node_modules\@babel\generator\lib\nodes.js.map,C:\Users\Luis\Desktop\das4navy\node_modules\@babel\generator\lib\nodes.js.map,nodes.js.map,.map,1995,1.95 KB,2026-06-06 16:54:22,node_modules,node_modules\@babel,4
node_modules\@babel\generator\lib\printer.js,C:\Users\Luis\Desktop\das4navy\node_modules\@babel\generator\lib\printer.js,printer.js,.js,26627,26.00 KB,2026-06-06 16:54:22,node_modules,node_modules\@babel,4
node_modules\@babel\generator\lib\printer.js.map,C:\Users\Luis\Desktop\das4navy\node_modules\@babel\generator\lib\printer.js.map,printer.js.map,.map,75012,73.25 KB,2026-06-06 16:54:22,node_modules,node_modules\@babel,4
node_modules\@babel\generator\lib\source-map.js,C:\Users\Luis\Desktop\das4navy\node_modules\@babel\generator\lib\source-map.js,source-map.js,.js,3236,3.16 KB,2026-06-06 16:54:22,node_modules,node_modules\@babel,4
node_modules\@babel\generator\lib\source-map.js.map,C:\Users\Luis\Desktop\das4navy\node_modules\@babel\generator\lib\source-map.js.map,source-map.js.map,.map,8591,8.39 KB,2026-06-06 16:54:22,node_modules,node_modules\@babel,4
node_modules\@babel\generator\lib\token-map.js,C:\Users\Luis\Desktop\das4navy\node_modules\@babel\generator\lib\token-map.js,token-map.js,.js,5664,5.53 KB,2026-06-06 16:54:22,node_modules,node_modules\@babel,4
node_modules\@babel\generator\lib\token-map.js.map,C:\Users\Luis\Desktop\das4navy\node_modules\@babel\generator\lib\token-map.js.map,token-map.js.map,.map,14862,14.51 KB,2026-06-06 16:54:22,node_modules,node_modules\@babel,4
node_modules\@babel\generator\package.json,C:\Users\Luis\Desktop\das4navy\node_modules\@babel\generator\package.json,package.json,.json,1083,1.06 KB,2026-06-06 16:54:22,node_modules,node_modules\@babel,3
node_modules\@babel\helper-compilation-targets\LICENSE,C:\Users\Luis\Desktop\das4navy\node_modules\@babel\helper-compilation-targets\LICENSE,LICENSE,[no_ext],1106,1.08 KB,2026-06-06 16:54:21,node_modules,node_modules\@babel,3
node_modules\@babel\helper-compilation-targets\README.md,C:\Users\Luis\Desktop\das4navy\node_modules\@babel\helper-compilation-targets\README.md,README.md,.md,376,376.00 B,2026-06-06 16:54:21,node_modules,node_modules\@babel,3
node_modules\@babel\helper-compilation-targets\lib\debug.js,C:\Users\Luis\Desktop\das4navy\node_modules\@babel\helper-compilation-targets\lib\debug.js,debug.js,.js,1072,1.05 KB,2026-06-06 16:54:21,node_modules,node_modules\@babel,4
node_modules\@babel\helper-compilation-targets\lib\debug.js.map,C:\Users\Luis\Desktop\das4navy\node_modules\@babel\helper-compilation-targets\lib\debug.js.map,debug.js.map,.map,2504,2.45 KB,2026-06-06 16:54:21,node_modules,node_modules\@babel,4
node_modules\@babel\helper-compilation-targets\lib\filter-items.js,C:\Users\Luis\Desktop\das4navy\node_modules\@babel\helper-compilation-targets\lib\filter-items.js,filter-items.js,.js,2435,2.38 KB,2026-06-06 16:54:21,node_modules,node_modules\@babel,4
node_modules\@babel\helper-compilation-targets\lib\filter-items.js.map,C:\Users\Luis\Desktop\das4navy\node_modules\@babel\helper-compilation-targets\lib\filter-items.js.map,filter-items.js.map,.map,5780,5.64 KB,2026-06-06 16:54:21,node_modules,node_modules\@babel,4
node_modules\@babel\helper-compilation-targets\lib\index.js,C:\Users\Luis\Desktop\das4navy\node_modules\@babel\helper-compilation-targets\lib\index.js,index.js,.js,7917,7.73 KB,2026-06-06 16:54:21,node_modules,node_modules\@babel,4
node_modules\@babel\helper-compilation-targets\lib\index.js.map,C:\Users\Luis\Desktop\das4navy\node_modules\@babel\helper-compilation-targets\lib\index.js.map,index.js.map,.map,18494,18.06 KB,2026-06-06 16:54:21,node_modules,node_modules\@babel,4
node_modules\@babel\helper-compilation-targets\lib\options.js,C:\Users\Luis\Desktop\das4navy\node_modules\@babel\helper-compilation-targets\lib\options.js,options.js,.js,465,465.00 B,2026-06-06 16:54:21,node_modules,node_modules\@babel,4
node_modules\@babel\helper-compilation-targets\lib\options.js.map,C:\Users\Luis\Desktop\das4navy\node_modules\@babel\helper-compilation-targets\lib\options.js.map,options.js.map,.map,956,956.00 B,2026-06-06 16:54:21,node_modules,node_modules\@babel,4
node_modules\@babel\helper-compilation-targets\lib\pretty.js,C:\Users\Luis\Desktop\das4navy\node_modules\@babel\helper-compilation-targets\lib\pretty.js,pretty.js,.js,953,953.00 B,2026-06-06 16:54:21,node_modules,node_modules\@babel,4
node_modules\@babel\helper-compilation-targets\lib\pretty.js.map,C:\Users\Luis\Desktop\das4navy\node_modules\@babel\helper-compilation-targets\lib\pretty.js.map,pretty.js.map,.map,2206,2.15 KB,2026-06-06 16:54:21,node_modules,node_modules\@babel,4
node_modules\@babel\helper-compilation-targets\lib\targets.js,C:\Users\Luis\Desktop\das4navy\node_modules\@babel\helper-compilation-targets\lib\targets.js,targets.js,.js,587,587.00 B,2026-06-06 16:54:21,node_modules,node_modules\@babel,4
node_modules\@babel\helper-compilation-targets\lib\targets.js.map,C:\Users\Luis\Desktop\das4navy\node_modules\@babel\helper-compilation-targets\lib\targets.js.map,targets.js.map,.map,1350,1.32 KB,2026-06-06 16:54:21,node_modules,node_modules\@babel,4
node_modules\@babel\helper-compilation-targets\lib\utils.js,C:\Users\Luis\Desktop\das4navy\node_modules\@babel\helper-compilation-targets\lib\utils.js,utils.js,.js,1984,1.94 KB,2026-06-06 16:54:21,node_modules,node_modules\@babel,4
node_modules\@babel\helper-compilation-targets\lib\utils.js.map,C:\Users\Luis\Desktop\das4navy\node_modules\@babel\helper-compilation-targets\lib\utils.js.map,utils.js.map,.map,4566,4.46 KB,2026-06-06 16:54:21,node_modules,node_modules\@babel,4
node_modules\@babel\helper-compilation-targets\package.json,C:\Users\Luis\Desktop\das4navy\node_modules\@babel\helper-compilation-targets\package.json,package.json,.json,1040,1.02 KB,2026-06-06 16:54:21,node_modules,node_modules\@babel,3
node_modules\@babel\helper-globals\LICENSE,C:\Users\Luis\Desktop\das4navy\node_modules\@babel\helper-globals\LICENSE,LICENSE,[no_ext],1106,1.08 KB,2026-06-06 16:54:21,node_modules,node_modules\@babel,3
node_modules\@babel\helper-globals\README.md,C:\Users\Luis\Desktop\das4navy\node_modules\@babel\helper-globals\README.md,README.md,.md,330,330.00 B,2026-06-06 16:54:21,node_modules,node_modules\@babel,3
node_modules\@babel\helper-globals\data\browser-upper.json,C:\Users\Luis\Desktop\das4navy\node_modules\@babel\helper-globals\data\browser-upper.json,browser-upper.json,.json,19908,19.44 KB,2026-06-06 16:54:21,node_modules,node_modules\@babel,4
node_modules\@babel\helper-globals\data\builtin-lower.json,C:\Users\Luis\Desktop\das4navy\node_modules\@babel\helper-globals\data\builtin-lower.json,builtin-lower.json,.json,203,203.00 B,2026-06-06 16:54:21,node_modules,node_modules\@babel,4
node_modules\@babel\helper-globals\data\builtin-upper.json,C:\Users\Luis\Desktop\das4navy\node_modules\@babel\helper-globals\data\builtin-upper.json,builtin-upper.json,.json,718,718.00 B,2026-06-06 16:54:21,node_modules,node_modules\@babel,4
node_modules\@babel\helper-globals\package.json,C:\Users\Luis\Desktop\das4navy\node_modules\@babel\helper-globals\package.json,package.json,.json,814,814.00 B,2026-06-06 16:54:21,node_modules,node_modules\@babel,3
node_modules\@babel\helper-module-imports\LICENSE,C:\Users\Luis\Desktop\das4navy\node_modules\@babel\helper-module-imports\LICENSE,LICENSE,[no_ext],1106,1.08 KB,2026-06-06 16:54:21,node_modules,node_modules\@babel,3
node_modules\@babel\helper-module-imports\README.md,C:\Users\Luis\Desktop\das4navy\node_modules\@babel\helper-module-imports\README.md,README.md,.md,355,355.00 B,2026-06-06 16:54:21,node_modules,node_modules\@babel,3
node_modules\@babel\helper-module-imports\lib\import-builder.js,C:\Users\Luis\Desktop\das4navy\node_modules\@babel\helper-module-imports\lib\import-builder.js,import-builder.js,.js,4193,4.09 KB,2026-06-06 16:54:21,node_modules,node_modules\@babel,4
node_modules\@babel\helper-module-imports\lib\import-builder.js.map,C:\Users\Luis\Desktop\das4navy\node_modules\@babel\helper-module-imports\lib\import-builder.js.map,import-builder.js.map,.map,10126,9.89 KB,2026-06-06 16:54:21,node_modules,node_modules\@babel,4
node_modules\@babel\helper-module-imports\lib\import-injector.js,C:\Users\Luis\Desktop\das4navy\node_modules\@babel\helper-module-imports\lib\import-injector.js,import-injector.js,.js,10954,10.70 KB,2026-06-06 16:54:21,node_modules,node_modules\@babel,4
node_modules\@babel\helper-module-imports\lib\import-injector.js.map,C:\Users\Luis\Desktop\das4navy\node_modules\@babel\helper-module-imports\lib\import-injector.js.map,import-injector.js.map,.map,31195,30.46 KB,2026-06-06 16:54:21,node_modules,node_modules\@babel,4
node_modules\@babel\helper-module-imports\lib\index.js,C:\Users\Luis\Desktop\das4navy\node_modules\@babel\helper-module-imports\lib\index.js,index.js,.js,1145,1.12 KB,2026-06-06 16:54:21,node_modules,node_modules\@babel,4
node_modules\@babel\helper-module-imports\lib\index.js.map,C:\Users\Luis\Desktop\das4navy\node_modules\@babel\helper-module-imports\lib\index.js.map,index.js.map,.map,3182,3.11 KB,2026-06-06 16:54:21,node_modules,node_modules\@babel,4
node_modules\@babel\helper-module-imports\lib\is-module.js,C:\Users\Luis\Desktop\das4navy\node_modules\@babel\helper-module-imports\lib\is-module.js,is-module.js,.js,219,219.00 B,2026-06-06 16:54:21,node_modules,node_modules\@babel,4
node_modules\@babel\helper-module-imports\lib\is-module.js.map,C:\Users\Luis\Desktop\das4navy\node_modules\@babel\helper-module-imports\lib\is-module.js.map,is-module.js.map,.map,523,523.00 B,2026-06-06 16:54:21,node_modules,node_modules\@babel,4
node_modules\@babel\helper-module-imports\package.json,C:\Users\Luis\Desktop\das4navy\node_modules\@babel\helper-module-imports\package.json,package.json,.json,722,722.00 B,2026-06-06 16:54:21,node_modules,node_modules\@babel,3
node_modules\@babel\helper-module-transforms\LICENSE,C:\Users\Luis\Desktop\das4navy\node_modules\@babel\helper-module-transforms\LICENSE,LICENSE,[no_ext],1106,1.08 KB,2026-06-06 16:54:21,node_modules,node_modules\@babel,3
node_modules\@babel\helper-module-transforms\README.md,C:\Users\Luis\Desktop\das4navy\node_modules\@babel\helper-module-transforms\README.md,README.md,.md,387,387.00 B,2026-06-06 16:54:21,node_modules,node_modules\@babel,3
node_modules\@babel\helper-module-transforms\lib\dynamic-import.js,C:\Users\Luis\Desktop\das4navy\node_modules\@babel\helper-module-transforms\lib\dynamic-import.js,dynamic-import.js,.js,1747,1.71 KB,2026-06-06 16:54:21,node_modules,node_modules\@babel,4
node_modules\@babel\helper-module-transforms\lib\dynamic-import.js.map,C:\Users\Luis\Desktop\das4navy\node_modules\@babel\helper-module-transforms\lib\dynamic-import.js.map,dynamic-import.js.map,.map,4003,3.91 KB,2026-06-06 16:54:21,node_modules,node_modules\@babel,4
node_modules\@babel\helper-module-transforms\lib\get-module-name.js,C:\Users\Luis\Desktop\das4navy\node_modules\@babel\helper-module-transforms\lib\get-module-name.js,get-module-name.js,.js,1707,1.67 KB,2026-06-06 16:54:21,node_modules,node_modules\@babel,4
node_modules\@babel\helper-module-transforms\lib\get-module-name.js.map,C:\Users\Luis\Desktop\das4navy\node_modules\@babel\helper-module-transforms\lib\get-module-name.js.map,get-module-name.js.map,.map,3904,3.81 KB,2026-06-06 16:54:21,node_modules,node_modules\@babel,4
node_modules\@babel\helper-module-transforms\lib\index.js,C:\Users\Luis\Desktop\das4navy\node_modules\@babel\helper-module-transforms\lib\index.js,index.js,.js,13490,13.17 KB,2026-06-06 16:54:21,node_modules,node_modules\@babel,4
node_modules\@babel\helper-module-transforms\lib\index.js.map,C:\Users\Luis\Desktop\das4navy\node_modules\@babel\helper-module-transforms\lib\index.js.map,index.js.map,.map,32016,31.27 KB,2026-06-06 16:54:21,node_modules,node_modules\@babel,4
node_modules\@babel\helper-module-transforms\lib\lazy-modules.js,C:\Users\Luis\Desktop\das4navy\node_modules\@babel\helper-module-transforms\lib\lazy-modules.js,lazy-modules.js,.js,1005,1005.00 B,2026-06-06 16:54:21,node_modules,node_modules\@babel,4
node_modules\@babel\helper-module-transforms\lib\lazy-modules.js.map,C:\Users\Luis\Desktop\das4navy\node_modules\@babel\helper-module-transforms\lib\lazy-modules.js.map,lazy-modules.js.map,.map,2379,2.32 KB,2026-06-06 16:54:21,node_modules,node_modules\@babel,4
node_modules\@babel\helper-module-transforms\lib\normalize-and-load-metadata.js,C:\Users\Luis\Desktop\das4navy\node_modules\@babel\helper-module-transforms\lib\normalize-and-load-metadata.js,normalize-and-load-metadata.js,.js,13246,12.94 KB,2026-06-06 16:54:21,node_modules,node_modules\@babel,4
node_modules\@babel\helper-module-transforms\lib\normalize-and-load-metadata.js.map,C:\Users\Luis\Desktop\das4navy\node_modules\@babel\helper-module-transforms\lib\normalize-and-load-metadata.js.map,normalize-and-load-metadata.js.map,.map,34943,34.12 KB,2026-06-06 16:54:21,node_modules,node_modules\@babel,4
node_modules\@babel\helper-module-transforms\lib\rewrite-live-references.js,C:\Users\Luis\Desktop\das4navy\node_modules\@babel\helper-module-transforms\lib\rewrite-live-references.js,rewrite-live-references.js,.js,13596,13.28 KB,2026-06-06 16:54:21,node_modules,node_modules\@babel,4
node_modules\@babel\helper-module-transforms\lib\rewrite-live-references.js.map,C:\Users\Luis\Desktop\das4navy\node_modules\@babel\helper-module-transforms\lib\rewrite-live-references.js.map,rewrite-live-references.js.map,.map,35137,34.31 KB,2026-06-06 16:54:21,node_modules,node_modules\@babel,4
node_modules\@babel\helper-module-transforms\lib\rewrite-this.js,C:\Users\Luis\Desktop\das4navy\node_modules\@babel\helper-module-transforms\lib\rewrite-this.js,rewrite-this.js,.js,641,641.00 B,2026-06-06 16:54:21,node_modules,node_modules\@babel,4
node_modules\@babel\helper-module-transforms\lib\rewrite-this.js.map,C:\Users\Luis\Desktop\das4navy\node_modules\@babel\helper-module-transforms\lib\rewrite-this.js.map,rewrite-this.js.map,.map,1531,1.50 KB,2026-06-06 16:54:22,node_modules,node_modules\@babel,4
node_modules\@babel\helper-module-transforms\package.json,C:\Users\Luis\Desktop\das4navy\node_modules\@babel\helper-module-transforms\package.json,package.json,.json,874,874.00 B,2026-06-06 16:54:22,node_modules,node_modules\@babel,3
node_modules\@babel\helper-string-parser\LICENSE,C:\Users\Luis\Desktop\das4navy\node_modules\@babel\helper-string-parser\LICENSE,LICENSE,[no_ext],1106,1.08 KB,2026-06-06 16:54:21,node_modules,node_modules\@babel,3
node_modules\@babel\helper-string-parser\README.md,C:\Users\Luis\Desktop\das4navy\node_modules\@babel\helper-string-parser\README.md,README.md,.md,335,335.00 B,2026-06-06 16:54:21,node_modules,node_modules\@babel,3
node_modules\@babel\helper-string-parser\lib\index.js,C:\Users\Luis\Desktop\das4navy\node_modules\@babel\helper-string-parser\lib\index.js,index.js,.js,7860,7.68 KB,2026-06-06 16:54:21,node_modules,node_modules\@babel,4
node_modules\@babel\helper-string-parser\lib\index.js.map,C:\Users\Luis\Desktop\das4navy\node_modules\@babel\helper-string-parser\lib\index.js.map,index.js.map,.map,21757,21.25 KB,2026-06-06 16:54:21,node_modules,node_modules\@babel,4
node_modules\@babel\helper-string-parser\package.json,C:\Users\Luis\Desktop\das4navy\node_modules\@babel\helper-string-parser\package.json,package.json,.json,758,758.00 B,2026-06-06 16:54:21,node_modules,node_modules\@babel,3
node_modules\@babel\helper-validator-identifier\LICENSE,C:\Users\Luis\Desktop\das4navy\node_modules\@babel\helper-validator-identifier\LICENSE,LICENSE,[no_ext],1106,1.08 KB,2026-06-06 16:54:21,node_modules,node_modules\@babel,3
node_modules\@babel\helper-validator-identifier\README.md,C:\Users\Luis\Desktop\das4navy\node_modules\@babel\helper-validator-identifier\README.md,README.md,.md,369,369.00 B,2026-06-06 16:54:21,node_modules,node_modules\@babel,3
node_modules\@babel\helper-validator-identifier\lib\identifier.js,C:\Users\Luis\Desktop\das4navy\node_modules\@babel\helper-validator-identifier\lib\identifier.js,identifier.js,.js,12543,12.25 KB,2026-06-06 16:54:21,node_modules,node_modules\@babel,4
node_modules\@babel\helper-validator-identifier\lib\identifier.js.map,C:\Users\Luis\Desktop\das4navy\node_modules\@babel\helper-validator-identifier\lib\identifier.js.map,identifier.js.map,.map,26771,26.14 KB,2026-06-06 16:54:21,node_modules,node_modules\@babel,4
node_modules\@babel\helper-validator-identifier\lib\index.js,C:\Users\Luis\Desktop\das4navy\node_modules\@babel\helper-validator-identifier\lib\index.js,index.js,.js,1362,1.33 KB,2026-06-06 16:54:21,node_modules,node_modules\@babel,4
node_modules\@babel\helper-validator-identifier\lib\index.js.map,C:\Users\Luis\Desktop\das4navy\node_modules\@babel\helper-validator-identifier\lib\index.js.map,index.js.map,.map,505,505.00 B,2026-06-06 16:54:21,node_modules,node_modules\@babel,4
node_modules\@babel\helper-validator-identifier\lib\keyword.js,C:\Users\Luis\Desktop\das4navy\node_modules\@babel\helper-validator-identifier\lib\keyword.js,keyword.js,.js,1577,1.54 KB,2026-06-06 16:54:21,node_modules,node_modules\@babel,4
node_modules\@babel\helper-validator-identifier\lib\keyword.js.map,C:\Users\Luis\Desktop\das4navy\node_modules\@babel\helper-validator-identifier\lib\keyword.js.map,keyword.js.map,.map,3842,3.75 KB,2026-06-06 16:54:21,node_modules,node_modules\@babel,4
node_modules\@babel\helper-validator-identifier\package.json,C:\Users\Luis\Desktop\das4navy\node_modules\@babel\helper-validator-identifier\package.json,package.json,.json,738,738.00 B,2026-06-06 16:54:21,node_modules,node_modules\@babel,3
node_modules\@babel\helper-validator-option\LICENSE,C:\Users\Luis\Desktop\das4navy\node_modules\@babel\helper-validator-option\LICENSE,LICENSE,[no_ext],1106,1.08 KB,2026-06-06 16:54:21,node_modules,node_modules\@babel,3
node_modules\@babel\helper-validator-option\README.md,C:\Users\Luis\Desktop\das4navy\node_modules\@babel\helper-validator-option\README.md,README.md,.md,346,346.00 B,2026-06-06 16:54:21,node_modules,node_modules\@babel,3
node_modules\@babel\helper-validator-option\lib\find-suggestion.js,C:\Users\Luis\Desktop\das4navy\node_modules\@babel\helper-validator-option\lib\find-suggestion.js,find-suggestion.js,.js,743,743.00 B,2026-06-06 16:54:21,node_modules,node_modules\@babel,4
node_modules\@babel\helper-validator-option\lib\find-suggestion.js.map,C:\Users\Luis\Desktop\das4navy\node_modules\@babel\helper-validator-option\lib\find-suggestion.js.map,find-suggestion.js.map,.map,2691,2.63 KB,2026-06-06 16:54:21,node_modules,node_modules\@babel,4
node_modules\@babel\helper-validator-option\lib\index.js,C:\Users\Luis\Desktop\das4navy\node_modules\@babel\helper-validator-option\lib\index.js,index.js,.js,497,497.00 B,2026-06-06 16:54:21,node_modules,node_modules\@babel,4
node_modules\@babel\helper-validator-option\lib\index.js.map,C:\Users\Luis\Desktop\das4navy\node_modules\@babel\helper-validator-option\lib\index.js.map,index.js.map,.map,327,327.00 B,2026-06-06 16:54:21,node_modules,node_modules\@babel,4
node_modules\@babel\helper-validator-option\lib\validator.js,C:\Users\Luis\Desktop\das4navy\node_modules\@babel\helper-validator-option\lib\validator.js,validator.js,.js,1428,1.39 KB,2026-06-06 16:54:21,node_modules,node_modules\@babel,4
node_modules\@babel\helper-validator-option\lib\validator.js.map,C:\Users\Luis\Desktop\das4navy\node_modules\@babel\helper-validator-option\lib\validator.js.map,validator.js.map,.map,4006,3.91 KB,2026-06-06 16:54:21,node_modules,node_modules\@babel,4
node_modules\@babel\helper-validator-option\package.json,C:\Users\Luis\Desktop\das4navy\node_modules\@babel\helper-validator-option\package.json,package.json,.json,631,631.00 B,2026-06-06 16:54:21,node_modules,node_modules\@babel,3
node_modules\@babel\helpers\LICENSE,C:\Users\Luis\Desktop\das4navy\node_modules\@babel\helpers\LICENSE,LICENSE,[no_ext],1189,1.16 KB,2026-06-06 16:54:21,node_modules,node_modules\@babel,3
node_modules\@babel\helpers\README.md,C:\Users\Luis\Desktop\das4navy\node_modules\@babel\helpers\README.md,README.md,.md,302,302.00 B,2026-06-06 16:54:21,node_modules,node_modules\@babel,3
node_modules\@babel\helpers\lib\helpers-generated.js,C:\Users\Luis\Desktop\das4navy\node_modules\@babel\helpers\lib\helpers-generated.js,helpers-generated.js,.js,113525,110.86 KB,2026-06-06 16:54:21,node_modules,node_modules\@babel,4
node_modules\@babel\helpers\lib\helpers-generated.js.map,C:\Users\Luis\Desktop\das4navy\node_modules\@babel\helpers\lib\helpers-generated.js.map,helpers-generated.js.map,.map,174603,170.51 KB,2026-06-06 16:54:21,node_modules,node_modules\@babel,4
node_modules\@babel\helpers\lib\helpers\AwaitValue.js,C:\Users\Luis\Desktop\das4navy\node_modules\@babel\helpers\lib\helpers\AwaitValue.js,AwaitValue.js,.js,207,207.00 B,2026-06-06 16:54:21,node_modules,node_modules\@babel,5
node_modules\@babel\helpers\lib\helpers\AwaitValue.js.map,C:\Users\Luis\Desktop\das4navy\node_modules\@babel\helpers\lib\helpers\AwaitValue.js.map,AwaitValue.js.map,.map,357,357.00 B,2026-06-06 16:54:21,node_modules,node_modules\@babel,5
node_modules\@babel\helpers\lib\helpers\OverloadYield.js,C:\Users\Luis\Desktop\das4navy\node_modules\@babel\helpers\lib\helpers\OverloadYield.js,OverloadYield.js,.js,233,233.00 B,2026-06-06 16:54:21,node_modules,node_modules\@babel,5
node_modules\@babel\helpers\lib\helpers\OverloadYield.js.map,C:\Users\Luis\Desktop\das4navy\node_modules\@babel\helpers\lib\helpers\OverloadYield.js.map,OverloadYield.js.map,.map,838,838.00 B,2026-06-06 16:54:21,node_modules,node_modules\@babel,5
node_modules\@babel\helpers\lib\helpers\applyDecoratedDescriptor.js,C:\Users\Luis\Desktop\das4navy\node_modules\@babel\helpers\lib\helpers\applyDecoratedDescriptor.js,applyDecoratedDescriptor.js,.js,957,957.00 B,2026-06-06 16:54:21,node_modules,node_modules\@babel,5
node_modules\@babel\helpers\lib\helpers\applyDecoratedDescriptor.js.map,C:\Users\Luis\Desktop\das4navy\node_modules\@babel\helpers\lib\helpers\applyDecoratedDescriptor.js.map,applyDecoratedDescriptor.js.map,.map,2697,2.63 KB,2026-06-06 16:54:21,node_modules,node_modules\@babel,5
node_modules\@babel\helpers\lib\helpers\applyDecs.js,C:\Users\Luis\Desktop\das4navy\node_modules\@babel\helpers\lib\helpers\applyDecs.js,applyDecs.js,.js,14143,13.81 KB,2026-06-06 16:54:21,node_modules,node_modules\@babel,5
node_modules\@babel\helpers\lib\helpers\applyDecs.js.map,C:\Users\Luis\Desktop\das4navy\node_modules\@babel\helpers\lib\helpers\applyDecs.js.map,applyDecs.js.map,.map,36388,35.54 KB,2026-06-06 16:54:22,node_modules,node_modules\@babel,5
node_modules\@babel\helpers\lib\helpers\applyDecs2203.js,C:\Users\Luis\Desktop\das4navy\node_modules\@babel\helpers\lib\helpers\applyDecs2203.js,applyDecs2203.js,.js,10589,10.34 KB,2026-06-06 16:54:22,node_modules,node_modules\@babel,5
node_modules\@babel\helpers\lib\helpers\applyDecs2203.js.map,C:\Users\Luis\Desktop\das4navy\node_modules\@babel\helpers\lib\helpers\applyDecs2203.js.map,applyDecs2203.js.map,.map,27607,26.96 KB,2026-06-06 16:54:22,node_modules,node_modules\@babel,5
node_modules\@babel\helpers\lib\helpers\applyDecs2203R.js,C:\Users\Luis\Desktop\das4navy\node_modules\@babel\helpers\lib\helpers\applyDecs2203R.js,applyDecs2203R.js,.js,10961,10.70 KB,2026-06-06 16:54:22,node_modules,node_modules\@babel,5
node_modules\@babel\helpers\lib\helpers\applyDecs2203R.js.map,C:\Users\Luis\Desktop\das4navy\node_modules\@babel\helpers\lib\helpers\applyDecs2203R.js.map,applyDecs2203R.js.map,.map,28626,27.96 KB,2026-06-06 16:54:22,node_modules,node_modules\@babel,5
node_modules\@babel\helpers\lib\helpers\applyDecs2301.js,C:\Users\Luis\Desktop\das4navy\node_modules\@babel\helpers\lib\helpers\applyDecs2301.js,applyDecs2301.js,.js,12508,12.21 KB,2026-06-06 16:54:22,node_modules,node_modules\@babel,5
node_modules\@babel\helpers\lib\helpers\applyDecs2301.js.map,C:\Users\Luis\Desktop\das4navy\node_modules\@babel\helpers\lib\helpers\applyDecs2301.js.map,applyDecs2301.js.map,.map,32243,31.49 KB,2026-06-06 16:54:22,node_modules,node_modules\@babel,5
node_modules\@babel\helpers\lib\helpers\applyDecs2305.js,C:\Users\Luis\Desktop\das4navy\node_modules\@babel\helpers\lib\helpers\applyDecs2305.js,applyDecs2305.js,.js,8645,8.44 KB,2026-06-06 16:54:22,node_modules,node_modules\@babel,5
node_modules\@babel\helpers\lib\helpers\applyDecs2305.js.map,C:\Users\Luis\Desktop\das4navy\node_modules\@babel\helpers\lib\helpers\applyDecs2305.js.map,applyDecs2305.js.map,.map,25216,24.62 KB,2026-06-06 16:54:22,node_modules,node_modules\@babel,5
node_modules\@babel\helpers\lib\helpers\applyDecs2311.js,C:\Users\Luis\Desktop\das4navy\node_modules\@babel\helpers\lib\helpers\applyDecs2311.js,applyDecs2311.js,.js,8551,8.35 KB,2026-06-06 16:54:22,node_modules,node_modules\@babel,5
node_modules\@babel\helpers\lib\helpers\applyDecs2311.js.map,C:\Users\Luis\Desktop\das4navy\node_modules\@babel\helpers\lib\helpers\applyDecs2311.js.map,applyDecs2311.js.map,.map,26723,26.10 KB,2026-06-06 16:54:22,node_modules,node_modules\@babel,5
node_modules\@babel\helpers\lib\helpers\arrayLikeToArray.js,C:\Users\Luis\Desktop\das4navy\node_modules\@babel\helpers\lib\helpers\arrayLikeToArray.js,arrayLikeToArray.js,.js,349,349.00 B,2026-06-06 16:54:22,node_modules,node_modules\@babel,5
node_modules\@babel\helpers\lib\helpers\arrayLikeToArray.js.map,C:\Users\Luis\Desktop\das4navy\node_modules\@babel\helpers\lib\helpers\arrayLikeToArray.js.map,arrayLikeToArray.js.map,.map,803,803.00 B,2026-06-06 16:54:22,node_modules,node_modules\@babel,5
node_modules\@babel\helpers\lib\helpers\arrayWithHoles.js,C:\Users\Luis\Desktop\das4navy\node_modules\@babel\helpers\lib\helpers\arrayWithHoles.js,arrayWithHoles.js,.js,231,231.00 B,2026-06-06 16:54:22,node_modules,node_modules\@babel,5
node_modules\@babel\helpers\lib\helpers\arrayWithHoles.js.map,C:\Users\Luis\Desktop\das4navy\node_modules\@babel\helpers\lib\helpers\arrayWithHoles.js.map,arrayWithHoles.js.map,.map,403,403.00 B,2026-06-06 16:54:22,node_modules,node_modules\@babel,5
node_modules\@babel\helpers\lib\helpers\arrayWithoutHoles.js,C:\Users\Luis\Desktop\das4navy\node_modules\@babel\helpers\lib\helpers\arrayWithoutHoles.js,arrayWithoutHoles.js,.js,330,330.00 B,2026-06-06 16:54:22,node_modules,node_modules\@babel,5
node_modules\@babel\helpers\lib\helpers\arrayWithoutHoles.js.map,C:\Users\Luis\Desktop\das4navy\node_modules\@babel\helpers\lib\helpers\arrayWithoutHoles.js.map,arrayWithoutHoles.js.map,.map,594,594.00 B,2026-06-06 16:54:22,node_modules,node_modules\@babel,5
node_modules\@babel\helpers\lib\helpers\assertClassBrand.js,C:\Users\Luis\Desktop\das4navy\node_modules\@babel\helpers\lib\helpers\assertClassBrand.js,assertClassBrand.js,.js,438,438.00 B,2026-06-06 16:54:22,node_modules,node_modules\@babel,5
node_modules\@babel\helpers\lib\helpers\assertClassBrand.js.map,C:\Users\Luis\Desktop\das4navy\node_modules\@babel\helpers\lib\helpers\assertClassBrand.js.map,assertClassBrand.js.map,.map,889,889.00 B,2026-06-06 16:54:22,node_modules,node_modules\@babel,5
node_modules\@babel\helpers\lib\helpers\assertThisInitialized.js,C:\Users\Luis\Desktop\das4navy\node_modules\@babel\helpers\lib\helpers\assertThisInitialized.js,assertThisInitialized.js,.js,350,350.00 B,2026-06-06 16:54:22,node_modules,node_modules\@babel,5
node_modules\@babel\helpers\lib\helpers\assertThisInitialized.js.map,C:\Users\Luis\Desktop\das4navy\node_modules\@babel\helpers\lib\helpers\assertThisInitialized.js.map,assertThisInitialized.js.map,.map,594,594.00 B,2026-06-06 16:54:22,node_modules,node_modules\@babel,5
node_modules\@babel\helpers\lib\helpers\asyncGeneratorDelegate.js,C:\Users\Luis\Desktop\das4navy\node_modules\@babel\helpers\lib\helpers\asyncGeneratorDelegate.js,asyncGeneratorDelegate.js,.js,1219,1.19 KB,2026-06-06 16:54:22,node_modules,node_modules\@babel,5
node_modules\@babel\helpers\lib\helpers\asyncGeneratorDelegate.js.map,C:\Users\Luis\Desktop\das4navy\node_modules\@babel\helpers\lib\helpers\asyncGeneratorDelegate.js.map,asyncGeneratorDelegate.js.map,.map,2880,2.81 KB,2026-06-06 16:54:22,node_modules,node_modules\@babel,5
node_modules\@babel\helpers\lib\helpers\asyncIterator.js,C:\Users\Luis\Desktop\das4navy\node_modules\@babel\helpers\lib\helpers\asyncIterator.js,asyncIterator.js,.js,1872,1.83 KB,2026-06-06 16:54:22,node_modules,node_modules\@babel,5
node_modules\@babel\helpers\lib\helpers\asyncIterator.js.map,C:\Users\Luis\Desktop\das4navy\node_modules\@babel\helpers\lib\helpers\asyncIterator.js.map,asyncIterator.js.map,.map,7282,7.11 KB,2026-06-06 16:54:22,node_modules,node_modules\@babel,5
node_modules\@babel\helpers\lib\helpers\asyncToGenerator.js,C:\Users\Luis\Desktop\das4navy\node_modules\@babel\helpers\lib\helpers\asyncToGenerator.js,asyncToGenerator.js,.js,929,929.00 B,2026-06-06 16:54:22,node_modules,node_modules\@babel,5
node_modules\@babel\helpers\lib\helpers\asyncToGenerator.js.map,C:\Users\Luis\Desktop\das4navy\node_modules\@babel\helpers\lib\helpers\asyncToGenerator.js.map,asyncToGenerator.js.map,.map,3839,3.75 KB,2026-06-06 16:54:22,node_modules,node_modules\@babel,5
node_modules\@babel\helpers\lib\helpers\awaitAsyncGenerator.js,C:\Users\Luis\Desktop\das4navy\node_modules\@babel\helpers\lib\helpers\awaitAsyncGenerator.js,awaitAsyncGenerator.js,.js,309,309.00 B,2026-06-06 16:54:22,node_modules,node_modules\@babel,5
node_modules\@babel\helpers\lib\helpers\awaitAsyncGenerator.js.map,C:\Users\Luis\Desktop\das4navy\node_modules\@babel\helpers\lib\helpers\awaitAsyncGenerator.js.map,awaitAsyncGenerator.js.map,.map,538,538.00 B,2026-06-06 16:54:22,node_modules,node_modules\@babel,5
node_modules\@babel\helpers\lib\helpers\callSuper.js,C:\Users\Luis\Desktop\das4navy\node_modules\@babel\helpers\lib\helpers\callSuper.js,callSuper.js,.js,668,668.00 B,2026-06-06 16:54:22,node_modules,node_modules\@babel,5
node_modules\@babel\helpers\lib\helpers\callSuper.js.map,C:\Users\Luis\Desktop\das4navy\node_modules\@babel\helpers\lib\helpers\callSuper.js.map,callSuper.js.map,.map,1608,1.57 KB,2026-06-06 16:54:22,node_modules,node_modules\@babel,5
node_modules\@babel\helpers\lib\helpers\checkInRHS.js,C:\Users\Luis\Desktop\das4navy\node_modules\@babel\helpers\lib\helpers\checkInRHS.js,checkInRHS.js,.js,353,353.00 B,2026-06-06 16:54:22,node_modules,node_modules\@babel,5
node_modules\@babel\helpers\lib\helpers\checkInRHS.js.map,C:\Users\Luis\Desktop\das4navy\node_modules\@babel\helpers\lib\helpers\checkInRHS.js.map,checkInRHS.js.map,.map,653,653.00 B,2026-06-06 16:54:22,node_modules,node_modules\@babel,5
node_modules\@babel\helpers\lib\helpers\checkPrivateRedeclaration.js,C:\Users\Luis\Desktop\das4navy\node_modules\@babel\helpers\lib\helpers\checkPrivateRedeclaration.js,checkPrivateRedeclaration.js,.js,376,376.00 B,2026-06-06 16:54:22,node_modules,node_modules\@babel,5
node_modules\@babel\helpers\lib\helpers\checkPrivateRedeclaration.js.map,C:\Users\Luis\Desktop\das4navy\node_modules\@babel\helpers\lib\helpers\checkPrivateRedeclaration.js.map,checkPrivateRedeclaration.js.map,.map,685,685.00 B,2026-06-06 16:54:22,node_modules,node_modules\@babel,5
node_modules\@babel\helpers\lib\helpers\classApplyDescriptorDestructureSet.js,C:\Users\Luis\Desktop\das4navy\node_modules\@babel\helpers\lib\helpers\classApplyDescriptorDestructureSet.js,classApplyDescriptorDestructureSet.js,.js,640,640.00 B,2026-06-06 16:54:22,node_modules,node_modules\@babel,5
node_modules\@babel\helpers\lib\helpers\classApplyDescriptorDestructureSet.js.map,C:\Users\Luis\Desktop\das4navy\node_modules\@babel\helpers\lib\helpers\classApplyDescriptorDestructureSet.js.map,classApplyDescriptorDestructureSet.js.map,.map,1388,1.36 KB,2026-06-06 16:54:22,node_modules,node_modules\@babel,5
node_modules\@babel\helpers\lib\helpers\classApplyDescriptorGet.js,C:\Users\Luis\Desktop\das4navy\node_modules\@babel\helpers\lib\helpers\classApplyDescriptorGet.js,classApplyDescriptorGet.js,.js,334,334.00 B,2026-06-06 16:54:22,node_modules,node_modules\@babel,5
node_modules\@babel\helpers\lib\helpers\classApplyDescriptorGet.js.map,C:\Users\Luis\Desktop\das4navy\node_modules\@babel\helpers\lib\helpers\classApplyDescriptorGet.js.map,classApplyDescriptorGet.js.map,.map,610,610.00 B,2026-06-06 16:54:22,node_modules,node_modules\@babel,5
node_modules\@babel\helpers\lib\helpers\classApplyDescriptorSet.js,C:\Users\Luis\Desktop\das4navy\node_modules\@babel\helpers\lib\helpers\classApplyDescriptorSet.js,classApplyDescriptorSet.js,.js,464,464.00 B,2026-06-06 16:54:22,node_modules,node_modules\@babel,5
node_modules\@babel\helpers\lib\helpers\classApplyDescriptorSet.js.map,C:\Users\Luis\Desktop\das4navy\node_modules\@babel\helpers\lib\helpers\classApplyDescriptorSet.js.map,classApplyDescriptorSet.js.map,.map,1050,1.03 KB,2026-06-06 16:54:22,node_modules,node_modules\@babel,5
node_modules\@babel\helpers\lib\helpers\classCallCheck.js,C:\Users\Luis\Desktop\das4navy\node_modules\@babel\helpers\lib\helpers\classCallCheck.js,classCallCheck.js,.js,321,321.00 B,2026-06-06 16:54:22,node_modules,node_modules\@babel,5
node_modules\@babel\helpers\lib\helpers\classCallCheck.js.map,C:\Users\Luis\Desktop\das4navy\node_modules\@babel\helpers\lib\helpers\classCallCheck.js.map,classCallCheck.js.map,.map,631,631.00 B,2026-06-06 16:54:22,node_modules,node_modules\@babel,5
node_modules\@babel\helpers\lib\helpers\classCheckPrivateStaticAccess.js,C:\Users\Luis\Desktop\das4navy\node_modules\@babel\helpers\lib\helpers\classCheckPrivateStaticAccess.js,classCheckPrivateStaticAccess.js,.js,396,396.00 B,2026-06-06 16:54:22,node_modules,node_modules\@babel,5
node_modules\@babel\helpers\lib\helpers\classCheckPrivateStaticAccess.js.map,C:\Users\Luis\Desktop\das4navy\node_modules\@babel\helpers\lib\helpers\classCheckPrivateStaticAccess.js.map,classCheckPrivateStaticAccess.js.map,.map,708,708.00 B,2026-06-06 16:54:22,node_modules,node_modules\@babel,5
node_modules\@babel\helpers\lib\helpers\classCheckPrivateStaticFieldDescriptor.js,C:\Users\Luis\Desktop\das4navy\node_modules\@babel\helpers\lib\helpers\classCheckPrivateStaticFieldDescriptor.js,classCheckPrivateStaticFieldDescriptor.js,.js,418,418.00 B,2026-06-06 16:54:22,node_modules,node_modules\@babel,5
node_modules\@babel\helpers\lib\helpers\classCheckPrivateStaticFieldDescriptor.js.map,C:\Users\Luis\Desktop\das4navy\node_modules\@babel\helpers\lib\helpers\classCheckPrivateStaticFieldDescriptor.js.map,classCheckPrivateStaticFieldDescriptor.js.map,.map,700,700.00 B,2026-06-06 16:54:22,node_modules,node_modules\@babel,5
node_modules\@babel\helpers\lib\helpers\classExtractFieldDescriptor.js,C:\Users\Luis\Desktop\das4navy\node_modules\@babel\helpers\lib\helpers\classExtractFieldDescriptor.js,classExtractFieldDescriptor.js,.js,365,365.00 B,2026-06-06 16:54:22,node_modules,node_modules\@babel,5
node_modules\@babel\helpers\lib\helpers\classExtractFieldDescriptor.js.map,C:\Users\Luis\Desktop\das4navy\node_modules\@babel\helpers\lib\helpers\classExtractFieldDescriptor.js.map,classExtractFieldDescriptor.js.map,.map,630,630.00 B,2026-06-06 16:54:22,node_modules,node_modules\@babel,5
node_modules\@babel\helpers\lib\helpers\classNameTDZError.js,C:\Users\Luis\Desktop\das4navy\node_modules\@babel\helpers\lib\helpers\classNameTDZError.js,classNameTDZError.js,.js,303,303.00 B,2026-06-06 16:54:22,node_modules,node_modules\@babel,5
node_modules\@babel\helpers\lib\helpers\classNameTDZError.js.map,C:\Users\Luis\Desktop\das4navy\node_modules\@babel\helpers\lib\helpers\classNameTDZError.js.map,classNameTDZError.js.map,.map,482,482.00 B,2026-06-06 16:54:22,node_modules,node_modules\@babel,5
node_modules\@babel\helpers\lib\helpers\classPrivateFieldDestructureSet.js,C:\Users\Luis\Desktop\das4navy\node_modules\@babel\helpers\lib\helpers\classPrivateFieldDestructureSet.js,classPrivateFieldDestructureSet.js,.js,544,544.00 B,2026-06-06 16:54:22,node_modules,node_modules\@babel,5
node_modules\@babel\helpers\lib\helpers\classPrivateFieldDestructureSet.js.map,C:\Users\Luis\Desktop\das4navy\node_modules\@babel\helpers\lib\helpers\classPrivateFieldDestructureSet.js.map,classPrivateFieldDestructureSet.js.map,.map,977,977.00 B,2026-06-06 16:54:22,node_modules,node_modules\@babel,5
node_modules\@babel\helpers\lib\helpers\classPrivateFieldGet.js,C:\Users\Luis\Desktop\das4navy\node_modules\@babel\helpers\lib\helpers\classPrivateFieldGet.js,classPrivateFieldGet.js,.js,480,480.00 B,2026-06-06 16:54:22,node_modules,node_modules\@babel,5
node_modules\@babel\helpers\lib\helpers\classPrivateFieldGet.js.map,C:\Users\Luis\Desktop\das4navy\node_modules\@babel\helpers\lib\helpers\classPrivateFieldGet.js.map,classPrivateFieldGet.js.map,.map,897,897.00 B,2026-06-06 16:54:22,node_modules,node_modules\@babel,5
node_modules\@babel\helpers\lib\helpers\classPrivateFieldGet2.js,C:\Users\Luis\Desktop\das4navy\node_modules\@babel\helpers\lib\helpers\classPrivateFieldGet2.js,classPrivateFieldGet2.js,.js,368,368.00 B,2026-06-06 16:54:22,node_modules,node_modules\@babel,5
node_modules\@babel\helpers\lib\helpers\classPrivateFieldGet2.js.map,C:\Users\Luis\Desktop\das4navy\node_modules\@babel\helpers\lib\helpers\classPrivateFieldGet2.js.map,classPrivateFieldGet2.js.map,.map,663,663.00 B,2026-06-06 16:54:22,node_modules,node_modules\@babel,5
node_modules\@babel\helpers\lib\helpers\classPrivateFieldInitSpec.js,C:\Users\Luis\Desktop\das4navy\node_modules\@babel\helpers\lib\helpers\classPrivateFieldInitSpec.js,classPrivateFieldInitSpec.js,.js,411,411.00 B,2026-06-06 16:54:22,node_modules,node_modules\@babel,5
node_modules\@babel\helpers\lib\helpers\classPrivateFieldInitSpec.js.map,C:\Users\Luis\Desktop\das4navy\node_modules\@babel\helpers\lib\helpers\classPrivateFieldInitSpec.js.map,classPrivateFieldInitSpec.js.map,.map,779,779.00 B,2026-06-06 16:54:22,node_modules,node_modules\@babel,5
node_modules\@babel\helpers\lib\helpers\classPrivateFieldLooseBase.js,C:\Users\Luis\Desktop\das4navy\node_modules\@babel\helpers\lib\helpers\classPrivateFieldLooseBase.js,classPrivateFieldLooseBase.js,.js,403,403.00 B,2026-06-06 16:54:22,node_modules,node_modules\@babel,5
node_modules\@babel\helpers\lib\helpers\classPrivateFieldLooseBase.js.map,C:\Users\Luis\Desktop\das4navy\node_modules\@babel\helpers\lib\helpers\classPrivateFieldLooseBase.js.map,classPrivateFieldLooseBase.js.map,.map,776,776.00 B,2026-06-06 16:54:22,node_modules,node_modules\@babel,5
node_modules\@babel\helpers\lib\helpers\classPrivateFieldLooseKey.js,C:\Users\Luis\Desktop\das4navy\node_modules\@babel\helpers\lib\helpers\classPrivateFieldLooseKey.js,classPrivateFieldLooseKey.js,.js,272,272.00 B,2026-06-06 16:54:22,node_modules,node_modules\@babel,5
node_modules\@babel\helpers\lib\helpers\classPrivateFieldLooseKey.js.map,C:\Users\Luis\Desktop\das4navy\node_modules\@babel\helpers\lib\helpers\classPrivateFieldLooseKey.js.map,classPrivateFieldLooseKey.js.map,.map,458,458.00 B,2026-06-06 16:54:22,node_modules,node_modules\@babel,5
node_modules\@babel\helpers\lib\helpers\classPrivateFieldSet.js,C:\Users\Luis\Desktop\das4navy\node_modules\@babel\helpers\lib\helpers\classPrivateFieldSet.js,classPrivateFieldSet.js,.js,501,501.00 B,2026-06-06 16:54:22,node_modules,node_modules\@babel,5
node_modules\@babel\helpers\lib\helpers\classPrivateFieldSet.js.map,C:\Users\Luis\Desktop\das4navy\node_modules\@babel\helpers\lib\helpers\classPrivateFieldSet.js.map,classPrivateFieldSet.js.map,.map,961,961.00 B,2026-06-06 16:54:22,node_modules,node_modules\@babel,5
node_modules\@babel\helpers\lib\helpers\classPrivateFieldSet2.js,C:\Users\Luis\Desktop\das4navy\node_modules\@babel\helpers\lib\helpers\classPrivateFieldSet2.js,classPrivateFieldSet2.js,.js,391,391.00 B,2026-06-06 16:54:22,node_modules,node_modules\@babel,5
node_modules\@babel\helpers\lib\helpers\classPrivateFieldSet2.js.map,C:\Users\Luis\Desktop\das4navy\node_modules\@babel\helpers\lib\helpers\classPrivateFieldSet2.js.map,classPrivateFieldSet2.js.map,.map,736,736.00 B,2026-06-06 16:54:22,node_modules,node_modules\@babel,5
node_modules\@babel\helpers\lib\helpers\classPrivateGetter.js,C:\Users\Luis\Desktop\das4navy\node_modules\@babel\helpers\lib\helpers\classPrivateGetter.js,classPrivateGetter.js,.js,359,359.00 B,2026-06-06 16:54:22,node_modules,node_modules\@babel,5
node_modules\@babel\helpers\lib\helpers\classPrivateGetter.js.map,C:\Users\Luis\Desktop\das4navy\node_modules\@babel\helpers\lib\helpers\classPrivateGetter.js.map,classPrivateGetter.js.map,.map,687,687.00 B,2026-06-06 16:54:22,node_modules,node_modules\@babel,5
node_modules\@babel\helpers\lib\helpers\classPrivateMethodGet.js,C:\Users\Luis\Desktop\das4navy\node_modules\@babel\helpers\lib\helpers\classPrivateMethodGet.js,classPrivateMethodGet.js,.js,344,344.00 B,2026-06-06 16:54:22,node_modules,node_modules\@babel,5
node_modules\@babel\helpers\lib\helpers\classPrivateMethodGet.js.map,C:\Users\Luis\Desktop\das4navy\node_modules\@babel\helpers\lib\helpers\classPrivateMethodGet.js.map,classPrivateMethodGet.js.map,.map,622,622.00 B,2026-06-06 16:54:22,node_modules,node_modules\@babel,5
node_modules\@babel\helpers\lib\helpers\classPrivateMethodInitSpec.js,C:\Users\Luis\Desktop\das4navy\node_modules\@babel\helpers\lib\helpers\classPrivateMethodInitSpec.js,classPrivateMethodInitSpec.js,.js,400,400.00 B,2026-06-06 16:54:22,node_modules,node_modules\@babel,5
node_modules\@babel\helpers\lib\helpers\classPrivateMethodInitSpec.js.map,C:\Users\Luis\Desktop\das4navy\node_modules\@babel\helpers\lib\helpers\classPrivateMethodInitSpec.js.map,classPrivateMethodInitSpec.js.map,.map,717,717.00 B,2026-06-06 16:54:22,node_modules,node_modules\@babel,5
node_modules\@babel\helpers\lib\helpers\classPrivateMethodSet.js,C:\Users\Luis\Desktop\das4navy\node_modules\@babel\helpers\lib\helpers\classPrivateMethodSet.js,classPrivateMethodSet.js,.js,274,274.00 B,2026-06-06 16:54:22,node_modules,node_modules\@babel,5
node_modules\@babel\helpers\lib\helpers\classPrivateMethodSet.js.map,C:\Users\Luis\Desktop\das4navy\node_modules\@babel\helpers\lib\helpers\classPrivateMethodSet.js.map,classPrivateMethodSet.js.map,.map,461,461.00 B,2026-06-06 16:54:22,node_modules,node_modules\@babel,5
node_modules\@babel\helpers\lib\helpers\classPrivateSetter.js,C:\Users\Luis\Desktop\das4navy\node_modules\@babel\helpers\lib\helpers\classPrivateSetter.js,classPrivateSetter.js,.js,382,382.00 B,2026-06-06 16:54:22,node_modules,node_modules\@babel,5
node_modules\@babel\helpers\lib\helpers\classPrivateSetter.js.map,C:\Users\Luis\Desktop\das4navy\node_modules\@babel\helpers\lib\helpers\classPrivateSetter.js.map,classPrivateSetter.js.map,.map,760,760.00 B,2026-06-06 16:54:22,node_modules,node_modules\@babel,5
node_modules\@babel\helpers\lib\helpers\classStaticPrivateFieldDestructureSet.js,C:\Users\Luis\Desktop\das4navy\node_modules\@babel\helpers\lib\helpers\classStaticPrivateFieldDestructureSet.js,classStaticPrivateFieldDestructureSet.js,.js,715,715.00 B,2026-06-06 16:54:22,node_modules,node_modules\@babel,5
node_modules\@babel\helpers\lib\helpers\classStaticPrivateFieldDestructureSet.js.map,C:\Users\Luis\Desktop\das4navy\node_modules\@babel\helpers\lib\helpers\classStaticPrivateFieldDestructureSet.js.map,classStaticPrivateFieldDestructureSet.js.map,.map,1310,1.28 KB,2026-06-06 16:54:22,node_modules,node_modules\@babel,5
node_modules\@babel\helpers\lib\helpers\classStaticPrivateFieldSpecGet.js,C:\Users\Luis\Desktop\das4navy\node_modules\@babel\helpers\lib\helpers\classStaticPrivateFieldSpecGet.js,classStaticPrivateFieldSpecGet.js,.js,661,661.00 B,2026-06-06 16:54:22,node_modules,node_modules\@babel,5
node_modules\@babel\helpers\lib\helpers\classStaticPrivateFieldSpecGet.js.map,C:\Users\Luis\Desktop\das4navy\node_modules\@babel\helpers\lib\helpers\classStaticPrivateFieldSpecGet.js.map,classStaticPrivateFieldSpecGet.js.map,.map,1232,1.20 KB,2026-06-06 16:54:22,node_modules,node_modules\@babel,5
node_modules\@babel\helpers\lib\helpers\classStaticPrivateFieldSpecSet.js,C:\Users\Luis\Desktop\das4navy\node_modules\@babel\helpers\lib\helpers\classStaticPrivateFieldSpecSet.js,classStaticPrivateFieldSpecSet.js,.js,684,684.00 B,2026-06-06 16:54:22,node_modules,node_modules\@babel,5
node_modules\@babel\helpers\lib\helpers\classStaticPrivateFieldSpecSet.js.map,C:\Users\Luis\Desktop\das4navy\node_modules\@babel\helpers\lib\helpers\classStaticPrivateFieldSpecSet.js.map,classStaticPrivateFieldSpecSet.js.map,.map,1300,1.27 KB,2026-06-06 16:54:22,node_modules,node_modules\@babel,5
node_modules\@babel\helpers\lib\helpers\classStaticPrivateMethodGet.js,C:\Users\Luis\Desktop\das4navy\node_modules\@babel\helpers\lib\helpers\classStaticPrivateMethodGet.js,classStaticPrivateMethodGet.js,.js,400,400.00 B,2026-06-06 16:54:22,node_modules,node_modules\@babel,5
node_modules\@babel\helpers\lib\helpers\classStaticPrivateMethodGet.js.map,C:\Users\Luis\Desktop\das4navy\node_modules\@babel\helpers\lib\helpers\classStaticPrivateMethodGet.js.map,classStaticPrivateMethodGet.js.map,.map,724,724.00 B,2026-06-06 16:54:22,node_modules,node_modules\@babel,5
node_modules\@babel\helpers\lib\helpers\classStaticPrivateMethodSet.js,C:\Users\Luis\Desktop\das4navy\node_modules\@babel\helpers\lib\helpers\classStaticPrivateMethodSet.js,classStaticPrivateMethodSet.js,.js,303,303.00 B,2026-06-06 16:54:22,node_modules,node_modules\@babel,5
node_modules\@babel\helpers\lib\helpers\classStaticPrivateMethodSet.js.map,C:\Users\Luis\Desktop\das4navy\node_modules\@babel\helpers\lib\helpers\classStaticPrivateMethodSet.js.map,classStaticPrivateMethodSet.js.map,.map,444,444.00 B,2026-06-06 16:54:22,node_modules,node_modules\@babel,5
node_modules\@babel\helpers\lib\helpers\construct.js,C:\Users\Luis\Desktop\das4navy\node_modules\@babel\helpers\lib\helpers\construct.js,construct.js,.js,616,616.00 B,2026-06-06 16:54:22,node_modules,node_modules\@babel,5
node_modules\@babel\helpers\lib\helpers\construct.js.map,C:\Users\Luis\Desktop\das4navy\node_modules\@babel\helpers\lib\helpers\construct.js.map,construct.js.map,.map,1640,1.60 KB,2026-06-06 16:54:22,node_modules,node_modules\@babel,5
node_modules\@babel\helpers\lib\helpers\createClass.js,C:\Users\Luis\Desktop\das4navy\node_modules\@babel\helpers\lib\helpers\createClass.js,createClass.js,.js,876,876.00 B,2026-06-06 16:54:22,node_modules,node_modules\@babel,5
node_modules\@babel\helpers\lib\helpers\createClass.js.map,C:\Users\Luis\Desktop\das4navy\node_modules\@babel\helpers\lib\helpers\createClass.js.map,createClass.js.map,.map,2058,2.01 KB,2026-06-06 16:54:22,node_modules,node_modules\@babel,5
node_modules\@babel\helpers\lib\helpers\createForOfIteratorHelper.js,C:\Users\Luis\Desktop\das4navy\node_modules\@babel\helpers\lib\helpers\createForOfIteratorHelper.js,createForOfIteratorHelper.js,.js,1614,1.58 KB,2026-06-06 16:54:22,node_modules,node_modules\@babel,5
node_modules\@babel\helpers\lib\helpers\createForOfIteratorHelper.js.map,C:\Users\Luis\Desktop\das4navy\node_modules\@babel\helpers\lib\helpers\createForOfIteratorHelper.js.map,createForOfIteratorHelper.js.map,.map,4816,4.70 KB,2026-06-06 16:54:22,node_modules,node_modules\@babel,5
node_modules\@babel\helpers\lib\helpers\createForOfIteratorHelperLoose.js,C:\Users\Luis\Desktop\das4navy\node_modules\@babel\helpers\lib\helpers\createForOfIteratorHelperLoose.js,createForOfIteratorHelperLoose.js,.js,983,983.00 B,2026-06-06 16:54:22,node_modules,node_modules\@babel,5
node_modules\@babel\helpers\lib\helpers\createForOfIteratorHelperLoose.js.map,C:\Users\Luis\Desktop\das4navy\node_modules\@babel\helpers\lib\helpers\createForOfIteratorHelperLoose.js.map,createForOfIteratorHelperLoose.js.map,.map,2851,2.78 KB,2026-06-06 16:54:22,node_modules,node_modules\@babel,5
node_modules\@babel\helpers\lib\helpers\createSuper.js,C:\Users\Luis\Desktop\das4navy\node_modules\@babel\helpers\lib\helpers\createSuper.js,createSuper.js,.js,818,818.00 B,2026-06-06 16:54:22,node_modules,node_modules\@babel,5
node_modules\@babel\helpers\lib\helpers\createSuper.js.map,C:\Users\Luis\Desktop\das4navy\node_modules\@babel\helpers\lib\helpers\createSuper.js.map,createSuper.js.map,.map,1785,1.74 KB,2026-06-06 16:54:22,node_modules,node_modules\@babel,5
node_modules\@babel\helpers\lib\helpers\decorate.js,C:\Users\Luis\Desktop\das4navy\node_modules\@babel\helpers\lib\helpers\decorate.js,decorate.js,.js,13101,12.79 KB,2026-06-06 16:54:22,node_modules,node_modules\@babel,5
node_modules\@babel\helpers\lib\helpers\decorate.js.map,C:\Users\Luis\Desktop\das4navy\node_modules\@babel\helpers\lib\helpers\decorate.js.map,decorate.js.map,.map,34919,34.10 KB,2026-06-06 16:54:22,node_modules,node_modules\@babel,5
node_modules\@babel\helpers\lib\helpers\defaults.js,C:\Users\Luis\Desktop\das4navy\node_modules\@babel\helpers\lib\helpers\defaults.js,defaults.js,.js,492,492.00 B,2026-06-06 16:54:22,node_modules,node_modules\@babel,5
node_modules\@babel\helpers\lib\helpers\defaults.js.map,C:\Users\Luis\Desktop\das4navy\node_modules\@babel\helpers\lib\helpers\defaults.js.map,defaults.js.map,.map,1361,1.33 KB,2026-06-06 16:54:22,node_modules,node_modules\@babel,5
node_modules\@babel\helpers\lib\helpers\defineAccessor.js,C:\Users\Luis\Desktop\das4navy\node_modules\@babel\helpers\lib\helpers\defineAccessor.js,defineAccessor.js,.js,340,340.00 B,2026-06-06 16:54:22,node_modules,node_modules\@babel,5
node_modules\@babel\helpers\lib\helpers\defineAccessor.js.map,C:\Users\Luis\Desktop\das4navy\node_modules\@babel\helpers\lib\helpers\defineAccessor.js.map,defineAccessor.js.map,.map,824,824.00 B,2026-06-06 16:54:22,node_modules,node_modules\@babel,5
node_modules\@babel\helpers\lib\helpers\defineEnumerableProperties.js,C:\Users\Luis\Desktop\das4navy\node_modules\@babel\helpers\lib\helpers\defineEnumerableProperties.js,defineEnumerableProperties.js,.js,811,811.00 B,2026-06-06 16:54:22,node_modules,node_modules\@babel,5
node_modules\@babel\helpers\lib\helpers\defineEnumerableProperties.js.map,C:\Users\Luis\Desktop\das4navy\node_modules\@babel\helpers\lib\helpers\defineEnumerableProperties.js.map,defineEnumerableProperties.js.map,.map,2124,2.07 KB,2026-06-06 16:54:22,node_modules,node_modules\@babel,5
node_modules\@babel\helpers\lib\helpers\defineProperty.js,C:\Users\Luis\Desktop\das4navy\node_modules\@babel\helpers\lib\helpers\defineProperty.js,defineProperty.js,.js,507,507.00 B,2026-06-06 16:54:22,node_modules,node_modules\@babel,5
node_modules\@babel\helpers\lib\helpers\defineProperty.js.map,C:\Users\Luis\Desktop\das4navy\node_modules\@babel\helpers\lib\helpers\defineProperty.js.map,defineProperty.js.map,.map,1507,1.47 KB,2026-06-06 16:54:22,node_modules,node_modules\@babel,5
node_modules\@babel\helpers\lib\helpers\dispose.js,C:\Users\Luis\Desktop\das4navy\node_modules\@babel\helpers\lib\helpers\dispose.js,dispose.js,.js,1220,1.19 KB,2026-06-06 16:54:22,node_modules,node_modules\@babel,5
node_modules\@babel\helpers\lib\helpers\dispose.js.map,C:\Users\Luis\Desktop\das4navy\node_modules\@babel\helpers\lib\helpers\dispose.js.map,dispose.js.map,.map,2809,2.74 KB,2026-06-06 16:54:22,node_modules,node_modules\@babel,5
node_modules\@babel\helpers\lib\helpers\extends.js,C:\Users\Luis\Desktop\das4navy\node_modules\@babel\helpers\lib\helpers\extends.js,extends.js,.js,565,565.00 B,2026-06-06 16:54:22,node_modules,node_modules\@babel,5
node_modules\@babel\helpers\lib\helpers\extends.js.map,C:\Users\Luis\Desktop\das4navy\node_modules\@babel\helpers\lib\helpers\extends.js.map,extends.js.map,.map,1860,1.82 KB,2026-06-06 16:54:22,node_modules,node_modules\@babel,5
node_modules\@babel\helpers\lib\helpers\get.js,C:\Users\Luis\Desktop\das4navy\node_modules\@babel\helpers\lib\helpers\get.js,get.js,.js,728,728.00 B,2026-06-06 16:54:22,node_modules,node_modules\@babel,5
node_modules\@babel\helpers\lib\helpers\get.js.map,C:\Users\Luis\Desktop\das4navy\node_modules\@babel\helpers\lib\helpers\get.js.map,get.js.map,.map,2242,2.19 KB,2026-06-06 16:54:22,node_modules,node_modules\@babel,5
node_modules\@babel\helpers\lib\helpers\getPrototypeOf.js,C:\Users\Luis\Desktop\das4navy\node_modules\@babel\helpers\lib\helpers\getPrototypeOf.js,getPrototypeOf.js,.js,400,400.00 B,2026-06-06 16:54:22,node_modules,node_modules\@babel,5
node_modules\@babel\helpers\lib\helpers\getPrototypeOf.js.map,C:\Users\Luis\Desktop\das4navy\node_modules\@babel\helpers\lib\helpers\getPrototypeOf.js.map,getPrototypeOf.js.map,.map,991,991.00 B,2026-06-06 16:54:22,node_modules,node_modules\@babel,5
node_modules\@babel\helpers\lib\helpers\identity.js,C:\Users\Luis\Desktop\das4navy\node_modules\@babel\helpers\lib\helpers\identity.js,identity.js,.js,185,185.00 B,2026-06-06 16:54:22,node_modules,node_modules\@babel,5
node_modules\@babel\helpers\lib\helpers\identity.js.map,C:\Users\Luis\Desktop\das4navy\node_modules\@babel\helpers\lib\helpers\identity.js.map,identity.js.map,.map,285,285.00 B,2026-06-06 16:54:22,node_modules,node_modules\@babel,5
node_modules\@babel\helpers\lib\helpers\importDeferProxy.js,C:\Users\Luis\Desktop\das4navy\node_modules\@babel\helpers\lib\helpers\importDeferProxy.js,importDeferProxy.js,.js,920,920.00 B,2026-06-06 16:54:22,node_modules,node_modules\@babel,5
node_modules\@babel\helpers\lib\helpers\importDeferProxy.js.map,C:\Users\Luis\Desktop\das4navy\node_modules\@babel\helpers\lib\helpers\importDeferProxy.js.map,importDeferProxy.js.map,.map,2322,2.27 KB,2026-06-06 16:54:22,node_modules,node_modules\@babel,5
node_modules\@babel\helpers\lib\helpers\inherits.js,C:\Users\Luis\Desktop\das4navy\node_modules\@babel\helpers\lib\helpers\inherits.js,inherits.js,.js,715,715.00 B,2026-06-06 16:54:22,node_modules,node_modules\@babel,5
node_modules\@babel\helpers\lib\helpers\inherits.js.map,C:\Users\Luis\Desktop\das4navy\node_modules\@babel\helpers\lib\helpers\inherits.js.map,inherits.js.map,.map,1702,1.66 KB,2026-06-06 16:54:22,node_modules,node_modules\@babel,5
node_modules\@babel\helpers\lib\helpers\inheritsLoose.js,C:\Users\Luis\Desktop\das4navy\node_modules\@babel\helpers\lib\helpers\inheritsLoose.js,inheritsLoose.js,.js,420,420.00 B,2026-06-06 16:54:22,node_modules,node_modules\@babel,5
node_modules\@babel\helpers\lib\helpers\inheritsLoose.js.map,C:\Users\Luis\Desktop\das4navy\node_modules\@babel\helpers\lib\helpers\inheritsLoose.js.map,inheritsLoose.js.map,.map,836,836.00 B,2026-06-06 16:54:22,node_modules,node_modules\@babel,5
node_modules\@babel\helpers\lib\helpers\initializerDefineProperty.js,C:\Users\Luis\Desktop\das4navy\node_modules\@babel\helpers\lib\helpers\initializerDefineProperty.js,initializerDefineProperty.js,.js,536,536.00 B,2026-06-06 16:54:22,node_modules,node_modules\@babel,5
node_modules\@babel\helpers\lib\helpers\initializerDefineProperty.js.map,C:\Users\Luis\Desktop\das4navy\node_modules\@babel\helpers\lib\helpers\initializerDefineProperty.js.map,initializerDefineProperty.js.map,.map,1302,1.27 KB,2026-06-06 16:54:22,node_modules,node_modules\@babel,5
node_modules\@babel\helpers\lib\helpers\initializerWarningHelper.js,C:\Users\Luis\Desktop\das4navy\node_modules\@babel\helpers\lib\helpers\initializerWarningHelper.js,initializerWarningHelper.js,.js,398,398.00 B,2026-06-06 16:54:22,node_modules,node_modules\@babel,5
node_modules\@babel\helpers\lib\helpers\initializerWarningHelper.js.map,C:\Users\Luis\Desktop\das4navy\node_modules\@babel\helpers\lib\helpers\initializerWarningHelper.js.map,initializerWarningHelper.js.map,.map,709,709.00 B,2026-06-06 16:54:22,node_modules,node_modules\@babel,5
node_modules\@babel\helpers\lib\helpers\instanceof.js,C:\Users\Luis\Desktop\das4navy\node_modules\@babel\helpers\lib\helpers\instanceof.js,instanceof.js,.js,369,369.00 B,2026-06-06 16:54:22,node_modules,node_modules\@babel,5
node_modules\@babel\helpers\lib\helpers\instanceof.js.map,C:\Users\Luis\Desktop\das4navy\node_modules\@babel\helpers\lib\helpers\instanceof.js.map,instanceof.js.map,.map,754,754.00 B,2026-06-06 16:54:22,node_modules,node_modules\@babel,5
node_modules\@babel\helpers\lib\helpers\interopRequireDefault.js,C:\Users\Luis\Desktop\das4navy\node_modules\@babel\helpers\lib\helpers\interopRequireDefault.js,interopRequireDefault.js,.js,277,277.00 B,2026-06-06 16:54:22,node_modules,node_modules\@babel,5
node_modules\@babel\helpers\lib\helpers\interopRequireDefault.js.map,C:\Users\Luis\Desktop\das4navy\node_modules\@babel\helpers\lib\helpers\interopRequireDefault.js.map,interopRequireDefault.js.map,.map,469,469.00 B,2026-06-06 16:54:22,node_modules,node_modules\@babel,5
node_modules\@babel\helpers\lib\helpers\interopRequireWildcard.js,C:\Users\Luis\Desktop\das4navy\node_modules\@babel\helpers\lib\helpers\interopRequireWildcard.js,interopRequireWildcard.js,.js,1242,1.21 KB,2026-06-06 16:54:22,node_modules,node_modules\@babel,5
node_modules\@babel\helpers\lib\helpers\interopRequireWildcard.js.map,C:\Users\Luis\Desktop\das4navy\node_modules\@babel\helpers\lib\helpers\interopRequireWildcard.js.map,interopRequireWildcard.js.map,.map,3018,2.95 KB,2026-06-06 16:54:22,node_modules,node_modules\@babel,5
node_modules\@babel\helpers\lib\helpers\isNativeFunction.js,C:\Users\Luis\Desktop\das4navy\node_modules\@babel\helpers\lib\helpers\isNativeFunction.js,isNativeFunction.js,.js,335,335.00 B,2026-06-06 16:54:22,node_modules,node_modules\@babel,5
node_modules\@babel\helpers\lib\helpers\isNativeFunction.js.map,C:\Users\Luis\Desktop\das4navy\node_modules\@babel\helpers\lib\helpers\isNativeFunction.js.map,isNativeFunction.js.map,.map,813,813.00 B,2026-06-06 16:54:22,node_modules,node_modules\@babel,5
node_modules\@babel\helpers\lib\helpers\isNativeReflectConstruct.js,C:\Users\Luis\Desktop\das4navy\node_modules\@babel\helpers\lib\helpers\isNativeReflectConstruct.js,isNativeReflectConstruct.js,.js,442,442.00 B,2026-06-06 16:54:22,node_modules,node_modules\@babel,5
node_modules\@babel\helpers\lib\helpers\isNativeReflectConstruct.js.map,C:\Users\Luis\Desktop\das4navy\node_modules\@babel\helpers\lib\helpers\isNativeReflectConstruct.js.map,isNativeReflectConstruct.js.map,.map,1329,1.30 KB,2026-06-06 16:54:22,node_modules,node_modules\@babel,5
node_modules\@babel\helpers\lib\helpers\iterableToArray.js,C:\Users\Luis\Desktop\das4navy\node_modules\@babel\helpers\lib\helpers\iterableToArray.js,iterableToArray.js,.js,332,332.00 B,2026-06-06 16:54:22,node_modules,node_modules\@babel,5
node_modules\@babel\helpers\lib\helpers\iterableToArray.js.map,C:\Users\Luis\Desktop\das4navy\node_modules\@babel\helpers\lib\helpers\iterableToArray.js.map,iterableToArray.js.map,.map,676,676.00 B,2026-06-06 16:54:22,node_modules,node_modules\@babel,5
node_modules\@babel\helpers\lib\helpers\iterableToArrayLimit.js,C:\Users\Luis\Desktop\das4navy\node_modules\@babel\helpers\lib\helpers\iterableToArrayLimit.js,iterableToArrayLimit.js,.js,1216,1.19 KB,2026-06-06 16:54:22,node_modules,node_modules\@babel,5
node_modules\@babel\helpers\lib\helpers\iterableToArrayLimit.js.map,C:\Users\Luis\Desktop\das4navy\node_modules\@babel\helpers\lib\helpers\iterableToArrayLimit.js.map,iterableToArrayLimit.js.map,.map,2982,2.91 KB,2026-06-06 16:54:22,node_modules,node_modules\@babel,5
node_modules\@babel\helpers\lib\helpers\jsx.js,C:\Users\Luis\Desktop\das4navy\node_modules\@babel\helpers\lib\helpers\jsx.js,jsx.js,.js,1244,1.21 KB,2026-06-06 16:54:22,node_modules,node_modules\@babel,5
node_modules\@babel\helpers\lib\helpers\jsx.js.map,C:\Users\Luis\Desktop\das4navy\node_modules\@babel\helpers\lib\helpers\jsx.js.map,jsx.js.map,.map,3548,3.46 KB,2026-06-06 16:54:22,node_modules,node_modules\@babel,5
node_modules\@babel\helpers\lib\helpers\maybeArrayLike.js,C:\Users\Luis\Desktop\das4navy\node_modules\@babel\helpers\lib\helpers\maybeArrayLike.js,maybeArrayLike.js,.js,470,470.00 B,2026-06-06 16:54:22,node_modules,node_modules\@babel,5
node_modules\@babel\helpers\lib\helpers\maybeArrayLike.js.map,C:\Users\Luis\Desktop\das4navy\node_modules\@babel\helpers\lib\helpers\maybeArrayLike.js.map,maybeArrayLike.js.map,.map,1074,1.05 KB,2026-06-06 16:54:22,node_modules,node_modules\@babel,5
node_modules\@babel\helpers\lib\helpers\newArrowCheck.js,C:\Users\Luis\Desktop\das4navy\node_modules\@babel\helpers\lib\helpers\newArrowCheck.js,newArrowCheck.js,.js,309,309.00 B,2026-06-06 16:54:22,node_modules,node_modules\@babel,5
node_modules\@babel\helpers\lib\helpers\newArrowCheck.js.map,C:\Users\Luis\Desktop\das4navy\node_modules\@babel\helpers\lib\helpers\newArrowCheck.js.map,newArrowCheck.js.map,.map,517,517.00 B,2026-06-06 16:54:22,node_modules,node_modules\@babel,5
node_modules\@babel\helpers\lib\helpers\nonIterableRest.js,C:\Users\Luis\Desktop\das4navy\node_modules\@babel\helpers\lib\helpers\nonIterableRest.js,nonIterableRest.js,.js,357,357.00 B,2026-06-06 16:54:22,node_modules,node_modules\@babel,5
node_modules\@babel\helpers\lib\helpers\nonIterableRest.js.map,C:\Users\Luis\Desktop\das4navy\node_modules\@babel\helpers\lib\helpers\nonIterableRest.js.map,nonIterableRest.js.map,.map,497,497.00 B,2026-06-06 16:54:22,node_modules,node_modules\@babel,5
node_modules\@babel\helpers\lib\helpers\nonIterableSpread.js,C:\Users\Luis\Desktop\das4navy\node_modules\@babel\helpers\lib\helpers\nonIterableSpread.js,nonIterableSpread.js,.js,358,358.00 B,2026-06-06 16:54:22,node_modules,node_modules\@babel,5
node_modules\@babel\helpers\lib\helpers\nonIterableSpread.js.map,C:\Users\Luis\Desktop\das4navy\node_modules\@babel\helpers\lib\helpers\nonIterableSpread.js.map,nonIterableSpread.js.map,.map,498,498.00 B,2026-06-06 16:54:22,node_modules,node_modules\@babel,5
node_modules\@babel\helpers\lib\helpers\nullishReceiverError.js,C:\Users\Luis\Desktop\das4navy\node_modules\@babel\helpers\lib\helpers\nullishReceiverError.js,nullishReceiverError.js,.js,277,277.00 B,2026-06-06 16:54:22,node_modules,node_modules\@babel,5
node_modules\@babel\helpers\lib\helpers\nullishReceiverError.js.map,C:\Users\Luis\Desktop\das4navy\node_modules\@babel\helpers\lib\helpers\nullishReceiverError.js.map,nullishReceiverError.js.map,.map,454,454.00 B,2026-06-06 16:54:22,node_modules,node_modules\@babel,5
node_modules\@babel\helpers\lib\helpers\objectDestructuringEmpty.js,C:\Users\Luis\Desktop\das4navy\node_modules\@babel\helpers\lib\helpers\objectDestructuringEmpty.js,objectDestructuringEmpty.js,.js,292,292.00 B,2026-06-06 16:54:22,node_modules,node_modules\@babel,5
node_modules\@babel\helpers\lib\helpers\objectDestructuringEmpty.js.map,C:\Users\Luis\Desktop\das4navy\node_modules\@babel\helpers\lib\helpers\objectDestructuringEmpty.js.map,objectDestructuringEmpty.js.map,.map,522,522.00 B,2026-06-06 16:54:22,node_modules,node_modules\@babel,5
node_modules\@babel\helpers\lib\helpers\objectSpread.js,C:\Users\Luis\Desktop\das4navy\node_modules\@babel\helpers\lib\helpers\objectSpread.js,objectSpread.js,.js,771,771.00 B,2026-06-06 16:54:22,node_modules,node_modules\@babel,5
node_modules\@babel\helpers\lib\helpers\objectSpread.js.map,C:\Users\Luis\Desktop\das4navy\node_modules\@babel\helpers\lib\helpers\objectSpread.js.map,objectSpread.js.map,.map,2248,2.20 KB,2026-06-06 16:54:22,node_modules,node_modules\@babel,5
node_modules\@babel\helpers\lib\helpers\objectSpread2.js,C:\Users\Luis\Desktop\das4navy\node_modules\@babel\helpers\lib\helpers\objectSpread2.js,objectSpread2.js,.js,1222,1.19 KB,2026-06-06 16:54:22,node_modules,node_modules\@babel,5
node_modules\@babel\helpers\lib\helpers\objectSpread2.js.map,C:\Users\Luis\Desktop\das4navy\node_modules\@babel\helpers\lib\helpers\objectSpread2.js.map,objectSpread2.js.map,.map,3653,3.57 KB,2026-06-06 16:54:22,node_modules,node_modules\@babel,5
node_modules\@babel\helpers\lib\helpers\objectWithoutProperties.js,C:\Users\Luis\Desktop\das4navy\node_modules\@babel\helpers\lib\helpers\objectWithoutProperties.js,objectWithoutProperties.js,.js,815,815.00 B,2026-06-06 16:54:22,node_modules,node_modules\@babel,5
node_modules\@babel\helpers\lib\helpers\objectWithoutProperties.js.map,C:\Users\Luis\Desktop\das4navy\node_modules\@babel\helpers\lib\helpers\objectWithoutProperties.js.map,objectWithoutProperties.js.map,.map,2284,2.23 KB,2026-06-06 16:54:22,node_modules,node_modules\@babel,5
node_modules\@babel\helpers\lib\helpers\objectWithoutPropertiesLoose.js,C:\Users\Luis\Desktop\das4navy\node_modules\@babel\helpers\lib\helpers\objectWithoutPropertiesLoose.js,objectWithoutPropertiesLoose.js,.js,499,499.00 B,2026-06-06 16:54:22,node_modules,node_modules\@babel,5
node_modules\@babel\helpers\lib\helpers\objectWithoutPropertiesLoose.js.map,C:\Users\Luis\Desktop\das4navy\node_modules\@babel\helpers\lib\helpers\objectWithoutPropertiesLoose.js.map,objectWithoutPropertiesLoose.js.map,.map,1503,1.47 KB,2026-06-06 16:54:22,node_modules,node_modules\@babel,5
node_modules\@babel\helpers\lib\helpers\possibleConstructorReturn.js,C:\Users\Luis\Desktop\das4navy\node_modules\@babel\helpers\lib\helpers\possibleConstructorReturn.js,possibleConstructorReturn.js,.js,571,571.00 B,2026-06-06 16:54:22,node_modules,node_modules\@babel,5
node_modules\@babel\helpers\lib\helpers\possibleConstructorReturn.js.map,C:\Users\Luis\Desktop\das4navy\node_modules\@babel\helpers\lib\helpers\possibleConstructorReturn.js.map,possibleConstructorReturn.js.map,.map,1059,1.03 KB,2026-06-06 16:54:22,node_modules,node_modules\@babel,5
node_modules\@babel\helpers\lib\helpers\readOnlyError.js,C:\Users\Luis\Desktop\das4navy\node_modules\@babel\helpers\lib\helpers\readOnlyError.js,readOnlyError.js,.js,245,245.00 B,2026-06-06 16:54:22,node_modules,node_modules\@babel,5
node_modules\@babel\helpers\lib\helpers\readOnlyError.js.map,C:\Users\Luis\Desktop\das4navy\node_modules\@babel\helpers\lib\helpers\readOnlyError.js.map,readOnlyError.js.map,.map,414,414.00 B,2026-06-06 16:54:22,node_modules,node_modules\@babel,5
node_modules\@babel\helpers\lib\helpers\regenerator.js,C:\Users\Luis\Desktop\das4navy\node_modules\@babel\helpers\lib\helpers\regenerator.js,regenerator.js,.js,6165,6.02 KB,2026-06-06 16:54:22,node_modules,node_modules\@babel,5
node_modules\@babel\helpers\lib\helpers\regenerator.js.map,C:\Users\Luis\Desktop\das4navy\node_modules\@babel\helpers\lib\helpers\regenerator.js.map,regenerator.js.map,.map,19400,18.95 KB,2026-06-06 16:54:22,node_modules,node_modules\@babel,5
node_modules\@babel\helpers\lib\helpers\regeneratorAsync.js,C:\Users\Luis\Desktop\das4navy\node_modules\@babel\helpers\lib\helpers\regeneratorAsync.js,regeneratorAsync.js,.js,511,511.00 B,2026-06-06 16:54:22,node_modules,node_modules\@babel,5
node_modules\@babel\helpers\lib\helpers\regeneratorAsync.js.map,C:\Users\Luis\Desktop\das4navy\node_modules\@babel\helpers\lib\helpers\regeneratorAsync.js.map,regeneratorAsync.js.map,.map,1145,1.12 KB,2026-06-06 16:54:22,node_modules,node_modules\@babel,5
node_modules\@babel\helpers\lib\helpers\regeneratorAsyncGen.js,C:\Users\Luis\Desktop\das4navy\node_modules\@babel\helpers\lib\helpers\regeneratorAsyncGen.js,regeneratorAsyncGen.js,.js,515,515.00 B,2026-06-06 16:54:22,node_modules,node_modules\@babel,5
node_modules\@babel\helpers\lib\helpers\regeneratorAsyncGen.js.map,C:\Users\Luis\Desktop\das4navy\node_modules\@babel\helpers\lib\helpers\regeneratorAsyncGen.js.map,regeneratorAsyncGen.js.map,.map,1129,1.10 KB,2026-06-06 16:54:22,node_modules,node_modules\@babel,5
node_modules\@babel\helpers\lib\helpers\regeneratorAsyncIterator.js,C:\Users\Luis\Desktop\das4navy\node_modules\@babel\helpers\lib\helpers\regeneratorAsyncIterator.js,regeneratorAsyncIterator.js,.js,1720,1.68 KB,2026-06-06 16:54:22,node_modules,node_modules\@babel,5
node_modules\@babel\helpers\lib\helpers\regeneratorAsyncIterator.js.map,C:\Users\Luis\Desktop\das4navy\node_modules\@babel\helpers\lib\helpers\regeneratorAsyncIterator.js.map,regeneratorAsyncIterator.js.map,.map,5481,5.35 KB,2026-06-06 16:54:22,node_modules,node_modules\@babel,5
node_modules\@babel\helpers\lib\helpers\regeneratorDefine.js,C:\Users\Luis\Desktop\das4navy\node_modules\@babel\helpers\lib\helpers\regeneratorDefine.js,regeneratorDefine.js,.js,1001,1001.00 B,2026-06-06 16:54:22,node_modules,node_modules\@babel,5
node_modules\@babel\helpers\lib\helpers\regeneratorDefine.js.map,C:\Users\Luis\Desktop\das4navy\node_modules\@babel\helpers\lib\helpers\regeneratorDefine.js.map,regeneratorDefine.js.map,.map,2737,2.67 KB,2026-06-06 16:54:22,node_modules,node_modules\@babel,5
node_modules\@babel\helpers\lib\helpers\regeneratorKeys.js,C:\Users\Luis\Desktop\das4navy\node_modules\@babel\helpers\lib\helpers\regeneratorKeys.js,regeneratorKeys.js,.js,543,543.00 B,2026-06-06 16:54:22,node_modules,node_modules\@babel,5
node_modules\@babel\helpers\lib\helpers\regeneratorKeys.js.map,C:\Users\Luis\Desktop\das4navy\node_modules\@babel\helpers\lib\helpers\regeneratorKeys.js.map,regeneratorKeys.js.map,.map,1759,1.72 KB,2026-06-06 16:54:22,node_modules,node_modules\@babel,5
node_modules\@babel\helpers\lib\helpers\regeneratorRuntime.js,C:\Users\Luis\Desktop\das4navy\node_modules\@babel\helpers\lib\helpers\regeneratorRuntime.js,regeneratorRuntime.js,.js,3486,3.40 KB,2026-06-06 16:54:23,node_modules,node_modules\@babel,5
node_modules\@babel\helpers\lib\helpers\regeneratorRuntime.js.map,C:\Users\Luis\Desktop\das4navy\node_modules\@babel\helpers\lib\helpers\regeneratorRuntime.js.map,regeneratorRuntime.js.map,.map,8775,8.57 KB,2026-06-06 16:54:23,node_modules,node_modules\@babel,5
node_modules\@babel\helpers\lib\helpers\regeneratorValues.js,C:\Users\Luis\Desktop\das4navy\node_modules\@babel\helpers\lib\helpers\regeneratorValues.js,regeneratorValues.js,.js,842,842.00 B,2026-06-06 16:54:23,node_modules,node_modules\@babel,5
node_modules\@babel\helpers\lib\helpers\regeneratorValues.js.map,C:\Users\Luis\Desktop\das4navy\node_modules\@babel\helpers\lib\helpers\regeneratorValues.js.map,regeneratorValues.js.map,.map,1728,1.69 KB,2026-06-06 16:54:23,node_modules,node_modules\@babel,5
node_modules\@babel\helpers\lib\helpers\set.js,C:\Users\Luis\Desktop\das4navy\node_modules\@babel\helpers\lib\helpers\set.js,set.js,.js,1392,1.36 KB,2026-06-06 16:54:23,node_modules,node_modules\@babel,5
node_modules\@babel\helpers\lib\helpers\set.js.map,C:\Users\Luis\Desktop\das4navy\node_modules\@babel\helpers\lib\helpers\set.js.map,set.js.map,.map,3661,3.58 KB,2026-06-06 16:54:23,node_modules,node_modules\@babel,5
node_modules\@babel\helpers\lib\helpers\setFunctionName.js,C:\Users\Luis\Desktop\das4navy\node_modules\@babel\helpers\lib\helpers\setFunctionName.js,setFunctionName.js,.js,476,476.00 B,2026-06-06 16:54:23,node_modules,node_modules\@babel,5
node_modules\@babel\helpers\lib\helpers\setFunctionName.js.map,C:\Users\Luis\Desktop\das4navy\node_modules\@babel\helpers\lib\helpers\setFunctionName.js.map,setFunctionName.js.map,.map,1335,1.30 KB,2026-06-06 16:54:23,node_modules,node_modules\@babel,5
node_modules\@babel\helpers\lib\helpers\setPrototypeOf.js,C:\Users\Luis\Desktop\das4navy\node_modules\@babel\helpers\lib\helpers\setPrototypeOf.js,setPrototypeOf.js,.js,392,392.00 B,2026-06-06 16:54:23,node_modules,node_modules\@babel,5
node_modules\@babel\helpers\lib\helpers\setPrototypeOf.js.map,C:\Users\Luis\Desktop\das4navy\node_modules\@babel\helpers\lib\helpers\setPrototypeOf.js.map,setPrototypeOf.js.map,.map,977,977.00 B,2026-06-06 16:54:23,node_modules,node_modules\@babel,5
node_modules\@babel\helpers\lib\helpers\skipFirstGeneratorNext.js,C:\Users\Luis\Desktop\das4navy\node_modules\@babel\helpers\lib\helpers\skipFirstGeneratorNext.js,skipFirstGeneratorNext.js,.js,314,314.00 B,2026-06-06 16:54:23,node_modules,node_modules\@babel,5
node_modules\@babel\helpers\lib\helpers\skipFirstGeneratorNext.js.map,C:\Users\Luis\Desktop\das4navy\node_modules\@babel\helpers\lib\helpers\skipFirstGeneratorNext.js.map,skipFirstGeneratorNext.js.map,.map,576,576.00 B,2026-06-06 16:54:23,node_modules,node_modules\@babel,5
node_modules\@babel\helpers\lib\helpers\slicedToArray.js,C:\Users\Luis\Desktop\das4navy\node_modules\@babel\helpers\lib\helpers\slicedToArray.js,slicedToArray.js,.js,624,624.00 B,2026-06-06 16:54:23,node_modules,node_modules\@babel,5
node_modules\@babel\helpers\lib\helpers\slicedToArray.js.map,C:\Users\Luis\Desktop\das4navy\node_modules\@babel\helpers\lib\helpers\slicedToArray.js.map,slicedToArray.js.map,.map,1251,1.22 KB,2026-06-06 16:54:23,node_modules,node_modules\@babel,5
node_modules\@babel\helpers\lib\helpers\superPropBase.js,C:\Users\Luis\Desktop\das4navy\node_modules\@babel\helpers\lib\helpers\superPropBase.js,superPropBase.js,.js,429,429.00 B,2026-06-06 16:54:23,node_modules,node_modules\@babel,5
node_modules\@babel\helpers\lib\helpers\superPropBase.js.map,C:\Users\Luis\Desktop\das4navy\node_modules\@babel\helpers\lib\helpers\superPropBase.js.map,superPropBase.js.map,.map,930,930.00 B,2026-06-06 16:54:23,node_modules,node_modules\@babel,5
node_modules\@babel\helpers\lib\helpers\superPropGet.js,C:\Users\Luis\Desktop\das4navy\node_modules\@babel\helpers\lib\helpers\superPropGet.js,superPropGet.js,.js,558,558.00 B,2026-06-06 16:54:23,node_modules,node_modules\@babel,5
node_modules\@babel\helpers\lib\helpers\superPropGet.js.map,C:\Users\Luis\Desktop\das4navy\node_modules\@babel\helpers\lib\helpers\superPropGet.js.map,superPropGet.js.map,.map,1395,1.36 KB,2026-06-06 16:54:23,node_modules,node_modules\@babel,5
node_modules\@babel\helpers\lib\helpers\superPropSet.js,C:\Users\Luis\Desktop\das4navy\node_modules\@babel\helpers\lib\helpers\superPropSet.js,superPropSet.js,.js,464,464.00 B,2026-06-06 16:54:23,node_modules,node_modules\@babel,5
node_modules\@babel\helpers\lib\helpers\superPropSet.js.map,C:\Users\Luis\Desktop\das4navy\node_modules\@babel\helpers\lib\helpers\superPropSet.js.map,superPropSet.js.map,.map,971,971.00 B,2026-06-06 16:54:23,node_modules,node_modules\@babel,5
node_modules\@babel\helpers\lib\helpers\taggedTemplateLiteral.js,C:\Users\Luis\Desktop\das4navy\node_modules\@babel\helpers\lib\helpers\taggedTemplateLiteral.js,taggedTemplateLiteral.js,.js,383,383.00 B,2026-06-06 16:54:23,node_modules,node_modules\@babel,5
node_modules\@babel\helpers\lib\helpers\taggedTemplateLiteral.js.map,C:\Users\Luis\Desktop\das4navy\node_modules\@babel\helpers\lib\helpers\taggedTemplateLiteral.js.map,taggedTemplateLiteral.js.map,.map,896,896.00 B,2026-06-06 16:54:23,node_modules,node_modules\@babel,5
node_modules\@babel\helpers\lib\helpers\taggedTemplateLiteralLoose.js,C:\Users\Luis\Desktop\das4navy\node_modules\@babel\helpers\lib\helpers\taggedTemplateLiteralLoose.js,taggedTemplateLiteralLoose.js,.js,323,323.00 B,2026-06-06 16:54:23,node_modules,node_modules\@babel,5
node_modules\@babel\helpers\lib\helpers\taggedTemplateLiteralLoose.js.map,C:\Users\Luis\Desktop\das4navy\node_modules\@babel\helpers\lib\helpers\taggedTemplateLiteralLoose.js.map,taggedTemplateLiteralLoose.js.map,.map,783,783.00 B,2026-06-06 16:54:23,node_modules,node_modules\@babel,5
node_modules\@babel\helpers\lib\helpers\tdz.js,C:\Users\Luis\Desktop\das4navy\node_modules\@babel\helpers\lib\helpers\tdz.js,tdz.js,.js,246,246.00 B,2026-06-06 16:54:23,node_modules,node_modules\@babel,5
node_modules\@babel\helpers\lib\helpers\tdz.js.map,C:\Users\Luis\Desktop\das4navy\node_modules\@babel\helpers\lib\helpers\tdz.js.map,tdz.js.map,.map,410,410.00 B,2026-06-06 16:54:23,node_modules,node_modules\@babel,5
node_modules\@babel\helpers\lib\helpers\temporalRef.js,C:\Users\Luis\Desktop\das4navy\node_modules\@babel\helpers\lib\helpers\temporalRef.js,temporalRef.js,.js,359,359.00 B,2026-06-06 16:54:23,node_modules,node_modules\@babel,5
node_modules\@babel\helpers\lib\helpers\temporalRef.js.map,C:\Users\Luis\Desktop\das4navy\node_modules\@babel\helpers\lib\helpers\temporalRef.js.map,temporalRef.js.map,.map,609,609.00 B,2026-06-06 16:54:23,node_modules,node_modules\@babel,5
node_modules\@babel\helpers\lib\helpers\temporalUndefined.js,C:\Users\Luis\Desktop\das4navy\node_modules\@babel\helpers\lib\helpers\temporalUndefined.js,temporalUndefined.js,.js,198,198.00 B,2026-06-06 16:54:23,node_modules,node_modules\@babel,5
node_modules\@babel\helpers\lib\helpers\temporalUndefined.js.map,C:\Users\Luis\Desktop\das4navy\node_modules\@babel\helpers\lib\helpers\temporalUndefined.js.map,temporalUndefined.js.map,.map,422,422.00 B,2026-06-06 16:54:23,node_modules,node_modules\@babel,5
node_modules\@babel\helpers\lib\helpers\toArray.js,C:\Users\Luis\Desktop\das4navy\node_modules\@babel\helpers\lib\helpers\toArray.js,toArray.js,.js,582,582.00 B,2026-06-06 16:54:23,node_modules,node_modules\@babel,5
node_modules\@babel\helpers\lib\helpers\toArray.js.map,C:\Users\Luis\Desktop\das4navy\node_modules\@babel\helpers\lib\helpers\toArray.js.map,toArray.js.map,.map,1153,1.13 KB,2026-06-06 16:54:23,node_modules,node_modules\@babel,5
node_modules\@babel\helpers\lib\helpers\toConsumableArray.js,C:\Users\Luis\Desktop\das4navy\node_modules\@babel\helpers\lib\helpers\toConsumableArray.js,toConsumableArray.js,.js,627,627.00 B,2026-06-06 16:54:23,node_modules,node_modules\@babel,5
node_modules\@babel\helpers\lib\helpers\toConsumableArray.js.map,C:\Users\Luis\Desktop\das4navy\node_modules\@babel\helpers\lib\helpers\toConsumableArray.js.map,toConsumableArray.js.map,.map,1215,1.19 KB,2026-06-06 16:54:23,node_modules,node_modules\@babel,5
node_modules\@babel\helpers\lib\helpers\toPrimitive.js,C:\Users\Luis\Desktop\das4navy\node_modules\@babel\helpers\lib\helpers\toPrimitive.js,toPrimitive.js,.js,543,543.00 B,2026-06-06 16:54:23,node_modules,node_modules\@babel,5
node_modules\@babel\helpers\lib\helpers\toPrimitive.js.map,C:\Users\Luis\Desktop\das4navy\node_modules\@babel\helpers\lib\helpers\toPrimitive.js.map,toPrimitive.js.map,.map,1287,1.26 KB,2026-06-06 16:54:23,node_modules,node_modules\@babel,5
node_modules\@babel\helpers\lib\helpers\toPropertyKey.js,C:\Users\Luis\Desktop\das4navy\node_modules\@babel\helpers\lib\helpers\toPropertyKey.js,toPropertyKey.js,.js,344,344.00 B,2026-06-06 16:54:23,node_modules,node_modules\@babel,5
node_modules\@babel\helpers\lib\helpers\toPropertyKey.js.map,C:\Users\Luis\Desktop\das4navy\node_modules\@babel\helpers\lib\helpers\toPropertyKey.js.map,toPropertyKey.js.map,.map,684,684.00 B,2026-06-06 16:54:23,node_modules,node_modules\@babel,5
node_modules\@babel\helpers\lib\helpers\toSetter.js,C:\Users\Luis\Desktop\das4navy\node_modules\@babel\helpers\lib\helpers\toSetter.js,toSetter.js,.js,366,366.00 B,2026-06-06 16:54:23,node_modules,node_modules\@babel,5
node_modules\@babel\helpers\lib\helpers\toSetter.js.map,C:\Users\Luis\Desktop\das4navy\node_modules\@babel\helpers\lib\helpers\toSetter.js.map,toSetter.js.map,.map,865,865.00 B,2026-06-06 16:54:23,node_modules,node_modules\@babel,5
node_modules\@babel\helpers\lib\helpers\tsRewriteRelativeImportExtensions.js,C:\Users\Luis\Desktop\das4navy\node_modules\@babel\helpers\lib\helpers\tsRewriteRelativeImportExtensions.js,tsRewriteRelativeImportExtensions.js,.js,571,571.00 B,2026-06-06 16:54:23,node_modules,node_modules\@babel,5
node_modules\@babel\helpers\lib\helpers\tsRewriteRelativeImportExtensions.js.map,C:\Users\Luis\Desktop\das4navy\node_modules\@babel\helpers\lib\helpers\tsRewriteRelativeImportExtensions.js.map,tsRewriteRelativeImportExtensions.js.map,.map,1419,1.39 KB,2026-06-06 16:54:23,node_modules,node_modules\@babel,5
node_modules\@babel\helpers\lib\helpers\typeof.js,C:\Users\Luis\Desktop\das4navy\node_modules\@babel\helpers\lib\helpers\typeof.js,typeof.js,.js,583,583.00 B,2026-06-06 16:54:23,node_modules,node_modules\@babel,5
node_modules\@babel\helpers\lib\helpers\typeof.js.map,C:\Users\Luis\Desktop\das4navy\node_modules\@babel\helpers\lib\helpers\typeof.js.map,typeof.js.map,.map,1495,1.46 KB,2026-06-06 16:54:23,node_modules,node_modules\@babel,5
node_modules\@babel\helpers\lib\helpers\unsupportedIterableToArray.js,C:\Users\Luis\Desktop\das4navy\node_modules\@babel\helpers\lib\helpers\unsupportedIterableToArray.js,unsupportedIterableToArray.js,.js,727,727.00 B,2026-06-06 16:54:23,node_modules,node_modules\@babel,5
node_modules\@babel\helpers\lib\helpers\unsupportedIterableToArray.js.map,C:\Users\Luis\Desktop\das4navy\node_modules\@babel\helpers\lib\helpers\unsupportedIterableToArray.js.map,unsupportedIterableToArray.js.map,.map,2209,2.16 KB,2026-06-06 16:54:23,node_modules,node_modules\@babel,5
node_modules\@babel\helpers\lib\helpers\using.js,C:\Users\Luis\Desktop\das4navy\node_modules\@babel\helpers\lib\helpers\using.js,using.js,.js,809,809.00 B,2026-06-06 16:54:23,node_modules,node_modules\@babel,5
node_modules\@babel\helpers\lib\helpers\using.js.map,C:\Users\Luis\Desktop\das4navy\node_modules\@babel\helpers\lib\helpers\using.js.map,using.js.map,.map,1764,1.72 KB,2026-06-06 16:54:23,node_modules,node_modules\@babel,5
node_modules\@babel\helpers\lib\helpers\usingCtx.js,C:\Users\Luis\Desktop\das4navy\node_modules\@babel\helpers\lib\helpers\usingCtx.js,usingCtx.js,.js,2697,2.63 KB,2026-06-06 16:54:23,node_modules,node_modules\@babel,5
node_modules\@babel\helpers\lib\helpers\usingCtx.js.map,C:\Users\Luis\Desktop\das4navy\node_modules\@babel\helpers\lib\helpers\usingCtx.js.map,usingCtx.js.map,.map,8036,7.85 KB,2026-06-06 16:54:23,node_modules,node_modules\@babel,5
node_modules\@babel\helpers\lib\helpers\wrapAsyncGenerator.js,C:\Users\Luis\Desktop\das4navy\node_modules\@babel\helpers\lib\helpers\wrapAsyncGenerator.js,wrapAsyncGenerator.js,.js,2219,2.17 KB,2026-06-06 16:54:23,node_modules,node_modules\@babel,5
node_modules\@babel\helpers\lib\helpers\wrapAsyncGenerator.js.map,C:\Users\Luis\Desktop\das4navy\node_modules\@babel\helpers\lib\helpers\wrapAsyncGenerator.js.map,wrapAsyncGenerator.js.map,.map,8505,8.31 KB,2026-06-06 16:54:23,node_modules,node_modules\@babel,5
node_modules\@babel\helpers\lib\helpers\wrapNativeSuper.js,C:\Users\Luis\Desktop\das4navy\node_modules\@babel\helpers\lib\helpers\wrapNativeSuper.js,wrapNativeSuper.js,.js,1308,1.28 KB,2026-06-06 16:54:23,node_modules,node_modules\@babel,5
node_modules\@babel\helpers\lib\helpers\wrapNativeSuper.js.map,C:\Users\Luis\Desktop\das4navy\node_modules\@babel\helpers\lib\helpers\wrapNativeSuper.js.map,wrapNativeSuper.js.map,.map,2956,2.89 KB,2026-06-06 16:54:23,node_modules,node_modules\@babel,5
node_modules\@babel\helpers\lib\helpers\wrapRegExp.js,C:\Users\Luis\Desktop\das4navy\node_modules\@babel\helpers\lib\helpers\wrapRegExp.js,wrapRegExp.js,.js,2450,2.39 KB,2026-06-06 16:54:23,node_modules,node_modules\@babel,5
node_modules\@babel\helpers\lib\helpers\wrapRegExp.js.map,C:\Users\Luis\Desktop\das4navy\node_modules\@babel\helpers\lib\helpers\wrapRegExp.js.map,wrapRegExp.js.map,.map,7669,7.49 KB,2026-06-06 16:54:23,node_modules,node_modules\@babel,5
node_modules\@babel\helpers\lib\helpers\writeOnlyError.js,C:\Users\Luis\Desktop\das4navy\node_modules\@babel\helpers\lib\helpers\writeOnlyError.js,writeOnlyError.js,.js,249,249.00 B,2026-06-06 16:54:23,node_modules,node_modules\@babel,5
node_modules\@babel\helpers\lib\helpers\writeOnlyError.js.map,C:\Users\Luis\Desktop\das4navy\node_modules\@babel\helpers\lib\helpers\writeOnlyError.js.map,writeOnlyError.js.map,.map,413,413.00 B,2026-06-06 16:54:23,node_modules,node_modules\@babel,5
node_modules\@babel\helpers\lib\index.js,C:\Users\Luis\Desktop\das4navy\node_modules\@babel\helpers\lib\index.js,index.js,.js,3631,3.55 KB,2026-06-06 16:54:23,node_modules,node_modules\@babel,4
node_modules\@babel\helpers\lib\index.js.map,C:\Users\Luis\Desktop\das4navy\node_modules\@babel\helpers\lib\index.js.map,index.js.map,.map,9526,9.30 KB,2026-06-06 16:54:23,node_modules,node_modules\@babel,4
node_modules\@babel\helpers\package.json,C:\Users\Luis\Desktop\das4navy\node_modules\@babel\helpers\package.json,package.json,.json,813,813.00 B,2026-06-06 16:54:23,node_modules,node_modules\@babel,3
node_modules\@babel\parser\CHANGELOG.md,C:\Users\Luis\Desktop\das4navy\node_modules\@babel\parser\CHANGELOG.md,CHANGELOG.md,.md,38238,37.34 KB,2026-06-06 16:54:21,node_modules,node_modules\@babel,3
node_modules\@babel\parser\LICENSE,C:\Users\Luis\Desktop\das4navy\node_modules\@babel\parser\LICENSE,LICENSE,[no_ext],1086,1.06 KB,2026-06-06 16:54:21,node_modules,node_modules\@babel,3
node_modules\@babel\parser\README.md,C:\Users\Luis\Desktop\das4navy\node_modules\@babel\parser\README.md,README.md,.md,412,412.00 B,2026-06-06 16:54:21,node_modules,node_modules\@babel,3
node_modules\@babel\parser\bin\babel-parser.js,C:\Users\Luis\Desktop\das4navy\node_modules\@babel\parser\bin\babel-parser.js,babel-parser.js,.js,363,363.00 B,2026-06-06 16:54:21,node_modules,node_modules\@babel,4
node_modules\@babel\parser\lib\index.js,C:\Users\Luis\Desktop\das4navy\node_modules\@babel\parser\lib\index.js,index.js,.js,512666,500.65 KB,2026-06-06 16:54:21,node_modules,node_modules\@babel,4
node_modules\@babel\parser\lib\index.js.map,C:\Users\Luis\Desktop\das4navy\node_modules\@babel\parser\lib\index.js.map,index.js.map,.map,1434020,1.37 MB,2026-06-06 16:54:22,node_modules,node_modules\@babel,4
node_modules\@babel\parser\package.json,C:\Users\Luis\Desktop\das4navy\node_modules\@babel\parser\package.json,package.json,.json,1382,1.35 KB,2026-06-06 16:54:22,node_modules,node_modules\@babel,3
node_modules\@babel\parser\typings\babel-parser.d.ts,C:\Users\Luis\Desktop\das4navy\node_modules\@babel\parser\typings\babel-parser.d.ts,babel-parser.d.ts,.ts,9317,9.10 KB,2026-06-06 16:54:22,node_modules,node_modules\@babel,4
node_modules\@babel\template\LICENSE,C:\Users\Luis\Desktop\das4navy\node_modules\@babel\template\LICENSE,LICENSE,[no_ext],1106,1.08 KB,2026-06-06 16:54:21,node_modules,node_modules\@babel,3
node_modules\@babel\template\README.md,C:\Users\Luis\Desktop\das4navy\node_modules\@babel\template\README.md,README.md,.md,444,444.00 B,2026-06-06 16:54:21,node_modules,node_modules\@babel,3
node_modules\@babel\template\lib\builder.js,C:\Users\Luis\Desktop\das4navy\node_modules\@babel\template\lib\builder.js,builder.js,.js,2467,2.41 KB,2026-06-06 16:54:21,node_modules,node_modules\@babel,4
node_modules\@babel\template\lib\builder.js.map,C:\Users\Luis\Desktop\das4navy\node_modules\@babel\template\lib\builder.js.map,builder.js.map,.map,7611,7.43 KB,2026-06-06 16:54:21,node_modules,node_modules\@babel,4
node_modules\@babel\template\lib\formatters.js,C:\Users\Luis\Desktop\das4navy\node_modules\@babel\template\lib\formatters.js,formatters.js,.js,1562,1.53 KB,2026-06-06 16:54:21,node_modules,node_modules\@babel,4
node_modules\@babel\template\lib\formatters.js.map,C:\Users\Luis\Desktop\das4navy\node_modules\@babel\template\lib\formatters.js.map,formatters.js.map,.map,3990,3.90 KB,2026-06-06 16:54:21,node_modules,node_modules\@babel,4
node_modules\@babel\template\lib\index.js,C:\Users\Luis\Desktop\das4navy\node_modules\@babel\template\lib\index.js,index.js,.js,879,879.00 B,2026-06-06 16:54:21,node_modules,node_modules\@babel,4
node_modules\@babel\template\lib\index.js.map,C:\Users\Luis\Desktop\das4navy\node_modules\@babel\template\lib\index.js.map,index.js.map,.map,1914,1.87 KB,2026-06-06 16:54:21,node_modules,node_modules\@babel,4
node_modules\@babel\template\lib\literal.js,C:\Users\Luis\Desktop\das4navy\node_modules\@babel\template\lib\literal.js,literal.js,.js,1957,1.91 KB,2026-06-06 16:54:21,node_modules,node_modules\@babel,4
node_modules\@babel\template\lib\literal.js.map,C:\Users\Luis\Desktop\das4navy\node_modules\@babel\template\lib\literal.js.map,literal.js.map,.map,5434,5.31 KB,2026-06-06 16:54:21,node_modules,node_modules\@babel,4
node_modules\@babel\template\lib\options.js,C:\Users\Luis\Desktop\das4navy\node_modules\@babel\template\lib\options.js,options.js,.js,2990,2.92 KB,2026-06-06 16:54:21,node_modules,node_modules\@babel,4
node_modules\@babel\template\lib\options.js.map,C:\Users\Luis\Desktop\das4navy\node_modules\@babel\template\lib\options.js.map,options.js.map,.map,6978,6.81 KB,2026-06-06 16:54:21,node_modules,node_modules\@babel,4
node_modules\@babel\template\lib\parse.js,C:\Users\Luis\Desktop\das4navy\node_modules\@babel\template\lib\parse.js,parse.js,.js,4599,4.49 KB,2026-06-06 16:54:21,node_modules,node_modules\@babel,4
node_modules\@babel\template\lib\parse.js.map,C:\Users\Luis\Desktop\das4navy\node_modules\@babel\template\lib\parse.js.map,parse.js.map,.map,11512,11.24 KB,2026-06-06 16:54:21,node_modules,node_modules\@babel,4
node_modules\@babel\template\lib\populate.js,C:\Users\Luis\Desktop\das4navy\node_modules\@babel\template\lib\populate.js,populate.js,.js,4397,4.29 KB,2026-06-06 16:54:21,node_modules,node_modules\@babel,4
node_modules\@babel\template\lib\populate.js.map,C:\Users\Luis\Desktop\das4navy\node_modules\@babel\template\lib\populate.js.map,populate.js.map,.map,9920,9.69 KB,2026-06-06 16:54:21,node_modules,node_modules\@babel,4
node_modules\@babel\template\lib\string.js,C:\Users\Luis\Desktop\das4navy\node_modules\@babel\template\lib\string.js,string.js,.js,607,607.00 B,2026-06-06 16:54:22,node_modules,node_modules\@babel,4
node_modules\@babel\template\lib\string.js.map,C:\Users\Luis\Desktop\das4navy\node_modules\@babel\template\lib\string.js.map,string.js.map,.map,1540,1.50 KB,2026-06-06 16:54:22,node_modules,node_modules\@babel,4
node_modules\@babel\template\package.json,C:\Users\Luis\Desktop\das4navy\node_modules\@babel\template\package.json,package.json,.json,771,771.00 B,2026-06-06 16:54:22,node_modules,node_modules\@babel,3
node_modules\@babel\traverse\LICENSE,C:\Users\Luis\Desktop\das4navy\node_modules\@babel\traverse\LICENSE,LICENSE,[no_ext],1106,1.08 KB,2026-06-06 16:54:21,node_modules,node_modules\@babel,3
node_modules\@babel\traverse\README.md,C:\Users\Luis\Desktop\das4navy\node_modules\@babel\traverse\README.md,README.md,.md,525,525.00 B,2026-06-06 16:54:21,node_modules,node_modules\@babel,3
node_modules\@babel\traverse\lib\cache.js,C:\Users\Luis\Desktop\das4navy\node_modules\@babel\traverse\lib\cache.js,cache.js,.js,895,895.00 B,2026-06-06 16:54:21,node_modules,node_modules\@babel,4
node_modules\@babel\traverse\lib\cache.js.map,C:\Users\Luis\Desktop\das4navy\node_modules\@babel\traverse\lib\cache.js.map,cache.js.map,.map,2039,1.99 KB,2026-06-06 16:54:21,node_modules,node_modules\@babel,4
node_modules\@babel\traverse\lib\context.js,C:\Users\Luis\Desktop\das4navy\node_modules\@babel\traverse\lib\context.js,context.js,.js,3238,3.16 KB,2026-06-06 16:54:21,node_modules,node_modules\@babel,4
node_modules\@babel\traverse\lib\context.js.map,C:\Users\Luis\Desktop\das4navy\node_modules\@babel\traverse\lib\context.js.map,context.js.map,.map,9869,9.64 KB,2026-06-06 16:54:21,node_modules,node_modules\@babel,4
node_modules\@babel\traverse\lib\hub.js,C:\Users\Luis\Desktop\das4navy\node_modules\@babel\traverse\lib\hub.js,hub.js,.js,373,373.00 B,2026-06-06 16:54:21,node_modules,node_modules\@babel,4
node_modules\@babel\traverse\lib\hub.js.map,C:\Users\Luis\Desktop\das4navy\node_modules\@babel\traverse\lib\hub.js.map,hub.js.map,.map,1142,1.12 KB,2026-06-06 16:54:21,node_modules,node_modules\@babel,4
node_modules\@babel\traverse\lib\index.js,C:\Users\Luis\Desktop\das4navy\node_modules\@babel\traverse\lib\index.js,index.js,.js,2629,2.57 KB,2026-06-06 16:54:21,node_modules,node_modules\@babel,4
node_modules\@babel\traverse\lib\index.js.map,C:\Users\Luis\Desktop\das4navy\node_modules\@babel\traverse\lib\index.js.map,index.js.map,.map,6757,6.60 KB,2026-06-06 16:54:21,node_modules,node_modules\@babel,4
node_modules\@babel\traverse\lib\path\ancestry.js,C:\Users\Luis\Desktop\das4navy\node_modules\@babel\traverse\lib\path\ancestry.js,ancestry.js,.js,3624,3.54 KB,2026-06-06 16:54:21,node_modules,node_modules\@babel,5
node_modules\@babel\traverse\lib\path\ancestry.js.map,C:\Users\Luis\Desktop\das4navy\node_modules\@babel\traverse\lib\path\ancestry.js.map,ancestry.js.map,.map,10614,10.37 KB,2026-06-06 16:54:21,node_modules,node_modules\@babel,5
node_modules\@babel\traverse\lib\path\comments.js,C:\Users\Luis\Desktop\das4navy\node_modules\@babel\traverse\lib\path\comments.js,comments.js,.js,1558,1.52 KB,2026-06-06 16:54:21,node_modules,node_modules\@babel,5
node_modules\@babel\traverse\lib\path\comments.js.map,C:\Users\Luis\Desktop\das4navy\node_modules\@babel\traverse\lib\path\comments.js.map,comments.js.map,.map,3985,3.89 KB,2026-06-06 16:54:21,node_modules,node_modules\@babel,5
node_modules\@babel\traverse\lib\path\context.js,C:\Users\Luis\Desktop\das4navy\node_modules\@babel\traverse\lib\path\context.js,context.js,.js,7315,7.14 KB,2026-06-06 16:54:21,node_modules,node_modules\@babel,5
node_modules\@babel\traverse\lib\path\context.js.map,C:\Users\Luis\Desktop\das4navy\node_modules\@babel\traverse\lib\path\context.js.map,context.js.map,.map,18979,18.53 KB,2026-06-06 16:54:22,node_modules,node_modules\@babel,5
node_modules\@babel\traverse\lib\path\conversion.js,C:\Users\Luis\Desktop\das4navy\node_modules\@babel\traverse\lib\path\conversion.js,conversion.js,.js,21547,21.04 KB,2026-06-06 16:54:22,node_modules,node_modules\@babel,5
node_modules\@babel\traverse\lib\path\conversion.js.map,C:\Users\Luis\Desktop\das4navy\node_modules\@babel\traverse\lib\path\conversion.js.map,conversion.js.map,.map,59770,58.37 KB,2026-06-06 16:54:22,node_modules,node_modules\@babel,5
node_modules\@babel\traverse\lib\path\evaluation.js,C:\Users\Luis\Desktop\das4navy\node_modules\@babel\traverse\lib\path\evaluation.js,evaluation.js,.js,11046,10.79 KB,2026-06-06 16:54:22,node_modules,node_modules\@babel,5
node_modules\@babel\traverse\lib\path\evaluation.js.map,C:\Users\Luis\Desktop\das4navy\node_modules\@babel\traverse\lib\path\evaluation.js.map,evaluation.js.map,.map,30469,29.75 KB,2026-06-06 16:54:22,node_modules,node_modules\@babel,5
node_modules\@babel\traverse\lib\path\family.js,C:\Users\Luis\Desktop\das4navy\node_modules\@babel\traverse\lib\path\family.js,family.js,.js,10646,10.40 KB,2026-06-06 16:54:22,node_modules,node_modules\@babel,5
node_modules\@babel\traverse\lib\path\family.js.map,C:\Users\Luis\Desktop\das4navy\node_modules\@babel\traverse\lib\path\family.js.map,family.js.map,.map,32612,31.85 KB,2026-06-06 16:54:22,node_modules,node_modules\@babel,5
node_modules\@babel\traverse\lib\path\index.js,C:\Users\Luis\Desktop\das4navy\node_modules\@babel\traverse\lib\path\index.js,index.js,.js,11179,10.92 KB,2026-06-06 16:54:22,node_modules,node_modules\@babel,5
node_modules\@babel\traverse\lib\path\index.js.map,C:\Users\Luis\Desktop\das4navy\node_modules\@babel\traverse\lib\path\index.js.map,index.js.map,.map,30505,29.79 KB,2026-06-06 16:54:22,node_modules,node_modules\@babel,5
node_modules\@babel\traverse\lib\path\inference\index.js,C:\Users\Luis\Desktop\das4navy\node_modules\@babel\traverse\lib\path\inference\index.js,index.js,.js,4270,4.17 KB,2026-06-06 16:54:22,node_modules,node_modules\@babel,6
node_modules\@babel\traverse\lib\path\inference\index.js.map,C:\Users\Luis\Desktop\das4navy\node_modules\@babel\traverse\lib\path\inference\index.js.map,index.js.map,.map,10333,10.09 KB,2026-06-06 16:54:22,node_modules,node_modules\@babel,6
node_modules\@babel\traverse\lib\path\inference\inferer-reference.js,C:\Users\Luis\Desktop\das4navy\node_modules\@babel\traverse\lib\path\inference\inferer-reference.js,inferer-reference.js,.js,4597,4.49 KB,2026-06-06 16:54:22,node_modules,node_modules\@babel,6
node_modules\@babel\traverse\lib\path\inference\inferer-reference.js.map,C:\Users\Luis\Desktop\das4navy\node_modules\@babel\traverse\lib\path\inference\inferer-reference.js.map,inferer-reference.js.map,.map,13431,13.12 KB,2026-06-06 16:54:22,node_modules,node_modules\@babel,6
node_modules\@babel\traverse\lib\path\inference\inferers.js,C:\Users\Luis\Desktop\das4navy\node_modules\@babel\traverse\lib\path\inference\inferers.js,inferers.js,.js,6636,6.48 KB,2026-06-06 16:54:22,node_modules,node_modules\@babel,6
node_modules\@babel\traverse\lib\path\inference\inferers.js.map,C:\Users\Luis\Desktop\das4navy\node_modules\@babel\traverse\lib\path\inference\inferers.js.map,inferers.js.map,.map,13618,13.30 KB,2026-06-06 16:54:22,node_modules,node_modules\@babel,6
node_modules\@babel\traverse\lib\path\inference\util.js,C:\Users\Luis\Desktop\das4navy\node_modules\@babel\traverse\lib\path\inference\util.js,util.js,.js,629,629.00 B,2026-06-06 16:54:22,node_modules,node_modules\@babel,6
node_modules\@babel\traverse\lib\path\inference\util.js.map,C:\Users\Luis\Desktop\das4navy\node_modules\@babel\traverse\lib\path\inference\util.js.map,util.js.map,.map,1614,1.58 KB,2026-06-06 16:54:22,node_modules,node_modules\@babel,6
node_modules\@babel\traverse\lib\path\introspection.js,C:\Users\Luis\Desktop\das4navy\node_modules\@babel\traverse\lib\path\introspection.js,introspection.js,.js,12883,12.58 KB,2026-06-06 16:54:22,node_modules,node_modules\@babel,5
node_modules\@babel\traverse\lib\path\introspection.js.map,C:\Users\Luis\Desktop\das4navy\node_modules\@babel\traverse\lib\path\introspection.js.map,introspection.js.map,.map,36484,35.63 KB,2026-06-06 16:54:22,node_modules,node_modules\@babel,5
node_modules\@babel\traverse\lib\path\lib\hoister.js,C:\Users\Luis\Desktop\das4navy\node_modules\@babel\traverse\lib\path\lib\hoister.js,hoister.js,.js,5409,5.28 KB,2026-06-06 16:54:22,node_modules,node_modules\@babel,6
node_modules\@babel\traverse\lib\path\lib\hoister.js.map,C:\Users\Luis\Desktop\das4navy\node_modules\@babel\traverse\lib\path\lib\hoister.js.map,hoister.js.map,.map,16580,16.19 KB,2026-06-06 16:54:22,node_modules,node_modules\@babel,6
node_modules\@babel\traverse\lib\path\lib\removal-hooks.js,C:\Users\Luis\Desktop\das4navy\node_modules\@babel\traverse\lib\path\lib\removal-hooks.js,removal-hooks.js,.js,1340,1.31 KB,2026-06-06 16:54:22,node_modules,node_modules\@babel,6
node_modules\@babel\traverse\lib\path\lib\removal-hooks.js.map,C:\Users\Luis\Desktop\das4navy\node_modules\@babel\traverse\lib\path\lib\removal-hooks.js.map,removal-hooks.js.map,.map,4781,4.67 KB,2026-06-06 16:54:22,node_modules,node_modules\@babel,6
node_modules\@babel\traverse\lib\path\lib\virtual-types-validator.js,C:\Users\Luis\Desktop\das4navy\node_modules\@babel\traverse\lib\path\lib\virtual-types-validator.js,virtual-types-validator.js,.js,4433,4.33 KB,2026-06-06 16:54:22,node_modules,node_modules\@babel,6
node_modules\@babel\traverse\lib\path\lib\virtual-types-validator.js.map,C:\Users\Luis\Desktop\das4navy\node_modules\@babel\traverse\lib\path\lib\virtual-types-validator.js.map,virtual-types-validator.js.map,.map,11783,11.51 KB,2026-06-06 16:54:22,node_modules,node_modules\@babel,6
node_modules\@babel\traverse\lib\path\lib\virtual-types.js,C:\Users\Luis\Desktop\das4navy\node_modules\@babel\traverse\lib\path\lib\virtual-types.js,virtual-types.js,.js,1786,1.74 KB,2026-06-06 16:54:22,node_modules,node_modules\@babel,6
node_modules\@babel\traverse\lib\path\lib\virtual-types.js.map,C:\Users\Luis\Desktop\das4navy\node_modules\@babel\traverse\lib\path\lib\virtual-types.js.map,virtual-types.js.map,.map,4101,4.00 KB,2026-06-06 16:54:22,node_modules,node_modules\@babel,6
node_modules\@babel\traverse\lib\path\modification.js,C:\Users\Luis\Desktop\das4navy\node_modules\@babel\traverse\lib\path\modification.js,modification.js,.js,8178,7.99 KB,2026-06-06 16:54:22,node_modules,node_modules\@babel,5
node_modules\@babel\traverse\lib\path\modification.js.map,C:\Users\Luis\Desktop\das4navy\node_modules\@babel\traverse\lib\path\modification.js.map,modification.js.map,.map,24018,23.46 KB,2026-06-06 16:54:22,node_modules,node_modules\@babel,5
node_modules\@babel\traverse\lib\path\removal.js,C:\Users\Luis\Desktop\das4navy\node_modules\@babel\traverse\lib\path\removal.js,removal.js,.js,1987,1.94 KB,2026-06-06 16:54:22,node_modules,node_modules\@babel,5
node_modules\@babel\traverse\lib\path\removal.js.map,C:\Users\Luis\Desktop\das4navy\node_modules\@babel\traverse\lib\path\removal.js.map,removal.js.map,.map,4390,4.29 KB,2026-06-06 16:54:22,node_modules,node_modules\@babel,5
node_modules\@babel\traverse\lib\path\replacement.js,C:\Users\Luis\Desktop\das4navy\node_modules\@babel\traverse\lib\path\replacement.js,replacement.js,.js,9232,9.02 KB,2026-06-06 16:54:22,node_modules,node_modules\@babel,5
node_modules\@babel\traverse\lib\path\replacement.js.map,C:\Users\Luis\Desktop\das4navy\node_modules\@babel\traverse\lib\path\replacement.js.map,replacement.js.map,.map,24136,23.57 KB,2026-06-06 16:54:22,node_modules,node_modules\@babel,5
node_modules\@babel\traverse\lib\scope\binding.js,C:\Users\Luis\Desktop\das4navy\node_modules\@babel\traverse\lib\scope\binding.js,binding.js,.js,1914,1.87 KB,2026-06-06 16:54:22,node_modules,node_modules\@babel,5
node_modules\@babel\traverse\lib\scope\binding.js.map,C:\Users\Luis\Desktop\das4navy\node_modules\@babel\traverse\lib\scope\binding.js.map,binding.js.map,.map,5747,5.61 KB,2026-06-06 16:54:22,node_modules,node_modules\@babel,5
node_modules\@babel\traverse\lib\scope\index.js,C:\Users\Luis\Desktop\das4navy\node_modules\@babel\traverse\lib\scope\index.js,index.js,.js,31463,30.73 KB,2026-06-06 16:54:22,node_modules,node_modules\@babel,5
node_modules\@babel\traverse\lib\scope\index.js.map,C:\Users\Luis\Desktop\das4navy\node_modules\@babel\traverse\lib\scope\index.js.map,index.js.map,.map,87418,85.37 KB,2026-06-06 16:54:22,node_modules,node_modules\@babel,5
node_modules\@babel\traverse\lib\scope\lib\renamer.js,C:\Users\Luis\Desktop\das4navy\node_modules\@babel\traverse\lib\scope\lib\renamer.js,renamer.js,.js,3849,3.76 KB,2026-06-06 16:54:22,node_modules,node_modules\@babel,6
node_modules\@babel\traverse\lib\scope\lib\renamer.js.map,C:\Users\Luis\Desktop\das4navy\node_modules\@babel\traverse\lib\scope\lib\renamer.js.map,renamer.js.map,.map,11421,11.15 KB,2026-06-06 16:54:22,node_modules,node_modules\@babel,6
node_modules\@babel\traverse\lib\scope\traverseForScope.js,C:\Users\Luis\Desktop\das4navy\node_modules\@babel\traverse\lib\scope\traverseForScope.js,traverseForScope.js,.js,1813,1.77 KB,2026-06-06 16:54:22,node_modules,node_modules\@babel,5
node_modules\@babel\traverse\lib\scope\traverseForScope.js.map,C:\Users\Luis\Desktop\das4navy\node_modules\@babel\traverse\lib\scope\traverseForScope.js.map,traverseForScope.js.map,.map,4494,4.39 KB,2026-06-06 16:54:22,node_modules,node_modules\@babel,5
node_modules\@babel\traverse\lib\traverse-node.js,C:\Users\Luis\Desktop\das4navy\node_modules\@babel\traverse\lib\traverse-node.js,traverse-node.js,.js,3975,3.88 KB,2026-06-06 16:54:22,node_modules,node_modules\@babel,4
node_modules\@babel\traverse\lib\traverse-node.js.map,C:\Users\Luis\Desktop\das4navy\node_modules\@babel\traverse\lib\traverse-node.js.map,traverse-node.js.map,.map,11316,11.05 KB,2026-06-06 16:54:22,node_modules,node_modules\@babel,4
node_modules\@babel\traverse\lib\types.js,C:\Users\Luis\Desktop\das4navy\node_modules\@babel\traverse\lib\types.js,types.js,.js,49,49.00 B,2026-06-06 16:54:22,node_modules,node_modules\@babel,4
node_modules\@babel\traverse\lib\types.js.map,C:\Users\Luis\Desktop\das4navy\node_modules\@babel\traverse\lib\types.js.map,types.js.map,.map,3172,3.10 KB,2026-06-06 16:54:22,node_modules,node_modules\@babel,4
node_modules\@babel\traverse\lib\visitors.js,C:\Users\Luis\Desktop\das4navy\node_modules\@babel\traverse\lib\visitors.js,visitors.js,.js,7881,7.70 KB,2026-06-06 16:54:22,node_modules,node_modules\@babel,4
node_modules\@babel\traverse\lib\visitors.js.map,C:\Users\Luis\Desktop\das4navy\node_modules\@babel\traverse\lib\visitors.js.map,visitors.js.map,.map,23349,22.80 KB,2026-06-06 16:54:22,node_modules,node_modules\@babel,4
node_modules\@babel\traverse\package.json,C:\Users\Luis\Desktop\das4navy\node_modules\@babel\traverse\package.json,package.json,.json,1092,1.07 KB,2026-06-06 16:54:22,node_modules,node_modules\@babel,3
node_modules\@babel\traverse\tsconfig.overrides.json,C:\Users\Luis\Desktop\das4navy\node_modules\@babel\traverse\tsconfig.overrides.json,tsconfig.overrides.json,.json,101,101.00 B,2026-06-06 16:54:22,node_modules,node_modules\@babel,3
node_modules\@babel\types\LICENSE,C:\Users\Luis\Desktop\das4navy\node_modules\@babel\types\LICENSE,LICENSE,[no_ext],1106,1.08 KB,2026-06-06 16:54:21,node_modules,node_modules\@babel,3
node_modules\@babel\types\README.md,C:\Users\Luis\Desktop\das4navy\node_modules\@babel\types\README.md,README.md,.md,446,446.00 B,2026-06-06 16:54:21,node_modules,node_modules\@babel,3
node_modules\@babel\types\lib\asserts\assertNode.js,C:\Users\Luis\Desktop\das4navy\node_modules\@babel\types\lib\asserts\assertNode.js,assertNode.js,.js,465,465.00 B,2026-06-06 16:54:21,node_modules,node_modules\@babel,5
node_modules\@babel\types\lib\asserts\assertNode.js.map,C:\Users\Luis\Desktop\das4navy\node_modules\@babel\types\lib\asserts\assertNode.js.map,assertNode.js.map,.map,842,842.00 B,2026-06-06 16:54:21,node_modules,node_modules\@babel,5
node_modules\@babel\types\lib\asserts\generated\index.js,C:\Users\Luis\Desktop\das4navy\node_modules\@babel\types\lib\asserts\generated\index.js,index.js,.js,45593,44.52 KB,2026-06-06 16:54:21,node_modules,node_modules\@babel,6
node_modules\@babel\types\lib\asserts\generated\index.js.map,C:\Users\Luis\Desktop\das4navy\node_modules\@babel\types\lib\asserts\generated\index.js.map,index.js.map,.map,101071,98.70 KB,2026-06-06 16:54:21,node_modules,node_modules\@babel,6
node_modules\@babel\types\lib\ast-types\generated\index.js,C:\Users\Luis\Desktop\das4navy\node_modules\@babel\types\lib\ast-types\generated\index.js,index.js,.js,49,49.00 B,2026-06-06 16:54:21,node_modules,node_modules\@babel,6
node_modules\@babel\types\lib\ast-types\generated\index.js.map,C:\Users\Luis\Desktop\das4navy\node_modules\@babel\types\lib\ast-types\generated\index.js.map,index.js.map,.map,223851,218.60 KB,2026-06-06 16:54:21,node_modules,node_modules\@babel,6
node_modules\@babel\types\lib\builders\flow\createFlowUnionType.js,C:\Users\Luis\Desktop\das4navy\node_modules\@babel\types\lib\builders\flow\createFlowUnionType.js,createFlowUnionType.js,.js,534,534.00 B,2026-06-06 16:54:21,node_modules,node_modules\@babel,6
node_modules\@babel\types\lib\builders\flow\createFlowUnionType.js.map,C:\Users\Luis\Desktop\das4navy\node_modules\@babel\types\lib\builders\flow\createFlowUnionType.js.map,createFlowUnionType.js.map,.map,1208,1.18 KB,2026-06-06 16:54:22,node_modules,node_modules\@babel,6
node_modules\@babel\types\lib\builders\flow\createTypeAnnotationBasedOnTypeof.js,C:\Users\Luis\Desktop\das4navy\node_modules\@babel\types\lib\builders\flow\createTypeAnnotationBasedOnTypeof.js,createTypeAnnotationBasedOnTypeof.js,.js,1058,1.03 KB,2026-06-06 16:54:22,node_modules,node_modules\@babel,6
node_modules\@babel\types\lib\builders\flow\createTypeAnnotationBasedOnTypeof.js.map,C:\Users\Luis\Desktop\das4navy\node_modules\@babel\types\lib\builders\flow\createTypeAnnotationBasedOnTypeof.js.map,createTypeAnnotationBasedOnTypeof.js.map,.map,2662,2.60 KB,2026-06-06 16:54:22,node_modules,node_modules\@babel,6
node_modules\@babel\types\lib\builders\generated\index.js,C:\Users\Luis\Desktop\das4navy\node_modules\@babel\types\lib\builders\generated\index.js,index.js,.js,809,809.00 B,2026-06-06 16:54:22,node_modules,node_modules\@babel,6
node_modules\@babel\types\lib\builders\generated\index.js.map,C:\Users\Luis\Desktop\das4navy\node_modules\@babel\types\lib\builders\generated\index.js.map,index.js.map,.map,6773,6.61 KB,2026-06-06 16:54:22,node_modules,node_modules\@babel,6
node_modules\@babel\types\lib\builders\generated\lowercase.js,C:\Users\Luis\Desktop\das4navy\node_modules\@babel\types\lib\builders\generated\lowercase.js,lowercase.js,.js,85733,83.72 KB,2026-06-06 16:54:22,node_modules,node_modules\@babel,6
node_modules\@babel\types\lib\builders\generated\lowercase.js.map,C:\Users\Luis\Desktop\das4navy\node_modules\@babel\types\lib\builders\generated\lowercase.js.map,lowercase.js.map,.map,203104,198.34 KB,2026-06-06 16:54:22,node_modules,node_modules\@babel,6
node_modules\@babel\types\lib\builders\generated\uppercase.js,C:\Users\Luis\Desktop\das4navy\node_modules\@babel\types\lib\builders\generated\uppercase.js,uppercase.js,.js,27089,26.45 KB,2026-06-06 16:54:22,node_modules,node_modules\@babel,6
node_modules\@babel\types\lib\builders\generated\uppercase.js.map,C:\Users\Luis\Desktop\das4navy\node_modules\@babel\types\lib\builders\generated\uppercase.js.map,uppercase.js.map,.map,36712,35.85 KB,2026-06-06 16:54:22,node_modules,node_modules\@babel,6
node_modules\@babel\types\lib\builders\productions.js,C:\Users\Luis\Desktop\das4navy\node_modules\@babel\types\lib\builders\productions.js,productions.js,.js,333,333.00 B,2026-06-06 16:54:22,node_modules,node_modules\@babel,5
node_modules\@babel\types\lib\builders\productions.js.map,C:\Users\Luis\Desktop\das4navy\node_modules\@babel\types\lib\builders\productions.js.map,productions.js.map,.map,527,527.00 B,2026-06-06 16:54:22,node_modules,node_modules\@babel,5
node_modules\@babel\types\lib\builders\react\buildChildren.js,C:\Users\Luis\Desktop\das4navy\node_modules\@babel\types\lib\builders\react\buildChildren.js,buildChildren.js,.js,769,769.00 B,2026-06-06 16:54:22,node_modules,node_modules\@babel,6
node_modules\@babel\types\lib\builders\react\buildChildren.js.map,C:\Users\Luis\Desktop\das4navy\node_modules\@babel\types\lib\builders\react\buildChildren.js.map,buildChildren.js.map,.map,1797,1.75 KB,2026-06-06 16:54:22,node_modules,node_modules\@babel,6
node_modules\@babel\types\lib\builders\typescript\createTSUnionType.js,C:\Users\Luis\Desktop\das4navy\node_modules\@babel\types\lib\builders\typescript\createTSUnionType.js,createTSUnionType.js,.js,729,729.00 B,2026-06-06 16:54:22,node_modules,node_modules\@babel,6
node_modules\@babel\types\lib\builders\typescript\createTSUnionType.js.map,C:\Users\Luis\Desktop\das4navy\node_modules\@babel\types\lib\builders\typescript\createTSUnionType.js.map,createTSUnionType.js.map,.map,1626,1.59 KB,2026-06-06 16:54:22,node_modules,node_modules\@babel,6
node_modules\@babel\types\lib\builders\validateNode.js,C:\Users\Luis\Desktop\das4navy\node_modules\@babel\types\lib\builders\validateNode.js,validateNode.js,.js,614,614.00 B,2026-06-06 16:54:22,node_modules,node_modules\@babel,5
node_modules\@babel\types\lib\builders\validateNode.js.map,C:\Users\Luis\Desktop\das4navy\node_modules\@babel\types\lib\builders\validateNode.js.map,validateNode.js.map,.map,1469,1.43 KB,2026-06-06 16:54:22,node_modules,node_modules\@babel,5
node_modules\@babel\types\lib\clone\clone.js,C:\Users\Luis\Desktop\das4navy\node_modules\@babel\types\lib\clone\clone.js,clone.js,.js,256,256.00 B,2026-06-06 16:54:22,node_modules,node_modules\@babel,5
node_modules\@babel\types\lib\clone\clone.js.map,C:\Users\Luis\Desktop\das4navy\node_modules\@babel\types\lib\clone\clone.js.map,clone.js.map,.map,627,627.00 B,2026-06-06 16:54:22,node_modules,node_modules\@babel,5
node_modules\@babel\types\lib\clone\cloneDeep.js,C:\Users\Luis\Desktop\das4navy\node_modules\@babel\types\lib\clone\cloneDeep.js,cloneDeep.js,.js,261,261.00 B,2026-06-06 16:54:22,node_modules,node_modules\@babel,5
node_modules\@babel\types\lib\clone\cloneDeep.js.map,C:\Users\Luis\Desktop\das4navy\node_modules\@babel\types\lib\clone\cloneDeep.js.map,cloneDeep.js.map,.map,635,635.00 B,2026-06-06 16:54:22,node_modules,node_modules\@babel,5
node_modules\@babel\types\lib\clone\cloneDeepWithoutLoc.js,C:\Users\Luis\Desktop\das4navy\node_modules\@babel\types\lib\clone\cloneDeepWithoutLoc.js,cloneDeepWithoutLoc.js,.js,303,303.00 B,2026-06-06 16:54:22,node_modules,node_modules\@babel,5
node_modules\@babel\types\lib\clone\cloneDeepWithoutLoc.js.map,C:\Users\Luis\Desktop\das4navy\node_modules\@babel\types\lib\clone\cloneDeepWithoutLoc.js.map,cloneDeepWithoutLoc.js.map,.map,735,735.00 B,2026-06-06 16:54:22,node_modules,node_modules\@babel,5
node_modules\@babel\types\lib\clone\cloneNode.js,C:\Users\Luis\Desktop\das4navy\node_modules\@babel\types\lib\clone\cloneNode.js,cloneNode.js,.js,3314,3.24 KB,2026-06-06 16:54:22,node_modules,node_modules\@babel,5
node_modules\@babel\types\lib\clone\cloneNode.js.map,C:\Users\Luis\Desktop\das4navy\node_modules\@babel\types\lib\clone\cloneNode.js.map,cloneNode.js.map,.map,9135,8.92 KB,2026-06-06 16:54:22,node_modules,node_modules\@babel,5
node_modules\@babel\types\lib\clone\cloneWithoutLoc.js,C:\Users\Luis\Desktop\das4navy\node_modules\@babel\types\lib\clone\cloneWithoutLoc.js,cloneWithoutLoc.js,.js,292,292.00 B,2026-06-06 16:54:22,node_modules,node_modules\@babel,5
node_modules\@babel\types\lib\clone\cloneWithoutLoc.js.map,C:\Users\Luis\Desktop\das4navy\node_modules\@babel\types\lib\clone\cloneWithoutLoc.js.map,cloneWithoutLoc.js.map,.map,642,642.00 B,2026-06-06 16:54:22,node_modules,node_modules\@babel,5
node_modules\@babel\types\lib\comments\addComment.js,C:\Users\Luis\Desktop\das4navy\node_modules\@babel\types\lib\comments\addComment.js,addComment.js,.js,374,374.00 B,2026-06-06 16:54:22,node_modules,node_modules\@babel,5
node_modules\@babel\types\lib\comments\addComment.js.map,C:\Users\Luis\Desktop\das4navy\node_modules\@babel\types\lib\comments\addComment.js.map,addComment.js.map,.map,898,898.00 B,2026-06-06 16:54:22,node_modules,node_modules\@babel,5
node_modules\@babel\types\lib\comments\addComments.js,C:\Users\Luis\Desktop\das4navy\node_modules\@babel\types\lib\comments\addComments.js,addComments.js,.js,476,476.00 B,2026-06-06 16:54:22,node_modules,node_modules\@babel,5
node_modules\@babel\types\lib\comments\addComments.js.map,C:\Users\Luis\Desktop\das4navy\node_modules\@babel\types\lib\comments\addComments.js.map,addComments.js.map,.map,1195,1.17 KB,2026-06-06 16:54:22,node_modules,node_modules\@babel,5
node_modules\@babel\types\lib\comments\inheritInnerComments.js,C:\Users\Luis\Desktop\das4navy\node_modules\@babel\types\lib\comments\inheritInnerComments.js,inheritInnerComments.js,.js,323,323.00 B,2026-06-06 16:54:22,node_modules,node_modules\@babel,5
node_modules\@babel\types\lib\comments\inheritInnerComments.js.map,C:\Users\Luis\Desktop\das4navy\node_modules\@babel\types\lib\comments\inheritInnerComments.js.map,inheritInnerComments.js.map,.map,576,576.00 B,2026-06-06 16:54:22,node_modules,node_modules\@babel,5
node_modules\@babel\types\lib\comments\inheritLeadingComments.js,C:\Users\Luis\Desktop\das4navy\node_modules\@babel\types\lib\comments\inheritLeadingComments.js,inheritLeadingComments.js,.js,331,331.00 B,2026-06-06 16:54:22,node_modules,node_modules\@babel,5
node_modules\@babel\types\lib\comments\inheritLeadingComments.js.map,C:\Users\Luis\Desktop\das4navy\node_modules\@babel\types\lib\comments\inheritLeadingComments.js.map,inheritLeadingComments.js.map,.map,586,586.00 B,2026-06-06 16:54:22,node_modules,node_modules\@babel,5
node_modules\@babel\types\lib\comments\inheritTrailingComments.js,C:\Users\Luis\Desktop\das4navy\node_modules\@babel\types\lib\comments\inheritTrailingComments.js,inheritTrailingComments.js,.js,335,335.00 B,2026-06-06 16:54:22,node_modules,node_modules\@babel,5
node_modules\@babel\types\lib\comments\inheritTrailingComments.js.map,C:\Users\Luis\Desktop\das4navy\node_modules\@babel\types\lib\comments\inheritTrailingComments.js.map,inheritTrailingComments.js.map,.map,590,590.00 B,2026-06-06 16:54:22,node_modules,node_modules\@babel,5
node_modules\@babel\types\lib\comments\inheritsComments.js,C:\Users\Luis\Desktop\das4navy\node_modules\@babel\types\lib\comments\inheritsComments.js,inheritsComments.js,.js,595,595.00 B,2026-06-06 16:54:22,node_modules,node_modules\@babel,5
node_modules\@babel\types\lib\comments\inheritsComments.js.map,C:\Users\Luis\Desktop\das4navy\node_modules\@babel\types\lib\comments\inheritsComments.js.map,inheritsComments.js.map,.map,1195,1.17 KB,2026-06-06 16:54:22,node_modules,node_modules\@babel,5
node_modules\@babel\types\lib\comments\removeComments.js,C:\Users\Luis\Desktop\das4navy\node_modules\@babel\types\lib\comments\removeComments.js,removeComments.js,.js,321,321.00 B,2026-06-06 16:54:22,node_modules,node_modules\@babel,5
node_modules\@babel\types\lib\comments\removeComments.js.map,C:\Users\Luis\Desktop\das4navy\node_modules\@babel\types\lib\comments\removeComments.js.map,removeComments.js.map,.map,691,691.00 B,2026-06-06 16:54:22,node_modules,node_modules\@babel,5
node_modules\@babel\types\lib\constants\generated\index.js,C:\Users\Luis\Desktop\das4navy\node_modules\@babel\types\lib\constants\generated\index.js,index.js,.js,6364,6.21 KB,2026-06-06 16:54:22,node_modules,node_modules\@babel,6
node_modules\@babel\types\lib\constants\generated\index.js.map,C:\Users\Luis\Desktop\das4navy\node_modules\@babel\types\lib\constants\generated\index.js.map,index.js.map,.map,8657,8.45 KB,2026-06-06 16:54:22,node_modules,node_modules\@babel,6
node_modules\@babel\types\lib\constants\index.js,C:\Users\Luis\Desktop\das4navy\node_modules\@babel\types\lib\constants\index.js,index.js,.js,2739,2.67 KB,2026-06-06 16:54:22,node_modules,node_modules\@babel,5
node_modules\@babel\types\lib\constants\index.js.map,C:\Users\Luis\Desktop\das4navy\node_modules\@babel\types\lib\constants\index.js.map,index.js.map,.map,4674,4.56 KB,2026-06-06 16:54:22,node_modules,node_modules\@babel,5
node_modules\@babel\types\lib\converters\ensureBlock.js,C:\Users\Luis\Desktop\das4navy\node_modules\@babel\types\lib\converters\ensureBlock.js,ensureBlock.js,.js,333,333.00 B,2026-06-06 16:54:22,node_modules,node_modules\@babel,5
node_modules\@babel\types\lib\converters\ensureBlock.js.map,C:\Users\Luis\Desktop\das4navy\node_modules\@babel\types\lib\converters\ensureBlock.js.map,ensureBlock.js.map,.map,1022,1022.00 B,2026-06-06 16:54:22,node_modules,node_modules\@babel,5
node_modules\@babel\types\lib\converters\gatherSequenceExpressions.js,C:\Users\Luis\Desktop\das4navy\node_modules\@babel\types\lib\converters\gatherSequenceExpressions.js,gatherSequenceExpressions.js,.js,2437,2.38 KB,2026-06-06 16:54:22,node_modules,node_modules\@babel,5
node_modules\@babel\types\lib\converters\gatherSequenceExpressions.js.map,C:\Users\Luis\Desktop\das4navy\node_modules\@babel\types\lib\converters\gatherSequenceExpressions.js.map,gatherSequenceExpressions.js.map,.map,6220,6.07 KB,2026-06-06 16:54:22,node_modules,node_modules\@babel,5
node_modules\@babel\types\lib\converters\toBindingIdentifierName.js,C:\Users\Luis\Desktop\das4navy\node_modules\@babel\types\lib\converters\toBindingIdentifierName.js,toBindingIdentifierName.js,.js,393,393.00 B,2026-06-06 16:54:22,node_modules,node_modules\@babel,5
node_modules\@babel\types\lib\converters\toBindingIdentifierName.js.map,C:\Users\Luis\Desktop\das4navy\node_modules\@babel\types\lib\converters\toBindingIdentifierName.js.map,toBindingIdentifierName.js.map,.map,673,673.00 B,2026-06-06 16:54:22,node_modules,node_modules\@babel,5
node_modules\@babel\types\lib\converters\toBlock.js,C:\Users\Luis\Desktop\das4navy\node_modules\@babel\types\lib\converters\toBlock.js,toBlock.js,.js,758,758.00 B,2026-06-06 16:54:22,node_modules,node_modules\@babel,5
node_modules\@babel\types\lib\converters\toBlock.js.map,C:\Users\Luis\Desktop\das4navy\node_modules\@babel\types\lib\converters\toBlock.js.map,toBlock.js.map,.map,1709,1.67 KB,2026-06-06 16:54:22,node_modules,node_modules\@babel,5
node_modules\@babel\types\lib\converters\toComputedKey.js,C:\Users\Luis\Desktop\das4navy\node_modules\@babel\types\lib\converters\toComputedKey.js,toComputedKey.js,.js,450,450.00 B,2026-06-06 16:54:22,node_modules,node_modules\@babel,5
node_modules\@babel\types\lib\converters\toComputedKey.js.map,C:\Users\Luis\Desktop\das4navy\node_modules\@babel\types\lib\converters\toComputedKey.js.map,toComputedKey.js.map,.map,1219,1.19 KB,2026-06-06 16:54:22,node_modules,node_modules\@babel,5
node_modules\@babel\types\lib\converters\toExpression.js,C:\Users\Luis\Desktop\das4navy\node_modules\@babel\types\lib\converters\toExpression.js,toExpression.js,.js,737,737.00 B,2026-06-06 16:54:22,node_modules,node_modules\@babel,5
node_modules\@babel\types\lib\converters\toExpression.js.map,C:\Users\Luis\Desktop\das4navy\node_modules\@babel\types\lib\converters\toExpression.js.map,toExpression.js.map,.map,2534,2.47 KB,2026-06-06 16:54:22,node_modules,node_modules\@babel,5
node_modules\@babel\types\lib\converters\toIdentifier.js,C:\Users\Luis\Desktop\das4navy\node_modules\@babel\types\lib\converters\toIdentifier.js,toIdentifier.js,.js,737,737.00 B,2026-06-06 16:54:22,node_modules,node_modules\@babel,5
node_modules\@babel\types\lib\converters\toIdentifier.js.map,C:\Users\Luis\Desktop\das4navy\node_modules\@babel\types\lib\converters\toIdentifier.js.map,toIdentifier.js.map,.map,1649,1.61 KB,2026-06-06 16:54:22,node_modules,node_modules\@babel,5
node_modules\@babel\types\lib\converters\toKeyAlias.js,C:\Users\Luis\Desktop\das4navy\node_modules\@babel\types\lib\converters\toKeyAlias.js,toKeyAlias.js,.js,1047,1.02 KB,2026-06-06 16:54:22,node_modules,node_modules\@babel,5
node_modules\@babel\types\lib\converters\toKeyAlias.js.map,C:\Users\Luis\Desktop\das4navy\node_modules\@babel\types\lib\converters\toKeyAlias.js.map,toKeyAlias.js.map,.map,2667,2.60 KB,2026-06-06 16:54:22,node_modules,node_modules\@babel,5
node_modules\@babel\types\lib\converters\toSequenceExpression.js,C:\Users\Luis\Desktop\das4navy\node_modules\@babel\types\lib\converters\toSequenceExpression.js,toSequenceExpression.js,.js,540,540.00 B,2026-06-06 16:54:22,node_modules,node_modules\@babel,5
node_modules\@babel\types\lib\converters\toSequenceExpression.js.map,C:\Users\Luis\Desktop\das4navy\node_modules\@babel\types\lib\converters\toSequenceExpression.js.map,toSequenceExpression.js.map,.map,1807,1.76 KB,2026-06-06 16:54:22,node_modules,node_modules\@babel,5
node_modules\@babel\types\lib\converters\toStatement.js,C:\Users\Luis\Desktop\das4navy\node_modules\@babel\types\lib\converters\toStatement.js,toStatement.js,.js,997,997.00 B,2026-06-06 16:54:22,node_modules,node_modules\@babel,5
node_modules\@babel\types\lib\converters\toStatement.js.map,C:\Users\Luis\Desktop\das4navy\node_modules\@babel\types\lib\converters\toStatement.js.map,toStatement.js.map,.map,2973,2.90 KB,2026-06-06 16:54:22,node_modules,node_modules\@babel,5
node_modules\@babel\types\lib\converters\valueToNode.js,C:\Users\Luis\Desktop\das4navy\node_modules\@babel\types\lib\converters\valueToNode.js,valueToNode.js,.js,2832,2.77 KB,2026-06-06 16:54:22,node_modules,node_modules\@babel,5
node_modules\@babel\types\lib\converters\valueToNode.js.map,C:\Users\Luis\Desktop\das4navy\node_modules\@babel\types\lib\converters\valueToNode.js.map,valueToNode.js.map,.map,7811,7.63 KB,2026-06-06 16:54:22,node_modules,node_modules\@babel,5
node_modules\@babel\types\lib\definitions\core.js,C:\Users\Luis\Desktop\das4navy\node_modules\@babel\types\lib\definitions\core.js,core.js,.js,55646,54.34 KB,2026-06-06 16:54:22,node_modules,node_modules\@babel,5
node_modules\@babel\types\lib\definitions\core.js.map,C:\Users\Luis\Desktop\das4navy\node_modules\@babel\types\lib\definitions\core.js.map,core.js.map,.map,128496,125.48 KB,2026-06-06 16:54:22,node_modules,node_modules\@babel,5
node_modules\@babel\types\lib\definitions\deprecated-aliases.js,C:\Users\Luis\Desktop\das4navy\node_modules\@babel\types\lib\definitions\deprecated-aliases.js,deprecated-aliases.js,.js,275,275.00 B,2026-06-06 16:54:22,node_modules,node_modules\@babel,5
node_modules\@babel\types\lib\definitions\deprecated-aliases.js.map,C:\Users\Luis\Desktop\das4navy\node_modules\@babel\types\lib\definitions\deprecated-aliases.js.map,deprecated-aliases.js.map,.map,359,359.00 B,2026-06-06 16:54:22,node_modules,node_modules\@babel,5
node_modules\@babel\types\lib\definitions\experimental.js,C:\Users\Luis\Desktop\das4navy\node_modules\@babel\types\lib\definitions\experimental.js,experimental.js,.js,2887,2.82 KB,2026-06-06 16:54:22,node_modules,node_modules\@babel,5
node_modules\@babel\types\lib\definitions\experimental.js.map,C:\Users\Luis\Desktop\das4navy\node_modules\@babel\types\lib\definitions\experimental.js.map,experimental.js.map,.map,6965,6.80 KB,2026-06-06 16:54:22,node_modules,node_modules\@babel,5
node_modules\@babel\types\lib\definitions\flow.js,C:\Users\Luis\Desktop\das4navy\node_modules\@babel\types\lib\definitions\flow.js,flow.js,.js,16513,16.13 KB,2026-06-06 16:54:22,node_modules,node_modules\@babel,5
node_modules\@babel\types\lib\definitions\flow.js.map,C:\Users\Luis\Desktop\das4navy\node_modules\@babel\types\lib\definitions\flow.js.map,flow.js.map,.map,33424,32.64 KB,2026-06-06 16:54:22,node_modules,node_modules\@babel,5
node_modules\@babel\types\lib\definitions\index.js,C:\Users\Luis\Desktop\das4navy\node_modules\@babel\types\lib\definitions\index.js,index.js,.js,2749,2.68 KB,2026-06-06 16:54:22,node_modules,node_modules\@babel,5
node_modules\@babel\types\lib\definitions\index.js.map,C:\Users\Luis\Desktop\das4navy\node_modules\@babel\types\lib\definitions\index.js.map,index.js.map,.map,2770,2.71 KB,2026-06-06 16:54:22,node_modules,node_modules\@babel,5
node_modules\@babel\types\lib\definitions\jsx.js,C:\Users\Luis\Desktop\das4navy\node_modules\@babel\types\lib\definitions\jsx.js,jsx.js,.js,4231,4.13 KB,2026-06-06 16:54:22,node_modules,node_modules\@babel,5
node_modules\@babel\types\lib\definitions\jsx.js.map,C:\Users\Luis\Desktop\das4navy\node_modules\@babel\types\lib\definitions\jsx.js.map,jsx.js.map,.map,9458,9.24 KB,2026-06-06 16:54:22,node_modules,node_modules\@babel,5
node_modules\@babel\types\lib\definitions\misc.js,C:\Users\Luis\Desktop\das4navy\node_modules\@babel\types\lib\definitions\misc.js,misc.js,.js,746,746.00 B,2026-06-06 16:54:22,node_modules,node_modules\@babel,5
node_modules\@babel\types\lib\definitions\misc.js.map,C:\Users\Luis\Desktop\das4navy\node_modules\@babel\types\lib\definitions\misc.js.map,misc.js.map,.map,1872,1.83 KB,2026-06-06 16:54:22,node_modules,node_modules\@babel,5
node_modules\@babel\types\lib\definitions\placeholders.js,C:\Users\Luis\Desktop\das4navy\node_modules\@babel\types\lib\definitions\placeholders.js,placeholders.js,.js,1042,1.02 KB,2026-06-06 16:54:22,node_modules,node_modules\@babel,5
node_modules\@babel\types\lib\definitions\placeholders.js.map,C:\Users\Luis\Desktop\das4navy\node_modules\@babel\types\lib\definitions\placeholders.js.map,placeholders.js.map,.map,2051,2.00 KB,2026-06-06 16:54:22,node_modules,node_modules\@babel,5
node_modules\@babel\types\lib\definitions\typescript.js,C:\Users\Luis\Desktop\das4navy\node_modules\@babel\types\lib\definitions\typescript.js,typescript.js,.js,16858,16.46 KB,2026-06-06 16:54:22,node_modules,node_modules\@babel,5
node_modules\@babel\types\lib\definitions\typescript.js.map,C:\Users\Luis\Desktop\das4navy\node_modules\@babel\types\lib\definitions\typescript.js.map,typescript.js.map,.map,39441,38.52 KB,2026-06-06 16:54:22,node_modules,node_modules\@babel,5
node_modules\@babel\types\lib\definitions\utils.js,C:\Users\Luis\Desktop\das4navy\node_modules\@babel\types\lib\definitions\utils.js,utils.js,.js,9685,9.46 KB,2026-06-06 16:54:22,node_modules,node_modules\@babel,5
node_modules\@babel\types\lib\definitions\utils.js.map,C:\Users\Luis\Desktop\das4navy\node_modules\@babel\types\lib\definitions\utils.js.map,utils.js.map,.map,23660,23.11 KB,2026-06-06 16:54:22,node_modules,node_modules\@babel,5
node_modules\@babel\types\lib\index-legacy.d.ts,C:\Users\Luis\Desktop\das4navy\node_modules\@babel\types\lib\index-legacy.d.ts,index-legacy.d.ts,.ts,170968,166.96 KB,2026-06-06 16:54:22,node_modules,node_modules\@babel,4
node_modules\@babel\types\lib\index.d.ts,C:\Users\Luis\Desktop\das4navy\node_modules\@babel\types\lib\index.d.ts,index.d.ts,.ts,666005,650.40 KB,2026-06-06 16:54:22,node_modules,node_modules\@babel,4
node_modules\@babel\types\lib\index.js,C:\Users\Luis\Desktop\das4navy\node_modules\@babel\types\lib\index.js,index.js,.js,17306,16.90 KB,2026-06-06 16:54:22,node_modules,node_modules\@babel,4
node_modules\@babel\types\lib\index.js.flow,C:\Users\Luis\Desktop\das4navy\node_modules\@babel\types\lib\index.js.flow,index.js.flow,.flow,179591,175.38 KB,2026-06-06 16:54:22,node_modules,node_modules\@babel,4
node_modules\@babel\types\lib\index.js.map,C:\Users\Luis\Desktop\das4navy\node_modules\@babel\types\lib\index.js.map,index.js.map,.map,13272,12.96 KB,2026-06-06 16:54:22,node_modules,node_modules\@babel,4
node_modules\@babel\types\lib\modifications\appendToMemberExpression.js,C:\Users\Luis\Desktop\das4navy\node_modules\@babel\types\lib\modifications\appendToMemberExpression.js,appendToMemberExpression.js,.js,480,480.00 B,2026-06-06 16:54:22,node_modules,node_modules\@babel,5
node_modules\@babel\types\lib\modifications\appendToMemberExpression.js.map,C:\Users\Luis\Desktop\das4navy\node_modules\@babel\types\lib\modifications\appendToMemberExpression.js.map,appendToMemberExpression.js.map,.map,1112,1.09 KB,2026-06-06 16:54:22,node_modules,node_modules\@babel,5
node_modules\@babel\types\lib\modifications\flow\removeTypeDuplicates.js,C:\Users\Luis\Desktop\das4navy\node_modules\@babel\types\lib\modifications\flow\removeTypeDuplicates.js,removeTypeDuplicates.js,.js,1869,1.83 KB,2026-06-06 16:54:22,node_modules,node_modules\@babel,6
node_modules\@babel\types\lib\modifications\flow\removeTypeDuplicates.js.map,C:\Users\Luis\Desktop\das4navy\node_modules\@babel\types\lib\modifications\flow\removeTypeDuplicates.js.map,removeTypeDuplicates.js.map,.map,5013,4.90 KB,2026-06-06 16:54:22,node_modules,node_modules\@babel,6
node_modules\@babel\types\lib\modifications\inherits.js,C:\Users\Luis\Desktop\das4navy\node_modules\@babel\types\lib\modifications\inherits.js,inherits.js,.js,746,746.00 B,2026-06-06 16:54:22,node_modules,node_modules\@babel,5
node_modules\@babel\types\lib\modifications\inherits.js.map,C:\Users\Luis\Desktop\das4navy\node_modules\@babel\types\lib\modifications\inherits.js.map,inherits.js.map,.map,2166,2.12 KB,2026-06-06 16:54:22,node_modules,node_modules\@babel,5
node_modules\@babel\types\lib\modifications\prependToMemberExpression.js,C:\Users\Luis\Desktop\das4navy\node_modules\@babel\types\lib\modifications\prependToMemberExpression.js,prependToMemberExpression.js,.js,552,552.00 B,2026-06-06 16:54:22,node_modules,node_modules\@babel,5
node_modules\@babel\types\lib\modifications\prependToMemberExpression.js.map,C:\Users\Luis\Desktop\das4navy\node_modules\@babel\types\lib\modifications\prependToMemberExpression.js.map,prependToMemberExpression.js.map,.map,1179,1.15 KB,2026-06-06 16:54:22,node_modules,node_modules\@babel,5
node_modules\@babel\types\lib\modifications\removeProperties.js,C:\Users\Luis\Desktop\das4navy\node_modules\@babel\types\lib\modifications\removeProperties.js,removeProperties.js,.js,802,802.00 B,2026-06-06 16:54:22,node_modules,node_modules\@babel,5
node_modules\@babel\types\lib\modifications\removeProperties.js.map,C:\Users\Luis\Desktop\das4navy\node_modules\@babel\types\lib\modifications\removeProperties.js.map,removeProperties.js.map,.map,2403,2.35 KB,2026-06-06 16:54:22,node_modules,node_modules\@babel,5
node_modules\@babel\types\lib\modifications\removePropertiesDeep.js,C:\Users\Luis\Desktop\das4navy\node_modules\@babel\types\lib\modifications\removePropertiesDeep.js,removePropertiesDeep.js,.js,418,418.00 B,2026-06-06 16:54:22,node_modules,node_modules\@babel,5
node_modules\@babel\types\lib\modifications\removePropertiesDeep.js.map,C:\Users\Luis\Desktop\das4navy\node_modules\@babel\types\lib\modifications\removePropertiesDeep.js.map,removePropertiesDeep.js.map,.map,803,803.00 B,2026-06-06 16:54:22,node_modules,node_modules\@babel,5
node_modules\@babel\types\lib\modifications\typescript\removeTypeDuplicates.js,C:\Users\Luis\Desktop\das4navy\node_modules\@babel\types\lib\modifications\typescript\removeTypeDuplicates.js,removeTypeDuplicates.js,.js,2006,1.96 KB,2026-06-06 16:54:22,node_modules,node_modules\@babel,6
node_modules\@babel\types\lib\modifications\typescript\removeTypeDuplicates.js.map,C:\Users\Luis\Desktop\das4navy\node_modules\@babel\types\lib\modifications\typescript\removeTypeDuplicates.js.map,removeTypeDuplicates.js.map,.map,5472,5.34 KB,2026-06-06 16:54:22,node_modules,node_modules\@babel,6
node_modules\@babel\types\lib\retrievers\getAssignmentIdentifiers.js,C:\Users\Luis\Desktop\das4navy\node_modules\@babel\types\lib\retrievers\getAssignmentIdentifiers.js,getAssignmentIdentifiers.js,.js,1156,1.13 KB,2026-06-06 16:54:22,node_modules,node_modules\@babel,5
node_modules\@babel\types\lib\retrievers\getAssignmentIdentifiers.js.map,C:\Users\Luis\Desktop\das4navy\node_modules\@babel\types\lib\retrievers\getAssignmentIdentifiers.js.map,getAssignmentIdentifiers.js.map,.map,2825,2.76 KB,2026-06-06 16:54:22,node_modules,node_modules\@babel,5
node_modules\@babel\types\lib\retrievers\getBindingIdentifiers.js,C:\Users\Luis\Desktop\das4navy\node_modules\@babel\types\lib\retrievers\getBindingIdentifiers.js,getBindingIdentifiers.js,.js,2949,2.88 KB,2026-06-06 16:54:22,node_modules,node_modules\@babel,5
node_modules\@babel\types\lib\retrievers\getBindingIdentifiers.js.map,C:\Users\Luis\Desktop\das4navy\node_modules\@babel\types\lib\retrievers\getBindingIdentifiers.js.map,getBindingIdentifiers.js.map,.map,9016,8.80 KB,2026-06-06 16:54:22,node_modules,node_modules\@babel,5
node_modules\@babel\types\lib\retrievers\getFunctionName.js,C:\Users\Luis\Desktop\das4navy\node_modules\@babel\types\lib\retrievers\getFunctionName.js,getFunctionName.js,.js,1721,1.68 KB,2026-06-06 16:54:22,node_modules,node_modules\@babel,5
node_modules\@babel\types\lib\retrievers\getFunctionName.js.map,C:\Users\Luis\Desktop\das4navy\node_modules\@babel\types\lib\retrievers\getFunctionName.js.map,getFunctionName.js.map,.map,4955,4.84 KB,2026-06-06 16:54:22,node_modules,node_modules\@babel,5
node_modules\@babel\types\lib\retrievers\getOuterBindingIdentifiers.js,C:\Users\Luis\Desktop\das4navy\node_modules\@babel\types\lib\retrievers\getOuterBindingIdentifiers.js,getOuterBindingIdentifiers.js,.js,419,419.00 B,2026-06-06 16:54:22,node_modules,node_modules\@babel,5
node_modules\@babel\types\lib\retrievers\getOuterBindingIdentifiers.js.map,C:\Users\Luis\Desktop\das4navy\node_modules\@babel\types\lib\retrievers\getOuterBindingIdentifiers.js.map,getOuterBindingIdentifiers.js.map,.map,1112,1.09 KB,2026-06-06 16:54:22,node_modules,node_modules\@babel,5
node_modules\@babel\types\lib\traverse\traverse.js,C:\Users\Luis\Desktop\das4navy\node_modules\@babel\types\lib\traverse\traverse.js,traverse.js,.js,1227,1.20 KB,2026-06-06 16:54:22,node_modules,node_modules\@babel,5
node_modules\@babel\types\lib\traverse\traverse.js.map,C:\Users\Luis\Desktop\das4navy\node_modules\@babel\types\lib\traverse\traverse.js.map,traverse.js.map,.map,3536,3.45 KB,2026-06-06 16:54:22,node_modules,node_modules\@babel,5
node_modules\@babel\types\lib\traverse\traverseFast.js,C:\Users\Luis\Desktop\das4navy\node_modules\@babel\types\lib\traverse\traverseFast.js,traverseFast.js,.js,961,961.00 B,2026-06-06 16:54:22,node_modules,node_modules\@babel,5
node_modules\@babel\types\lib\traverse\traverseFast.js.map,C:\Users\Luis\Desktop\das4navy\node_modules\@babel\types\lib\traverse\traverseFast.js.map,traverseFast.js.map,.map,2789,2.72 KB,2026-06-06 16:54:22,node_modules,node_modules\@babel,5
node_modules\@babel\types\lib\utils\deprecationWarning.js,C:\Users\Luis\Desktop\das4navy\node_modules\@babel\types\lib\utils\deprecationWarning.js,deprecationWarning.js,.js,1223,1.19 KB,2026-06-06 16:54:22,node_modules,node_modules\@babel,5
node_modules\@babel\types\lib\utils\deprecationWarning.js.map,C:\Users\Luis\Desktop\das4navy\node_modules\@babel\types\lib\utils\deprecationWarning.js.map,deprecationWarning.js.map,.map,3225,3.15 KB,2026-06-06 16:54:22,node_modules,node_modules\@babel,5
node_modules\@babel\types\lib\utils\inherit.js,C:\Users\Luis\Desktop\das4navy\node_modules\@babel\types\lib\utils\inherit.js,inherit.js,.js,304,304.00 B,2026-06-06 16:54:22,node_modules,node_modules\@babel,5
node_modules\@babel\types\lib\utils\inherit.js.map,C:\Users\Luis\Desktop\das4navy\node_modules\@babel\types\lib\utils\inherit.js.map,inherit.js.map,.map,890,890.00 B,2026-06-06 16:54:22,node_modules,node_modules\@babel,5
node_modules\@babel\types\lib\utils\react\cleanJSXElementLiteralChild.js,C:\Users\Luis\Desktop\das4navy\node_modules\@babel\types\lib\utils\react\cleanJSXElementLiteralChild.js,cleanJSXElementLiteralChild.js,.js,1175,1.15 KB,2026-06-06 16:54:22,node_modules,node_modules\@babel,6
node_modules\@babel\types\lib\utils\react\cleanJSXElementLiteralChild.js.map,C:\Users\Luis\Desktop\das4navy\node_modules\@babel\types\lib\utils\react\cleanJSXElementLiteralChild.js.map,cleanJSXElementLiteralChild.js.map,.map,2838,2.77 KB,2026-06-06 16:54:22,node_modules,node_modules\@babel,6
node_modules\@babel\types\lib\utils\shallowEqual.js,C:\Users\Luis\Desktop\das4navy\node_modules\@babel\types\lib\utils\shallowEqual.js,shallowEqual.js,.js,350,350.00 B,2026-06-06 16:54:22,node_modules,node_modules\@babel,5
node_modules\@babel\types\lib\utils\shallowEqual.js.map,C:\Users\Luis\Desktop\das4navy\node_modules\@babel\types\lib\utils\shallowEqual.js.map,shallowEqual.js.map,.map,811,811.00 B,2026-06-06 16:54:22,node_modules,node_modules\@babel,5
node_modules\@babel\types\lib\validators\buildMatchMemberExpression.js,C:\Users\Luis\Desktop\das4navy\node_modules\@babel\types\lib\validators\buildMatchMemberExpression.js,buildMatchMemberExpression.js,.js,409,409.00 B,2026-06-06 16:54:22,node_modules,node_modules\@babel,5
node_modules\@babel\types\lib\validators\buildMatchMemberExpression.js.map,C:\Users\Luis\Desktop\das4navy\node_modules\@babel\types\lib\validators\buildMatchMemberExpression.js.map,buildMatchMemberExpression.js.map,.map,1079,1.05 KB,2026-06-06 16:54:22,node_modules,node_modules\@babel,5
node_modules\@babel\types\lib\validators\generated\index.js,C:\Users\Luis\Desktop\das4navy\node_modules\@babel\types\lib\validators\generated\index.js,index.js,.js,96324,94.07 KB,2026-06-06 16:54:22,node_modules,node_modules\@babel,6
node_modules\@babel\types\lib\validators\generated\index.js.map,C:\Users\Luis\Desktop\das4navy\node_modules\@babel\types\lib\validators\generated\index.js.map,index.js.map,.map,290238,283.44 KB,2026-06-06 16:54:22,node_modules,node_modules\@babel,6
node_modules\@babel\types\lib\validators\is.js,C:\Users\Luis\Desktop\das4navy\node_modules\@babel\types\lib\validators\is.js,is.js,.js,769,769.00 B,2026-06-06 16:54:22,node_modules,node_modules\@babel,5
node_modules\@babel\types\lib\validators\is.js.map,C:\Users\Luis\Desktop\das4navy\node_modules\@babel\types\lib\validators\is.js.map,is.js.map,.map,3049,2.98 KB,2026-06-06 16:54:22,node_modules,node_modules\@babel,5
node_modules\@babel\types\lib\validators\isBinding.js,C:\Users\Luis\Desktop\das4navy\node_modules\@babel\types\lib\validators\isBinding.js,isBinding.js,.js,776,776.00 B,2026-06-06 16:54:22,node_modules,node_modules\@babel,5
node_modules\@babel\types\lib\validators\isBinding.js.map,C:\Users\Luis\Desktop\das4navy\node_modules\@babel\types\lib\validators\isBinding.js.map,isBinding.js.map,.map,2033,1.99 KB,2026-06-06 16:54:22,node_modules,node_modules\@babel,5
node_modules\@babel\types\lib\validators\isBlockScoped.js,C:\Users\Luis\Desktop\das4navy\node_modules\@babel\types\lib\validators\isBlockScoped.js,isBlockScoped.js,.js,390,390.00 B,2026-06-06 16:54:22,node_modules,node_modules\@babel,5
node_modules\@babel\types\lib\validators\isBlockScoped.js.map,C:\Users\Luis\Desktop\das4navy\node_modules\@babel\types\lib\validators\isBlockScoped.js.map,isBlockScoped.js.map,.map,841,841.00 B,2026-06-06 16:54:22,node_modules,node_modules\@babel,5
node_modules\@babel\types\lib\validators\isImmutable.js,C:\Users\Luis\Desktop\das4navy\node_modules\@babel\types\lib\validators\isImmutable.js,isImmutable.js,.js,487,487.00 B,2026-06-06 16:54:22,node_modules,node_modules\@babel,5
node_modules\@babel\types\lib\validators\isImmutable.js.map,C:\Users\Luis\Desktop\das4navy\node_modules\@babel\types\lib\validators\isImmutable.js.map,isImmutable.js.map,.map,1062,1.04 KB,2026-06-06 16:54:22,node_modules,node_modules\@babel,5
node_modules\@babel\types\lib\validators\isLet.js,C:\Users\Luis\Desktop\das4navy\node_modules\@babel\types\lib\validators\isLet.js,isLet.js,.js,384,384.00 B,2026-06-06 16:54:22,node_modules,node_modules\@babel,5
node_modules\@babel\types\lib\validators\isLet.js.map,C:\Users\Luis\Desktop\das4navy\node_modules\@babel\types\lib\validators\isLet.js.map,isLet.js.map,.map,1169,1.14 KB,2026-06-06 16:54:22,node_modules,node_modules\@babel,5
node_modules\@babel\types\lib\validators\isNode.js,C:\Users\Luis\Desktop\das4navy\node_modules\@babel\types\lib\validators\isNode.js,isNode.js,.js,270,270.00 B,2026-06-06 16:54:22,node_modules,node_modules\@babel,5
node_modules\@babel\types\lib\validators\isNode.js.map,C:\Users\Luis\Desktop\das4navy\node_modules\@babel\types\lib\validators\isNode.js.map,isNode.js.map,.map,534,534.00 B,2026-06-06 16:54:22,node_modules,node_modules\@babel,5
node_modules\@babel\types\lib\validators\isNodesEquivalent.js,C:\Users\Luis\Desktop\das4navy\node_modules\@babel\types\lib\validators\isNodesEquivalent.js,isNodesEquivalent.js,.js,1481,1.45 KB,2026-06-06 16:54:22,node_modules,node_modules\@babel,5
node_modules\@babel\types\lib\validators\isNodesEquivalent.js.map,C:\Users\Luis\Desktop\das4navy\node_modules\@babel\types\lib\validators\isNodesEquivalent.js.map,isNodesEquivalent.js.map,.map,3489,3.41 KB,2026-06-06 16:54:22,node_modules,node_modules\@babel,5
node_modules\@babel\types\lib\validators\isPlaceholderType.js,C:\Users\Luis\Desktop\das4navy\node_modules\@babel\types\lib\validators\isPlaceholderType.js,isPlaceholderType.js,.js,470,470.00 B,2026-06-06 16:54:22,node_modules,node_modules\@babel,5
node_modules\@babel\types\lib\validators\isPlaceholderType.js.map,C:\Users\Luis\Desktop\das4navy\node_modules\@babel\types\lib\validators\isPlaceholderType.js.map,isPlaceholderType.js.map,.map,999,999.00 B,2026-06-06 16:54:22,node_modules,node_modules\@babel,5
node_modules\@babel\types\lib\validators\isReferenced.js,C:\Users\Luis\Desktop\das4navy\node_modules\@babel\types\lib\validators\isReferenced.js,isReferenced.js,.js,2615,2.55 KB,2026-06-06 16:54:22,node_modules,node_modules\@babel,5
node_modules\@babel\types\lib\validators\isReferenced.js.map,C:\Users\Luis\Desktop\das4navy\node_modules\@babel\types\lib\validators\isReferenced.js.map,isReferenced.js.map,.map,7035,6.87 KB,2026-06-06 16:54:22,node_modules,node_modules\@babel,5
node_modules\@babel\types\lib\validators\isScope.js,C:\Users\Luis\Desktop\das4navy\node_modules\@babel\types\lib\validators\isScope.js,isScope.js,.js,534,534.00 B,2026-06-06 16:54:22,node_modules,node_modules\@babel,5
node_modules\@babel\types\lib\validators\isScope.js.map,C:\Users\Luis\Desktop\das4navy\node_modules\@babel\types\lib\validators\isScope.js.map,isScope.js.map,.map,1517,1.48 KB,2026-06-06 16:54:22,node_modules,node_modules\@babel,5
node_modules\@babel\types\lib\validators\isSpecifierDefault.js,C:\Users\Luis\Desktop\das4navy\node_modules\@babel\types\lib\validators\isSpecifierDefault.js,isSpecifierDefault.js,.js,410,410.00 B,2026-06-06 16:54:22,node_modules,node_modules\@babel,5
node_modules\@babel\types\lib\validators\isSpecifierDefault.js.map,C:\Users\Luis\Desktop\das4navy\node_modules\@babel\types\lib\validators\isSpecifierDefault.js.map,isSpecifierDefault.js.map,.map,994,994.00 B,2026-06-06 16:54:22,node_modules,node_modules\@babel,5
node_modules\@babel\types\lib\validators\isType.js,C:\Users\Luis\Desktop\das4navy\node_modules\@babel\types\lib\validators\isType.js,isType.js,.js,505,505.00 B,2026-06-06 16:54:22,node_modules,node_modules\@babel,5
node_modules\@babel\types\lib\validators\isType.js.map,C:\Users\Luis\Desktop\das4navy\node_modules\@babel\types\lib\validators\isType.js.map,isType.js.map,.map,1687,1.65 KB,2026-06-06 16:54:22,node_modules,node_modules\@babel,5
node_modules\@babel\types\lib\validators\isValidES3Identifier.js,C:\Users\Luis\Desktop\das4navy\node_modules\@babel\types\lib\validators\isValidES3Identifier.js,isValidES3Identifier.js,.js,649,649.00 B,2026-06-06 16:54:22,node_modules,node_modules\@babel,5
node_modules\@babel\types\lib\validators\isValidES3Identifier.js.map,C:\Users\Luis\Desktop\das4navy\node_modules\@babel\types\lib\validators\isValidES3Identifier.js.map,isValidES3Identifier.js.map,.map,1483,1.45 KB,2026-06-06 16:54:23,node_modules,node_modules\@babel,5
node_modules\@babel\types\lib\validators\isValidIdentifier.js,C:\Users\Luis\Desktop\das4navy\node_modules\@babel\types\lib\validators\isValidIdentifier.js,isValidIdentifier.js,.js,584,584.00 B,2026-06-06 16:54:23,node_modules,node_modules\@babel,5
node_modules\@babel\types\lib\validators\isValidIdentifier.js.map,C:\Users\Luis\Desktop\das4navy\node_modules\@babel\types\lib\validators\isValidIdentifier.js.map,isValidIdentifier.js.map,.map,1191,1.16 KB,2026-06-06 16:54:23,node_modules,node_modules\@babel,5
node_modules\@babel\types\lib\validators\isVar.js,C:\Users\Luis\Desktop\das4navy\node_modules\@babel\types\lib\validators\isVar.js,isVar.js,.js,383,383.00 B,2026-06-06 16:54:23,node_modules,node_modules\@babel,5
node_modules\@babel\types\lib\validators\isVar.js.map,C:\Users\Luis\Desktop\das4navy\node_modules\@babel\types\lib\validators\isVar.js.map,isVar.js.map,.map,1178,1.15 KB,2026-06-06 16:54:23,node_modules,node_modules\@babel,5
node_modules\@babel\types\lib\validators\matchesPattern.js,C:\Users\Luis\Desktop\das4navy\node_modules\@babel\types\lib\validators\matchesPattern.js,matchesPattern.js,.js,1422,1.39 KB,2026-06-06 16:54:23,node_modules,node_modules\@babel,5
node_modules\@babel\types\lib\validators\matchesPattern.js.map,C:\Users\Luis\Desktop\das4navy\node_modules\@babel\types\lib\validators\matchesPattern.js.map,matchesPattern.js.map,.map,3894,3.80 KB,2026-06-06 16:54:23,node_modules,node_modules\@babel,5
node_modules\@babel\types\lib\validators\react\isCompatTag.js,C:\Users\Luis\Desktop\das4navy\node_modules\@babel\types\lib\validators\react\isCompatTag.js,isCompatTag.js,.js,232,232.00 B,2026-06-06 16:54:23,node_modules,node_modules\@babel,6
node_modules\@babel\types\lib\validators\react\isCompatTag.js.map,C:\Users\Luis\Desktop\das4navy\node_modules\@babel\types\lib\validators\react\isCompatTag.js.map,isCompatTag.js.map,.map,437,437.00 B,2026-06-06 16:54:23,node_modules,node_modules\@babel,6
node_modules\@babel\types\lib\validators\react\isReactComponent.js,C:\Users\Luis\Desktop\das4navy\node_modules\@babel\types\lib\validators\react\isReactComponent.js,isReactComponent.js,.js,368,368.00 B,2026-06-06 16:54:23,node_modules,node_modules\@babel,6
node_modules\@babel\types\lib\validators\react\isReactComponent.js.map,C:\Users\Luis\Desktop\das4navy\node_modules\@babel\types\lib\validators\react\isReactComponent.js.map,isReactComponent.js.map,.map,587,587.00 B,2026-06-06 16:54:23,node_modules,node_modules\@babel,6
node_modules\@babel\types\lib\validators\validate.js,C:\Users\Luis\Desktop\das4navy\node_modules\@babel\types\lib\validators\validate.js,validate.js,.js,1490,1.46 KB,2026-06-06 16:54:23,node_modules,node_modules\@babel,5
node_modules\@babel\types\lib\validators\validate.js.map,C:\Users\Luis\Desktop\das4navy\node_modules\@babel\types\lib\validators\validate.js.map,validate.js.map,.map,3177,3.10 KB,2026-06-06 16:54:23,node_modules,node_modules\@babel,5
node_modules\@babel\types\package.json,C:\Users\Luis\Desktop\das4navy\node_modules\@babel\types\package.json,package.json,.json,1065,1.04 KB,2026-06-06 16:54:23,node_modules,node_modules\@babel,3
node_modules\@eslint-community\eslint-utils\LICENSE,C:\Users\Luis\Desktop\das4navy\node_modules\@eslint-community\eslint-utils\LICENSE,LICENSE,[no_ext],1071,1.05 KB,2026-06-06 16:54:21,node_modules,node_modules\@eslint-community,3
node_modules\@eslint-community\eslint-utils\README.md,C:\Users\Luis\Desktop\das4navy\node_modules\@eslint-community\eslint-utils\README.md,README.md,.md,1684,1.64 KB,2026-06-06 16:54:21,node_modules,node_modules\@eslint-community,3
node_modules\@eslint-community\eslint-utils\index.d.mts,C:\Users\Luis\Desktop\das4navy\node_modules\@eslint-community\eslint-utils\index.d.mts,index.d.mts,.mts,9832,9.60 KB,2026-06-06 16:54:21,node_modules,node_modules\@eslint-community,3
node_modules\@eslint-community\eslint-utils\index.d.ts,C:\Users\Luis\Desktop\das4navy\node_modules\@eslint-community\eslint-utils\index.d.ts,index.d.ts,.ts,9832,9.60 KB,2026-06-06 16:54:21,node_modules,node_modules\@eslint-community,3
node_modules\@eslint-community\eslint-utils\index.js,C:\Users\Luis\Desktop\das4navy\node_modules\@eslint-community\eslint-utils\index.js,index.js,.js,88365,86.29 KB,2026-06-06 16:54:21,node_modules,node_modules\@eslint-community,3
node_modules\@eslint-community\eslint-utils\index.js.map,C:\Users\Luis\Desktop\das4navy\node_modules\@eslint-community\eslint-utils\index.js.map,index.js.map,.map,152486,148.91 KB,2026-06-06 16:54:21,node_modules,node_modules\@eslint-community,3
node_modules\@eslint-community\eslint-utils\index.mjs,C:\Users\Luis\Desktop\das4navy\node_modules\@eslint-community\eslint-utils\index.mjs,index.mjs,.mjs,87240,85.20 KB,2026-06-06 16:54:21,node_modules,node_modules\@eslint-community,3
node_modules\@eslint-community\eslint-utils\index.mjs.map,C:\Users\Luis\Desktop\das4navy\node_modules\@eslint-community\eslint-utils\index.mjs.map,index.mjs.map,.map,152426,148.85 KB,2026-06-06 16:54:21,node_modules,node_modules\@eslint-community,3
node_modules\@eslint-community\eslint-utils\node_modules\eslint-visitor-keys\LICENSE,C:\Users\Luis\Desktop\das4navy\node_modules\@eslint-community\eslint-utils\node_modules\eslint-visitor-keys\LICENSE,LICENSE,[no_ext],11337,11.07 KB,2026-06-06 16:54:21,node_modules,node_modules\@eslint-community,5
node_modules\@eslint-community\eslint-utils\node_modules\eslint-visitor-keys\README.md,C:\Users\Luis\Desktop\das4navy\node_modules\@eslint-community\eslint-utils\node_modules\eslint-visitor-keys\README.md,README.md,.md,2729,2.67 KB,2026-06-06 16:54:21,node_modules,node_modules\@eslint-community,5
node_modules\@eslint-community\eslint-utils\node_modules\eslint-visitor-keys\dist\eslint-visitor-keys.cjs,C:\Users\Luis\Desktop\das4navy\node_modules\@eslint-community\eslint-utils\node_modules\eslint-visitor-keys\dist\eslint-visitor-keys.cjs,eslint-visitor-keys.cjs,.cjs,7115,6.95 KB,2026-06-06 16:54:21,node_modules,node_modules\@eslint-community,6
node_modules\@eslint-community\eslint-utils\node_modules\eslint-visitor-keys\dist\eslint-visitor-keys.d.cts,C:\Users\Luis\Desktop\das4navy\node_modules\@eslint-community\eslint-utils\node_modules\eslint-visitor-keys\dist\eslint-visitor-keys.d.cts,eslint-visitor-keys.d.cts,.cts,753,753.00 B,2026-06-06 16:54:21,node_modules,node_modules\@eslint-community,6
node_modules\@eslint-community\eslint-utils\node_modules\eslint-visitor-keys\dist\index.d.ts,C:\Users\Luis\Desktop\das4navy\node_modules\@eslint-community\eslint-utils\node_modules\eslint-visitor-keys\dist\index.d.ts,index.d.ts,.ts,596,596.00 B,2026-06-06 16:54:21,node_modules,node_modules\@eslint-community,6
node_modules\@eslint-community\eslint-utils\node_modules\eslint-visitor-keys\dist\visitor-keys.d.ts,C:\Users\Luis\Desktop\das4navy\node_modules\@eslint-community\eslint-utils\node_modules\eslint-visitor-keys\dist\visitor-keys.d.ts,visitor-keys.d.ts,.ts,291,291.00 B,2026-06-06 16:54:21,node_modules,node_modules\@eslint-community,6
node_modules\@eslint-community\eslint-utils\node_modules\eslint-visitor-keys\lib\index.js,C:\Users\Luis\Desktop\das4navy\node_modules\@eslint-community\eslint-utils\node_modules\eslint-visitor-keys\lib\index.js,index.js,.js,1758,1.72 KB,2026-06-06 16:54:21,node_modules,node_modules\@eslint-community,6
node_modules\@eslint-community\eslint-utils\node_modules\eslint-visitor-keys\lib\visitor-keys.js,C:\Users\Luis\Desktop\das4navy\node_modules\@eslint-community\eslint-utils\node_modules\eslint-visitor-keys\lib\visitor-keys.js,visitor-keys.js,.js,5289,5.17 KB,2026-06-06 16:54:21,node_modules,node_modules\@eslint-community,6
node_modules\@eslint-community\eslint-utils\node_modules\eslint-visitor-keys\package.json,C:\Users\Luis\Desktop\das4navy\node_modules\@eslint-community\eslint-utils\node_modules\eslint-visitor-keys\package.json,package.json,.json,2410,2.35 KB,2026-06-06 16:54:21,node_modules,node_modules\@eslint-community,5
node_modules\@eslint-community\eslint-utils\package.json,C:\Users\Luis\Desktop\das4navy\node_modules\@eslint-community\eslint-utils\package.json,package.json,.json,3064,2.99 KB,2026-06-06 16:54:21,node_modules,node_modules\@eslint-community,3
node_modules\@eslint-community\regexpp\LICENSE,C:\Users\Luis\Desktop\das4navy\node_modules\@eslint-community\regexpp\LICENSE,LICENSE,[no_ext],1071,1.05 KB,2026-06-06 16:54:21,node_modules,node_modules\@eslint-community,3
node_modules\@eslint-community\regexpp\README.md,C:\Users\Luis\Desktop\das4navy\node_modules\@eslint-community\regexpp\README.md,README.md,.md,5663,5.53 KB,2026-06-06 16:54:21,node_modules,node_modules\@eslint-community,3
node_modules\@eslint-community\regexpp\index.d.ts,C:\Users\Luis\Desktop\das4navy\node_modules\@eslint-community\regexpp\index.d.ts,index.d.ts,.ts,37807,36.92 KB,2026-06-06 16:54:21,node_modules,node_modules\@eslint-community,3
node_modules\@eslint-community\regexpp\index.js,C:\Users\Luis\Desktop\das4navy\node_modules\@eslint-community\regexpp\index.js,index.js,.js,109704,107.13 KB,2026-06-06 16:54:21,node_modules,node_modules\@eslint-community,3
node_modules\@eslint-community\regexpp\index.js.map,C:\Users\Luis\Desktop\das4navy\node_modules\@eslint-community\regexpp\index.js.map,index.js.map,.map,103754,101.32 KB,2026-06-06 16:54:21,node_modules,node_modules\@eslint-community,3
node_modules\@eslint-community\regexpp\index.mjs,C:\Users\Luis\Desktop\das4navy\node_modules\@eslint-community\regexpp\index.mjs,index.mjs,.mjs,109467,106.90 KB,2026-06-06 16:54:21,node_modules,node_modules\@eslint-community,3
node_modules\@eslint-community\regexpp\index.mjs.map,C:\Users\Luis\Desktop\das4navy\node_modules\@eslint-community\regexpp\index.mjs.map,index.mjs.map,.map,103745,101.31 KB,2026-06-06 16:54:21,node_modules,node_modules\@eslint-community,3
node_modules\@eslint-community\regexpp\package.json,C:\Users\Luis\Desktop\das4navy\node_modules\@eslint-community\regexpp\package.json,package.json,.json,2783,2.72 KB,2026-06-06 16:54:21,node_modules,node_modules\@eslint-community,3
node_modules\@eslint\config-array\LICENSE,C:\Users\Luis\Desktop\das4navy\node_modules\@eslint\config-array\LICENSE,LICENSE,[no_ext],11357,11.09 KB,2026-06-06 16:54:21,node_modules,node_modules\@eslint,3
node_modules\@eslint\config-array\README.md,C:\Users\Luis\Desktop\das4navy\node_modules\@eslint\config-array\README.md,README.md,.md,17052,16.65 KB,2026-06-06 16:54:22,node_modules,node_modules\@eslint,3
node_modules\@eslint\config-array\dist\cjs\index.cjs,C:\Users\Luis\Desktop\das4navy\node_modules\@eslint\config-array\dist\cjs\index.cjs,index.cjs,.cjs,44061,43.03 KB,2026-06-06 16:54:21,node_modules,node_modules\@eslint,5
node_modules\@eslint\config-array\dist\cjs\index.d.cts,C:\Users\Luis\Desktop\das4navy\node_modules\@eslint\config-array\dist\cjs\index.d.cts,index.d.cts,.cts,7101,6.93 KB,2026-06-06 16:54:21,node_modules,node_modules\@eslint,5
node_modules\@eslint\config-array\dist\cjs\std__path\posix.cjs,C:\Users\Luis\Desktop\das4navy\node_modules\@eslint\config-array\dist\cjs\std__path\posix.cjs,posix.cjs,.cjs,42967,41.96 KB,2026-06-06 16:54:21,node_modules,node_modules\@eslint,6
node_modules\@eslint\config-array\dist\cjs\std__path\windows.cjs,C:\Users\Luis\Desktop\das4navy\node_modules\@eslint\config-array\dist\cjs\std__path\windows.cjs,windows.cjs,.cjs,54516,53.24 KB,2026-06-06 16:54:21,node_modules,node_modules\@eslint,6
node_modules\@eslint\config-array\dist\cjs\types.cts,C:\Users\Luis\Desktop\das4navy\node_modules\@eslint\config-array\dist\cjs\types.cts,types.cts,.cts,861,861.00 B,2026-06-06 16:54:21,node_modules,node_modules\@eslint,5
node_modules\@eslint\config-array\dist\esm\index.d.ts,C:\Users\Luis\Desktop\das4navy\node_modules\@eslint\config-array\dist\esm\index.d.ts,index.d.ts,.ts,7100,6.93 KB,2026-06-06 16:54:22,node_modules,node_modules\@eslint,5
node_modules\@eslint\config-array\dist\esm\index.js,C:\Users\Luis\Desktop\das4navy\node_modules\@eslint\config-array\dist\esm\index.js,index.js,.js,43379,42.36 KB,2026-06-06 16:54:21,node_modules,node_modules\@eslint,5
node_modules\@eslint\config-array\dist\esm\std__path\posix.js,C:\Users\Luis\Desktop\das4navy\node_modules\@eslint\config-array\dist\esm\std__path\posix.js,posix.js,.js,42544,41.55 KB,2026-06-06 16:54:21,node_modules,node_modules\@eslint,6
node_modules\@eslint\config-array\dist\esm\std__path\windows.js,C:\Users\Luis\Desktop\das4navy\node_modules\@eslint\config-array\dist\esm\std__path\windows.js,windows.js,.js,54093,52.83 KB,2026-06-06 16:54:21,node_modules,node_modules\@eslint,6
node_modules\@eslint\config-array\dist\esm\types.d.ts,C:\Users\Luis\Desktop\das4navy\node_modules\@eslint\config-array\dist\esm\types.d.ts,types.d.ts,.ts,855,855.00 B,2026-06-06 16:54:22,node_modules,node_modules\@eslint,5
node_modules\@eslint\config-array\dist\esm\types.ts,C:\Users\Luis\Desktop\das4navy\node_modules\@eslint\config-array\dist\esm\types.ts,types.ts,.ts,861,861.00 B,2026-06-06 16:54:22,node_modules,node_modules\@eslint,5
node_modules\@eslint\config-array\package.json,C:\Users\Luis\Desktop\das4navy\node_modules\@eslint\config-array\package.json,package.json,.json,2005,1.96 KB,2026-06-06 16:54:21,node_modules,node_modules\@eslint,3
node_modules\@eslint\config-helpers\LICENSE,C:\Users\Luis\Desktop\das4navy\node_modules\@eslint\config-helpers\LICENSE,LICENSE,[no_ext],11357,11.09 KB,2026-06-06 16:54:21,node_modules,node_modules\@eslint,3
node_modules\@eslint\config-helpers\README.md,C:\Users\Luis\Desktop\das4navy\node_modules\@eslint\config-helpers\README.md,README.md,.md,6503,6.35 KB,2026-06-06 16:54:21,node_modules,node_modules\@eslint,3
node_modules\@eslint\config-helpers\dist\cjs\index.cjs,C:\Users\Luis\Desktop\das4navy\node_modules\@eslint\config-helpers\dist\cjs\index.cjs,index.cjs,.cjs,23988,23.43 KB,2026-06-06 16:54:21,node_modules,node_modules\@eslint,5
node_modules\@eslint\config-helpers\dist\cjs\index.d.cts,C:\Users\Luis\Desktop\das4navy\node_modules\@eslint\config-helpers\dist\cjs\index.d.cts,index.d.cts,.cts,4486,4.38 KB,2026-06-06 16:54:21,node_modules,node_modules\@eslint,5
node_modules\@eslint\config-helpers\dist\cjs\types.cts,C:\Users\Luis\Desktop\das4navy\node_modules\@eslint\config-helpers\dist\cjs\types.cts,types.cts,.cts,986,986.00 B,2026-06-06 16:54:21,node_modules,node_modules\@eslint,5
node_modules\@eslint\config-helpers\dist\esm\index.d.ts,C:\Users\Luis\Desktop\das4navy\node_modules\@eslint\config-helpers\dist\esm\index.d.ts,index.d.ts,.ts,4485,4.38 KB,2026-06-06 16:54:21,node_modules,node_modules\@eslint,5
node_modules\@eslint\config-helpers\dist\esm\index.js,C:\Users\Luis\Desktop\das4navy\node_modules\@eslint\config-helpers\dist\esm\index.js,index.js,.js,23894,23.33 KB,2026-06-06 16:54:21,node_modules,node_modules\@eslint,5
node_modules\@eslint\config-helpers\dist\esm\types.d.ts,C:\Users\Luis\Desktop\das4navy\node_modules\@eslint\config-helpers\dist\esm\types.d.ts,types.d.ts,.ts,981,981.00 B,2026-06-06 16:54:21,node_modules,node_modules\@eslint,5
node_modules\@eslint\config-helpers\dist\esm\types.ts,C:\Users\Luis\Desktop\das4navy\node_modules\@eslint\config-helpers\dist\esm\types.ts,types.ts,.ts,986,986.00 B,2026-06-06 16:54:21,node_modules,node_modules\@eslint,5
node_modules\@eslint\config-helpers\package.json,C:\Users\Luis\Desktop\das4navy\node_modules\@eslint\config-helpers\package.json,package.json,.json,1814,1.77 KB,2026-06-06 16:54:21,node_modules,node_modules\@eslint,3
node_modules\@eslint\core\LICENSE,C:\Users\Luis\Desktop\das4navy\node_modules\@eslint\core\LICENSE,LICENSE,[no_ext],11357,11.09 KB,2026-06-06 16:54:21,node_modules,node_modules\@eslint,3
node_modules\@eslint\core\README.md,C:\Users\Luis\Desktop\das4navy\node_modules\@eslint\core\README.md,README.md,.md,3413,3.33 KB,2026-06-06 16:54:21,node_modules,node_modules\@eslint,3
node_modules\@eslint\core\dist\cjs\types.d.cts,C:\Users\Luis\Desktop\das4navy\node_modules\@eslint\core\dist\cjs\types.d.cts,types.d.cts,.cts,37998,37.11 KB,2026-06-06 16:54:21,node_modules,node_modules\@eslint,5
node_modules\@eslint\core\dist\esm\types.d.ts,C:\Users\Luis\Desktop\das4navy\node_modules\@eslint\core\dist\esm\types.d.ts,types.d.ts,.ts,37998,37.11 KB,2026-06-06 16:54:21,node_modules,node_modules\@eslint,5
node_modules\@eslint\core\package.json,C:\Users\Luis\Desktop\das4navy\node_modules\@eslint\core\package.json,package.json,.json,1288,1.26 KB,2026-06-06 16:54:21,node_modules,node_modules\@eslint,3
node_modules\@eslint\js\LICENSE,C:\Users\Luis\Desktop\das4navy\node_modules\@eslint\js\LICENSE,LICENSE,[no_ext],1094,1.07 KB,2026-06-06 16:54:21,node_modules,node_modules\@eslint,3
node_modules\@eslint\js\README.md,C:\Users\Luis\Desktop\das4navy\node_modules\@eslint\js\README.md,README.md,.md,2577,2.52 KB,2026-06-06 16:54:21,node_modules,node_modules\@eslint,3
node_modules\@eslint\js\package.json,C:\Users\Luis\Desktop\das4navy\node_modules\@eslint\js\package.json,package.json,.json,911,911.00 B,2026-06-06 16:54:21,node_modules,node_modules\@eslint,3
node_modules\@eslint\js\src\configs\eslint-all.js,C:\Users\Luis\Desktop\das4navy\node_modules\@eslint\js\src\configs\eslint-all.js,eslint-all.js,.js,7591,7.41 KB,2026-06-06 16:54:21,node_modules,node_modules\@eslint,5
node_modules\@eslint\js\src\configs\eslint-recommended.js,C:\Users\Luis\Desktop\das4navy\node_modules\@eslint\js\src\configs\eslint-recommended.js,eslint-recommended.js,.js,2699,2.64 KB,2026-06-06 16:54:21,node_modules,node_modules\@eslint,5
node_modules\@eslint\js\src\index.js,C:\Users\Luis\Desktop\das4navy\node_modules\@eslint\js\src\index.js,index.js,.js,499,499.00 B,2026-06-06 16:54:21,node_modules,node_modules\@eslint,4
node_modules\@eslint\js\types\index.d.ts,C:\Users\Luis\Desktop\das4navy\node_modules\@eslint\js\types\index.d.ts,index.d.ts,.ts,316,316.00 B,2026-06-06 16:54:21,node_modules,node_modules\@eslint,4
node_modules\@eslint\object-schema\LICENSE,C:\Users\Luis\Desktop\das4navy\node_modules\@eslint\object-schema\LICENSE,LICENSE,[no_ext],11357,11.09 KB,2026-06-06 16:54:21,node_modules,node_modules\@eslint,3
node_modules\@eslint\object-schema\README.md,C:\Users\Luis\Desktop\das4navy\node_modules\@eslint\object-schema\README.md,README.md,.md,9231,9.01 KB,2026-06-06 16:54:21,node_modules,node_modules\@eslint,3
node_modules\@eslint\object-schema\dist\cjs\index.cjs,C:\Users\Luis\Desktop\das4navy\node_modules\@eslint\object-schema\dist\cjs\index.cjs,index.cjs,.cjs,13341,13.03 KB,2026-06-06 16:54:21,node_modules,node_modules\@eslint,5
node_modules\@eslint\object-schema\dist\cjs\index.d.cts,C:\Users\Luis\Desktop\das4navy\node_modules\@eslint\object-schema\dist\cjs\index.d.cts,index.d.cts,.cts,5696,5.56 KB,2026-06-06 16:54:21,node_modules,node_modules\@eslint,5
node_modules\@eslint\object-schema\dist\cjs\types.cts,C:\Users\Luis\Desktop\das4navy\node_modules\@eslint\object-schema\dist\cjs\types.cts,types.cts,.cts,2307,2.25 KB,2026-06-06 16:54:21,node_modules,node_modules\@eslint,5
node_modules\@eslint\object-schema\dist\esm\index.d.ts,C:\Users\Luis\Desktop\das4navy\node_modules\@eslint\object-schema\dist\esm\index.d.ts,index.d.ts,.ts,5695,5.56 KB,2026-06-06 16:54:21,node_modules,node_modules\@eslint,5
node_modules\@eslint\object-schema\dist\esm\index.js,C:\Users\Luis\Desktop\das4navy\node_modules\@eslint\object-schema\dist\esm\index.js,index.js,.js,13294,12.98 KB,2026-06-06 16:54:21,node_modules,node_modules\@eslint,5
node_modules\@eslint\object-schema\dist\esm\types.d.ts,C:\Users\Luis\Desktop\das4navy\node_modules\@eslint\object-schema\dist\esm\types.d.ts,types.d.ts,.ts,2125,2.08 KB,2026-06-06 16:54:21,node_modules,node_modules\@eslint,5
node_modules\@eslint\object-schema\dist\esm\types.ts,C:\Users\Luis\Desktop\das4navy\node_modules\@eslint\object-schema\dist\esm\types.ts,types.ts,.ts,2307,2.25 KB,2026-06-06 16:54:21,node_modules,node_modules\@eslint,5
node_modules\@eslint\object-schema\package.json,C:\Users\Luis\Desktop\das4navy\node_modules\@eslint\object-schema\package.json,package.json,.json,1751,1.71 KB,2026-06-06 16:54:21,node_modules,node_modules\@eslint,3
node_modules\@eslint\plugin-kit\LICENSE,C:\Users\Luis\Desktop\das4navy\node_modules\@eslint\plugin-kit\LICENSE,LICENSE,[no_ext],11357,11.09 KB,2026-06-06 16:54:21,node_modules,node_modules\@eslint,3
node_modules\@eslint\plugin-kit\README.md,C:\Users\Luis\Desktop\das4navy\node_modules\@eslint\plugin-kit\README.md,README.md,.md,11828,11.55 KB,2026-06-06 16:54:21,node_modules,node_modules\@eslint,3
node_modules\@eslint\plugin-kit\dist\cjs\index.cjs,C:\Users\Luis\Desktop\das4navy\node_modules\@eslint\plugin-kit\dist\cjs\index.cjs,index.cjs,.cjs,26080,25.47 KB,2026-06-06 16:54:21,node_modules,node_modules\@eslint,5
node_modules\@eslint\plugin-kit\dist\cjs\index.d.cts,C:\Users\Luis\Desktop\das4navy\node_modules\@eslint\plugin-kit\dist\cjs\index.d.cts,index.d.cts,.cts,12616,12.32 KB,2026-06-06 16:54:21,node_modules,node_modules\@eslint,5
node_modules\@eslint\plugin-kit\dist\cjs\types.cts,C:\Users\Luis\Desktop\das4navy\node_modules\@eslint\plugin-kit\dist\cjs\types.cts,types.cts,.cts,2107,2.06 KB,2026-06-06 16:54:21,node_modules,node_modules\@eslint,5
node_modules\@eslint\plugin-kit\dist\cjs\types.d.cts,C:\Users\Luis\Desktop\das4navy\node_modules\@eslint\plugin-kit\dist\cjs\types.d.cts,types.d.cts,.cts,1586,1.55 KB,2026-06-06 16:54:21,node_modules,node_modules\@eslint,5
node_modules\@eslint\plugin-kit\dist\esm\index.d.ts,C:\Users\Luis\Desktop\das4navy\node_modules\@eslint\plugin-kit\dist\esm\index.d.ts,index.d.ts,.ts,12613,12.32 KB,2026-06-06 16:54:21,node_modules,node_modules\@eslint,5
node_modules\@eslint\plugin-kit\dist\esm\index.js,C:\Users\Luis\Desktop\das4navy\node_modules\@eslint\plugin-kit\dist\esm\index.js,index.js,.js,25978,25.37 KB,2026-06-06 16:54:21,node_modules,node_modules\@eslint,5
node_modules\@eslint\plugin-kit\dist\esm\types.d.ts,C:\Users\Luis\Desktop\das4navy\node_modules\@eslint\plugin-kit\dist\esm\types.d.ts,types.d.ts,.ts,1586,1.55 KB,2026-06-06 16:54:21,node_modules,node_modules\@eslint,5
node_modules\@eslint\plugin-kit\dist\esm\types.ts,C:\Users\Luis\Desktop\das4navy\node_modules\@eslint\plugin-kit\dist\esm\types.ts,types.ts,.ts,2107,2.06 KB,2026-06-06 16:54:21,node_modules,node_modules\@eslint,5
node_modules\@eslint\plugin-kit\package.json,C:\Users\Luis\Desktop\das4navy\node_modules\@eslint\plugin-kit\package.json,package.json,.json,1893,1.85 KB,2026-06-06 16:54:21,node_modules,node_modules\@eslint,3
node_modules\@humanfs\core\LICENSE,C:\Users\Luis\Desktop\das4navy\node_modules\@humanfs\core\LICENSE,LICENSE,[no_ext],11357,11.09 KB,2026-06-06 16:54:21,node_modules,node_modules\@humanfs,3
node_modules\@humanfs\core\README.md,C:\Users\Luis\Desktop\das4navy\node_modules\@humanfs\core\README.md,README.md,.md,3336,3.26 KB,2026-06-06 16:54:21,node_modules,node_modules\@humanfs,3
node_modules\@humanfs\core\dist\errors.d.ts,C:\Users\Luis\Desktop\das4navy\node_modules\@humanfs\core\dist\errors.d.ts,errors.d.ts,.ts,1333,1.30 KB,2026-06-06 16:54:21,node_modules,node_modules\@humanfs,4
node_modules\@humanfs\core\dist\fsx.d.ts,C:\Users\Luis\Desktop\das4navy\node_modules\@humanfs\core\dist\fsx.d.ts,fsx.d.ts,.ts,8091,7.90 KB,2026-06-06 16:54:21,node_modules,node_modules\@humanfs,4
node_modules\@humanfs\core\dist\hfs.d.ts,C:\Users\Luis\Desktop\das4navy\node_modules\@humanfs\core\dist\hfs.d.ts,hfs.d.ts,.ts,13528,13.21 KB,2026-06-06 16:54:21,node_modules,node_modules\@humanfs,4
node_modules\@humanfs\core\dist\index.d.ts,C:\Users\Luis\Desktop\das4navy\node_modules\@humanfs\core\dist\index.d.ts,index.d.ts,.ts,95,95.00 B,2026-06-06 16:54:21,node_modules,node_modules\@humanfs,4
node_modules\@humanfs\core\dist\path.d.ts,C:\Users\Luis\Desktop\das4navy\node_modules\@humanfs\core\dist\path.d.ts,path.d.ts,.ts,3082,3.01 KB,2026-06-06 16:54:21,node_modules,node_modules\@humanfs,4
node_modules\@humanfs\core\package.json,C:\Users\Luis\Desktop\das4navy\node_modules\@humanfs\core\package.json,package.json,.json,1096,1.07 KB,2026-06-06 16:54:21,node_modules,node_modules\@humanfs,3
node_modules\@humanfs\core\src\errors.js,C:\Users\Luis\Desktop\das4navy\node_modules\@humanfs\core\src\errors.js,errors.js,.js,1792,1.75 KB,2026-06-06 16:54:21,node_modules,node_modules\@humanfs,4
node_modules\@humanfs\core\src\hfs.js,C:\Users\Luis\Desktop\das4navy\node_modules\@humanfs\core\src\hfs.js,hfs.js,.js,22870,22.33 KB,2026-06-06 16:54:21,node_modules,node_modules\@humanfs,4
node_modules\@humanfs\core\src\index.js,C:\Users\Luis\Desktop\das4navy\node_modules\@humanfs\core\src\index.js,index.js,.js,178,178.00 B,2026-06-06 16:54:21,node_modules,node_modules\@humanfs,4
node_modules\@humanfs\core\src\path.js,C:\Users\Luis\Desktop\das4navy\node_modules\@humanfs\core\src\path.js,path.js,.js,6001,5.86 KB,2026-06-06 16:54:21,node_modules,node_modules\@humanfs,4
node_modules\@humanfs\node\LICENSE,C:\Users\Luis\Desktop\das4navy\node_modules\@humanfs\node\LICENSE,LICENSE,[no_ext],11357,11.09 KB,2026-06-06 16:54:21,node_modules,node_modules\@humanfs,3
node_modules\@humanfs\node\README.md,C:\Users\Luis\Desktop\das4navy\node_modules\@humanfs\node\README.md,README.md,.md,3148,3.07 KB,2026-06-06 16:54:21,node_modules,node_modules\@humanfs,3
node_modules\@humanfs\node\dist\index.d.ts,C:\Users\Luis\Desktop\das4navy\node_modules\@humanfs\node\dist\index.d.ts,index.d.ts,.ts,68,68.00 B,2026-06-06 16:54:21,node_modules,node_modules\@humanfs,4
node_modules\@humanfs\node\dist\node-fsx.d.ts,C:\Users\Luis\Desktop\das4navy\node_modules\@humanfs\node\dist\node-fsx.d.ts,node-fsx.d.ts,.ts,6687,6.53 KB,2026-06-06 16:54:21,node_modules,node_modules\@humanfs,4
node_modules\@humanfs\node\dist\node-hfs.d.ts,C:\Users\Luis\Desktop\das4navy\node_modules\@humanfs\node\dist\node-hfs.d.ts,node-hfs.d.ts,.ts,8298,8.10 KB,2026-06-06 16:54:21,node_modules,node_modules\@humanfs,4
node_modules\@humanfs\node\package.json,C:\Users\Luis\Desktop\das4navy\node_modules\@humanfs\node\package.json,package.json,.json,1254,1.22 KB,2026-06-06 16:54:21,node_modules,node_modules\@humanfs,3
node_modules\@humanfs\node\src\index.js,C:\Users\Luis\Desktop\das4navy\node_modules\@humanfs\node\src\index.js,index.js,.js,170,170.00 B,2026-06-06 16:54:21,node_modules,node_modules\@humanfs,4
node_modules\@humanfs\node\src\node-hfs.js,C:\Users\Luis\Desktop\das4navy\node_modules\@humanfs\node\src\node-hfs.js,node-hfs.js,.js,13490,13.17 KB,2026-06-06 16:54:21,node_modules,node_modules\@humanfs,4
node_modules\@humanfs\types\CHANGELOG.md,C:\Users\Luis\Desktop\das4navy\node_modules\@humanfs\types\CHANGELOG.md,CHANGELOG.md,.md,6913,6.75 KB,2026-06-06 16:54:21,node_modules,node_modules\@humanfs,3
node_modules\@humanfs\types\README.md,C:\Users\Luis\Desktop\das4navy\node_modules\@humanfs\types\README.md,README.md,.md,497,497.00 B,2026-06-06 16:54:21,node_modules,node_modules\@humanfs,3
node_modules\@humanfs\types\package.json,C:\Users\Luis\Desktop\das4navy\node_modules\@humanfs\types\package.json,package.json,.json,878,878.00 B,2026-06-06 16:54:21,node_modules,node_modules\@humanfs,3
node_modules\@humanfs\types\src\hfs-types.ts,C:\Users\Luis\Desktop\das4navy\node_modules\@humanfs\types\src\hfs-types.ts,hfs-types.ts,.ts,6682,6.53 KB,2026-06-06 16:54:21,node_modules,node_modules\@humanfs,4
node_modules\@humanfs\types\tsconfig.json,C:\Users\Luis\Desktop\das4navy\node_modules\@humanfs\types\tsconfig.json,tsconfig.json,.json,271,271.00 B,2026-06-06 16:54:21,node_modules,node_modules\@humanfs,3
node_modules\@humanwhocodes\module-importer\CHANGELOG.md,C:\Users\Luis\Desktop\das4navy\node_modules\@humanwhocodes\module-importer\CHANGELOG.md,CHANGELOG.md,.md,530,530.00 B,2026-06-06 16:54:21,node_modules,node_modules\@humanwhocodes,3
node_modules\@humanwhocodes\module-importer\LICENSE,C:\Users\Luis\Desktop\das4navy\node_modules\@humanwhocodes\module-importer\LICENSE,LICENSE,[no_ext],11357,11.09 KB,2026-06-06 16:54:21,node_modules,node_modules\@humanwhocodes,3
node_modules\@humanwhocodes\module-importer\README.md,C:\Users\Luis\Desktop\das4navy\node_modules\@humanwhocodes\module-importer\README.md,README.md,.md,2092,2.04 KB,2026-06-06 16:54:21,node_modules,node_modules\@humanwhocodes,3
node_modules\@humanwhocodes\module-importer\dist\module-importer.cjs,C:\Users\Luis\Desktop\das4navy\node_modules\@humanwhocodes\module-importer\dist\module-importer.cjs,module-importer.cjs,.cjs,854,854.00 B,2026-06-06 16:54:21,node_modules,node_modules\@humanwhocodes,4
node_modules\@humanwhocodes\module-importer\dist\module-importer.d.cts,C:\Users\Luis\Desktop\das4navy\node_modules\@humanwhocodes\module-importer\dist\module-importer.d.cts,module-importer.d.cts,.cts,910,910.00 B,2026-06-06 16:54:21,node_modules,node_modules\@humanwhocodes,4
node_modules\@humanwhocodes\module-importer\dist\module-importer.d.ts,C:\Users\Luis\Desktop\das4navy\node_modules\@humanwhocodes\module-importer\dist\module-importer.d.ts,module-importer.d.ts,.ts,83,83.00 B,2026-06-06 16:54:21,node_modules,node_modules\@humanwhocodes,4
node_modules\@humanwhocodes\module-importer\dist\module-importer.js,C:\Users\Luis\Desktop\das4navy\node_modules\@humanwhocodes\module-importer\dist\module-importer.js,module-importer.js,.js,561,561.00 B,2026-06-06 16:54:21,node_modules,node_modules\@humanwhocodes,4
node_modules\@humanwhocodes\module-importer\package.json,C:\Users\Luis\Desktop\das4navy\node_modules\@humanwhocodes\module-importer\package.json,package.json,.json,1490,1.46 KB,2026-06-06 16:54:21,node_modules,node_modules\@humanwhocodes,3
node_modules\@humanwhocodes\module-importer\src\module-importer.cjs,C:\Users\Luis\Desktop\das4navy\node_modules\@humanwhocodes\module-importer\src\module-importer.cjs,module-importer.cjs,.cjs,2567,2.51 KB,2026-06-06 16:54:21,node_modules,node_modules\@humanwhocodes,4
node_modules\@humanwhocodes\module-importer\src\module-importer.js,C:\Users\Luis\Desktop\das4navy\node_modules\@humanwhocodes\module-importer\src\module-importer.js,module-importer.js,.js,733,733.00 B,2026-06-06 16:54:21,node_modules,node_modules\@humanwhocodes,4
node_modules\@humanwhocodes\retry\LICENSE,C:\Users\Luis\Desktop\das4navy\node_modules\@humanwhocodes\retry\LICENSE,LICENSE,[no_ext],11357,11.09 KB,2026-06-06 16:54:21,node_modules,node_modules\@humanwhocodes,3
node_modules\@humanwhocodes\retry\README.md,C:\Users\Luis\Desktop\das4navy\node_modules\@humanwhocodes\retry\README.md,README.md,.md,4267,4.17 KB,2026-06-06 16:54:21,node_modules,node_modules\@humanwhocodes,3
node_modules\@humanwhocodes\retry\dist\retrier.cjs,C:\Users\Luis\Desktop\das4navy\node_modules\@humanwhocodes\retry\dist\retrier.cjs,retrier.cjs,.cjs,13766,13.44 KB,2026-06-06 16:54:21,node_modules,node_modules\@humanwhocodes,4
node_modules\@humanwhocodes\retry\dist\retrier.d.cts,C:\Users\Luis\Desktop\das4navy\node_modules\@humanwhocodes\retry\dist\retrier.d.cts,retrier.d.cts,.cts,1889,1.84 KB,2026-06-06 16:54:21,node_modules,node_modules\@humanwhocodes,4
node_modules\@humanwhocodes\retry\dist\retrier.d.ts,C:\Users\Luis\Desktop\das4navy\node_modules\@humanwhocodes\retry\dist\retrier.d.ts,retrier.d.ts,.ts,1889,1.84 KB,2026-06-06 16:54:21,node_modules,node_modules\@humanwhocodes,4
node_modules\@humanwhocodes\retry\dist\retrier.js,C:\Users\Luis\Desktop\das4navy\node_modules\@humanwhocodes\retry\dist\retrier.js,retrier.js,.js,13779,13.46 KB,2026-06-06 16:54:21,node_modules,node_modules\@humanwhocodes,4
node_modules\@humanwhocodes\retry\dist\retrier.min.js,C:\Users\Luis\Desktop\das4navy\node_modules\@humanwhocodes\retry\dist\retrier.min.js,retrier.min.js,.js,3103,3.03 KB,2026-06-06 16:54:21,node_modules,node_modules\@humanwhocodes,4
node_modules\@humanwhocodes\retry\dist\retrier.mjs,C:\Users\Luis\Desktop\das4navy\node_modules\@humanwhocodes\retry\dist\retrier.mjs,retrier.mjs,.mjs,13744,13.42 KB,2026-06-06 16:54:21,node_modules,node_modules\@humanwhocodes,4
node_modules\@humanwhocodes\retry\package.json,C:\Users\Luis\Desktop\das4navy\node_modules\@humanwhocodes\retry\package.json,package.json,.json,1917,1.87 KB,2026-06-06 16:54:21,node_modules,node_modules\@humanwhocodes,3
node_modules\@jridgewell\gen-mapping\LICENSE,C:\Users\Luis\Desktop\das4navy\node_modules\@jridgewell\gen-mapping\LICENSE,LICENSE,[no_ext],1080,1.05 KB,2026-06-06 16:54:21,node_modules,node_modules\@jridgewell,3
node_modules\@jridgewell\gen-mapping\README.md,C:\Users\Luis\Desktop\das4navy\node_modules\@jridgewell\gen-mapping\README.md,README.md,.md,7506,7.33 KB,2026-06-06 16:54:22,node_modules,node_modules\@jridgewell,3
node_modules\@jridgewell\gen-mapping\dist\gen-mapping.mjs,C:\Users\Luis\Desktop\das4navy\node_modules\@jridgewell\gen-mapping\dist\gen-mapping.mjs,gen-mapping.mjs,.mjs,7969,7.78 KB,2026-06-06 16:54:22,node_modules,node_modules\@jridgewell,4
node_modules\@jridgewell\gen-mapping\dist\gen-mapping.mjs.map,C:\Users\Luis\Desktop\das4navy\node_modules\@jridgewell\gen-mapping\dist\gen-mapping.mjs.map,gen-mapping.mjs.map,.map,5917,5.78 KB,2026-06-06 16:54:21,node_modules,node_modules\@jridgewell,4
node_modules\@jridgewell\gen-mapping\dist\gen-mapping.umd.js,C:\Users\Luis\Desktop\das4navy\node_modules\@jridgewell\gen-mapping\dist\gen-mapping.umd.js,gen-mapping.umd.js,.js,11170,10.91 KB,2026-06-06 16:54:21,node_modules,node_modules\@jridgewell,4
node_modules\@jridgewell\gen-mapping\dist\gen-mapping.umd.js.map,C:\Users\Luis\Desktop\das4navy\node_modules\@jridgewell\gen-mapping\dist\gen-mapping.umd.js.map,gen-mapping.umd.js.map,.map,6222,6.08 KB,2026-06-06 16:54:21,node_modules,node_modules\@jridgewell,4
node_modules\@jridgewell\gen-mapping\dist\types\gen-mapping.d.ts,C:\Users\Luis\Desktop\das4navy\node_modules\@jridgewell\gen-mapping\dist\types\gen-mapping.d.ts,gen-mapping.d.ts,.ts,3826,3.74 KB,2026-06-06 16:54:22,node_modules,node_modules\@jridgewell,5
node_modules\@jridgewell\gen-mapping\dist\types\set-array.d.ts,C:\Users\Luis\Desktop\das4navy\node_modules\@jridgewell\gen-mapping\dist\types\set-array.d.ts,set-array.d.ts,.ts,1217,1.19 KB,2026-06-06 16:54:22,node_modules,node_modules\@jridgewell,5
node_modules\@jridgewell\gen-mapping\dist\types\sourcemap-segment.d.ts,C:\Users\Luis\Desktop\das4navy\node_modules\@jridgewell\gen-mapping\dist\types\sourcemap-segment.d.ts,sourcemap-segment.d.ts,.ts,521,521.00 B,2026-06-06 16:54:22,node_modules,node_modules\@jridgewell,5
node_modules\@jridgewell\gen-mapping\dist\types\types.d.ts,C:\Users\Luis\Desktop\das4navy\node_modules\@jridgewell\gen-mapping\dist\types\types.d.ts,types.d.ts,.ts,997,997.00 B,2026-06-06 16:54:22,node_modules,node_modules\@jridgewell,5
node_modules\@jridgewell\gen-mapping\package.json,C:\Users\Luis\Desktop\das4navy\node_modules\@jridgewell\gen-mapping\package.json,package.json,.json,2201,2.15 KB,2026-06-06 16:54:21,node_modules,node_modules\@jridgewell,3
node_modules\@jridgewell\gen-mapping\src\gen-mapping.ts,C:\Users\Luis\Desktop\das4navy\node_modules\@jridgewell\gen-mapping\src\gen-mapping.ts,gen-mapping.ts,.ts,17131,16.73 KB,2026-06-06 16:54:22,node_modules,node_modules\@jridgewell,4
node_modules\@jridgewell\gen-mapping\src\set-array.ts,C:\Users\Luis\Desktop\das4navy\node_modules\@jridgewell\gen-mapping\src\set-array.ts,set-array.ts,.ts,2362,2.31 KB,2026-06-06 16:54:22,node_modules,node_modules\@jridgewell,4
node_modules\@jridgewell\gen-mapping\src\sourcemap-segment.ts,C:\Users\Luis\Desktop\das4navy\node_modules\@jridgewell\gen-mapping\src\sourcemap-segment.ts,sourcemap-segment.ts,.ts,480,480.00 B,2026-06-06 16:54:22,node_modules,node_modules\@jridgewell,4
node_modules\@jridgewell\gen-mapping\src\types.ts,C:\Users\Luis\Desktop\das4navy\node_modules\@jridgewell\gen-mapping\src\types.ts,types.ts,.ts,1438,1.40 KB,2026-06-06 16:54:22,node_modules,node_modules\@jridgewell,4
node_modules\@jridgewell\gen-mapping\types\gen-mapping.d.cts,C:\Users\Luis\Desktop\das4navy\node_modules\@jridgewell\gen-mapping\types\gen-mapping.d.cts,gen-mapping.d.cts,.cts,3871,3.78 KB,2026-06-06 16:54:21,node_modules,node_modules\@jridgewell,4
node_modules\@jridgewell\gen-mapping\types\gen-mapping.d.cts.map,C:\Users\Luis\Desktop\das4navy\node_modules\@jridgewell\gen-mapping\types\gen-mapping.d.cts.map,gen-mapping.d.cts.map,.map,2603,2.54 KB,2026-06-06 16:54:21,node_modules,node_modules\@jridgewell,4
node_modules\@jridgewell\gen-mapping\types\gen-mapping.d.mts,C:\Users\Luis\Desktop\das4navy\node_modules\@jridgewell\gen-mapping\types\gen-mapping.d.mts,gen-mapping.d.mts,.mts,3871,3.78 KB,2026-06-06 16:54:22,node_modules,node_modules\@jridgewell,4
node_modules\@jridgewell\gen-mapping\types\gen-mapping.d.mts.map,C:\Users\Luis\Desktop\das4navy\node_modules\@jridgewell\gen-mapping\types\gen-mapping.d.mts.map,gen-mapping.d.mts.map,.map,2603,2.54 KB,2026-06-06 16:54:21,node_modules,node_modules\@jridgewell,4
node_modules\@jridgewell\gen-mapping\types\set-array.d.cts,C:\Users\Luis\Desktop\das4navy\node_modules\@jridgewell\gen-mapping\types\set-array.d.cts,set-array.d.cts,.cts,1256,1.23 KB,2026-06-06 16:54:21,node_modules,node_modules\@jridgewell,4
node_modules\@jridgewell\gen-mapping\types\set-array.d.cts.map,C:\Users\Luis\Desktop\das4navy\node_modules\@jridgewell\gen-mapping\types\set-array.d.cts.map,set-array.d.cts.map,.map,757,757.00 B,2026-06-06 16:54:21,node_modules,node_modules\@jridgewell,4
node_modules\@jridgewell\gen-mapping\types\set-array.d.mts,C:\Users\Luis\Desktop\das4navy\node_modules\@jridgewell\gen-mapping\types\set-array.d.mts,set-array.d.mts,.mts,1256,1.23 KB,2026-06-06 16:54:22,node_modules,node_modules\@jridgewell,4
node_modules\@jridgewell\gen-mapping\types\set-array.d.mts.map,C:\Users\Luis\Desktop\das4navy\node_modules\@jridgewell\gen-mapping\types\set-array.d.mts.map,set-array.d.mts.map,.map,757,757.00 B,2026-06-06 16:54:21,node_modules,node_modules\@jridgewell,4
node_modules\@jridgewell\gen-mapping\types\sourcemap-segment.d.cts,C:\Users\Luis\Desktop\das4navy\node_modules\@jridgewell\gen-mapping\types\sourcemap-segment.d.cts,sourcemap-segment.d.cts,.cts,568,568.00 B,2026-06-06 16:54:21,node_modules,node_modules\@jridgewell,4
node_modules\@jridgewell\gen-mapping\types\sourcemap-segment.d.cts.map,C:\Users\Luis\Desktop\das4navy\node_modules\@jridgewell\gen-mapping\types\sourcemap-segment.d.cts.map,sourcemap-segment.d.cts.map,.map,597,597.00 B,2026-06-06 16:54:21,node_modules,node_modules\@jridgewell,4
node_modules\@jridgewell\gen-mapping\types\sourcemap-segment.d.mts,C:\Users\Luis\Desktop\das4navy\node_modules\@jridgewell\gen-mapping\types\sourcemap-segment.d.mts,sourcemap-segment.d.mts,.mts,568,568.00 B,2026-06-06 16:54:22,node_modules,node_modules\@jridgewell,4
node_modules\@jridgewell\gen-mapping\types\sourcemap-segment.d.mts.map,C:\Users\Luis\Desktop\das4navy\node_modules\@jridgewell\gen-mapping\types\sourcemap-segment.d.mts.map,sourcemap-segment.d.mts.map,.map,597,597.00 B,2026-06-06 16:54:21,node_modules,node_modules\@jridgewell,4
node_modules\@jridgewell\gen-mapping\types\types.d.cts,C:\Users\Luis\Desktop\das4navy\node_modules\@jridgewell\gen-mapping\types\types.d.cts,types.d.cts,.cts,1036,1.01 KB,2026-06-06 16:54:21,node_modules,node_modules\@jridgewell,4
node_modules\@jridgewell\gen-mapping\types\types.d.cts.map,C:\Users\Luis\Desktop\das4navy\node_modules\@jridgewell\gen-mapping\types\types.d.cts.map,types.d.cts.map,.map,1192,1.16 KB,2026-06-06 16:54:21,node_modules,node_modules\@jridgewell,4
node_modules\@jridgewell\gen-mapping\types\types.d.mts,C:\Users\Luis\Desktop\das4navy\node_modules\@jridgewell\gen-mapping\types\types.d.mts,types.d.mts,.mts,1036,1.01 KB,2026-06-06 16:54:22,node_modules,node_modules\@jridgewell,4
node_modules\@jridgewell\gen-mapping\types\types.d.mts.map,C:\Users\Luis\Desktop\das4navy\node_modules\@jridgewell\gen-mapping\types\types.d.mts.map,types.d.mts.map,.map,1192,1.16 KB,2026-06-06 16:54:22,node_modules,node_modules\@jridgewell,4
node_modules\@jridgewell\remapping\LICENSE,C:\Users\Luis\Desktop\das4navy\node_modules\@jridgewell\remapping\LICENSE,LICENSE,[no_ext],1080,1.05 KB,2026-06-06 16:54:21,node_modules,node_modules\@jridgewell,3
node_modules\@jridgewell\remapping\README.md,C:\Users\Luis\Desktop\das4navy\node_modules\@jridgewell\remapping\README.md,README.md,.md,7304,7.13 KB,2026-06-06 16:54:22,node_modules,node_modules\@jridgewell,3
node_modules\@jridgewell\remapping\dist\remapping.mjs,C:\Users\Luis\Desktop\das4navy\node_modules\@jridgewell\remapping\dist\remapping.mjs,remapping.mjs,.mjs,4829,4.72 KB,2026-06-06 16:54:22,node_modules,node_modules\@jridgewell,4
node_modules\@jridgewell\remapping\dist\remapping.mjs.map,C:\Users\Luis\Desktop\das4navy\node_modules\@jridgewell\remapping\dist\remapping.mjs.map,remapping.mjs.map,.map,3558,3.47 KB,2026-06-06 16:54:21,node_modules,node_modules\@jridgewell,4
node_modules\@jridgewell\remapping\dist\remapping.umd.js,C:\Users\Luis\Desktop\das4navy\node_modules\@jridgewell\remapping\dist\remapping.umd.js,remapping.umd.js,.js,7880,7.70 KB,2026-06-06 16:54:21,node_modules,node_modules\@jridgewell,4
node_modules\@jridgewell\remapping\dist\remapping.umd.js.map,C:\Users\Luis\Desktop\das4navy\node_modules\@jridgewell\remapping\dist\remapping.umd.js.map,remapping.umd.js.map,.map,3849,3.76 KB,2026-06-06 16:54:21,node_modules,node_modules\@jridgewell,4
node_modules\@jridgewell\remapping\package.json,C:\Users\Luis\Desktop\das4navy\node_modules\@jridgewell\remapping\package.json,package.json,.json,2307,2.25 KB,2026-06-06 16:54:21,node_modules,node_modules\@jridgewell,3
node_modules\@jridgewell\remapping\src\build-source-map-tree.ts,C:\Users\Luis\Desktop\das4navy\node_modules\@jridgewell\remapping\src\build-source-map-tree.ts,build-source-map-tree.ts,.ts,3393,3.31 KB,2026-06-06 16:54:22,node_modules,node_modules\@jridgewell,4
node_modules\@jridgewell\remapping\src\remapping.ts,C:\Users\Luis\Desktop\das4navy\node_modules\@jridgewell\remapping\src\remapping.ts,remapping.ts,.ts,1448,1.41 KB,2026-06-06 16:54:22,node_modules,node_modules\@jridgewell,4
node_modules\@jridgewell\remapping\src\source-map-tree.ts,C:\Users\Luis\Desktop\das4navy\node_modules\@jridgewell\remapping\src\source-map-tree.ts,source-map-tree.ts,.ts,4823,4.71 KB,2026-06-06 16:54:22,node_modules,node_modules\@jridgewell,4
node_modules\@jridgewell\remapping\src\source-map.ts,C:\Users\Luis\Desktop\das4navy\node_modules\@jridgewell\remapping\src\source-map.ts,source-map.ts,.ts,1357,1.33 KB,2026-06-06 16:54:22,node_modules,node_modules\@jridgewell,4
node_modules\@jridgewell\remapping\src\types.ts,C:\Users\Luis\Desktop\das4navy\node_modules\@jridgewell\remapping\src\types.ts,types.ts,.ts,588,588.00 B,2026-06-06 16:54:22,node_modules,node_modules\@jridgewell,4
node_modules\@jridgewell\remapping\types\build-source-map-tree.d.cts,C:\Users\Luis\Desktop\das4navy\node_modules\@jridgewell\remapping\types\build-source-map-tree.d.cts,build-source-map-tree.d.cts,.cts,858,858.00 B,2026-06-06 16:54:21,node_modules,node_modules\@jridgewell,4
node_modules\@jridgewell\remapping\types\build-source-map-tree.d.cts.map,C:\Users\Luis\Desktop\das4navy\node_modules\@jridgewell\remapping\types\build-source-map-tree.d.cts.map,build-source-map-tree.d.cts.map,.map,375,375.00 B,2026-06-06 16:54:21,node_modules,node_modules\@jridgewell,4
node_modules\@jridgewell\remapping\types\build-source-map-tree.d.mts,C:\Users\Luis\Desktop\das4navy\node_modules\@jridgewell\remapping\types\build-source-map-tree.d.mts,build-source-map-tree.d.mts,.mts,858,858.00 B,2026-06-06 16:54:22,node_modules,node_modules\@jridgewell,4
node_modules\@jridgewell\remapping\types\build-source-map-tree.d.mts.map,C:\Users\Luis\Desktop\das4navy\node_modules\@jridgewell\remapping\types\build-source-map-tree.d.mts.map,build-source-map-tree.d.mts.map,.map,375,375.00 B,2026-06-06 16:54:21,node_modules,node_modules\@jridgewell,4
node_modules\@jridgewell\remapping\types\remapping.d.cts,C:\Users\Luis\Desktop\das4navy\node_modules\@jridgewell\remapping\types\remapping.d.cts,remapping.d.cts,.cts,1145,1.12 KB,2026-06-06 16:54:21,node_modules,node_modules\@jridgewell,4
node_modules\@jridgewell\remapping\types\remapping.d.cts.map,C:\Users\Luis\Desktop\das4navy\node_modules\@jridgewell\remapping\types\remapping.d.cts.map,remapping.d.cts.map,.map,534,534.00 B,2026-06-06 16:54:21,node_modules,node_modules\@jridgewell,4
node_modules\@jridgewell\remapping\types\remapping.d.mts,C:\Users\Luis\Desktop\das4navy\node_modules\@jridgewell\remapping\types\remapping.d.mts,remapping.d.mts,.mts,1145,1.12 KB,2026-06-06 16:54:22,node_modules,node_modules\@jridgewell,4
node_modules\@jridgewell\remapping\types\remapping.d.mts.map,C:\Users\Luis\Desktop\das4navy\node_modules\@jridgewell\remapping\types\remapping.d.mts.map,remapping.d.mts.map,.map,534,534.00 B,2026-06-06 16:54:21,node_modules,node_modules\@jridgewell,4
node_modules\@jridgewell\remapping\types\source-map-tree.d.cts,C:\Users\Luis\Desktop\das4navy\node_modules\@jridgewell\remapping\types\source-map-tree.d.cts,source-map-tree.d.cts,.cts,1688,1.65 KB,2026-06-06 16:54:21,node_modules,node_modules\@jridgewell,4
node_modules\@jridgewell\remapping\types\source-map-tree.d.cts.map,C:\Users\Luis\Desktop\das4navy\node_modules\@jridgewell\remapping\types\source-map-tree.d.cts.map,source-map-tree.d.cts.map,.map,1222,1.19 KB,2026-06-06 16:54:21,node_modules,node_modules\@jridgewell,4
node_modules\@jridgewell\remapping\types\source-map-tree.d.mts,C:\Users\Luis\Desktop\das4navy\node_modules\@jridgewell\remapping\types\source-map-tree.d.mts,source-map-tree.d.mts,.mts,1688,1.65 KB,2026-06-06 16:54:22,node_modules,node_modules\@jridgewell,4
node_modules\@jridgewell\remapping\types\source-map-tree.d.mts.map,C:\Users\Luis\Desktop\das4navy\node_modules\@jridgewell\remapping\types\source-map-tree.d.mts.map,source-map-tree.d.mts.map,.map,1222,1.19 KB,2026-06-06 16:54:21,node_modules,node_modules\@jridgewell,4
node_modules\@jridgewell\remapping\types\source-map.d.cts,C:\Users\Luis\Desktop\das4navy\node_modules\@jridgewell\remapping\types\source-map.d.cts,source-map.d.cts,.cts,667,667.00 B,2026-06-06 16:54:21,node_modules,node_modules\@jridgewell,4
node_modules\@jridgewell\remapping\types\source-map.d.cts.map,C:\Users\Luis\Desktop\das4navy\node_modules\@jridgewell\remapping\types\source-map.d.cts.map,source-map.d.cts.map,.map,688,688.00 B,2026-06-06 16:54:21,node_modules,node_modules\@jridgewell,4
node_modules\@jridgewell\remapping\types\source-map.d.mts,C:\Users\Luis\Desktop\das4navy\node_modules\@jridgewell\remapping\types\source-map.d.mts,source-map.d.mts,.mts,667,667.00 B,2026-06-06 16:54:22,node_modules,node_modules\@jridgewell,4
node_modules\@jridgewell\remapping\types\source-map.d.mts.map,C:\Users\Luis\Desktop\das4navy\node_modules\@jridgewell\remapping\types\source-map.d.mts.map,source-map.d.mts.map,.map,688,688.00 B,2026-06-06 16:54:22,node_modules,node_modules\@jridgewell,4
node_modules\@jridgewell\remapping\types\types.d.cts,C:\Users\Luis\Desktop\das4navy\node_modules\@jridgewell\remapping\types\types.d.cts,types.d.cts,.cts,619,619.00 B,2026-06-06 16:54:21,node_modules,node_modules\@jridgewell,4
node_modules\@jridgewell\remapping\types\types.d.cts.map,C:\Users\Luis\Desktop\das4navy\node_modules\@jridgewell\remapping\types\types.d.cts.map,types.d.cts.map,.map,679,679.00 B,2026-06-06 16:54:22,node_modules,node_modules\@jridgewell,4
node_modules\@jridgewell\remapping\types\types.d.mts,C:\Users\Luis\Desktop\das4navy\node_modules\@jridgewell\remapping\types\types.d.mts,types.d.mts,.mts,619,619.00 B,2026-06-06 16:54:22,node_modules,node_modules\@jridgewell,4
node_modules\@jridgewell\remapping\types\types.d.mts.map,C:\Users\Luis\Desktop\das4navy\node_modules\@jridgewell\remapping\types\types.d.mts.map,types.d.mts.map,.map,679,679.00 B,2026-06-06 16:54:22,node_modules,node_modules\@jridgewell,4
node_modules\@jridgewell\resolve-uri\LICENSE,C:\Users\Luis\Desktop\das4navy\node_modules\@jridgewell\resolve-uri\LICENSE,LICENSE,[no_ext],1079,1.05 KB,2026-06-06 16:54:21,node_modules,node_modules\@jridgewell,3
node_modules\@jridgewell\resolve-uri\README.md,C:\Users\Luis\Desktop\das4navy\node_modules\@jridgewell\resolve-uri\README.md,README.md,.md,2826,2.76 KB,2026-06-06 16:54:21,node_modules,node_modules\@jridgewell,3
node_modules\@jridgewell\resolve-uri\dist\resolve-uri.mjs,C:\Users\Luis\Desktop\das4navy\node_modules\@jridgewell\resolve-uri\dist\resolve-uri.mjs,resolve-uri.mjs,.mjs,8609,8.41 KB,2026-06-06 16:54:21,node_modules,node_modules\@jridgewell,4
node_modules\@jridgewell\resolve-uri\dist\resolve-uri.mjs.map,C:\Users\Luis\Desktop\das4navy\node_modules\@jridgewell\resolve-uri\dist\resolve-uri.mjs.map,resolve-uri.mjs.map,.map,14262,13.93 KB,2026-06-06 16:54:21,node_modules,node_modules\@jridgewell,4
node_modules\@jridgewell\resolve-uri\dist\resolve-uri.umd.js,C:\Users\Luis\Desktop\das4navy\node_modules\@jridgewell\resolve-uri\dist\resolve-uri.umd.js,resolve-uri.umd.js,.js,9866,9.63 KB,2026-06-06 16:54:21,node_modules,node_modules\@jridgewell,4
node_modules\@jridgewell\resolve-uri\dist\resolve-uri.umd.js.map,C:\Users\Luis\Desktop\das4navy\node_modules\@jridgewell\resolve-uri\dist\resolve-uri.umd.js.map,resolve-uri.umd.js.map,.map,14298,13.96 KB,2026-06-06 16:54:21,node_modules,node_modules\@jridgewell,4
node_modules\@jridgewell\resolve-uri\dist\types\resolve-uri.d.ts,C:\Users\Luis\Desktop\das4navy\node_modules\@jridgewell\resolve-uri\dist\types\resolve-uri.d.ts,resolve-uri.d.ts,.ts,150,150.00 B,2026-06-06 16:54:21,node_modules,node_modules\@jridgewell,5
node_modules\@jridgewell\resolve-uri\package.json,C:\Users\Luis\Desktop\das4navy\node_modules\@jridgewell\resolve-uri\package.json,package.json,.json,2063,2.01 KB,2026-06-06 16:54:21,node_modules,node_modules\@jridgewell,3
node_modules\@jridgewell\sourcemap-codec\LICENSE,C:\Users\Luis\Desktop\das4navy\node_modules\@jridgewell\sourcemap-codec\LICENSE,LICENSE,[no_ext],1080,1.05 KB,2026-06-06 16:54:21,node_modules,node_modules\@jridgewell,3
node_modules\@jridgewell\sourcemap-codec\README.md,C:\Users\Luis\Desktop\das4navy\node_modules\@jridgewell\sourcemap-codec\README.md,README.md,.md,10051,9.82 KB,2026-06-06 16:54:22,node_modules,node_modules\@jridgewell,3
node_modules\@jridgewell\sourcemap-codec\dist\sourcemap-codec.mjs,C:\Users\Luis\Desktop\das4navy\node_modules\@jridgewell\sourcemap-codec\dist\sourcemap-codec.mjs,sourcemap-codec.mjs,.mjs,12869,12.57 KB,2026-06-06 16:54:22,node_modules,node_modules\@jridgewell,4
node_modules\@jridgewell\sourcemap-codec\dist\sourcemap-codec.mjs.map,C:\Users\Luis\Desktop\das4navy\node_modules\@jridgewell\sourcemap-codec\dist\sourcemap-codec.mjs.map,sourcemap-codec.mjs.map,.map,9612,9.39 KB,2026-06-06 16:54:21,node_modules,node_modules\@jridgewell,4
node_modules\@jridgewell\sourcemap-codec\dist\sourcemap-codec.umd.js,C:\Users\Luis\Desktop\das4navy\node_modules\@jridgewell\sourcemap-codec\dist\sourcemap-codec.umd.js,sourcemap-codec.umd.js,.js,14590,14.25 KB,2026-06-06 16:54:21,node_modules,node_modules\@jridgewell,4
node_modules\@jridgewell\sourcemap-codec\dist\sourcemap-codec.umd.js.map,C:\Users\Luis\Desktop\das4navy\node_modules\@jridgewell\sourcemap-codec\dist\sourcemap-codec.umd.js.map,sourcemap-codec.umd.js.map,.map,9700,9.47 KB,2026-06-06 16:54:21,node_modules,node_modules\@jridgewell,4
node_modules\@jridgewell\sourcemap-codec\package.json,C:\Users\Luis\Desktop\das4navy\node_modules\@jridgewell\sourcemap-codec\package.json,package.json,.json,2150,2.10 KB,2026-06-06 16:54:21,node_modules,node_modules\@jridgewell,3
node_modules\@jridgewell\sourcemap-codec\src\scopes.ts,C:\Users\Luis\Desktop\das4navy\node_modules\@jridgewell\sourcemap-codec\src\scopes.ts,scopes.ts,.ts,9713,9.49 KB,2026-06-06 16:54:22,node_modules,node_modules\@jridgewell,4
node_modules\@jridgewell\sourcemap-codec\src\sourcemap-codec.ts,C:\Users\Luis\Desktop\das4navy\node_modules\@jridgewell\sourcemap-codec\src\sourcemap-codec.ts,sourcemap-codec.ts,.ts,3203,3.13 KB,2026-06-06 16:54:22,node_modules,node_modules\@jridgewell,4
node_modules\@jridgewell\sourcemap-codec\src\strings.ts,C:\Users\Luis\Desktop\das4navy\node_modules\@jridgewell\sourcemap-codec\src\strings.ts,strings.ts,.ts,1503,1.47 KB,2026-06-06 16:54:22,node_modules,node_modules\@jridgewell,4
node_modules\@jridgewell\sourcemap-codec\src\vlq.ts,C:\Users\Luis\Desktop\das4navy\node_modules\@jridgewell\sourcemap-codec\src\vlq.ts,vlq.ts,.ts,1387,1.35 KB,2026-06-06 16:54:22,node_modules,node_modules\@jridgewell,4
node_modules\@jridgewell\sourcemap-codec\types\scopes.d.cts,C:\Users\Luis\Desktop\das4navy\node_modules\@jridgewell\sourcemap-codec\types\scopes.d.cts,scopes.d.cts,.cts,1151,1.12 KB,2026-06-06 16:54:21,node_modules,node_modules\@jridgewell,4
node_modules\@jridgewell\sourcemap-codec\types\scopes.d.cts.map,C:\Users\Luis\Desktop\das4navy\node_modules\@jridgewell\sourcemap-codec\types\scopes.d.cts.map,scopes.d.cts.map,.map,1348,1.32 KB,2026-06-06 16:54:21,node_modules,node_modules\@jridgewell,4
node_modules\@jridgewell\sourcemap-codec\types\scopes.d.mts,C:\Users\Luis\Desktop\das4navy\node_modules\@jridgewell\sourcemap-codec\types\scopes.d.mts,scopes.d.mts,.mts,1151,1.12 KB,2026-06-06 16:54:22,node_modules,node_modules\@jridgewell,4
node_modules\@jridgewell\sourcemap-codec\types\scopes.d.mts.map,C:\Users\Luis\Desktop\das4navy\node_modules\@jridgewell\sourcemap-codec\types\scopes.d.mts.map,scopes.d.mts.map,.map,1348,1.32 KB,2026-06-06 16:54:21,node_modules,node_modules\@jridgewell,4
node_modules\@jridgewell\sourcemap-codec\types\sourcemap-codec.d.cts,C:\Users\Luis\Desktop\das4navy\node_modules\@jridgewell\sourcemap-codec\types\sourcemap-codec.d.cts,sourcemap-codec.d.cts,.cts,699,699.00 B,2026-06-06 16:54:21,node_modules,node_modules\@jridgewell,4
node_modules\@jridgewell\sourcemap-codec\types\sourcemap-codec.d.cts.map,C:\Users\Luis\Desktop\das4navy\node_modules\@jridgewell\sourcemap-codec\types\sourcemap-codec.d.cts.map,sourcemap-codec.d.cts.map,.map,705,705.00 B,2026-06-06 16:54:21,node_modules,node_modules\@jridgewell,4
node_modules\@jridgewell\sourcemap-codec\types\sourcemap-codec.d.mts,C:\Users\Luis\Desktop\das4navy\node_modules\@jridgewell\sourcemap-codec\types\sourcemap-codec.d.mts,sourcemap-codec.d.mts,.mts,699,699.00 B,2026-06-06 16:54:22,node_modules,node_modules\@jridgewell,4
node_modules\@jridgewell\sourcemap-codec\types\sourcemap-codec.d.mts.map,C:\Users\Luis\Desktop\das4navy\node_modules\@jridgewell\sourcemap-codec\types\sourcemap-codec.d.mts.map,sourcemap-codec.d.mts.map,.map,705,705.00 B,2026-06-06 16:54:21,node_modules,node_modules\@jridgewell,4
node_modules\@jridgewell\sourcemap-codec\types\strings.d.cts,C:\Users\Luis\Desktop\das4navy\node_modules\@jridgewell\sourcemap-codec\types\strings.d.cts,strings.d.cts,.cts,361,361.00 B,2026-06-06 16:54:21,node_modules,node_modules\@jridgewell,4
node_modules\@jridgewell\sourcemap-codec\types\strings.d.cts.map,C:\Users\Luis\Desktop\das4navy\node_modules\@jridgewell\sourcemap-codec\types\strings.d.cts.map,strings.d.cts.map,.map,422,422.00 B,2026-06-06 16:54:21,node_modules,node_modules\@jridgewell,4
node_modules\@jridgewell\sourcemap-codec\types\strings.d.mts,C:\Users\Luis\Desktop\das4navy\node_modules\@jridgewell\sourcemap-codec\types\strings.d.mts,strings.d.mts,.mts,361,361.00 B,2026-06-06 16:54:22,node_modules,node_modules\@jridgewell,4
node_modules\@jridgewell\sourcemap-codec\types\strings.d.mts.map,C:\Users\Luis\Desktop\das4navy\node_modules\@jridgewell\sourcemap-codec\types\strings.d.mts.map,strings.d.mts.map,.map,422,422.00 B,2026-06-06 16:54:21,node_modules,node_modules\@jridgewell,4
node_modules\@jridgewell\sourcemap-codec\types\vlq.d.cts,C:\Users\Luis\Desktop\das4navy\node_modules\@jridgewell\sourcemap-codec\types\vlq.d.cts,vlq.d.cts,.cts,442,442.00 B,2026-06-06 16:54:21,node_modules,node_modules\@jridgewell,4
node_modules\@jridgewell\sourcemap-codec\types\vlq.d.cts.map,C:\Users\Luis\Desktop\das4navy\node_modules\@jridgewell\sourcemap-codec\types\vlq.d.cts.map,vlq.d.cts.map,.map,449,449.00 B,2026-06-06 16:54:21,node_modules,node_modules\@jridgewell,4
node_modules\@jridgewell\sourcemap-codec\types\vlq.d.mts,C:\Users\Luis\Desktop\das4navy\node_modules\@jridgewell\sourcemap-codec\types\vlq.d.mts,vlq.d.mts,.mts,442,442.00 B,2026-06-06 16:54:22,node_modules,node_modules\@jridgewell,4
node_modules\@jridgewell\sourcemap-codec\types\vlq.d.mts.map,C:\Users\Luis\Desktop\das4navy\node_modules\@jridgewell\sourcemap-codec\types\vlq.d.mts.map,vlq.d.mts.map,.map,449,449.00 B,2026-06-06 16:54:22,node_modules,node_modules\@jridgewell,4
node_modules\@jridgewell\trace-mapping\LICENSE,C:\Users\Luis\Desktop\das4navy\node_modules\@jridgewell\trace-mapping\LICENSE,LICENSE,[no_ext],1080,1.05 KB,2026-06-06 16:54:21,node_modules,node_modules\@jridgewell,3
node_modules\@jridgewell\trace-mapping\README.md,C:\Users\Luis\Desktop\das4navy\node_modules\@jridgewell\trace-mapping\README.md,README.md,.md,14417,14.08 KB,2026-06-06 16:54:22,node_modules,node_modules\@jridgewell,3
node_modules\@jridgewell\trace-mapping\dist\trace-mapping.mjs,C:\Users\Luis\Desktop\das4navy\node_modules\@jridgewell\trace-mapping\dist\trace-mapping.mjs,trace-mapping.mjs,.mjs,15335,14.98 KB,2026-06-06 16:54:22,node_modules,node_modules\@jridgewell,4
node_modules\@jridgewell\trace-mapping\dist\trace-mapping.mjs.map,C:\Users\Luis\Desktop\das4navy\node_modules\@jridgewell\trace-mapping\dist\trace-mapping.mjs.map,trace-mapping.mjs.map,.map,11208,10.95 KB,2026-06-06 16:54:22,node_modules,node_modules\@jridgewell,4
node_modules\@jridgewell\trace-mapping\dist\trace-mapping.umd.js,C:\Users\Luis\Desktop\das4navy\node_modules\@jridgewell\trace-mapping\dist\trace-mapping.umd.js,trace-mapping.umd.js,.js,18670,18.23 KB,2026-06-06 16:54:21,node_modules,node_modules\@jridgewell,4
node_modules\@jridgewell\trace-mapping\dist\trace-mapping.umd.js.map,C:\Users\Luis\Desktop\das4navy\node_modules\@jridgewell\trace-mapping\dist\trace-mapping.umd.js.map,trace-mapping.umd.js.map,.map,11570,11.30 KB,2026-06-06 16:54:22,node_modules,node_modules\@jridgewell,4
node_modules\@jridgewell\trace-mapping\package.json,C:\Users\Luis\Desktop\das4navy\node_modules\@jridgewell\trace-mapping\package.json,package.json,.json,2252,2.20 KB,2026-06-06 16:54:21,node_modules,node_modules\@jridgewell,3
node_modules\@jridgewell\trace-mapping\src\binary-search.ts,C:\Users\Luis\Desktop\das4navy\node_modules\@jridgewell\trace-mapping\src\binary-search.ts,binary-search.ts,.ts,2793,2.73 KB,2026-06-06 16:54:22,node_modules,node_modules\@jridgewell,4
node_modules\@jridgewell\trace-mapping\src\by-source.ts,C:\Users\Luis\Desktop\das4navy\node_modules\@jridgewell\trace-mapping\src\by-source.ts,by-source.ts,.ts,1244,1.21 KB,2026-06-06 16:54:22,node_modules,node_modules\@jridgewell,4
node_modules\@jridgewell\trace-mapping\src\flatten-map.ts,C:\Users\Luis\Desktop\das4navy\node_modules\@jridgewell\trace-mapping\src\flatten-map.ts,flatten-map.ts,.ts,5417,5.29 KB,2026-06-06 16:54:22,node_modules,node_modules\@jridgewell,4
node_modules\@jridgewell\trace-mapping\src\resolve.ts,C:\Users\Luis\Desktop\das4navy\node_modules\@jridgewell\trace-mapping\src\resolve.ts,resolve.ts,.ts,699,699.00 B,2026-06-06 16:54:22,node_modules,node_modules\@jridgewell,4
node_modules\@jridgewell\trace-mapping\src\sort.ts,C:\Users\Luis\Desktop\das4navy\node_modules\@jridgewell\trace-mapping\src\sort.ts,sort.ts,.ts,1445,1.41 KB,2026-06-06 16:54:22,node_modules,node_modules\@jridgewell,4
node_modules\@jridgewell\trace-mapping\src\sourcemap-segment.ts,C:\Users\Luis\Desktop\das4navy\node_modules\@jridgewell\trace-mapping\src\sourcemap-segment.ts,sourcemap-segment.ts,.ts,665,665.00 B,2026-06-06 16:54:22,node_modules,node_modules\@jridgewell,4
node_modules\@jridgewell\trace-mapping\src\strip-filename.ts,C:\Users\Luis\Desktop\das4navy\node_modules\@jridgewell\trace-mapping\src\strip-filename.ts,strip-filename.ts,.ts,253,253.00 B,2026-06-06 16:54:22,node_modules,node_modules\@jridgewell,4
node_modules\@jridgewell\trace-mapping\src\trace-mapping.ts,C:\Users\Luis\Desktop\das4navy\node_modules\@jridgewell\trace-mapping\src\trace-mapping.ts,trace-mapping.ts,.ts,15414,15.05 KB,2026-06-06 16:54:22,node_modules,node_modules\@jridgewell,4
node_modules\@jridgewell\trace-mapping\src\types.ts,C:\Users\Luis\Desktop\das4navy\node_modules\@jridgewell\trace-mapping\src\types.ts,types.ts,.ts,3166,3.09 KB,2026-06-06 16:54:22,node_modules,node_modules\@jridgewell,4
node_modules\@jridgewell\trace-mapping\types\binary-search.d.cts,C:\Users\Luis\Desktop\das4navy\node_modules\@jridgewell\trace-mapping\types\binary-search.d.cts,binary-search.d.cts,.cts,1585,1.55 KB,2026-06-06 16:54:21,node_modules,node_modules\@jridgewell,4
node_modules\@jridgewell\trace-mapping\types\binary-search.d.cts.map,C:\Users\Luis\Desktop\das4navy\node_modules\@jridgewell\trace-mapping\types\binary-search.d.cts.map,binary-search.d.cts.map,.map,902,902.00 B,2026-06-06 16:54:21,node_modules,node_modules\@jridgewell,4
node_modules\@jridgewell\trace-mapping\types\binary-search.d.mts,C:\Users\Luis\Desktop\das4navy\node_modules\@jridgewell\trace-mapping\types\binary-search.d.mts,binary-search.d.mts,.mts,1585,1.55 KB,2026-06-06 16:54:22,node_modules,node_modules\@jridgewell,4
node_modules\@jridgewell\trace-mapping\types\binary-search.d.mts.map,C:\Users\Luis\Desktop\das4navy\node_modules\@jridgewell\trace-mapping\types\binary-search.d.mts.map,binary-search.d.mts.map,.map,902,902.00 B,2026-06-06 16:54:21,node_modules,node_modules\@jridgewell,4
node_modules\@jridgewell\trace-mapping\types\by-source.d.cts,C:\Users\Luis\Desktop\das4navy\node_modules\@jridgewell\trace-mapping\types\by-source.d.cts,by-source.d.cts,.cts,269,269.00 B,2026-06-06 16:54:21,node_modules,node_modules\@jridgewell,4
node_modules\@jridgewell\trace-mapping\types\by-source.d.cts.map,C:\Users\Luis\Desktop\das4navy\node_modules\@jridgewell\trace-mapping\types\by-source.d.cts.map,by-source.d.cts.map,.map,332,332.00 B,2026-06-06 16:54:21,node_modules,node_modules\@jridgewell,4
node_modules\@jridgewell\trace-mapping\types\by-source.d.mts,C:\Users\Luis\Desktop\das4navy\node_modules\@jridgewell\trace-mapping\types\by-source.d.mts,by-source.d.mts,.mts,269,269.00 B,2026-06-06 16:54:22,node_modules,node_modules\@jridgewell,4
node_modules\@jridgewell\trace-mapping\types\by-source.d.mts.map,C:\Users\Luis\Desktop\das4navy\node_modules\@jridgewell\trace-mapping\types\by-source.d.mts.map,by-source.d.mts.map,.map,332,332.00 B,2026-06-06 16:54:21,node_modules,node_modules\@jridgewell,4
node_modules\@jridgewell\trace-mapping\types\flatten-map.d.cts,C:\Users\Luis\Desktop\das4navy\node_modules\@jridgewell\trace-mapping\types\flatten-map.d.cts,flatten-map.d.cts,.cts,384,384.00 B,2026-06-06 16:54:21,node_modules,node_modules\@jridgewell,4
node_modules\@jridgewell\trace-mapping\types\flatten-map.d.cts.map,C:\Users\Luis\Desktop\das4navy\node_modules\@jridgewell\trace-mapping\types\flatten-map.d.cts.map,flatten-map.d.cts.map,.map,471,471.00 B,2026-06-06 16:54:21,node_modules,node_modules\@jridgewell,4
node_modules\@jridgewell\trace-mapping\types\flatten-map.d.mts,C:\Users\Luis\Desktop\das4navy\node_modules\@jridgewell\trace-mapping\types\flatten-map.d.mts,flatten-map.d.mts,.mts,384,384.00 B,2026-06-06 16:54:22,node_modules,node_modules\@jridgewell,4
node_modules\@jridgewell\trace-mapping\types\flatten-map.d.mts.map,C:\Users\Luis\Desktop\das4navy\node_modules\@jridgewell\trace-mapping\types\flatten-map.d.mts.map,flatten-map.d.mts.map,.map,471,471.00 B,2026-06-06 16:54:22,node_modules,node_modules\@jridgewell,4
node_modules\@jridgewell\trace-mapping\types\resolve.d.cts,C:\Users\Luis\Desktop\das4navy\node_modules\@jridgewell\trace-mapping\types\resolve.d.cts,resolve.d.cts,.cts,208,208.00 B,2026-06-06 16:54:21,node_modules,node_modules\@jridgewell,4
node_modules\@jridgewell\trace-mapping\types\resolve.d.cts.map,C:\Users\Luis\Desktop\das4navy\node_modules\@jridgewell\trace-mapping\types\resolve.d.cts.map,resolve.d.cts.map,.map,291,291.00 B,2026-06-06 16:54:22,node_modules,node_modules\@jridgewell,4
node_modules\@jridgewell\trace-mapping\types\resolve.d.mts,C:\Users\Luis\Desktop\das4navy\node_modules\@jridgewell\trace-mapping\types\resolve.d.mts,resolve.d.mts,.mts,208,208.00 B,2026-06-06 16:54:22,node_modules,node_modules\@jridgewell,4
node_modules\@jridgewell\trace-mapping\types\resolve.d.mts.map,C:\Users\Luis\Desktop\das4navy\node_modules\@jridgewell\trace-mapping\types\resolve.d.mts.map,resolve.d.mts.map,.map,291,291.00 B,2026-06-06 16:54:22,node_modules,node_modules\@jridgewell,4
node_modules\@jridgewell\trace-mapping\types\sort.d.cts,C:\Users\Luis\Desktop\das4navy\node_modules\@jridgewell\trace-mapping\types\sort.d.cts,sort.d.cts,.cts,325,325.00 B,2026-06-06 16:54:21,node_modules,node_modules\@jridgewell,4
node_modules\@jridgewell\trace-mapping\types\sort.d.cts.map,C:\Users\Luis\Desktop\das4navy\node_modules\@jridgewell\trace-mapping\types\sort.d.cts.map,sort.d.cts.map,.map,379,379.00 B,2026-06-06 16:54:22,node_modules,node_modules\@jridgewell,4
node_modules\@jridgewell\trace-mapping\types\sort.d.mts,C:\Users\Luis\Desktop\das4navy\node_modules\@jridgewell\trace-mapping\types\sort.d.mts,sort.d.mts,.mts,325,325.00 B,2026-06-06 16:54:22,node_modules,node_modules\@jridgewell,4
node_modules\@jridgewell\trace-mapping\types\sort.d.mts.map,C:\Users\Luis\Desktop\das4navy\node_modules\@jridgewell\trace-mapping\types\sort.d.mts.map,sort.d.mts.map,.map,379,379.00 B,2026-06-06 16:54:22,node_modules,node_modules\@jridgewell,4
node_modules\@jridgewell\trace-mapping\types\sourcemap-segment.d.cts,C:\Users\Luis\Desktop\das4navy\node_modules\@jridgewell\trace-mapping\types\sourcemap-segment.d.cts,sourcemap-segment.d.cts,.cts,766,766.00 B,2026-06-06 16:54:21,node_modules,node_modules\@jridgewell,4
node_modules\@jridgewell\trace-mapping\types\sourcemap-segment.d.cts.map,C:\Users\Luis\Desktop\das4navy\node_modules\@jridgewell\trace-mapping\types\sourcemap-segment.d.cts.map,sourcemap-segment.d.cts.map,.map,760,760.00 B,2026-06-06 16:54:22,node_modules,node_modules\@jridgewell,4
node_modules\@jridgewell\trace-mapping\types\sourcemap-segment.d.mts,C:\Users\Luis\Desktop\das4navy\node_modules\@jridgewell\trace-mapping\types\sourcemap-segment.d.mts,sourcemap-segment.d.mts,.mts,766,766.00 B,2026-06-06 16:54:22,node_modules,node_modules\@jridgewell,4
node_modules\@jridgewell\trace-mapping\types\sourcemap-segment.d.mts.map,C:\Users\Luis\Desktop\das4navy\node_modules\@jridgewell\trace-mapping\types\sourcemap-segment.d.mts.map,sourcemap-segment.d.mts.map,.map,760,760.00 B,2026-06-06 16:54:22,node_modules,node_modules\@jridgewell,4
node_modules\@jridgewell\trace-mapping\types\strip-filename.d.cts,C:\Users\Luis\Desktop\das4navy\node_modules\@jridgewell\trace-mapping\types\strip-filename.d.cts,strip-filename.d.cts,.cts,196,196.00 B,2026-06-06 16:54:21,node_modules,node_modules\@jridgewell,4
node_modules\@jridgewell\trace-mapping\types\strip-filename.d.cts.map,C:\Users\Luis\Desktop\das4navy\node_modules\@jridgewell\trace-mapping\types\strip-filename.d.cts.map,strip-filename.d.cts.map,.map,218,218.00 B,2026-06-06 16:54:22,node_modules,node_modules\@jridgewell,4
node_modules\@jridgewell\trace-mapping\types\strip-filename.d.mts,C:\Users\Luis\Desktop\das4navy\node_modules\@jridgewell\trace-mapping\types\strip-filename.d.mts,strip-filename.d.mts,.mts,196,196.00 B,2026-06-06 16:54:22,node_modules,node_modules\@jridgewell,4
node_modules\@jridgewell\trace-mapping\types\strip-filename.d.mts.map,C:\Users\Luis\Desktop\das4navy\node_modules\@jridgewell\trace-mapping\types\strip-filename.d.mts.map,strip-filename.d.mts.map,.map,218,218.00 B,2026-06-06 16:54:22,node_modules,node_modules\@jridgewell,4
node_modules\@jridgewell\trace-mapping\types\trace-mapping.d.cts,C:\Users\Luis\Desktop\das4navy\node_modules\@jridgewell\trace-mapping\types\trace-mapping.d.cts,trace-mapping.d.cts,.cts,4193,4.09 KB,2026-06-06 16:54:21,node_modules,node_modules\@jridgewell,4
node_modules\@jridgewell\trace-mapping\types\trace-mapping.d.cts.map,C:\Users\Luis\Desktop\das4navy\node_modules\@jridgewell\trace-mapping\types\trace-mapping.d.cts.map,trace-mapping.d.cts.map,.map,2559,2.50 KB,2026-06-06 16:54:22,node_modules,node_modules\@jridgewell,4
node_modules\@jridgewell\trace-mapping\types\trace-mapping.d.mts,C:\Users\Luis\Desktop\das4navy\node_modules\@jridgewell\trace-mapping\types\trace-mapping.d.mts,trace-mapping.d.mts,.mts,4193,4.09 KB,2026-06-06 16:54:22,node_modules,node_modules\@jridgewell,4
node_modules\@jridgewell\trace-mapping\types\trace-mapping.d.mts.map,C:\Users\Luis\Desktop\das4navy\node_modules\@jridgewell\trace-mapping\types\trace-mapping.d.mts.map,trace-mapping.d.mts.map,.map,2559,2.50 KB,2026-06-06 16:54:22,node_modules,node_modules\@jridgewell,4
node_modules\@jridgewell\trace-mapping\types\types.d.cts,C:\Users\Luis\Desktop\das4navy\node_modules\@jridgewell\trace-mapping\types\types.d.cts,types.d.cts,.cts,3144,3.07 KB,2026-06-06 16:54:21,node_modules,node_modules\@jridgewell,4
node_modules\@jridgewell\trace-mapping\types\types.d.cts.map,C:\Users\Luis\Desktop\das4navy\node_modules\@jridgewell\trace-mapping\types\types.d.cts.map,types.d.cts.map,.map,3566,3.48 KB,2026-06-06 16:54:22,node_modules,node_modules\@jridgewell,4
node_modules\@jridgewell\trace-mapping\types\types.d.mts,C:\Users\Luis\Desktop\das4navy\node_modules\@jridgewell\trace-mapping\types\types.d.mts,types.d.mts,.mts,3144,3.07 KB,2026-06-06 16:54:22,node_modules,node_modules\@jridgewell,4
node_modules\@jridgewell\trace-mapping\types\types.d.mts.map,C:\Users\Luis\Desktop\das4navy\node_modules\@jridgewell\trace-mapping\types\types.d.mts.map,types.d.mts.map,.map,3566,3.48 KB,2026-06-06 16:54:22,node_modules,node_modules\@jridgewell,4
node_modules\@oxc-project\types\LICENSE,C:\Users\Luis\Desktop\das4navy\node_modules\@oxc-project\types\LICENSE,LICENSE,[no_ext],1119,1.09 KB,2026-06-06 16:54:21,node_modules,node_modules\@oxc-project,3
node_modules\@oxc-project\types\README.md,C:\Users\Luis\Desktop\das4navy\node_modules\@oxc-project\types\README.md,README.md,.md,55,55.00 B,2026-06-06 16:54:21,node_modules,node_modules\@oxc-project,3
node_modules\@oxc-project\types\package.json,C:\Users\Luis\Desktop\das4navy\node_modules\@oxc-project\types\package.json,package.json,.json,577,577.00 B,2026-06-06 16:54:21,node_modules,node_modules\@oxc-project,3
node_modules\@oxc-project\types\types.d.ts,C:\Users\Luis\Desktop\das4navy\node_modules\@oxc-project\types\types.d.ts,types.d.ts,.ts,42750,41.75 KB,2026-06-06 16:54:21,node_modules,node_modules\@oxc-project,3
node_modules\@rolldown\binding-win32-x64-msvc\README.md,C:\Users\Luis\Desktop\das4navy\node_modules\@rolldown\binding-win32-x64-msvc\README.md,README.md,.md,108,108.00 B,2026-06-06 16:54:21,node_modules,node_modules\@rolldown,3
node_modules\@rolldown\binding-win32-x64-msvc\package.json,C:\Users\Luis\Desktop\das4navy\node_modules\@rolldown\binding-win32-x64-msvc\package.json,package.json,.json,782,782.00 B,2026-06-06 16:54:21,node_modules,node_modules\@rolldown,3
node_modules\@rolldown\binding-win32-x64-msvc\rolldown-binding.win32-x64-msvc.node,C:\Users\Luis\Desktop\das4navy\node_modules\@rolldown\binding-win32-x64-msvc\rolldown-binding.win32-x64-msvc.node,rolldown-binding.win32-x64-msvc.node,.node,23471616,22.38 MB,2026-06-06 16:54:22,node_modules,node_modules\@rolldown,3
node_modules\@rolldown\pluginutils\LICENSE,C:\Users\Luis\Desktop\das4navy\node_modules\@rolldown\pluginutils\LICENSE,LICENSE,[no_ext],1106,1.08 KB,2026-06-06 16:54:21,node_modules,node_modules\@rolldown,3
node_modules\@rolldown\pluginutils\README.md,C:\Users\Luis\Desktop\das4navy\node_modules\@rolldown\pluginutils\README.md,README.md,.md,6177,6.03 KB,2026-06-06 16:54:21,node_modules,node_modules\@rolldown,3
node_modules\@rolldown\pluginutils\dist\filter-B_mD-HGz.mjs,C:\Users\Luis\Desktop\das4navy\node_modules\@rolldown\pluginutils\dist\filter-B_mD-HGz.mjs,filter-B_mD-HGz.mjs,.mjs,9099,8.89 KB,2026-06-06 16:54:21,node_modules,node_modules\@rolldown,4
node_modules\@rolldown\pluginutils\dist\filter\index.d.mts,C:\Users\Luis\Desktop\das4navy\node_modules\@rolldown\pluginutils\dist\filter\index.d.mts,index.d.mts,.mts,6612,6.46 KB,2026-06-06 16:54:21,node_modules,node_modules\@rolldown,5
node_modules\@rolldown\pluginutils\dist\filter\index.mjs,C:\Users\Luis\Desktop\das4navy\node_modules\@rolldown\pluginutils\dist\filter\index.mjs,index.mjs,.mjs,550,550.00 B,2026-06-06 16:54:21,node_modules,node_modules\@rolldown,5
node_modules\@rolldown\pluginutils\dist\index.d.mts,C:\Users\Luis\Desktop\das4navy\node_modules\@rolldown\pluginutils\dist\index.d.mts,index.d.mts,.mts,625,625.00 B,2026-06-06 16:54:21,node_modules,node_modules\@rolldown,4
node_modules\@rolldown\pluginutils\dist\index.mjs,C:\Users\Luis\Desktop\das4navy\node_modules\@rolldown\pluginutils\dist\index.mjs,index.mjs,.mjs,549,549.00 B,2026-06-06 16:54:21,node_modules,node_modules\@rolldown,4
node_modules\@rolldown\pluginutils\package.json,C:\Users\Luis\Desktop\das4navy\node_modules\@rolldown\pluginutils\package.json,package.json,.json,975,975.00 B,2026-06-06 16:54:21,node_modules,node_modules\@rolldown,3
node_modules\@types\esrecurse\LICENSE,C:\Users\Luis\Desktop\das4navy\node_modules\@types\esrecurse\LICENSE,LICENSE,[no_ext],1141,1.11 KB,2026-06-06 16:54:21,node_modules,node_modules\@types,3
node_modules\@types\esrecurse\README.md,C:\Users\Luis\Desktop\das4navy\node_modules\@types\esrecurse\README.md,README.md,.md,1990,1.94 KB,2026-06-06 16:54:21,node_modules,node_modules\@types,3
node_modules\@types\esrecurse\index.d.ts,C:\Users\Luis\Desktop\das4navy\node_modules\@types\esrecurse\index.d.ts,index.d.ts,.ts,1393,1.36 KB,2026-06-06 16:54:21,node_modules,node_modules\@types,3
node_modules\@types\esrecurse\package.json,C:\Users\Luis\Desktop\das4navy\node_modules\@types\esrecurse\package.json,package.json,.json,823,823.00 B,2026-06-06 16:54:21,node_modules,node_modules\@types,3
node_modules\@types\estree\LICENSE,C:\Users\Luis\Desktop\das4navy\node_modules\@types\estree\LICENSE,LICENSE,[no_ext],1141,1.11 KB,2026-06-06 16:54:21,node_modules,node_modules\@types,3
node_modules\@types\estree\README.md,C:\Users\Luis\Desktop\das4navy\node_modules\@types\estree\README.md,README.md,.md,458,458.00 B,2026-06-06 16:54:21,node_modules,node_modules\@types,3
node_modules\@types\estree\flow.d.ts,C:\Users\Luis\Desktop\das4navy\node_modules\@types\estree\flow.d.ts,flow.d.ts,.ts,4801,4.69 KB,2026-06-06 16:54:21,node_modules,node_modules\@types,3
node_modules\@types\estree\index.d.ts,C:\Users\Luis\Desktop\das4navy\node_modules\@types\estree\index.d.ts,index.d.ts,.ts,18924,18.48 KB,2026-06-06 16:54:21,node_modules,node_modules\@types,3
node_modules\@types\estree\package.json,C:\Users\Luis\Desktop\das4navy\node_modules\@types\estree\package.json,package.json,.json,829,829.00 B,2026-06-06 16:54:21,node_modules,node_modules\@types,3
node_modules\@types\json-schema\LICENSE,C:\Users\Luis\Desktop\das4navy\node_modules\@types\json-schema\LICENSE,LICENSE,[no_ext],1141,1.11 KB,2026-06-06 16:54:21,node_modules,node_modules\@types,3
node_modules\@types\json-schema\README.md,C:\Users\Luis\Desktop\das4navy\node_modules\@types\json-schema\README.md,README.md,.md,622,622.00 B,2026-06-06 16:54:21,node_modules,node_modules\@types,3
node_modules\@types\json-schema\index.d.ts,C:\Users\Luis\Desktop\das4navy\node_modules\@types\json-schema\index.d.ts,index.d.ts,.ts,28732,28.06 KB,2026-06-06 16:54:21,node_modules,node_modules\@types,3
node_modules\@types\json-schema\package.json,C:\Users\Luis\Desktop\das4navy\node_modules\@types\json-schema\package.json,package.json,.json,1253,1.22 KB,2026-06-06 16:54:21,node_modules,node_modules\@types,3
node_modules\@types\react-dom\LICENSE,C:\Users\Luis\Desktop\das4navy\node_modules\@types\react-dom\LICENSE,LICENSE,[no_ext],1141,1.11 KB,2026-06-06 16:54:21,node_modules,node_modules\@types,3
node_modules\@types\react-dom\README.md,C:\Users\Luis\Desktop\das4navy\node_modules\@types\react-dom\README.md,README.md,.md,807,807.00 B,2026-06-06 16:54:21,node_modules,node_modules\@types,3
node_modules\@types\react-dom\canary.d.ts,C:\Users\Luis\Desktop\das4navy\node_modules\@types\react-dom\canary.d.ts,canary.d.ts,.ts,2829,2.76 KB,2026-06-06 16:54:21,node_modules,node_modules\@types,3
node_modules\@types\react-dom\client.d.ts,C:\Users\Luis\Desktop\das4navy\node_modules\@types\react-dom\client.d.ts,client.d.ts,.ts,3106,3.03 KB,2026-06-06 16:54:21,node_modules,node_modules\@types,3
node_modules\@types\react-dom\experimental.d.ts,C:\Users\Luis\Desktop\das4navy\node_modules\@types\react-dom\experimental.d.ts,experimental.d.ts,.ts,1940,1.89 KB,2026-06-06 16:54:21,node_modules,node_modules\@types,3
node_modules\@types\react-dom\index.d.ts,C:\Users\Luis\Desktop\das4navy\node_modules\@types\react-dom\index.d.ts,index.d.ts,.ts,4541,4.43 KB,2026-06-06 16:54:21,node_modules,node_modules\@types,3
node_modules\@types\react-dom\package.json,C:\Users\Luis\Desktop\das4navy\node_modules\@types\react-dom\package.json,package.json,.json,3383,3.30 KB,2026-06-06 16:54:21,node_modules,node_modules\@types,3
node_modules\@types\react-dom\server.browser.d.ts,C:\Users\Luis\Desktop\das4navy\node_modules\@types\react-dom\server.browser.d.ts,server.browser.d.ts,.ts,89,89.00 B,2026-06-06 16:54:21,node_modules,node_modules\@types,3
node_modules\@types\react-dom\server.bun.d.ts,C:\Users\Luis\Desktop\das4navy\node_modules\@types\react-dom\server.bun.d.ts,server.bun.d.ts,.ts,89,89.00 B,2026-06-06 16:54:21,node_modules,node_modules\@types,3
node_modules\@types\react-dom\server.d.ts,C:\Users\Luis\Desktop\das4navy\node_modules\@types\react-dom\server.d.ts,server.d.ts,.ts,6500,6.35 KB,2026-06-06 16:54:21,node_modules,node_modules\@types,3
node_modules\@types\react-dom\server.edge.d.ts,C:\Users\Luis\Desktop\das4navy\node_modules\@types\react-dom\server.edge.d.ts,server.edge.d.ts,.ts,97,97.00 B,2026-06-06 16:54:21,node_modules,node_modules\@types,3
node_modules\@types\react-dom\server.node.d.ts,C:\Users\Luis\Desktop\das4navy\node_modules\@types\react-dom\server.node.d.ts,server.node.d.ts,.ts,170,170.00 B,2026-06-06 16:54:21,node_modules,node_modules\@types,3
node_modules\@types\react-dom\static.browser.d.ts,C:\Users\Luis\Desktop\das4navy\node_modules\@types\react-dom\static.browser.d.ts,static.browser.d.ts,.ts,47,47.00 B,2026-06-06 16:54:21,node_modules,node_modules\@types,3
node_modules\@types\react-dom\static.d.ts,C:\Users\Luis\Desktop\das4navy\node_modules\@types\react-dom\static.d.ts,static.d.ts,.ts,5002,4.88 KB,2026-06-06 16:54:21,node_modules,node_modules\@types,3
node_modules\@types\react-dom\static.edge.d.ts,C:\Users\Luis\Desktop\das4navy\node_modules\@types\react-dom\static.edge.d.ts,static.edge.d.ts,.ts,67,67.00 B,2026-06-06 16:54:21,node_modules,node_modules\@types,3
node_modules\@types\react-dom\static.node.d.ts,C:\Users\Luis\Desktop\das4navy\node_modules\@types\react-dom\static.node.d.ts,static.node.d.ts,.ts,143,143.00 B,2026-06-06 16:54:21,node_modules,node_modules\@types,3
node_modules\@types\react-dom\test-utils\index.d.ts,C:\Users\Luis\Desktop\das4navy\node_modules\@types\react-dom\test-utils\index.d.ts,index.d.ts,.ts,112,112.00 B,2026-06-06 16:54:21,node_modules,node_modules\@types,4
node_modules\@types\react\LICENSE,C:\Users\Luis\Desktop\das4navy\node_modules\@types\react\LICENSE,LICENSE,[no_ext],1141,1.11 KB,2026-06-06 16:54:21,node_modules,node_modules\@types,3
node_modules\@types\react\README.md,C:\Users\Luis\Desktop\das4navy\node_modules\@types\react\README.md,README.md,.md,1750,1.71 KB,2026-06-06 16:54:21,node_modules,node_modules\@types,3
node_modules\@types\react\canary.d.ts,C:\Users\Luis\Desktop\das4navy\node_modules\@types\react\canary.d.ts,canary.d.ts,.ts,6278,6.13 KB,2026-06-06 16:54:21,node_modules,node_modules\@types,3
node_modules\@types\react\compiler-runtime.d.ts,C:\Users\Luis\Desktop\das4navy\node_modules\@types\react\compiler-runtime.d.ts,compiler-runtime.d.ts,.ts,116,116.00 B,2026-06-06 16:54:21,node_modules,node_modules\@types,3
node_modules\@types\react\experimental.d.ts,C:\Users\Luis\Desktop\das4navy\node_modules\@types\react\experimental.d.ts,experimental.d.ts,.ts,7255,7.08 KB,2026-06-06 16:54:21,node_modules,node_modules\@types,3
node_modules\@types\react\global.d.ts,C:\Users\Luis\Desktop\das4navy\node_modules\@types\react\global.d.ts,global.d.ts,.ts,7520,7.34 KB,2026-06-06 16:54:21,node_modules,node_modules\@types,3
node_modules\@types\react\index.d.ts,C:\Users\Luis\Desktop\das4navy\node_modules\@types\react\index.d.ts,index.d.ts,.ts,177457,173.30 KB,2026-06-06 16:54:21,node_modules,node_modules\@types,3
node_modules\@types\react\jsx-dev-runtime.d.ts,C:\Users\Luis\Desktop\das4navy\node_modules\@types\react\jsx-dev-runtime.d.ts,jsx-dev-runtime.d.ts,.ts,740,740.00 B,2026-06-06 16:54:21,node_modules,node_modules\@types,3
node_modules\@types\react\jsx-runtime.d.ts,C:\Users\Luis\Desktop\das4navy\node_modules\@types\react\jsx-runtime.d.ts,jsx-runtime.d.ts,.ts,532,532.00 B,2026-06-06 16:54:21,node_modules,node_modules\@types,3
node_modules\@types\react\package.json,C:\Users\Luis\Desktop\das4navy\node_modules\@types\react\package.json,package.json,.json,6109,5.97 KB,2026-06-06 16:54:21,node_modules,node_modules\@types,3
node_modules\@types\react\ts5.0\canary.d.ts,C:\Users\Luis\Desktop\das4navy\node_modules\@types\react\ts5.0\canary.d.ts,canary.d.ts,.ts,6278,6.13 KB,2026-06-06 16:54:21,node_modules,node_modules\@types,4
node_modules\@types\react\ts5.0\experimental.d.ts,C:\Users\Luis\Desktop\das4navy\node_modules\@types\react\ts5.0\experimental.d.ts,experimental.d.ts,.ts,7255,7.08 KB,2026-06-06 16:54:21,node_modules,node_modules\@types,4
node_modules\@types\react\ts5.0\global.d.ts,C:\Users\Luis\Desktop\das4navy\node_modules\@types\react\ts5.0\global.d.ts,global.d.ts,.ts,7520,7.34 KB,2026-06-06 16:54:21,node_modules,node_modules\@types,4
node_modules\@types\react\ts5.0\index.d.ts,C:\Users\Luis\Desktop\das4navy\node_modules\@types\react\ts5.0\index.d.ts,index.d.ts,.ts,176430,172.29 KB,2026-06-06 16:54:21,node_modules,node_modules\@types,4
node_modules\@types\react\ts5.0\jsx-dev-runtime.d.ts,C:\Users\Luis\Desktop\das4navy\node_modules\@types\react\ts5.0\jsx-dev-runtime.d.ts,jsx-dev-runtime.d.ts,.ts,740,740.00 B,2026-06-06 16:54:21,node_modules,node_modules\@types,4
node_modules\@types\react\ts5.0\jsx-runtime.d.ts,C:\Users\Luis\Desktop\das4navy\node_modules\@types\react\ts5.0\jsx-runtime.d.ts,jsx-runtime.d.ts,.ts,532,532.00 B,2026-06-06 16:54:22,node_modules,node_modules\@types,4
node_modules\@vitejs\plugin-react\LICENSE,C:\Users\Luis\Desktop\das4navy\node_modules\@vitejs\plugin-react\LICENSE,LICENSE,[no_ext],1103,1.08 KB,2026-06-06 16:54:21,node_modules,node_modules\@vitejs,3
node_modules\@vitejs\plugin-react\README.md,C:\Users\Luis\Desktop\das4navy\node_modules\@vitejs\plugin-react\README.md,README.md,.md,6278,6.13 KB,2026-06-06 16:54:21,node_modules,node_modules\@vitejs,3
node_modules\@vitejs\plugin-react\dist\index.d.ts,C:\Users\Luis\Desktop\das4navy\node_modules\@vitejs\plugin-react\dist\index.d.ts,index.d.ts,.ts,1795,1.75 KB,2026-06-06 16:54:21,node_modules,node_modules\@vitejs,4
node_modules\@vitejs\plugin-react\dist\index.js,C:\Users\Luis\Desktop\das4navy\node_modules\@vitejs\plugin-react\dist\index.js,index.js,.js,6436,6.29 KB,2026-06-06 16:54:21,node_modules,node_modules\@vitejs,4
node_modules\@vitejs\plugin-react\dist\refresh-runtime.js,C:\Users\Luis\Desktop\das4navy\node_modules\@vitejs\plugin-react\dist\refresh-runtime.js,refresh-runtime.js,.js,21192,20.70 KB,2026-06-06 16:54:21,node_modules,node_modules\@vitejs,4
node_modules\@vitejs\plugin-react\package.json,C:\Users\Luis\Desktop\das4navy\node_modules\@vitejs\plugin-react\package.json,package.json,.json,2114,2.06 KB,2026-06-06 16:54:21,node_modules,node_modules\@vitejs,3
node_modules\@vitejs\plugin-react\types\optionalTypes.d.ts,C:\Users\Luis\Desktop\das4navy\node_modules\@vitejs\plugin-react\types\optionalTypes.d.ts,optionalTypes.d.ts,.ts,764,764.00 B,2026-06-06 16:54:21,node_modules,node_modules\@vitejs,4
node_modules\@vitejs\plugin-react\types\preamble.d.ts,C:\Users\Luis\Desktop\das4navy\node_modules\@vitejs\plugin-react\types\preamble.d.ts,preamble.d.ts,.ts,10,10.00 B,2026-06-06 16:54:21,node_modules,node_modules\@vitejs,4
node_modules\acorn-jsx\LICENSE,C:\Users\Luis\Desktop\das4navy\node_modules\acorn-jsx\LICENSE,LICENSE,[no_ext],1068,1.04 KB,2026-06-06 16:54:21,node_modules,node_modules\acorn-jsx,2
node_modules\acorn-jsx\README.md,C:\Users\Luis\Desktop\das4navy\node_modules\acorn-jsx\README.md,README.md,.md,1929,1.88 KB,2026-06-06 16:54:21,node_modules,node_modules\acorn-jsx,2
node_modules\acorn-jsx\index.d.ts,C:\Users\Luis\Desktop\das4navy\node_modules\acorn-jsx\index.d.ts,index.d.ts,.ts,262,262.00 B,2026-06-06 16:54:21,node_modules,node_modules\acorn-jsx,2
node_modules\acorn-jsx\index.js,C:\Users\Luis\Desktop\das4navy\node_modules\acorn-jsx\index.js,index.js,.js,15827,15.46 KB,2026-06-06 16:54:21,node_modules,node_modules\acorn-jsx,2
node_modules\acorn-jsx\package.json,C:\Users\Luis\Desktop\das4navy\node_modules\acorn-jsx\package.json,package.json,.json,581,581.00 B,2026-06-06 16:54:21,node_modules,node_modules\acorn-jsx,2
node_modules\acorn-jsx\xhtml.js,C:\Users\Luis\Desktop\das4navy\node_modules\acorn-jsx\xhtml.js,xhtml.js,.js,4718,4.61 KB,2026-06-06 16:54:21,node_modules,node_modules\acorn-jsx,2
node_modules\acorn\CHANGELOG.md,C:\Users\Luis\Desktop\das4navy\node_modules\acorn\CHANGELOG.md,CHANGELOG.md,.md,23839,23.28 KB,2026-06-06 16:54:21,node_modules,node_modules\acorn,2
node_modules\acorn\LICENSE,C:\Users\Luis\Desktop\das4navy\node_modules\acorn\LICENSE,LICENSE,[no_ext],1099,1.07 KB,2026-06-06 16:54:21,node_modules,node_modules\acorn,2
node_modules\acorn\README.md,C:\Users\Luis\Desktop\das4navy\node_modules\acorn\README.md,README.md,.md,11397,11.13 KB,2026-06-06 16:54:21,node_modules,node_modules\acorn,2
node_modules\acorn\bin\acorn,C:\Users\Luis\Desktop\das4navy\node_modules\acorn\bin\acorn,acorn,[no_ext],60,60.00 B,2026-06-06 16:54:21,node_modules,node_modules\acorn,3
node_modules\acorn\dist\acorn.d.mts,C:\Users\Luis\Desktop\das4navy\node_modules\acorn\dist\acorn.d.mts,acorn.d.mts,.mts,22016,21.50 KB,2026-06-06 16:54:21,node_modules,node_modules\acorn,3
node_modules\acorn\dist\acorn.d.ts,C:\Users\Luis\Desktop\das4navy\node_modules\acorn\dist\acorn.d.ts,acorn.d.ts,.ts,22016,21.50 KB,2026-06-06 16:54:21,node_modules,node_modules\acorn,3
node_modules\acorn\dist\acorn.js,C:\Users\Luis\Desktop\das4navy\node_modules\acorn\dist\acorn.js,acorn.js,.js,242818,237.13 KB,2026-06-06 16:54:21,node_modules,node_modules\acorn,3
node_modules\acorn\dist\acorn.mjs,C:\Users\Luis\Desktop\das4navy\node_modules\acorn\dist\acorn.mjs,acorn.mjs,.mjs,230975,225.56 KB,2026-06-06 16:54:21,node_modules,node_modules\acorn,3
node_modules\acorn\dist\bin.js,C:\Users\Luis\Desktop\das4navy\node_modules\acorn\dist\bin.js,bin.js,.js,3329,3.25 KB,2026-06-06 16:54:21,node_modules,node_modules\acorn,3
node_modules\acorn\package.json,C:\Users\Luis\Desktop\das4navy\node_modules\acorn\package.json,package.json,.json,1061,1.04 KB,2026-06-06 16:54:21,node_modules,node_modules\acorn,2
node_modules\ajv\.tonic_example.js,C:\Users\Luis\Desktop\das4navy\node_modules\ajv\.tonic_example.js,.tonic_example.js,.js,439,439.00 B,2026-06-06 16:54:22,node_modules,node_modules\ajv,2
node_modules\ajv\LICENSE,C:\Users\Luis\Desktop\das4navy\node_modules\ajv\LICENSE,LICENSE,[no_ext],1090,1.06 KB,2026-06-06 16:54:21,node_modules,node_modules\ajv,2
node_modules\ajv\README.md,C:\Users\Luis\Desktop\das4navy\node_modules\ajv\README.md,README.md,.md,86876,84.84 KB,2026-06-06 16:54:22,node_modules,node_modules\ajv,2
node_modules\ajv\dist\ajv.bundle.js,C:\Users\Luis\Desktop\das4navy\node_modules\ajv\dist\ajv.bundle.js,ajv.bundle.js,.js,273216,266.81 KB,2026-06-06 16:54:22,node_modules,node_modules\ajv,3
node_modules\ajv\dist\ajv.min.js,C:\Users\Luis\Desktop\das4navy\node_modules\ajv\dist\ajv.min.js,ajv.min.js,.js,119444,116.64 KB,2026-06-06 16:54:22,node_modules,node_modules\ajv,3
node_modules\ajv\dist\ajv.min.js.map,C:\Users\Luis\Desktop\das4navy\node_modules\ajv\dist\ajv.min.js.map,ajv.min.js.map,.map,149045,145.55 KB,2026-06-06 16:54:22,node_modules,node_modules\ajv,3
node_modules\ajv\lib\ajv.d.ts,C:\Users\Luis\Desktop\das4navy\node_modules\ajv\lib\ajv.d.ts,ajv.d.ts,.ts,13331,13.02 KB,2026-06-06 16:54:22,node_modules,node_modules\ajv,3
node_modules\ajv\lib\ajv.js,C:\Users\Luis\Desktop\das4navy\node_modules\ajv\lib\ajv.js,ajv.js,.js,15837,15.47 KB,2026-06-06 16:54:22,node_modules,node_modules\ajv,3
node_modules\ajv\lib\cache.js,C:\Users\Luis\Desktop\das4navy\node_modules\ajv\lib\cache.js,cache.js,.js,409,409.00 B,2026-06-06 16:54:22,node_modules,node_modules\ajv,3
node_modules\ajv\lib\compile\async.js,C:\Users\Luis\Desktop\das4navy\node_modules\ajv\lib\compile\async.js,async.js,.js,2644,2.58 KB,2026-06-06 16:54:22,node_modules,node_modules\ajv,4
node_modules\ajv\lib\compile\equal.js,C:\Users\Luis\Desktop\das4navy\node_modules\ajv\lib\compile\equal.js,equal.js,.js,176,176.00 B,2026-06-06 16:54:22,node_modules,node_modules\ajv,4
node_modules\ajv\lib\compile\error_classes.js,C:\Users\Luis\Desktop\das4navy\node_modules\ajv\lib\compile\error_classes.js,error_classes.js,.js,828,828.00 B,2026-06-06 16:54:22,node_modules,node_modules\ajv,4
node_modules\ajv\lib\compile\formats.js,C:\Users\Luis\Desktop\das4navy\node_modules\ajv\lib\compile\formats.js,formats.js,.js,12102,11.82 KB,2026-06-06 16:54:22,node_modules,node_modules\ajv,4
node_modules\ajv\lib\compile\index.js,C:\Users\Luis\Desktop\das4navy\node_modules\ajv\lib\compile\index.js,index.js,.js,10807,10.55 KB,2026-06-06 16:54:22,node_modules,node_modules\ajv,4
node_modules\ajv\lib\compile\resolve.js,C:\Users\Luis\Desktop\das4navy\node_modules\ajv\lib\compile\resolve.js,resolve.js,.js,7847,7.66 KB,2026-06-06 16:54:22,node_modules,node_modules\ajv,4
node_modules\ajv\lib\compile\rules.js,C:\Users\Luis\Desktop\das4navy\node_modules\ajv\lib\compile\rules.js,rules.js,.js,2021,1.97 KB,2026-06-06 16:54:22,node_modules,node_modules\ajv,4
node_modules\ajv\lib\compile\schema_obj.js,C:\Users\Luis\Desktop\das4navy\node_modules\ajv\lib\compile\schema_obj.js,schema_obj.js,.js,133,133.00 B,2026-06-06 16:54:22,node_modules,node_modules\ajv,4
node_modules\ajv\lib\compile\ucs2length.js,C:\Users\Luis\Desktop\das4navy\node_modules\ajv\lib\compile\ucs2length.js,ucs2length.js,.js,558,558.00 B,2026-06-06 16:54:22,node_modules,node_modules\ajv,4
node_modules\ajv\lib\compile\util.js,C:\Users\Luis\Desktop\das4navy\node_modules\ajv\lib\compile\util.js,util.js,.js,6974,6.81 KB,2026-06-06 16:54:22,node_modules,node_modules\ajv,4
node_modules\ajv\lib\data.js,C:\Users\Luis\Desktop\das4navy\node_modules\ajv\lib\data.js,data.js,.js,1048,1.02 KB,2026-06-06 16:54:22,node_modules,node_modules\ajv,3
node_modules\ajv\lib\definition_schema.js,C:\Users\Luis\Desktop\das4navy\node_modules\ajv\lib\definition_schema.js,definition_schema.js,.js,872,872.00 B,2026-06-06 16:54:22,node_modules,node_modules\ajv,3
node_modules\ajv\lib\dot\_limit.jst,C:\Users\Luis\Desktop\das4navy\node_modules\ajv\lib\dot\_limit.jst,_limit.jst,.jst,3932,3.84 KB,2026-06-06 16:54:22,node_modules,node_modules\ajv,4
node_modules\ajv\lib\dot\_limitItems.jst,C:\Users\Luis\Desktop\das4navy\node_modules\ajv\lib\dot\_limitItems.jst,_limitItems.jst,.jst,353,353.00 B,2026-06-06 16:54:22,node_modules,node_modules\ajv,4
node_modules\ajv\lib\dot\_limitLength.jst,C:\Users\Luis\Desktop\das4navy\node_modules\ajv\lib\dot\_limitLength.jst,_limitLength.jst,.jst,358,358.00 B,2026-06-06 16:54:22,node_modules,node_modules\ajv,4
node_modules\ajv\lib\dot\_limitProperties.jst,C:\Users\Luis\Desktop\das4navy\node_modules\ajv\lib\dot\_limitProperties.jst,_limitProperties.jst,.jst,376,376.00 B,2026-06-06 16:54:22,node_modules,node_modules\ajv,4
node_modules\ajv\lib\dot\allOf.jst,C:\Users\Luis\Desktop\das4navy\node_modules\ajv\lib\dot\allOf.jst,allOf.jst,.jst,609,609.00 B,2026-06-06 16:54:22,node_modules,node_modules\ajv,4
node_modules\ajv\lib\dot\anyOf.jst,C:\Users\Luis\Desktop\das4navy\node_modules\ajv\lib\dot\anyOf.jst,anyOf.jst,.jst,921,921.00 B,2026-06-06 16:54:22,node_modules,node_modules\ajv,4
node_modules\ajv\lib\dot\coerce.def,C:\Users\Luis\Desktop\das4navy\node_modules\ajv\lib\dot\coerce.def,coerce.def,.def,1979,1.93 KB,2026-06-06 16:54:21,node_modules,node_modules\ajv,4
node_modules\ajv\lib\dot\comment.jst,C:\Users\Luis\Desktop\das4navy\node_modules\ajv\lib\dot\comment.jst,comment.jst,.jst,322,322.00 B,2026-06-06 16:54:22,node_modules,node_modules\ajv,4
node_modules\ajv\lib\dot\const.jst,C:\Users\Luis\Desktop\das4navy\node_modules\ajv\lib\dot\const.jst,const.jst,.jst,280,280.00 B,2026-06-06 16:54:22,node_modules,node_modules\ajv,4
node_modules\ajv\lib\dot\contains.jst,C:\Users\Luis\Desktop\das4navy\node_modules\ajv\lib\dot\contains.jst,contains.jst,.jst,1188,1.16 KB,2026-06-06 16:54:22,node_modules,node_modules\ajv,4
node_modules\ajv\lib\dot\custom.jst,C:\Users\Luis\Desktop\das4navy\node_modules\ajv\lib\dot\custom.jst,custom.jst,.jst,4945,4.83 KB,2026-06-06 16:54:22,node_modules,node_modules\ajv,4
node_modules\ajv\lib\dot\defaults.def,C:\Users\Luis\Desktop\das4navy\node_modules\ajv\lib\dot\defaults.def,defaults.def,.def,1285,1.25 KB,2026-06-06 16:54:21,node_modules,node_modules\ajv,4
node_modules\ajv\lib\dot\definitions.def,C:\Users\Luis\Desktop\das4navy\node_modules\ajv\lib\dot\definitions.def,definitions.def,.def,4022,3.93 KB,2026-06-06 16:54:21,node_modules,node_modules\ajv,4
node_modules\ajv\lib\dot\dependencies.jst,C:\Users\Luis\Desktop\das4navy\node_modules\ajv\lib\dot\dependencies.jst,dependencies.jst,.jst,1868,1.82 KB,2026-06-06 16:54:22,node_modules,node_modules\ajv,4
node_modules\ajv\lib\dot\enum.jst,C:\Users\Luis\Desktop\das4navy\node_modules\ajv\lib\dot\enum.jst,enum.jst,.jst,552,552.00 B,2026-06-06 16:54:22,node_modules,node_modules\ajv,4
node_modules\ajv\lib\dot\errors.def,C:\Users\Luis\Desktop\das4navy\node_modules\ajv\lib\dot\errors.def,errors.def,.def,8282,8.09 KB,2026-06-06 16:54:21,node_modules,node_modules\ajv,4
node_modules\ajv\lib\dot\format.jst,C:\Users\Luis\Desktop\das4navy\node_modules\ajv\lib\dot\format.jst,format.jst,.jst,3136,3.06 KB,2026-06-06 16:54:22,node_modules,node_modules\ajv,4
node_modules\ajv\lib\dot\if.jst,C:\Users\Luis\Desktop\das4navy\node_modules\ajv\lib\dot\if.jst,if.jst,.jst,1618,1.58 KB,2026-06-06 16:54:22,node_modules,node_modules\ajv,4
node_modules\ajv\lib\dot\items.jst,C:\Users\Luis\Desktop\das4navy\node_modules\ajv\lib\dot\items.jst,items.jst,.jst,2610,2.55 KB,2026-06-06 16:54:22,node_modules,node_modules\ajv,4
node_modules\ajv\lib\dot\missing.def,C:\Users\Luis\Desktop\das4navy\node_modules\ajv\lib\dot\missing.def,missing.def,.def,1194,1.17 KB,2026-06-06 16:54:21,node_modules,node_modules\ajv,4
node_modules\ajv\lib\dot\multipleOf.jst,C:\Users\Luis\Desktop\das4navy\node_modules\ajv\lib\dot\multipleOf.jst,multipleOf.jst,.jst,644,644.00 B,2026-06-06 16:54:22,node_modules,node_modules\ajv,4
node_modules\ajv\lib\dot\not.jst,C:\Users\Luis\Desktop\das4navy\node_modules\ajv\lib\dot\not.jst,not.jst,.jst,861,861.00 B,2026-06-06 16:54:22,node_modules,node_modules\ajv,4
node_modules\ajv\lib\dot\oneOf.jst,C:\Users\Luis\Desktop\das4navy\node_modules\ajv\lib\dot\oneOf.jst,oneOf.jst,.jst,1150,1.12 KB,2026-06-06 16:54:22,node_modules,node_modules\ajv,4
node_modules\ajv\lib\dot\pattern.jst,C:\Users\Luis\Desktop\das4navy\node_modules\ajv\lib\dot\pattern.jst,pattern.jst,.jst,576,576.00 B,2026-06-06 16:54:22,node_modules,node_modules\ajv,4
node_modules\ajv\lib\dot\properties.jst,C:\Users\Luis\Desktop\das4navy\node_modules\ajv\lib\dot\properties.jst,properties.jst,.jst,7725,7.54 KB,2026-06-06 16:54:22,node_modules,node_modules\ajv,4
node_modules\ajv\lib\dot\propertyNames.jst,C:\Users\Luis\Desktop\das4navy\node_modules\ajv\lib\dot\propertyNames.jst,propertyNames.jst,.jst,1284,1.25 KB,2026-06-06 16:54:22,node_modules,node_modules\ajv,4
node_modules\ajv\lib\dot\ref.jst,C:\Users\Luis\Desktop\das4navy\node_modules\ajv\lib\dot\ref.jst,ref.jst,.jst,2454,2.40 KB,2026-06-06 16:54:22,node_modules,node_modules\ajv,4
node_modules\ajv\lib\dot\required.jst,C:\Users\Luis\Desktop\das4navy\node_modules\ajv\lib\dot\required.jst,required.jst,.jst,2868,2.80 KB,2026-06-06 16:54:22,node_modules,node_modules\ajv,4
node_modules\ajv\lib\dot\uniqueItems.jst,C:\Users\Luis\Desktop\das4navy\node_modules\ajv\lib\dot\uniqueItems.jst,uniqueItems.jst,.jst,1696,1.66 KB,2026-06-06 16:54:22,node_modules,node_modules\ajv,4
node_modules\ajv\lib\dot\validate.jst,C:\Users\Luis\Desktop\das4navy\node_modules\ajv\lib\dot\validate.jst,validate.jst,.jst,7717,7.54 KB,2026-06-06 16:54:22,node_modules,node_modules\ajv,4
node_modules\ajv\lib\dotjs\README.md,C:\Users\Luis\Desktop\das4navy\node_modules\ajv\lib\dotjs\README.md,README.md,.md,149,149.00 B,2026-06-06 16:54:22,node_modules,node_modules\ajv,4
node_modules\ajv\lib\dotjs\_limit.js,C:\Users\Luis\Desktop\das4navy\node_modules\ajv\lib\dotjs\_limit.js,_limit.js,.js,7395,7.22 KB,2026-06-06 16:54:21,node_modules,node_modules\ajv,4
node_modules\ajv\lib\dotjs\_limitItems.js,C:\Users\Luis\Desktop\das4navy\node_modules\ajv\lib\dotjs\_limitItems.js,_limitItems.js,.js,2704,2.64 KB,2026-06-06 16:54:21,node_modules,node_modules\ajv,4
node_modules\ajv\lib\dotjs\_limitLength.js,C:\Users\Luis\Desktop\das4navy\node_modules\ajv\lib\dotjs\_limitLength.js,_limitLength.js,.js,2825,2.76 KB,2026-06-06 16:54:21,node_modules,node_modules\ajv,4
node_modules\ajv\lib\dotjs\_limitProperties.js,C:\Users\Luis\Desktop\das4navy\node_modules\ajv\lib\dotjs\_limitProperties.js,_limitProperties.js,.js,2742,2.68 KB,2026-06-06 16:54:21,node_modules,node_modules\ajv,4
node_modules\ajv\lib\dotjs\allOf.js,C:\Users\Luis\Desktop\das4navy\node_modules\ajv\lib\dotjs\allOf.js,allOf.js,.js,1349,1.32 KB,2026-06-06 16:54:22,node_modules,node_modules\ajv,4
node_modules\ajv\lib\dotjs\anyOf.js,C:\Users\Luis\Desktop\das4navy\node_modules\ajv\lib\dotjs\anyOf.js,anyOf.js,.js,2925,2.86 KB,2026-06-06 16:54:22,node_modules,node_modules\ajv,4
node_modules\ajv\lib\dotjs\comment.js,C:\Users\Luis\Desktop\das4navy\node_modules\ajv\lib\dotjs\comment.js,comment.js,.js,573,573.00 B,2026-06-06 16:54:22,node_modules,node_modules\ajv,4
node_modules\ajv\lib\dotjs\const.js,C:\Users\Luis\Desktop\das4navy\node_modules\ajv\lib\dotjs\const.js,const.js,.js,2113,2.06 KB,2026-06-06 16:54:22,node_modules,node_modules\ajv,4
node_modules\ajv\lib\dotjs\contains.js,C:\Users\Luis\Desktop\das4navy\node_modules\ajv\lib\dotjs\contains.js,contains.js,.js,3370,3.29 KB,2026-06-06 16:54:22,node_modules,node_modules\ajv,4
node_modules\ajv\lib\dotjs\custom.js,C:\Users\Luis\Desktop\das4navy\node_modules\ajv\lib\dotjs\custom.js,custom.js,.js,9770,9.54 KB,2026-06-06 16:54:22,node_modules,node_modules\ajv,4
node_modules\ajv\lib\dotjs\dependencies.js,C:\Users\Luis\Desktop\das4navy\node_modules\ajv\lib\dotjs\dependencies.js,dependencies.js,.js,7720,7.54 KB,2026-06-06 16:54:22,node_modules,node_modules\ajv,4
node_modules\ajv\lib\dotjs\enum.js,C:\Users\Luis\Desktop\das4navy\node_modules\ajv\lib\dotjs\enum.js,enum.js,.js,2586,2.53 KB,2026-06-06 16:54:22,node_modules,node_modules\ajv,4
node_modules\ajv\lib\dotjs\format.js,C:\Users\Luis\Desktop\das4navy\node_modules\ajv\lib\dotjs\format.js,format.js,.js,5565,5.43 KB,2026-06-06 16:54:22,node_modules,node_modules\ajv,4
node_modules\ajv\lib\dotjs\if.js,C:\Users\Luis\Desktop\das4navy\node_modules\ajv\lib\dotjs\if.js,if.js,.js,4159,4.06 KB,2026-06-06 16:54:22,node_modules,node_modules\ajv,4
node_modules\ajv\lib\dotjs\index.js,C:\Users\Luis\Desktop\das4navy\node_modules\ajv\lib\dotjs\index.js,index.js,.js,1100,1.07 KB,2026-06-06 16:54:22,node_modules,node_modules\ajv,4
node_modules\ajv\lib\dotjs\items.js,C:\Users\Luis\Desktop\das4navy\node_modules\ajv\lib\dotjs\items.js,items.js,.js,6214,6.07 KB,2026-06-06 16:54:22,node_modules,node_modules\ajv,4
node_modules\ajv\lib\dotjs\multipleOf.js,C:\Users\Luis\Desktop\das4navy\node_modules\ajv\lib\dotjs\multipleOf.js,multipleOf.js,.js,2807,2.74 KB,2026-06-06 16:54:22,node_modules,node_modules\ajv,4
node_modules\ajv\lib\dotjs\not.js,C:\Users\Luis\Desktop\das4navy\node_modules\ajv\lib\dotjs\not.js,not.js,.js,3460,3.38 KB,2026-06-06 16:54:22,node_modules,node_modules\ajv,4
node_modules\ajv\lib\dotjs\oneOf.js,C:\Users\Luis\Desktop\das4navy\node_modules\ajv\lib\dotjs\oneOf.js,oneOf.js,.js,3188,3.11 KB,2026-06-06 16:54:22,node_modules,node_modules\ajv,4
node_modules\ajv\lib\dotjs\pattern.js,C:\Users\Luis\Desktop\das4navy\node_modules\ajv\lib\dotjs\pattern.js,pattern.js,.js,3025,2.95 KB,2026-06-06 16:54:22,node_modules,node_modules\ajv,4
node_modules\ajv\lib\dotjs\properties.js,C:\Users\Luis\Desktop\das4navy\node_modules\ajv\lib\dotjs\properties.js,properties.js,.js,15121,14.77 KB,2026-06-06 16:54:22,node_modules,node_modules\ajv,4
node_modules\ajv\lib\dotjs\propertyNames.js,C:\Users\Luis\Desktop\das4navy\node_modules\ajv\lib\dotjs\propertyNames.js,propertyNames.js,.js,3607,3.52 KB,2026-06-06 16:54:22,node_modules,node_modules\ajv,4
node_modules\ajv\lib\dotjs\ref.js,C:\Users\Luis\Desktop\das4navy\node_modules\ajv\lib\dotjs\ref.js,ref.js,.js,4711,4.60 KB,2026-06-06 16:54:22,node_modules,node_modules\ajv,4
node_modules\ajv\lib\dotjs\required.js,C:\Users\Luis\Desktop\das4navy\node_modules\ajv\lib\dotjs\required.js,required.js,.js,12395,12.10 KB,2026-06-06 16:54:22,node_modules,node_modules\ajv,4
node_modules\ajv\lib\dotjs\uniqueItems.js,C:\Users\Luis\Desktop\das4navy\node_modules\ajv\lib\dotjs\uniqueItems.js,uniqueItems.js,.js,3694,3.61 KB,2026-06-06 16:54:22,node_modules,node_modules\ajv,4
node_modules\ajv\lib\dotjs\validate.js,C:\Users\Luis\Desktop\das4navy\node_modules\ajv\lib\dotjs\validate.js,validate.js,.js,20018,19.55 KB,2026-06-06 16:54:22,node_modules,node_modules\ajv,4
node_modules\ajv\lib\keyword.js,C:\Users\Luis\Desktop\das4navy\node_modules\ajv\lib\keyword.js,keyword.js,.js,3911,3.82 KB,2026-06-06 16:54:22,node_modules,node_modules\ajv,3
node_modules\ajv\lib\refs\data.json,C:\Users\Luis\Desktop\das4navy\node_modules\ajv\lib\refs\data.json,data.json,.json,551,551.00 B,2026-06-06 16:54:22,node_modules,node_modules\ajv,4
node_modules\ajv\lib\refs\json-schema-draft-04.json,C:\Users\Luis\Desktop\das4navy\node_modules\ajv\lib\refs\json-schema-draft-04.json,json-schema-draft-04.json,.json,4357,4.25 KB,2026-06-06 16:54:22,node_modules,node_modules\ajv,4
node_modules\ajv\lib\refs\json-schema-draft-06.json,C:\Users\Luis\Desktop\das4navy\node_modules\ajv\lib\refs\json-schema-draft-06.json,json-schema-draft-06.json,.json,4445,4.34 KB,2026-06-06 16:54:22,node_modules,node_modules\ajv,4
node_modules\ajv\lib\refs\json-schema-draft-07.json,C:\Users\Luis\Desktop\das4navy\node_modules\ajv\lib\refs\json-schema-draft-07.json,json-schema-draft-07.json,.json,4879,4.76 KB,2026-06-06 16:54:22,node_modules,node_modules\ajv,4
node_modules\ajv\lib\refs\json-schema-secure.json,C:\Users\Luis\Desktop\das4navy\node_modules\ajv\lib\refs\json-schema-secure.json,json-schema-secure.json,.json,2572,2.51 KB,2026-06-06 16:54:22,node_modules,node_modules\ajv,4
node_modules\ajv\package.json,C:\Users\Luis\Desktop\das4navy\node_modules\ajv\package.json,package.json,.json,3142,3.07 KB,2026-06-06 16:54:22,node_modules,node_modules\ajv,2
node_modules\ajv\scripts\.eslintrc.yml,C:\Users\Luis\Desktop\das4navy\node_modules\ajv\scripts\.eslintrc.yml,.eslintrc.yml,.yml,62,62.00 B,2026-06-06 16:54:22,node_modules,node_modules\ajv,3
node_modules\ajv\scripts\bundle.js,C:\Users\Luis\Desktop\das4navy\node_modules\ajv\scripts\bundle.js,bundle.js,.js,1795,1.75 KB,2026-06-06 16:54:22,node_modules,node_modules\ajv,3
node_modules\ajv\scripts\compile-dots.js,C:\Users\Luis\Desktop\das4navy\node_modules\ajv\scripts\compile-dots.js,compile-dots.js,.js,2431,2.37 KB,2026-06-06 16:54:22,node_modules,node_modules\ajv,3
node_modules\ajv\scripts\info,C:\Users\Luis\Desktop\das4navy\node_modules\ajv\scripts\info,info,[no_ext],289,289.00 B,2026-06-06 16:54:21,node_modules,node_modules\ajv,3
node_modules\ajv\scripts\prepare-tests,C:\Users\Luis\Desktop\das4navy\node_modules\ajv\scripts\prepare-tests,prepare-tests,[no_ext],269,269.00 B,2026-06-06 16:54:21,node_modules,node_modules\ajv,3
node_modules\ajv\scripts\publish-built-version,C:\Users\Luis\Desktop\das4navy\node_modules\ajv\scripts\publish-built-version,publish-built-version,[no_ext],842,842.00 B,2026-06-06 16:54:21,node_modules,node_modules\ajv,3
node_modules\ajv\scripts\travis-gh-pages,C:\Users\Luis\Desktop\das4navy\node_modules\ajv\scripts\travis-gh-pages,travis-gh-pages,[no_ext],874,874.00 B,2026-06-06 16:54:21,node_modules,node_modules\ajv,3
node_modules\balanced-match\LICENSE.md,C:\Users\Luis\Desktop\das4navy\node_modules\balanced-match\LICENSE.md,LICENSE.md,.md,1155,1.13 KB,2026-06-06 16:54:21,node_modules,node_modules\balanced-match,2
node_modules\balanced-match\README.md,C:\Users\Luis\Desktop\das4navy\node_modules\balanced-match\README.md,README.md,.md,1740,1.70 KB,2026-06-06 16:54:21,node_modules,node_modules\balanced-match,2
node_modules\balanced-match\dist\commonjs\index.d.ts,C:\Users\Luis\Desktop\das4navy\node_modules\balanced-match\dist\commonjs\index.d.ts,index.d.ts,.ts,334,334.00 B,2026-06-06 16:54:21,node_modules,node_modules\balanced-match,4
node_modules\balanced-match\dist\commonjs\index.d.ts.map,C:\Users\Luis\Desktop\das4navy\node_modules\balanced-match\dist\commonjs\index.d.ts.map,index.d.ts.map,.map,323,323.00 B,2026-06-06 16:54:21,node_modules,node_modules\balanced-match,4
node_modules\balanced-match\dist\commonjs\index.js,C:\Users\Luis\Desktop\das4navy\node_modules\balanced-match\dist\commonjs\index.js,index.js,.js,1779,1.74 KB,2026-06-06 16:54:21,node_modules,node_modules\balanced-match,4
node_modules\balanced-match\dist\commonjs\index.js.map,C:\Users\Luis\Desktop\das4navy\node_modules\balanced-match\dist\commonjs\index.js.map,index.js.map,.map,4189,4.09 KB,2026-06-06 16:54:21,node_modules,node_modules\balanced-match,4
node_modules\balanced-match\dist\commonjs\package.json,C:\Users\Luis\Desktop\das4navy\node_modules\balanced-match\dist\commonjs\package.json,package.json,.json,25,25.00 B,2026-06-06 16:54:21,node_modules,node_modules\balanced-match,4
node_modules\balanced-match\dist\esm\index.d.ts,C:\Users\Luis\Desktop\das4navy\node_modules\balanced-match\dist\esm\index.d.ts,index.d.ts,.ts,334,334.00 B,2026-06-06 16:54:21,node_modules,node_modules\balanced-match,4
node_modules\balanced-match\dist\esm\index.d.ts.map,C:\Users\Luis\Desktop\das4navy\node_modules\balanced-match\dist\esm\index.d.ts.map,index.d.ts.map,.map,323,323.00 B,2026-06-06 16:54:21,node_modules,node_modules\balanced-match,4
node_modules\balanced-match\dist\esm\index.js,C:\Users\Luis\Desktop\das4navy\node_modules\balanced-match\dist\esm\index.js,index.js,.js,1608,1.57 KB,2026-06-06 16:54:21,node_modules,node_modules\balanced-match,4
node_modules\balanced-match\dist\esm\index.js.map,C:\Users\Luis\Desktop\das4navy\node_modules\balanced-match\dist\esm\index.js.map,index.js.map,.map,4155,4.06 KB,2026-06-06 16:54:21,node_modules,node_modules\balanced-match,4
node_modules\balanced-match\dist\esm\package.json,C:\Users\Luis\Desktop\das4navy\node_modules\balanced-match\dist\esm\package.json,package.json,.json,23,23.00 B,2026-06-06 16:54:21,node_modules,node_modules\balanced-match,4
node_modules\balanced-match\package.json,C:\Users\Luis\Desktop\das4navy\node_modules\balanced-match\package.json,package.json,.json,1596,1.56 KB,2026-06-06 16:54:21,node_modules,node_modules\balanced-match,2
node_modules\baseline-browser-mapping\LICENSE.txt,C:\Users\Luis\Desktop\das4navy\node_modules\baseline-browser-mapping\LICENSE.txt,LICENSE.txt,.txt,11357,11.09 KB,2026-06-06 16:54:21,node_modules,node_modules\baseline-browser-mapping,2
node_modules\baseline-browser-mapping\README.md,C:\Users\Luis\Desktop\das4navy\node_modules\baseline-browser-mapping\README.md,README.md,.md,21911,21.40 KB,2026-06-06 16:54:21,node_modules,node_modules\baseline-browser-mapping,2
node_modules\baseline-browser-mapping\dist\cli.cjs,C:\Users\Luis\Desktop\das4navy\node_modules\baseline-browser-mapping\dist\cli.cjs,cli.cjs,.cjs,2891,2.82 KB,2026-06-06 16:54:21,node_modules,node_modules\baseline-browser-mapping,3
node_modules\baseline-browser-mapping\dist\index.cjs,C:\Users\Luis\Desktop\das4navy\node_modules\baseline-browser-mapping\dist\index.cjs,index.cjs,.cjs,122223,119.36 KB,2026-06-06 16:54:21,node_modules,node_modules\baseline-browser-mapping,3
node_modules\baseline-browser-mapping\dist\index.d.ts,C:\Users\Luis\Desktop\das4navy\node_modules\baseline-browser-mapping\dist\index.d.ts,index.d.ts,.ts,4437,4.33 KB,2026-06-06 16:54:21,node_modules,node_modules\baseline-browser-mapping,3
node_modules\baseline-browser-mapping\dist\index.js,C:\Users\Luis\Desktop\das4navy\node_modules\baseline-browser-mapping\dist\index.js,index.js,.js,122209,119.34 KB,2026-06-06 16:54:21,node_modules,node_modules\baseline-browser-mapping,3
node_modules\baseline-browser-mapping\package.json,C:\Users\Luis\Desktop\das4navy\node_modules\baseline-browser-mapping\package.json,package.json,.json,2833,2.77 KB,2026-06-06 16:54:21,node_modules,node_modules\baseline-browser-mapping,2
node_modules\brace-expansion\LICENSE,C:\Users\Luis\Desktop\das4navy\node_modules\brace-expansion\LICENSE,LICENSE,[no_ext],1144,1.12 KB,2026-06-06 16:54:21,node_modules,node_modules\brace-expansion,2
node_modules\brace-expansion\README.md,C:\Users\Luis\Desktop\das4navy\node_modules\brace-expansion\README.md,README.md,.md,2414,2.36 KB,2026-06-06 16:54:21,node_modules,node_modules\brace-expansion,2
node_modules\brace-expansion\dist\commonjs\index.d.ts,C:\Users\Luis\Desktop\das4navy\node_modules\brace-expansion\dist\commonjs\index.d.ts,index.d.ts,.ts,227,227.00 B,2026-06-06 16:54:21,node_modules,node_modules\brace-expansion,4
node_modules\brace-expansion\dist\commonjs\index.d.ts.map,C:\Users\Luis\Desktop\das4navy\node_modules\brace-expansion\dist\commonjs\index.d.ts.map,index.d.ts.map,.map,273,273.00 B,2026-06-06 16:54:21,node_modules,node_modules\brace-expansion,4
node_modules\brace-expansion\dist\commonjs\index.js,C:\Users\Luis\Desktop\das4navy\node_modules\brace-expansion\dist\commonjs\index.js,index.js,.js,6906,6.74 KB,2026-06-06 16:54:21,node_modules,node_modules\brace-expansion,4
node_modules\brace-expansion\dist\commonjs\index.js.map,C:\Users\Luis\Desktop\das4navy\node_modules\brace-expansion\dist\commonjs\index.js.map,index.js.map,.map,13902,13.58 KB,2026-06-06 16:54:21,node_modules,node_modules\brace-expansion,4
node_modules\brace-expansion\dist\commonjs\package.json,C:\Users\Luis\Desktop\das4navy\node_modules\brace-expansion\dist\commonjs\package.json,package.json,.json,25,25.00 B,2026-06-06 16:54:21,node_modules,node_modules\brace-expansion,4
node_modules\brace-expansion\dist\esm\index.d.ts,C:\Users\Luis\Desktop\das4navy\node_modules\brace-expansion\dist\esm\index.d.ts,index.d.ts,.ts,227,227.00 B,2026-06-06 16:54:21,node_modules,node_modules\brace-expansion,4
node_modules\brace-expansion\dist\esm\index.d.ts.map,C:\Users\Luis\Desktop\das4navy\node_modules\brace-expansion\dist\esm\index.d.ts.map,index.d.ts.map,.map,273,273.00 B,2026-06-06 16:54:21,node_modules,node_modules\brace-expansion,4
node_modules\brace-expansion\dist\esm\index.js,C:\Users\Luis\Desktop\das4navy\node_modules\brace-expansion\dist\esm\index.js,index.js,.js,6723,6.57 KB,2026-06-06 16:54:21,node_modules,node_modules\brace-expansion,4
node_modules\brace-expansion\dist\esm\index.js.map,C:\Users\Luis\Desktop\das4navy\node_modules\brace-expansion\dist\esm\index.js.map,index.js.map,.map,13916,13.59 KB,2026-06-06 16:54:21,node_modules,node_modules\brace-expansion,4
node_modules\brace-expansion\dist\esm\package.json,C:\Users\Luis\Desktop\das4navy\node_modules\brace-expansion\dist\esm\package.json,package.json,.json,23,23.00 B,2026-06-06 16:54:21,node_modules,node_modules\brace-expansion,4
node_modules\brace-expansion\package.json,C:\Users\Luis\Desktop\das4navy\node_modules\brace-expansion\package.json,package.json,.json,1559,1.52 KB,2026-06-06 16:54:21,node_modules,node_modules\brace-expansion,2
node_modules\browserslist\LICENSE,C:\Users\Luis\Desktop\das4navy\node_modules\browserslist\LICENSE,LICENSE,[no_ext],1118,1.09 KB,2026-06-06 16:54:21,node_modules,node_modules\browserslist,2
node_modules\browserslist\README.md,C:\Users\Luis\Desktop\das4navy\node_modules\browserslist\README.md,README.md,.md,2427,2.37 KB,2026-06-06 16:54:21,node_modules,node_modules\browserslist,2
node_modules\browserslist\browser.js,C:\Users\Luis\Desktop\das4navy\node_modules\browserslist\browser.js,browser.js,.js,1117,1.09 KB,2026-06-06 16:54:21,node_modules,node_modules\browserslist,2
node_modules\browserslist\cli.js,C:\Users\Luis\Desktop\das4navy\node_modules\browserslist\cli.js,cli.js,.js,4347,4.25 KB,2026-06-06 16:54:21,node_modules,node_modules\browserslist,2
node_modules\browserslist\error.d.ts,C:\Users\Luis\Desktop\das4navy\node_modules\browserslist\error.d.ts,error.d.ts,.ts,155,155.00 B,2026-06-06 16:54:21,node_modules,node_modules\browserslist,2
node_modules\browserslist\error.js,C:\Users\Luis\Desktop\das4navy\node_modules\browserslist\error.js,error.js,.js,299,299.00 B,2026-06-06 16:54:21,node_modules,node_modules\browserslist,2
node_modules\browserslist\index.d.ts,C:\Users\Luis\Desktop\das4navy\node_modules\browserslist\index.d.ts,index.d.ts,.ts,4961,4.84 KB,2026-06-06 16:54:21,node_modules,node_modules\browserslist,2
node_modules\browserslist\index.js,C:\Users\Luis\Desktop\das4navy\node_modules\browserslist\index.js,index.js,.js,38169,37.27 KB,2026-06-06 16:54:21,node_modules,node_modules\browserslist,2
node_modules\browserslist\node.js,C:\Users\Luis\Desktop\das4navy\node_modules\browserslist\node.js,node.js,.js,13481,13.17 KB,2026-06-06 16:54:21,node_modules,node_modules\browserslist,2
node_modules\browserslist\package.json,C:\Users\Luis\Desktop\das4navy\node_modules\browserslist\package.json,package.json,.json,1112,1.09 KB,2026-06-06 16:54:21,node_modules,node_modules\browserslist,2
node_modules\browserslist\parse.js,C:\Users\Luis\Desktop\das4navy\node_modules\browserslist\parse.js,parse.js,.js,1789,1.75 KB,2026-06-06 16:54:21,node_modules,node_modules\browserslist,2
node_modules\caniuse-lite\LICENSE,C:\Users\Luis\Desktop\das4navy\node_modules\caniuse-lite\LICENSE,LICENSE,[no_ext],18651,18.21 KB,2026-06-06 16:54:21,node_modules,node_modules\caniuse-lite,2
node_modules\caniuse-lite\README.md,C:\Users\Luis\Desktop\das4navy\node_modules\caniuse-lite\README.md,README.md,.md,164,164.00 B,2026-06-06 16:54:26,node_modules,node_modules\caniuse-lite,2
node_modules\caniuse-lite\data\agents.js,C:\Users\Luis\Desktop\das4navy\node_modules\caniuse-lite\data\agents.js,agents.js,.js,25015,24.43 KB,2026-06-06 16:54:21,node_modules,node_modules\caniuse-lite,3
node_modules\caniuse-lite\data\browserVersions.js,C:\Users\Luis\Desktop\das4navy\node_modules\caniuse-lite\data\browserVersions.js,browserVersions.js,.js,2395,2.34 KB,2026-06-06 16:54:22,node_modules,node_modules\caniuse-lite,3
node_modules\caniuse-lite\data\browsers.js,C:\Users\Luis\Desktop\das4navy\node_modules\caniuse-lite\data\browsers.js,browsers.js,.js,220,220.00 B,2026-06-06 16:54:22,node_modules,node_modules\caniuse-lite,3
node_modules\caniuse-lite\data\features.js,C:\Users\Luis\Desktop\das4navy\node_modules\caniuse-lite\data\features.js,features.js,.js,31084,30.36 KB,2026-06-06 16:54:23,node_modules,node_modules\caniuse-lite,3
node_modules\caniuse-lite\data\features\aac.js,C:\Users\Luis\Desktop\das4navy\node_modules\caniuse-lite\data\features\aac.js,aac.js,.js,2082,2.03 KB,2026-06-06 16:54:21,node_modules,node_modules\caniuse-lite,4
node_modules\caniuse-lite\data\features\abortcontroller.js,C:\Users\Luis\Desktop\das4navy\node_modules\caniuse-lite\data\features\abortcontroller.js,abortcontroller.js,.js,2084,2.04 KB,2026-06-06 16:54:21,node_modules,node_modules\caniuse-lite,4
node_modules\caniuse-lite\data\features\ac3-ec3.js,C:\Users\Luis\Desktop\das4navy\node_modules\caniuse-lite\data\features\ac3-ec3.js,ac3-ec3.js,.js,2075,2.03 KB,2026-06-06 16:54:21,node_modules,node_modules\caniuse-lite,4
node_modules\caniuse-lite\data\features\accelerometer.js,C:\Users\Luis\Desktop\das4navy\node_modules\caniuse-lite\data\features\accelerometer.js,accelerometer.js,.js,2038,1.99 KB,2026-06-06 16:54:21,node_modules,node_modules\caniuse-lite,4
node_modules\caniuse-lite\data\features\addeventlistener.js,C:\Users\Luis\Desktop\das4navy\node_modules\caniuse-lite\data\features\addeventlistener.js,addeventlistener.js,.js,2033,1.99 KB,2026-06-06 16:54:21,node_modules,node_modules\caniuse-lite,4
node_modules\caniuse-lite\data\features\alternate-stylesheet.js,C:\Users\Luis\Desktop\das4navy\node_modules\caniuse-lite\data\features\alternate-stylesheet.js,alternate-stylesheet.js,.js,2036,1.99 KB,2026-06-06 16:54:22,node_modules,node_modules\caniuse-lite,4
node_modules\caniuse-lite\data\features\ambient-light.js,C:\Users\Luis\Desktop\das4navy\node_modules\caniuse-lite\data\features\ambient-light.js,ambient-light.js,.js,2059,2.01 KB,2026-06-06 16:54:22,node_modules,node_modules\caniuse-lite,4
node_modules\caniuse-lite\data\features\apng.js,C:\Users\Luis\Desktop\das4navy\node_modules\caniuse-lite\data\features\apng.js,apng.js,.js,2054,2.01 KB,2026-06-06 16:54:22,node_modules,node_modules\caniuse-lite,4
node_modules\caniuse-lite\data\features\array-find-index.js,C:\Users\Luis\Desktop\das4navy\node_modules\caniuse-lite\data\features\array-find-index.js,array-find-index.js,.js,2067,2.02 KB,2026-06-06 16:54:22,node_modules,node_modules\caniuse-lite,4
node_modules\caniuse-lite\data\features\array-find.js,C:\Users\Luis\Desktop\das4navy\node_modules\caniuse-lite\data\features\array-find.js,array-find.js,.js,2069,2.02 KB,2026-06-06 16:54:22,node_modules,node_modules\caniuse-lite,4
node_modules\caniuse-lite\data\features\array-flat.js,C:\Users\Luis\Desktop\das4navy\node_modules\caniuse-lite\data\features\array-flat.js,array-flat.js,.js,2075,2.03 KB,2026-06-06 16:54:22,node_modules,node_modules\caniuse-lite,4
node_modules\caniuse-lite\data\features\array-includes.js,C:\Users\Luis\Desktop\das4navy\node_modules\caniuse-lite\data\features\array-includes.js,array-includes.js,.js,2065,2.02 KB,2026-06-06 16:54:22,node_modules,node_modules\caniuse-lite,4
node_modules\caniuse-lite\data\features\arrow-functions.js,C:\Users\Luis\Desktop\das4navy\node_modules\caniuse-lite\data\features\arrow-functions.js,arrow-functions.js,.js,2050,2.00 KB,2026-06-06 16:54:22,node_modules,node_modules\caniuse-lite,4
node_modules\caniuse-lite\data\features\asmjs.js,C:\Users\Luis\Desktop\das4navy\node_modules\caniuse-lite\data\features\asmjs.js,asmjs.js,.js,2063,2.01 KB,2026-06-06 16:54:22,node_modules,node_modules\caniuse-lite,4
node_modules\caniuse-lite\data\features\async-clipboard.js,C:\Users\Luis\Desktop\das4navy\node_modules\caniuse-lite\data\features\async-clipboard.js,async-clipboard.js,.js,2093,2.04 KB,2026-06-06 16:54:22,node_modules,node_modules\caniuse-lite,4
node_modules\caniuse-lite\data\features\async-functions.js,C:\Users\Luis\Desktop\das4navy\node_modules\caniuse-lite\data\features\async-functions.js,async-functions.js,.js,2086,2.04 KB,2026-06-06 16:54:22,node_modules,node_modules\caniuse-lite,4
node_modules\caniuse-lite\data\features\atob-btoa.js,C:\Users\Luis\Desktop\das4navy\node_modules\caniuse-lite\data\features\atob-btoa.js,atob-btoa.js,.js,2041,1.99 KB,2026-06-06 16:54:22,node_modules,node_modules\caniuse-lite,4
node_modules\caniuse-lite\data\features\audio-api.js,C:\Users\Luis\Desktop\das4navy\node_modules\caniuse-lite\data\features\audio-api.js,audio-api.js,.js,2070,2.02 KB,2026-06-06 16:54:22,node_modules,node_modules\caniuse-lite,4
node_modules\caniuse-lite\data\features\audio.js,C:\Users\Luis\Desktop\das4navy\node_modules\caniuse-lite\data\features\audio.js,audio.js,.js,2046,2.00 KB,2026-06-06 16:54:22,node_modules,node_modules\caniuse-lite,4
node_modules\caniuse-lite\data\features\audiotracks.js,C:\Users\Luis\Desktop\das4navy\node_modules\caniuse-lite\data\features\audiotracks.js,audiotracks.js,.js,2067,2.02 KB,2026-06-06 16:54:22,node_modules,node_modules\caniuse-lite,4
node_modules\caniuse-lite\data\features\autofocus.js,C:\Users\Luis\Desktop\das4navy\node_modules\caniuse-lite\data\features\autofocus.js,autofocus.js,.js,2054,2.01 KB,2026-06-06 16:54:22,node_modules,node_modules\caniuse-lite,4
node_modules\caniuse-lite\data\features\auxclick.js,C:\Users\Luis\Desktop\das4navy\node_modules\caniuse-lite\data\features\auxclick.js,auxclick.js,.js,2051,2.00 KB,2026-06-06 16:54:22,node_modules,node_modules\caniuse-lite,4
node_modules\caniuse-lite\data\features\av1.js,C:\Users\Luis\Desktop\das4navy\node_modules\caniuse-lite\data\features\av1.js,av1.js,.js,2101,2.05 KB,2026-06-06 16:54:22,node_modules,node_modules\caniuse-lite,4
node_modules\caniuse-lite\data\features\avif.js,C:\Users\Luis\Desktop\das4navy\node_modules\caniuse-lite\data\features\avif.js,avif.js,.js,2110,2.06 KB,2026-06-06 16:54:22,node_modules,node_modules\caniuse-lite,4
node_modules\caniuse-lite\data\features\background-attachment.js,C:\Users\Luis\Desktop\das4navy\node_modules\caniuse-lite\data\features\background-attachment.js,background-attachment.js,.js,2107,2.06 KB,2026-06-06 16:54:22,node_modules,node_modules\caniuse-lite,4
node_modules\caniuse-lite\data\features\background-clip-text.js,C:\Users\Luis\Desktop\das4navy\node_modules\caniuse-lite\data\features\background-clip-text.js,background-clip-text.js,.js,2141,2.09 KB,2026-06-06 16:54:22,node_modules,node_modules\caniuse-lite,4
node_modules\caniuse-lite\data\features\background-img-opts.js,C:\Users\Luis\Desktop\das4navy\node_modules\caniuse-lite\data\features\background-img-opts.js,background-img-opts.js,.js,2103,2.05 KB,2026-06-06 16:54:22,node_modules,node_modules\caniuse-lite,4
node_modules\caniuse-lite\data\features\background-position-x-y.js,C:\Users\Luis\Desktop\das4navy\node_modules\caniuse-lite\data\features\background-position-x-y.js,background-position-x-y.js,.js,2056,2.01 KB,2026-06-06 16:54:22,node_modules,node_modules\caniuse-lite,4
node_modules\caniuse-lite\data\features\background-repeat-round-space.js,C:\Users\Luis\Desktop\das4navy\node_modules\caniuse-lite\data\features\background-repeat-round-space.js,background-repeat-round-space.js,.js,2092,2.04 KB,2026-06-06 16:54:22,node_modules,node_modules\caniuse-lite,4
node_modules\caniuse-lite\data\features\background-sync.js,C:\Users\Luis\Desktop\das4navy\node_modules\caniuse-lite\data\features\background-sync.js,background-sync.js,.js,2049,2.00 KB,2026-06-06 16:54:22,node_modules,node_modules\caniuse-lite,4
node_modules\caniuse-lite\data\features\battery-status.js,C:\Users\Luis\Desktop\das4navy\node_modules\caniuse-lite\data\features\battery-status.js,battery-status.js,.js,2070,2.02 KB,2026-06-06 16:54:22,node_modules,node_modules\caniuse-lite,4
node_modules\caniuse-lite\data\features\beacon.js,C:\Users\Luis\Desktop\das4navy\node_modules\caniuse-lite\data\features\beacon.js,beacon.js,.js,2045,2.00 KB,2026-06-06 16:54:22,node_modules,node_modules\caniuse-lite,4
node_modules\caniuse-lite\data\features\beforeafterprint.js,C:\Users\Luis\Desktop\das4navy\node_modules\caniuse-lite\data\features\beforeafterprint.js,beforeafterprint.js,.js,2054,2.01 KB,2026-06-06 16:54:22,node_modules,node_modules\caniuse-lite,4
node_modules\caniuse-lite\data\features\bigint.js,C:\Users\Luis\Desktop\das4navy\node_modules\caniuse-lite\data\features\bigint.js,bigint.js,.js,2061,2.01 KB,2026-06-06 16:54:22,node_modules,node_modules\caniuse-lite,4
node_modules\caniuse-lite\data\features\blobbuilder.js,C:\Users\Luis\Desktop\das4navy\node_modules\caniuse-lite\data\features\blobbuilder.js,blobbuilder.js,.js,2079,2.03 KB,2026-06-06 16:54:22,node_modules,node_modules\caniuse-lite,4
node_modules\caniuse-lite\data\features\bloburls.js,C:\Users\Luis\Desktop\das4navy\node_modules\caniuse-lite\data\features\bloburls.js,bloburls.js,.js,2094,2.04 KB,2026-06-06 16:54:22,node_modules,node_modules\caniuse-lite,4
node_modules\caniuse-lite\data\features\border-image.js,C:\Users\Luis\Desktop\das4navy\node_modules\caniuse-lite\data\features\border-image.js,border-image.js,.js,2244,2.19 KB,2026-06-06 16:54:22,node_modules,node_modules\caniuse-lite,4
node_modules\caniuse-lite\data\features\border-radius.js,C:\Users\Luis\Desktop\das4navy\node_modules\caniuse-lite\data\features\border-radius.js,border-radius.js,.js,2109,2.06 KB,2026-06-06 16:54:22,node_modules,node_modules\caniuse-lite,4
node_modules\caniuse-lite\data\features\broadcastchannel.js,C:\Users\Luis\Desktop\das4navy\node_modules\caniuse-lite\data\features\broadcastchannel.js,broadcastchannel.js,.js,2057,2.01 KB,2026-06-06 16:54:22,node_modules,node_modules\caniuse-lite,4
node_modules\caniuse-lite\data\features\brotli.js,C:\Users\Luis\Desktop\das4navy\node_modules\caniuse-lite\data\features\brotli.js,brotli.js,.js,2112,2.06 KB,2026-06-06 16:54:22,node_modules,node_modules\caniuse-lite,4
node_modules\caniuse-lite\data\features\calc.js,C:\Users\Luis\Desktop\das4navy\node_modules\caniuse-lite\data\features\calc.js,calc.js,.js,2111,2.06 KB,2026-06-06 16:54:22,node_modules,node_modules\caniuse-lite,4
node_modules\caniuse-lite\data\features\canvas-blending.js,C:\Users\Luis\Desktop\das4navy\node_modules\caniuse-lite\data\features\canvas-blending.js,canvas-blending.js,.js,2053,2.00 KB,2026-06-06 16:54:22,node_modules,node_modules\caniuse-lite,4
node_modules\caniuse-lite\data\features\canvas-text.js,C:\Users\Luis\Desktop\das4navy\node_modules\caniuse-lite\data\features\canvas-text.js,canvas-text.js,.js,2042,1.99 KB,2026-06-06 16:54:22,node_modules,node_modules\caniuse-lite,4
node_modules\caniuse-lite\data\features\canvas.js,C:\Users\Luis\Desktop\das4navy\node_modules\caniuse-lite\data\features\canvas.js,canvas.js,.js,2047,2.00 KB,2026-06-06 16:54:22,node_modules,node_modules\caniuse-lite,4
node_modules\caniuse-lite\data\features\ch-unit.js,C:\Users\Luis\Desktop\das4navy\node_modules\caniuse-lite\data\features\ch-unit.js,ch-unit.js,.js,2056,2.01 KB,2026-06-06 16:54:22,node_modules,node_modules\caniuse-lite,4
node_modules\caniuse-lite\data\features\chacha20-poly1305.js,C:\Users\Luis\Desktop\das4navy\node_modules\caniuse-lite\data\features\chacha20-poly1305.js,chacha20-poly1305.js,.js,2089,2.04 KB,2026-06-06 16:54:22,node_modules,node_modules\caniuse-lite,4
node_modules\caniuse-lite\data\features\channel-messaging.js,C:\Users\Luis\Desktop\das4navy\node_modules\caniuse-lite\data\features\channel-messaging.js,channel-messaging.js,.js,2061,2.01 KB,2026-06-06 16:54:22,node_modules,node_modules\caniuse-lite,4
node_modules\caniuse-lite\data\features\childnode-remove.js,C:\Users\Luis\Desktop\das4navy\node_modules\caniuse-lite\data\features\childnode-remove.js,childnode-remove.js,.js,2067,2.02 KB,2026-06-06 16:54:22,node_modules,node_modules\caniuse-lite,4
node_modules\caniuse-lite\data\features\classlist.js,C:\Users\Luis\Desktop\das4navy\node_modules\caniuse-lite\data\features\classlist.js,classlist.js,.js,2154,2.10 KB,2026-06-06 16:54:22,node_modules,node_modules\caniuse-lite,4
node_modules\caniuse-lite\data\features\client-hints-dpr-width-viewport.js,C:\Users\Luis\Desktop\das4navy\node_modules\caniuse-lite\data\features\client-hints-dpr-width-viewport.js,client-hints-dpr-width-viewport.js,.js,2063,2.01 KB,2026-06-06 16:54:22,node_modules,node_modules\caniuse-lite,4
node_modules\caniuse-lite\data\features\clipboard.js,C:\Users\Luis\Desktop\das4navy\node_modules\caniuse-lite\data\features\clipboard.js,clipboard.js,.js,2244,2.19 KB,2026-06-06 16:54:22,node_modules,node_modules\caniuse-lite,4
node_modules\caniuse-lite\data\features\colr-v1.js,C:\Users\Luis\Desktop\das4navy\node_modules\caniuse-lite\data\features\colr-v1.js,colr-v1.js,.js,2081,2.03 KB,2026-06-06 16:54:22,node_modules,node_modules\caniuse-lite,4
node_modules\caniuse-lite\data\features\colr.js,C:\Users\Luis\Desktop\das4navy\node_modules\caniuse-lite\data\features\colr.js,colr.js,.js,2121,2.07 KB,2026-06-06 16:54:22,node_modules,node_modules\caniuse-lite,4
node_modules\caniuse-lite\data\features\comparedocumentposition.js,C:\Users\Luis\Desktop\das4navy\node_modules\caniuse-lite\data\features\comparedocumentposition.js,comparedocumentposition.js,.js,2122,2.07 KB,2026-06-06 16:54:22,node_modules,node_modules\caniuse-lite,4
node_modules\caniuse-lite\data\features\console-basic.js,C:\Users\Luis\Desktop\das4navy\node_modules\caniuse-lite\data\features\console-basic.js,console-basic.js,.js,2093,2.04 KB,2026-06-06 16:54:22,node_modules,node_modules\caniuse-lite,4
node_modules\caniuse-lite\data\features\console-time.js,C:\Users\Luis\Desktop\das4navy\node_modules\caniuse-lite\data\features\console-time.js,console-time.js,.js,2063,2.01 KB,2026-06-06 16:54:22,node_modules,node_modules\caniuse-lite,4
node_modules\caniuse-lite\data\features\const.js,C:\Users\Luis\Desktop\das4navy\node_modules\caniuse-lite\data\features\const.js,const.js,.js,2171,2.12 KB,2026-06-06 16:54:22,node_modules,node_modules\caniuse-lite,4
node_modules\caniuse-lite\data\features\constraint-validation.js,C:\Users\Luis\Desktop\das4navy\node_modules\caniuse-lite\data\features\constraint-validation.js,constraint-validation.js,.js,2215,2.16 KB,2026-06-06 16:54:22,node_modules,node_modules\caniuse-lite,4
node_modules\caniuse-lite\data\features\contenteditable.js,C:\Users\Luis\Desktop\das4navy\node_modules\caniuse-lite\data\features\contenteditable.js,contenteditable.js,.js,2058,2.01 KB,2026-06-06 16:54:22,node_modules,node_modules\caniuse-lite,4
node_modules\caniuse-lite\data\features\contentsecuritypolicy.js,C:\Users\Luis\Desktop\das4navy\node_modules\caniuse-lite\data\features\contentsecuritypolicy.js,contentsecuritypolicy.js,.js,2122,2.07 KB,2026-06-06 16:54:22,node_modules,node_modules\caniuse-lite,4
node_modules\caniuse-lite\data\features\contentsecuritypolicy2.js,C:\Users\Luis\Desktop\das4navy\node_modules\caniuse-lite\data\features\contentsecuritypolicy2.js,contentsecuritypolicy2.js,.js,2135,2.08 KB,2026-06-06 16:54:22,node_modules,node_modules\caniuse-lite,4
node_modules\caniuse-lite\data\features\cookie-store-api.js,C:\Users\Luis\Desktop\das4navy\node_modules\caniuse-lite\data\features\cookie-store-api.js,cookie-store-api.js,.js,2089,2.04 KB,2026-06-06 16:54:22,node_modules,node_modules\caniuse-lite,4
node_modules\caniuse-lite\data\features\cors.js,C:\Users\Luis\Desktop\das4navy\node_modules\caniuse-lite\data\features\cors.js,cors.js,.js,2123,2.07 KB,2026-06-06 16:54:22,node_modules,node_modules\caniuse-lite,4
node_modules\caniuse-lite\data\features\createimagebitmap.js,C:\Users\Luis\Desktop\das4navy\node_modules\caniuse-lite\data\features\createimagebitmap.js,createimagebitmap.js,.js,2152,2.10 KB,2026-06-06 16:54:22,node_modules,node_modules\caniuse-lite,4
node_modules\caniuse-lite\data\features\credential-management.js,C:\Users\Luis\Desktop\das4navy\node_modules\caniuse-lite\data\features\credential-management.js,credential-management.js,.js,2069,2.02 KB,2026-06-06 16:54:22,node_modules,node_modules\caniuse-lite,4
node_modules\caniuse-lite\data\features\cross-document-view-transitions.js,C:\Users\Luis\Desktop\das4navy\node_modules\caniuse-lite\data\features\cross-document-view-transitions.js,cross-document-view-transitions.js,.js,2080,2.03 KB,2026-06-06 16:54:22,node_modules,node_modules\caniuse-lite,4
node_modules\caniuse-lite\data\features\cryptography.js,C:\Users\Luis\Desktop\das4navy\node_modules\caniuse-lite\data\features\cryptography.js,cryptography.js,.js,2098,2.05 KB,2026-06-06 16:54:22,node_modules,node_modules\caniuse-lite,4
node_modules\caniuse-lite\data\features\css-all.js,C:\Users\Luis\Desktop\das4navy\node_modules\caniuse-lite\data\features\css-all.js,css-all.js,.js,2051,2.00 KB,2026-06-06 16:54:22,node_modules,node_modules\caniuse-lite,4
node_modules\caniuse-lite\data\features\css-anchor-positioning.js,C:\Users\Luis\Desktop\das4navy\node_modules\caniuse-lite\data\features\css-anchor-positioning.js,css-anchor-positioning.js,.js,2089,2.04 KB,2026-06-06 16:54:22,node_modules,node_modules\caniuse-lite,4
node_modules\caniuse-lite\data\features\css-animation.js,C:\Users\Luis\Desktop\das4navy\node_modules\caniuse-lite\data\features\css-animation.js,css-animation.js,.js,2097,2.05 KB,2026-06-06 16:54:22,node_modules,node_modules\caniuse-lite,4
node_modules\caniuse-lite\data\features\css-any-link.js,C:\Users\Luis\Desktop\das4navy\node_modules\caniuse-lite\data\features\css-any-link.js,css-any-link.js,.js,2126,2.08 KB,2026-06-06 16:54:22,node_modules,node_modules\caniuse-lite,4
node_modules\caniuse-lite\data\features\css-appearance.js,C:\Users\Luis\Desktop\das4navy\node_modules\caniuse-lite\data\features\css-appearance.js,css-appearance.js,.js,2134,2.08 KB,2026-06-06 16:54:22,node_modules,node_modules\caniuse-lite,4
node_modules\caniuse-lite\data\features\css-at-counter-style.js,C:\Users\Luis\Desktop\das4navy\node_modules\caniuse-lite\data\features\css-at-counter-style.js,css-at-counter-style.js,.js,2081,2.03 KB,2026-06-06 16:54:22,node_modules,node_modules\caniuse-lite,4
node_modules\caniuse-lite\data\features\css-autofill.js,C:\Users\Luis\Desktop\das4navy\node_modules\caniuse-lite\data\features\css-autofill.js,css-autofill.js,.js,2001,1.95 KB,2026-06-06 16:54:22,node_modules,node_modules\caniuse-lite,4
node_modules\caniuse-lite\data\features\css-backdrop-filter.js,C:\Users\Luis\Desktop\das4navy\node_modules\caniuse-lite\data\features\css-backdrop-filter.js,css-backdrop-filter.js,.js,2114,2.06 KB,2026-06-06 16:54:22,node_modules,node_modules\caniuse-lite,4
node_modules\caniuse-lite\data\features\css-background-offsets.js,C:\Users\Luis\Desktop\das4navy\node_modules\caniuse-lite\data\features\css-background-offsets.js,css-background-offsets.js,.js,2077,2.03 KB,2026-06-06 16:54:22,node_modules,node_modules\caniuse-lite,4
node_modules\caniuse-lite\data\features\css-backgroundblendmode.js,C:\Users\Luis\Desktop\das4navy\node_modules\caniuse-lite\data\features\css-backgroundblendmode.js,css-backgroundblendmode.js,.js,2092,2.04 KB,2026-06-06 16:54:22,node_modules,node_modules\caniuse-lite,4
node_modules\caniuse-lite\data\features\css-boxdecorationbreak.js,C:\Users\Luis\Desktop\das4navy\node_modules\caniuse-lite\data\features\css-boxdecorationbreak.js,css-boxdecorationbreak.js,.js,2131,2.08 KB,2026-06-06 16:54:22,node_modules,node_modules\caniuse-lite,4
node_modules\caniuse-lite\data\features\css-boxshadow.js,C:\Users\Luis\Desktop\das4navy\node_modules\caniuse-lite\data\features\css-boxshadow.js,css-boxshadow.js,.js,2085,2.04 KB,2026-06-06 16:54:22,node_modules,node_modules\caniuse-lite,4
node_modules\caniuse-lite\data\features\css-canvas.js,C:\Users\Luis\Desktop\das4navy\node_modules\caniuse-lite\data\features\css-canvas.js,css-canvas.js,.js,2043,2.00 KB,2026-06-06 16:54:22,node_modules,node_modules\caniuse-lite,4
node_modules\caniuse-lite\data\features\css-caret-color.js,C:\Users\Luis\Desktop\das4navy\node_modules\caniuse-lite\data\features\css-caret-color.js,css-caret-color.js,.js,2062,2.01 KB,2026-06-06 16:54:22,node_modules,node_modules\caniuse-lite,4
node_modules\caniuse-lite\data\features\css-cascade-layers.js,C:\Users\Luis\Desktop\das4navy\node_modules\caniuse-lite\data\features\css-cascade-layers.js,css-cascade-layers.js,.js,2083,2.03 KB,2026-06-06 16:54:22,node_modules,node_modules\caniuse-lite,4
node_modules\caniuse-lite\data\features\css-cascade-scope.js,C:\Users\Luis\Desktop\das4navy\node_modules\caniuse-lite\data\features\css-cascade-scope.js,css-cascade-scope.js,.js,2095,2.05 KB,2026-06-06 16:54:22,node_modules,node_modules\caniuse-lite,4
node_modules\caniuse-lite\data\features\css-case-insensitive.js,C:\Users\Luis\Desktop\das4navy\node_modules\caniuse-lite\data\features\css-case-insensitive.js,css-case-insensitive.js,.js,2081,2.03 KB,2026-06-06 16:54:22,node_modules,node_modules\caniuse-lite,4
node_modules\caniuse-lite\data\features\css-clip-path.js,C:\Users\Luis\Desktop\das4navy\node_modules\caniuse-lite\data\features\css-clip-path.js,css-clip-path.js,.js,2173,2.12 KB,2026-06-06 16:54:22,node_modules,node_modules\caniuse-lite,4
node_modules\caniuse-lite\data\features\css-color-adjust.js,C:\Users\Luis\Desktop\das4navy\node_modules\caniuse-lite\data\features\css-color-adjust.js,css-color-adjust.js,.js,2079,2.03 KB,2026-06-06 16:54:22,node_modules,node_modules\caniuse-lite,4
node_modules\caniuse-lite\data\features\css-color-function.js,C:\Users\Luis\Desktop\das4navy\node_modules\caniuse-lite\data\features\css-color-function.js,css-color-function.js,.js,2109,2.06 KB,2026-06-06 16:54:22,node_modules,node_modules\caniuse-lite,4
node_modules\caniuse-lite\data\features\css-conic-gradients.js,C:\Users\Luis\Desktop\das4navy\node_modules\caniuse-lite\data\features\css-conic-gradients.js,css-conic-gradients.js,.js,2108,2.06 KB,2026-06-06 16:54:22,node_modules,node_modules\caniuse-lite,4
node_modules\caniuse-lite\data\features\css-container-queries-style.js,C:\Users\Luis\Desktop\das4navy\node_modules\caniuse-lite\data\features\css-container-queries-style.js,css-container-queries-style.js,.js,2120,2.07 KB,2026-06-06 16:54:22,node_modules,node_modules\caniuse-lite,4
node_modules\caniuse-lite\data\features\css-container-queries.js,C:\Users\Luis\Desktop\das4navy\node_modules\caniuse-lite\data\features\css-container-queries.js,css-container-queries.js,.js,2117,2.07 KB,2026-06-06 16:54:22,node_modules,node_modules\caniuse-lite,4
node_modules\caniuse-lite\data\features\css-container-query-units.js,C:\Users\Luis\Desktop\das4navy\node_modules\caniuse-lite\data\features\css-container-query-units.js,css-container-query-units.js,.js,2090,2.04 KB,2026-06-06 16:54:22,node_modules,node_modules\caniuse-lite,4
node_modules\caniuse-lite\data\features\css-containment.js,C:\Users\Luis\Desktop\das4navy\node_modules\caniuse-lite\data\features\css-containment.js,css-containment.js,.js,2086,2.04 KB,2026-06-06 16:54:22,node_modules,node_modules\caniuse-lite,4
node_modules\caniuse-lite\data\features\css-content-visibility.js,C:\Users\Luis\Desktop\das4navy\node_modules\caniuse-lite\data\features\css-content-visibility.js,css-content-visibility.js,.js,2071,2.02 KB,2026-06-06 16:54:22,node_modules,node_modules\caniuse-lite,4
node_modules\caniuse-lite\data\features\css-counters.js,C:\Users\Luis\Desktop\das4navy\node_modules\caniuse-lite\data\features\css-counters.js,css-counters.js,.js,2005,1.96 KB,2026-06-06 16:54:22,node_modules,node_modules\caniuse-lite,4
node_modules\caniuse-lite\data\features\css-crisp-edges.js,C:\Users\Luis\Desktop\das4navy\node_modules\caniuse-lite\data\features\css-crisp-edges.js,css-crisp-edges.js,.js,2196,2.14 KB,2026-06-06 16:54:22,node_modules,node_modules\caniuse-lite,4
node_modules\caniuse-lite\data\features\css-cross-fade.js,C:\Users\Luis\Desktop\das4navy\node_modules\caniuse-lite\data\features\css-cross-fade.js,css-cross-fade.js,.js,2076,2.03 KB,2026-06-06 16:54:22,node_modules,node_modules\caniuse-lite,4
node_modules\caniuse-lite\data\features\css-default-pseudo.js,C:\Users\Luis\Desktop\das4navy\node_modules\caniuse-lite\data\features\css-default-pseudo.js,css-default-pseudo.js,.js,2142,2.09 KB,2026-06-06 16:54:22,node_modules,node_modules\caniuse-lite,4
node_modules\caniuse-lite\data\features\css-descendant-gtgt.js,C:\Users\Luis\Desktop\das4navy\node_modules\caniuse-lite\data\features\css-descendant-gtgt.js,css-descendant-gtgt.js,.js,2033,1.99 KB,2026-06-06 16:54:22,node_modules,node_modules\caniuse-lite,4
node_modules\caniuse-lite\data\features\css-deviceadaptation.js,C:\Users\Luis\Desktop\das4navy\node_modules\caniuse-lite\data\features\css-deviceadaptation.js,css-deviceadaptation.js,.js,2052,2.00 KB,2026-06-06 16:54:22,node_modules,node_modules\caniuse-lite,4
node_modules\caniuse-lite\data\features\css-dir-pseudo.js,C:\Users\Luis\Desktop\das4navy\node_modules\caniuse-lite\data\features\css-dir-pseudo.js,css-dir-pseudo.js,.js,2102,2.05 KB,2026-06-06 16:54:22,node_modules,node_modules\caniuse-lite,4
node_modules\caniuse-lite\data\features\css-display-contents.js,C:\Users\Luis\Desktop\das4navy\node_modules\caniuse-lite\data\features\css-display-contents.js,css-display-contents.js,.js,2194,2.14 KB,2026-06-06 16:54:22,node_modules,node_modules\caniuse-lite,4
node_modules\caniuse-lite\data\features\css-element-function.js,C:\Users\Luis\Desktop\das4navy\node_modules\caniuse-lite\data\features\css-element-function.js,css-element-function.js,.js,2020,1.97 KB,2026-06-06 16:54:22,node_modules,node_modules\caniuse-lite,4
node_modules\caniuse-lite\data\features\css-env-function.js,C:\Users\Luis\Desktop\das4navy\node_modules\caniuse-lite\data\features\css-env-function.js,css-env-function.js,.js,2094,2.04 KB,2026-06-06 16:54:22,node_modules,node_modules\caniuse-lite,4
node_modules\caniuse-lite\data\features\css-exclusions.js,C:\Users\Luis\Desktop\das4navy\node_modules\caniuse-lite\data\features\css-exclusions.js,css-exclusions.js,.js,2024,1.98 KB,2026-06-06 16:54:22,node_modules,node_modules\caniuse-lite,4
node_modules\caniuse-lite\data\features\css-featurequeries.js,C:\Users\Luis\Desktop\das4navy\node_modules\caniuse-lite\data\features\css-featurequeries.js,css-featurequeries.js,.js,2048,2.00 KB,2026-06-06 16:54:22,node_modules,node_modules\caniuse-lite,4
node_modules\caniuse-lite\data\features\css-file-selector-button.js,C:\Users\Luis\Desktop\das4navy\node_modules\caniuse-lite\data\features\css-file-selector-button.js,css-file-selector-button.js,.js,2023,1.98 KB,2026-06-06 16:54:22,node_modules,node_modules\caniuse-lite,4
node_modules\caniuse-lite\data\features\css-filter-function.js,C:\Users\Luis\Desktop\das4navy\node_modules\caniuse-lite\data\features\css-filter-function.js,css-filter-function.js,.js,2034,1.99 KB,2026-06-06 16:54:22,node_modules,node_modules\caniuse-lite,4
node_modules\caniuse-lite\data\features\css-filters.js,C:\Users\Luis\Desktop\das4navy\node_modules\caniuse-lite\data\features\css-filters.js,css-filters.js,.js,2130,2.08 KB,2026-06-06 16:54:22,node_modules,node_modules\caniuse-lite,4
node_modules\caniuse-lite\data\features\css-first-letter.js,C:\Users\Luis\Desktop\das4navy\node_modules\caniuse-lite\data\features\css-first-letter.js,css-first-letter.js,.js,2144,2.09 KB,2026-06-06 16:54:22,node_modules,node_modules\caniuse-lite,4
node_modules\caniuse-lite\data\features\css-first-line.js,C:\Users\Luis\Desktop\das4navy\node_modules\caniuse-lite\data\features\css-first-line.js,css-first-line.js,.js,2024,1.98 KB,2026-06-06 16:54:22,node_modules,node_modules\caniuse-lite,4
node_modules\caniuse-lite\data\features\css-fixed.js,C:\Users\Luis\Desktop\das4navy\node_modules\caniuse-lite\data\features\css-fixed.js,css-fixed.js,.js,2056,2.01 KB,2026-06-06 16:54:22,node_modules,node_modules\caniuse-lite,4
node_modules\caniuse-lite\data\features\css-focus-visible.js,C:\Users\Luis\Desktop\das4navy\node_modules\caniuse-lite\data\features\css-focus-visible.js,css-focus-visible.js,.js,2122,2.07 KB,2026-06-06 16:54:22,node_modules,node_modules\caniuse-lite,4
node_modules\caniuse-lite\data\features\css-focus-within.js,C:\Users\Luis\Desktop\das4navy\node_modules\caniuse-lite\data\features\css-focus-within.js,css-focus-within.js,.js,2093,2.04 KB,2026-06-06 16:54:22,node_modules,node_modules\caniuse-lite,4
node_modules\caniuse-lite\data\features\css-font-palette.js,C:\Users\Luis\Desktop\das4navy\node_modules\caniuse-lite\data\features\css-font-palette.js,css-font-palette.js,.js,2057,2.01 KB,2026-06-06 16:54:22,node_modules,node_modules\caniuse-lite,4
node_modules\caniuse-lite\data\features\css-font-rendering-controls.js,C:\Users\Luis\Desktop\das4navy\node_modules\caniuse-lite\data\features\css-font-rendering-controls.js,css-font-rendering-controls.js,.js,2094,2.04 KB,2026-06-06 16:54:22,node_modules,node_modules\caniuse-lite,4
node_modules\caniuse-lite\data\features\css-font-stretch.js,C:\Users\Luis\Desktop\das4navy\node_modules\caniuse-lite\data\features\css-font-stretch.js,css-font-stretch.js,.js,2057,2.01 KB,2026-06-06 16:54:22,node_modules,node_modules\caniuse-lite,4
node_modules\caniuse-lite\data\features\css-gencontent.js,C:\Users\Luis\Desktop\das4navy\node_modules\caniuse-lite\data\features\css-gencontent.js,css-gencontent.js,.js,2042,1.99 KB,2026-06-06 16:54:22,node_modules,node_modules\caniuse-lite,4
node_modules\caniuse-lite\data\features\css-gradients.js,C:\Users\Luis\Desktop\das4navy\node_modules\caniuse-lite\data\features\css-gradients.js,css-gradients.js,.js,2162,2.11 KB,2026-06-06 16:54:22,node_modules,node_modules\caniuse-lite,4
node_modules\caniuse-lite\data\features\css-grid-animation.js,C:\Users\Luis\Desktop\das4navy\node_modules\caniuse-lite\data\features\css-grid-animation.js,css-grid-animation.js,.js,2066,2.02 KB,2026-06-06 16:54:22,node_modules,node_modules\caniuse-lite,4
node_modules\caniuse-lite\data\features\css-grid-lanes.js,C:\Users\Luis\Desktop\das4navy\node_modules\caniuse-lite\data\features\css-grid-lanes.js,css-grid-lanes.js,.js,2065,2.02 KB,2026-06-06 16:54:22,node_modules,node_modules\caniuse-lite,4
node_modules\caniuse-lite\data\features\css-grid.js,C:\Users\Luis\Desktop\das4navy\node_modules\caniuse-lite\data\features\css-grid.js,css-grid.js,.js,2162,2.11 KB,2026-06-06 16:54:22,node_modules,node_modules\caniuse-lite,4
node_modules\caniuse-lite\data\features\css-hanging-punctuation.js,C:\Users\Luis\Desktop\das4navy\node_modules\caniuse-lite\data\features\css-hanging-punctuation.js,css-hanging-punctuation.js,.js,2026,1.98 KB,2026-06-06 16:54:22,node_modules,node_modules\caniuse-lite,4
node_modules\caniuse-lite\data\features\css-has.js,C:\Users\Luis\Desktop\das4navy\node_modules\caniuse-lite\data\features\css-has.js,css-has.js,.js,2091,2.04 KB,2026-06-06 16:54:22,node_modules,node_modules\caniuse-lite,4
node_modules\caniuse-lite\data\features\css-hyphens.js,C:\Users\Luis\Desktop\das4navy\node_modules\caniuse-lite\data\features\css-hyphens.js,css-hyphens.js,.js,2125,2.08 KB,2026-06-06 16:54:22,node_modules,node_modules\caniuse-lite,4
node_modules\caniuse-lite\data\features\css-if.js,C:\Users\Luis\Desktop\das4navy\node_modules\caniuse-lite\data\features\css-if.js,css-if.js,.js,2028,1.98 KB,2026-06-06 16:54:22,node_modules,node_modules\caniuse-lite,4
node_modules\caniuse-lite\data\features\css-image-orientation.js,C:\Users\Luis\Desktop\das4navy\node_modules\caniuse-lite\data\features\css-image-orientation.js,css-image-orientation.js,.js,2097,2.05 KB,2026-06-06 16:54:22,node_modules,node_modules\caniuse-lite,4
node_modules\caniuse-lite\data\features\css-image-set.js,C:\Users\Luis\Desktop\das4navy\node_modules\caniuse-lite\data\features\css-image-set.js,css-image-set.js,.js,2204,2.15 KB,2026-06-06 16:54:22,node_modules,node_modules\caniuse-lite,4
node_modules\caniuse-lite\data\features\css-in-out-of-range.js,C:\Users\Luis\Desktop\das4navy\node_modules\caniuse-lite\data\features\css-in-out-of-range.js,css-in-out-of-range.js,.js,2196,2.14 KB,2026-06-06 16:54:23,node_modules,node_modules\caniuse-lite,4
node_modules\caniuse-lite\data\features\css-indeterminate-pseudo.js,C:\Users\Luis\Desktop\das4navy\node_modules\caniuse-lite\data\features\css-indeterminate-pseudo.js,css-indeterminate-pseudo.js,.js,2200,2.15 KB,2026-06-06 16:54:23,node_modules,node_modules\caniuse-lite,4
node_modules\caniuse-lite\data\features\css-initial-letter.js,C:\Users\Luis\Desktop\das4navy\node_modules\caniuse-lite\data\features\css-initial-letter.js,css-initial-letter.js,.js,2095,2.05 KB,2026-06-06 16:54:23,node_modules,node_modules\caniuse-lite,4
node_modules\caniuse-lite\data\features\css-initial-value.js,C:\Users\Luis\Desktop\das4navy\node_modules\caniuse-lite\data\features\css-initial-value.js,css-initial-value.js,.js,2052,2.00 KB,2026-06-06 16:54:23,node_modules,node_modules\caniuse-lite,4
node_modules\caniuse-lite\data\features\css-lch-lab.js,C:\Users\Luis\Desktop\das4navy\node_modules\caniuse-lite\data\features\css-lch-lab.js,css-lch-lab.js,.js,2089,2.04 KB,2026-06-06 16:54:23,node_modules,node_modules\caniuse-lite,4
node_modules\caniuse-lite\data\features\css-letter-spacing.js,C:\Users\Luis\Desktop\das4navy\node_modules\caniuse-lite\data\features\css-letter-spacing.js,css-letter-spacing.js,.js,2099,2.05 KB,2026-06-06 16:54:23,node_modules,node_modules\caniuse-lite,4
node_modules\caniuse-lite\data\features\css-line-clamp.js,C:\Users\Luis\Desktop\das4navy\node_modules\caniuse-lite\data\features\css-line-clamp.js,css-line-clamp.js,.js,2081,2.03 KB,2026-06-06 16:54:23,node_modules,node_modules\caniuse-lite,4
node_modules\caniuse-lite\data\features\css-logical-props.js,C:\Users\Luis\Desktop\das4navy\node_modules\caniuse-lite\data\features\css-logical-props.js,css-logical-props.js,.js,2211,2.16 KB,2026-06-06 16:54:23,node_modules,node_modules\caniuse-lite,4
node_modules\caniuse-lite\data\features\css-marker-pseudo.js,C:\Users\Luis\Desktop\das4navy\node_modules\caniuse-lite\data\features\css-marker-pseudo.js,css-marker-pseudo.js,.js,2078,2.03 KB,2026-06-06 16:54:23,node_modules,node_modules\caniuse-lite,4
node_modules\caniuse-lite\data\features\css-masks.js,C:\Users\Luis\Desktop\das4navy\node_modules\caniuse-lite\data\features\css-masks.js,css-masks.js,.js,2133,2.08 KB,2026-06-06 16:54:23,node_modules,node_modules\caniuse-lite,4
node_modules\caniuse-lite\data\features\css-matches-pseudo.js,C:\Users\Luis\Desktop\das4navy\node_modules\caniuse-lite\data\features\css-matches-pseudo.js,css-matches-pseudo.js,.js,2202,2.15 KB,2026-06-06 16:54:23,node_modules,node_modules\caniuse-lite,4
node_modules\caniuse-lite\data\features\css-math-functions.js,C:\Users\Luis\Desktop\das4navy\node_modules\caniuse-lite\data\features\css-math-functions.js,css-math-functions.js,.js,2106,2.06 KB,2026-06-06 16:54:23,node_modules,node_modules\caniuse-lite,4
node_modules\caniuse-lite\data\features\css-media-interaction.js,C:\Users\Luis\Desktop\das4navy\node_modules\caniuse-lite\data\features\css-media-interaction.js,css-media-interaction.js,.js,2082,2.03 KB,2026-06-06 16:54:23,node_modules,node_modules\caniuse-lite,4
node_modules\caniuse-lite\data\features\css-media-range-syntax.js,C:\Users\Luis\Desktop\das4navy\node_modules\caniuse-lite\data\features\css-media-range-syntax.js,css-media-range-syntax.js,.js,2074,2.03 KB,2026-06-06 16:54:23,node_modules,node_modules\caniuse-lite,4
node_modules\caniuse-lite\data\features\css-media-resolution.js,C:\Users\Luis\Desktop\das4navy\node_modules\caniuse-lite\data\features\css-media-resolution.js,css-media-resolution.js,.js,2176,2.12 KB,2026-06-06 16:54:23,node_modules,node_modules\caniuse-lite,4
node_modules\caniuse-lite\data\features\css-media-scripting.js,C:\Users\Luis\Desktop\das4navy\node_modules\caniuse-lite\data\features\css-media-scripting.js,css-media-scripting.js,.js,2026,1.98 KB,2026-06-06 16:54:23,node_modules,node_modules\caniuse-lite,4
node_modules\caniuse-lite\data\features\css-mediaqueries.js,C:\Users\Luis\Desktop\das4navy\node_modules\caniuse-lite\data\features\css-mediaqueries.js,css-mediaqueries.js,.js,2067,2.02 KB,2026-06-06 16:54:23,node_modules,node_modules\caniuse-lite,4
node_modules\caniuse-lite\data\features\css-mixblendmode.js,C:\Users\Luis\Desktop\das4navy\node_modules\caniuse-lite\data\features\css-mixblendmode.js,css-mixblendmode.js,.js,2082,2.03 KB,2026-06-06 16:54:23,node_modules,node_modules\caniuse-lite,4
node_modules\caniuse-lite\data\features\css-module-scripts.js,C:\Users\Luis\Desktop\das4navy\node_modules\caniuse-lite\data\features\css-module-scripts.js,css-module-scripts.js,.js,2037,1.99 KB,2026-06-06 16:54:23,node_modules,node_modules\caniuse-lite,4
node_modules\caniuse-lite\data\features\css-motion-paths.js,C:\Users\Luis\Desktop\das4navy\node_modules\caniuse-lite\data\features\css-motion-paths.js,css-motion-paths.js,.js,2078,2.03 KB,2026-06-06 16:54:23,node_modules,node_modules\caniuse-lite,4
node_modules\caniuse-lite\data\features\css-namespaces.js,C:\Users\Luis\Desktop\das4navy\node_modules\caniuse-lite\data\features\css-namespaces.js,css-namespaces.js,.js,2021,1.97 KB,2026-06-06 16:54:23,node_modules,node_modules\caniuse-lite,4
node_modules\caniuse-lite\data\features\css-nesting.js,C:\Users\Luis\Desktop\das4navy\node_modules\caniuse-lite\data\features\css-nesting.js,css-nesting.js,.js,2132,2.08 KB,2026-06-06 16:54:23,node_modules,node_modules\caniuse-lite,4
node_modules\caniuse-lite\data\features\css-not-sel-list.js,C:\Users\Luis\Desktop\das4navy\node_modules\caniuse-lite\data\features\css-not-sel-list.js,css-not-sel-list.js,.js,2086,2.04 KB,2026-06-06 16:54:23,node_modules,node_modules\caniuse-lite,4
node_modules\caniuse-lite\data\features\css-nth-child-of.js,C:\Users\Luis\Desktop\das4navy\node_modules\caniuse-lite\data\features\css-nth-child-of.js,css-nth-child-of.js,.js,2116,2.07 KB,2026-06-06 16:54:23,node_modules,node_modules\caniuse-lite,4
node_modules\caniuse-lite\data\features\css-opacity.js,C:\Users\Luis\Desktop\das4navy\node_modules\caniuse-lite\data\features\css-opacity.js,css-opacity.js,.js,2005,1.96 KB,2026-06-06 16:54:23,node_modules,node_modules\caniuse-lite,4
node_modules\caniuse-lite\data\features\css-optional-pseudo.js,C:\Users\Luis\Desktop\das4navy\node_modules\caniuse-lite\data\features\css-optional-pseudo.js,css-optional-pseudo.js,.js,2076,2.03 KB,2026-06-06 16:54:23,node_modules,node_modules\caniuse-lite,4
node_modules\caniuse-lite\data\features\css-overflow-anchor.js,C:\Users\Luis\Desktop\das4navy\node_modules\caniuse-lite\data\features\css-overflow-anchor.js,css-overflow-anchor.js,.js,2079,2.03 KB,2026-06-06 16:54:23,node_modules,node_modules\caniuse-lite,4
node_modules\caniuse-lite\data\features\css-overflow-overlay.js,C:\Users\Luis\Desktop\das4navy\node_modules\caniuse-lite\data\features\css-overflow-overlay.js,css-overflow-overlay.js,.js,2098,2.05 KB,2026-06-06 16:54:23,node_modules,node_modules\caniuse-lite,4
node_modules\caniuse-lite\data\features\css-overflow.js,C:\Users\Luis\Desktop\das4navy\node_modules\caniuse-lite\data\features\css-overflow.js,css-overflow.js,.js,2148,2.10 KB,2026-06-06 16:54:23,node_modules,node_modules\caniuse-lite,4
node_modules\caniuse-lite\data\features\css-overscroll-behavior.js,C:\Users\Luis\Desktop\das4navy\node_modules\caniuse-lite\data\features\css-overscroll-behavior.js,css-overscroll-behavior.js,.js,2124,2.07 KB,2026-06-06 16:54:23,node_modules,node_modules\caniuse-lite,4
node_modules\caniuse-lite\data\features\css-page-break.js,C:\Users\Luis\Desktop\das4navy\node_modules\caniuse-lite\data\features\css-page-break.js,css-page-break.js,.js,2153,2.10 KB,2026-06-06 16:54:23,node_modules,node_modules\caniuse-lite,4
node_modules\caniuse-lite\data\features\css-paged-media.js,C:\Users\Luis\Desktop\das4navy\node_modules\caniuse-lite\data\features\css-paged-media.js,css-paged-media.js,.js,2081,2.03 KB,2026-06-06 16:54:23,node_modules,node_modules\caniuse-lite,4
node_modules\caniuse-lite\data\features\css-paint-api.js,C:\Users\Luis\Desktop\das4navy\node_modules\caniuse-lite\data\features\css-paint-api.js,css-paint-api.js,.js,2047,2.00 KB,2026-06-06 16:54:23,node_modules,node_modules\caniuse-lite,4
node_modules\caniuse-lite\data\features\css-placeholder-shown.js,C:\Users\Luis\Desktop\das4navy\node_modules\caniuse-lite\data\features\css-placeholder-shown.js,css-placeholder-shown.js,.js,2100,2.05 KB,2026-06-06 16:54:23,node_modules,node_modules\caniuse-lite,4
node_modules\caniuse-lite\data\features\css-placeholder.js,C:\Users\Luis\Desktop\das4navy\node_modules\caniuse-lite\data\features\css-placeholder.js,css-placeholder.js,.js,2116,2.07 KB,2026-06-06 16:54:23,node_modules,node_modules\caniuse-lite,4
node_modules\caniuse-lite\data\features\css-print-color-adjust.js,C:\Users\Luis\Desktop\das4navy\node_modules\caniuse-lite\data\features\css-print-color-adjust.js,css-print-color-adjust.js,.js,2028,1.98 KB,2026-06-06 16:54:23,node_modules,node_modules\caniuse-lite,4
node_modules\caniuse-lite\data\features\css-read-only-write.js,C:\Users\Luis\Desktop\das4navy\node_modules\caniuse-lite\data\features\css-read-only-write.js,css-read-only-write.js,.js,2151,2.10 KB,2026-06-06 16:54:23,node_modules,node_modules\caniuse-lite,4
node_modules\caniuse-lite\data\features\css-rebeccapurple.js,C:\Users\Luis\Desktop\das4navy\node_modules\caniuse-lite\data\features\css-rebeccapurple.js,css-rebeccapurple.js,.js,2063,2.01 KB,2026-06-06 16:54:23,node_modules,node_modules\caniuse-lite,4
node_modules\caniuse-lite\data\features\css-reflections.js,C:\Users\Luis\Desktop\das4navy\node_modules\caniuse-lite\data\features\css-reflections.js,css-reflections.js,.js,2039,1.99 KB,2026-06-06 16:54:23,node_modules,node_modules\caniuse-lite,4
node_modules\caniuse-lite\data\features\css-regions.js,C:\Users\Luis\Desktop\das4navy\node_modules\caniuse-lite\data\features\css-regions.js,css-regions.js,.js,2044,2.00 KB,2026-06-06 16:54:23,node_modules,node_modules\caniuse-lite,4
node_modules\caniuse-lite\data\features\css-relative-colors.js,C:\Users\Luis\Desktop\das4navy\node_modules\caniuse-lite\data\features\css-relative-colors.js,css-relative-colors.js,.js,2142,2.09 KB,2026-06-06 16:54:23,node_modules,node_modules\caniuse-lite,4
node_modules\caniuse-lite\data\features\css-repeating-gradients.js,C:\Users\Luis\Desktop\das4navy\node_modules\caniuse-lite\data\features\css-repeating-gradients.js,css-repeating-gradients.js,.js,2127,2.08 KB,2026-06-06 16:54:23,node_modules,node_modules\caniuse-lite,4
node_modules\caniuse-lite\data\features\css-resize.js,C:\Users\Luis\Desktop\das4navy\node_modules\caniuse-lite\data\features\css-resize.js,css-resize.js,.js,2069,2.02 KB,2026-06-06 16:54:23,node_modules,node_modules\caniuse-lite,4
node_modules\caniuse-lite\data\features\css-revert-value.js,C:\Users\Luis\Desktop\das4navy\node_modules\caniuse-lite\data\features\css-revert-value.js,css-revert-value.js,.js,2063,2.01 KB,2026-06-06 16:54:23,node_modules,node_modules\caniuse-lite,4
node_modules\caniuse-lite\data\features\css-rrggbbaa.js,C:\Users\Luis\Desktop\das4navy\node_modules\caniuse-lite\data\features\css-rrggbbaa.js,css-rrggbbaa.js,.js,2099,2.05 KB,2026-06-06 16:54:23,node_modules,node_modules\caniuse-lite,4
node_modules\caniuse-lite\data\features\css-scroll-behavior.js,C:\Users\Luis\Desktop\das4navy\node_modules\caniuse-lite\data\features\css-scroll-behavior.js,css-scroll-behavior.js,.js,2108,2.06 KB,2026-06-06 16:54:23,node_modules,node_modules\caniuse-lite,4
node_modules\caniuse-lite\data\features\css-scrollbar.js,C:\Users\Luis\Desktop\das4navy\node_modules\caniuse-lite\data\features\css-scrollbar.js,css-scrollbar.js,.js,2138,2.09 KB,2026-06-06 16:54:23,node_modules,node_modules\caniuse-lite,4
node_modules\caniuse-lite\data\features\css-sel2.js,C:\Users\Luis\Desktop\das4navy\node_modules\caniuse-lite\data\features\css-sel2.js,css-sel2.js,.js,2016,1.97 KB,2026-06-06 16:54:23,node_modules,node_modules\caniuse-lite,4
node_modules\caniuse-lite\data\features\css-sel3.js,C:\Users\Luis\Desktop\das4navy\node_modules\caniuse-lite\data\features\css-sel3.js,css-sel3.js,.js,2039,1.99 KB,2026-06-06 16:54:23,node_modules,node_modules\caniuse-lite,4
node_modules\caniuse-lite\data\features\css-selection.js,C:\Users\Luis\Desktop\das4navy\node_modules\caniuse-lite\data\features\css-selection.js,css-selection.js,.js,2062,2.01 KB,2026-06-06 16:54:23,node_modules,node_modules\caniuse-lite,4
node_modules\caniuse-lite\data\features\css-shapes.js,C:\Users\Luis\Desktop\das4navy\node_modules\caniuse-lite\data\features\css-shapes.js,css-shapes.js,.js,2089,2.04 KB,2026-06-06 16:54:23,node_modules,node_modules\caniuse-lite,4
node_modules\caniuse-lite\data\features\css-snappoints.js,C:\Users\Luis\Desktop\das4navy\node_modules\caniuse-lite\data\features\css-snappoints.js,css-snappoints.js,.js,2131,2.08 KB,2026-06-06 16:54:23,node_modules,node_modules\caniuse-lite,4
node_modules\caniuse-lite\data\features\css-sticky.js,C:\Users\Luis\Desktop\das4navy\node_modules\caniuse-lite\data\features\css-sticky.js,css-sticky.js,.js,2171,2.12 KB,2026-06-06 16:54:23,node_modules,node_modules\caniuse-lite,4
node_modules\caniuse-lite\data\features\css-subgrid.js,C:\Users\Luis\Desktop\das4navy\node_modules\caniuse-lite\data\features\css-subgrid.js,css-subgrid.js,.js,2082,2.03 KB,2026-06-06 16:54:23,node_modules,node_modules\caniuse-lite,4
node_modules\caniuse-lite\data\features\css-supports-api.js,C:\Users\Luis\Desktop\das4navy\node_modules\caniuse-lite\data\features\css-supports-api.js,css-supports-api.js,.js,2096,2.05 KB,2026-06-06 16:54:23,node_modules,node_modules\caniuse-lite,4
node_modules\caniuse-lite\data\features\css-table.js,C:\Users\Luis\Desktop\das4navy\node_modules\caniuse-lite\data\features\css-table.js,css-table.js,.js,2018,1.97 KB,2026-06-06 16:54:23,node_modules,node_modules\caniuse-lite,4
node_modules\caniuse-lite\data\features\css-text-align-last.js,C:\Users\Luis\Desktop\das4navy\node_modules\caniuse-lite\data\features\css-text-align-last.js,css-text-align-last.js,.js,2095,2.05 KB,2026-06-06 16:54:23,node_modules,node_modules\caniuse-lite,4
node_modules\caniuse-lite\data\features\css-text-box-trim.js,C:\Users\Luis\Desktop\das4navy\node_modules\caniuse-lite\data\features\css-text-box-trim.js,css-text-box-trim.js,.js,2075,2.03 KB,2026-06-06 16:54:23,node_modules,node_modules\caniuse-lite,4
node_modules\caniuse-lite\data\features\css-text-indent.js,C:\Users\Luis\Desktop\das4navy\node_modules\caniuse-lite\data\features\css-text-indent.js,css-text-indent.js,.js,2112,2.06 KB,2026-06-06 16:54:23,node_modules,node_modules\caniuse-lite,4
node_modules\caniuse-lite\data\features\css-text-justify.js,C:\Users\Luis\Desktop\das4navy\node_modules\caniuse-lite\data\features\css-text-justify.js,css-text-justify.js,.js,2110,2.06 KB,2026-06-06 16:54:23,node_modules,node_modules\caniuse-lite,4
node_modules\caniuse-lite\data\features\css-text-orientation.js,C:\Users\Luis\Desktop\das4navy\node_modules\caniuse-lite\data\features\css-text-orientation.js,css-text-orientation.js,.js,2083,2.03 KB,2026-06-06 16:54:23,node_modules,node_modules\caniuse-lite,4
node_modules\caniuse-lite\data\features\css-text-spacing.js,C:\Users\Luis\Desktop\das4navy\node_modules\caniuse-lite\data\features\css-text-spacing.js,css-text-spacing.js,.js,2028,1.98 KB,2026-06-06 16:54:23,node_modules,node_modules\caniuse-lite,4
node_modules\caniuse-lite\data\features\css-text-wrap-balance.js,C:\Users\Luis\Desktop\das4navy\node_modules\caniuse-lite\data\features\css-text-wrap-balance.js,css-text-wrap-balance.js,.js,2091,2.04 KB,2026-06-06 16:54:23,node_modules,node_modules\caniuse-lite,4
node_modules\caniuse-lite\data\features\css-textshadow.js,C:\Users\Luis\Desktop\das4navy\node_modules\caniuse-lite\data\features\css-textshadow.js,css-textshadow.js,.js,2047,2.00 KB,2026-06-06 16:54:23,node_modules,node_modules\caniuse-lite,4
node_modules\caniuse-lite\data\features\css-touch-action.js,C:\Users\Luis\Desktop\das4navy\node_modules\caniuse-lite\data\features\css-touch-action.js,css-touch-action.js,.js,2106,2.06 KB,2026-06-06 16:54:23,node_modules,node_modules\caniuse-lite,4
node_modules\caniuse-lite\data\features\css-transitions.js,C:\Users\Luis\Desktop\das4navy\node_modules\caniuse-lite\data\features\css-transitions.js,css-transitions.js,.js,2117,2.07 KB,2026-06-06 16:54:23,node_modules,node_modules\caniuse-lite,4
node_modules\caniuse-lite\data\features\css-unicode-bidi.js,C:\Users\Luis\Desktop\das4navy\node_modules\caniuse-lite\data\features\css-unicode-bidi.js,css-unicode-bidi.js,.js,2116,2.07 KB,2026-06-06 16:54:23,node_modules,node_modules\caniuse-lite,4
node_modules\caniuse-lite\data\features\css-unset-value.js,C:\Users\Luis\Desktop\das4navy\node_modules\caniuse-lite\data\features\css-unset-value.js,css-unset-value.js,.js,2050,2.00 KB,2026-06-06 16:54:23,node_modules,node_modules\caniuse-lite,4
node_modules\caniuse-lite\data\features\css-variables.js,C:\Users\Luis\Desktop\das4navy\node_modules\caniuse-lite\data\features\css-variables.js,css-variables.js,.js,2114,2.06 KB,2026-06-06 16:54:23,node_modules,node_modules\caniuse-lite,4
node_modules\caniuse-lite\data\features\css-when-else.js,C:\Users\Luis\Desktop\das4navy\node_modules\caniuse-lite\data\features\css-when-else.js,css-when-else.js,.js,2022,1.97 KB,2026-06-06 16:54:23,node_modules,node_modules\caniuse-lite,4
node_modules\caniuse-lite\data\features\css-widows-orphans.js,C:\Users\Luis\Desktop\das4navy\node_modules\caniuse-lite\data\features\css-widows-orphans.js,css-widows-orphans.js,.js,2059,2.01 KB,2026-06-06 16:54:23,node_modules,node_modules\caniuse-lite,4
node_modules\caniuse-lite\data\features\css-width-stretch.js,C:\Users\Luis\Desktop\das4navy\node_modules\caniuse-lite\data\features\css-width-stretch.js,css-width-stretch.js,.js,2007,1.96 KB,2026-06-06 16:54:23,node_modules,node_modules\caniuse-lite,4
node_modules\caniuse-lite\data\features\css-writing-mode.js,C:\Users\Luis\Desktop\das4navy\node_modules\caniuse-lite\data\features\css-writing-mode.js,css-writing-mode.js,.js,2123,2.07 KB,2026-06-06 16:54:23,node_modules,node_modules\caniuse-lite,4
node_modules\caniuse-lite\data\features\css-zoom.js,C:\Users\Luis\Desktop\das4navy\node_modules\caniuse-lite\data\features\css-zoom.js,css-zoom.js,.js,2035,1.99 KB,2026-06-06 16:54:23,node_modules,node_modules\caniuse-lite,4
node_modules\caniuse-lite\data\features\css3-attr.js,C:\Users\Luis\Desktop\das4navy\node_modules\caniuse-lite\data\features\css3-attr.js,css3-attr.js,.js,2070,2.02 KB,2026-06-06 16:54:23,node_modules,node_modules\caniuse-lite,4
node_modules\caniuse-lite\data\features\css3-boxsizing.js,C:\Users\Luis\Desktop\das4navy\node_modules\caniuse-lite\data\features\css3-boxsizing.js,css3-boxsizing.js,.js,2056,2.01 KB,2026-06-06 16:54:23,node_modules,node_modules\caniuse-lite,4
node_modules\caniuse-lite\data\features\css3-colors.js,C:\Users\Luis\Desktop\das4navy\node_modules\caniuse-lite\data\features\css3-colors.js,css3-colors.js,.js,2022,1.97 KB,2026-06-06 16:54:23,node_modules,node_modules\caniuse-lite,4
node_modules\caniuse-lite\data\features\css3-cursors-grab.js,C:\Users\Luis\Desktop\das4navy\node_modules\caniuse-lite\data\features\css3-cursors-grab.js,css3-cursors-grab.js,.js,2067,2.02 KB,2026-06-06 16:54:23,node_modules,node_modules\caniuse-lite,4
node_modules\caniuse-lite\data\features\css3-cursors-newer.js,C:\Users\Luis\Desktop\das4navy\node_modules\caniuse-lite\data\features\css3-cursors-newer.js,css3-cursors-newer.js,.js,2066,2.02 KB,2026-06-06 16:54:23,node_modules,node_modules\caniuse-lite,4
node_modules\caniuse-lite\data\features\css3-cursors.js,C:\Users\Luis\Desktop\das4navy\node_modules\caniuse-lite\data\features\css3-cursors.js,css3-cursors.js,.js,2078,2.03 KB,2026-06-06 16:54:23,node_modules,node_modules\caniuse-lite,4
node_modules\caniuse-lite\data\features\css3-tabsize.js,C:\Users\Luis\Desktop\das4navy\node_modules\caniuse-lite\data\features\css3-tabsize.js,css3-tabsize.js,.js,2125,2.08 KB,2026-06-06 16:54:23,node_modules,node_modules\caniuse-lite,4
node_modules\caniuse-lite\data\features\currentcolor.js,C:\Users\Luis\Desktop\das4navy\node_modules\caniuse-lite\data\features\currentcolor.js,currentcolor.js,.js,2034,1.99 KB,2026-06-06 16:54:23,node_modules,node_modules\caniuse-lite,4
node_modules\caniuse-lite\data\features\custom-elements.js,C:\Users\Luis\Desktop\das4navy\node_modules\caniuse-lite\data\features\custom-elements.js,custom-elements.js,.js,2112,2.06 KB,2026-06-06 16:54:23,node_modules,node_modules\caniuse-lite,4
node_modules\caniuse-lite\data\features\custom-elementsv1.js,C:\Users\Luis\Desktop\das4navy\node_modules\caniuse-lite\data\features\custom-elementsv1.js,custom-elementsv1.js,.js,2135,2.08 KB,2026-06-06 16:54:23,node_modules,node_modules\caniuse-lite,4
node_modules\caniuse-lite\data\features\customevent.js,C:\Users\Luis\Desktop\das4navy\node_modules\caniuse-lite\data\features\customevent.js,customevent.js,.js,2135,2.08 KB,2026-06-06 16:54:23,node_modules,node_modules\caniuse-lite,4
node_modules\caniuse-lite\data\features\customizable-select.js,C:\Users\Luis\Desktop\das4navy\node_modules\caniuse-lite\data\features\customizable-select.js,customizable-select.js,.js,2070,2.02 KB,2026-06-06 16:54:23,node_modules,node_modules\caniuse-lite,4
node_modules\caniuse-lite\data\features\datalist.js,C:\Users\Luis\Desktop\das4navy\node_modules\caniuse-lite\data\features\datalist.js,datalist.js,.js,2110,2.06 KB,2026-06-06 16:54:23,node_modules,node_modules\caniuse-lite,4
node_modules\caniuse-lite\data\features\dataset.js,C:\Users\Luis\Desktop\das4navy\node_modules\caniuse-lite\data\features\dataset.js,dataset.js,.js,2136,2.09 KB,2026-06-06 16:54:23,node_modules,node_modules\caniuse-lite,4
node_modules\caniuse-lite\data\features\datauri.js,C:\Users\Luis\Desktop\das4navy\node_modules\caniuse-lite\data\features\datauri.js,datauri.js,.js,2030,1.98 KB,2026-06-06 16:54:23,node_modules,node_modules\caniuse-lite,4
node_modules\caniuse-lite\data\features\date-tolocaledatestring.js,C:\Users\Luis\Desktop\das4navy\node_modules\caniuse-lite\data\features\date-tolocaledatestring.js,date-tolocaledatestring.js,.js,2214,2.16 KB,2026-06-06 16:54:23,node_modules,node_modules\caniuse-lite,4
node_modules\caniuse-lite\data\features\declarative-shadow-dom.js,C:\Users\Luis\Desktop\das4navy\node_modules\caniuse-lite\data\features\declarative-shadow-dom.js,declarative-shadow-dom.js,.js,2109,2.06 KB,2026-06-06 16:54:23,node_modules,node_modules\caniuse-lite,4
node_modules\caniuse-lite\data\features\decorators.js,C:\Users\Luis\Desktop\das4navy\node_modules\caniuse-lite\data\features\decorators.js,decorators.js,.js,1997,1.95 KB,2026-06-06 16:54:23,node_modules,node_modules\caniuse-lite,4
node_modules\caniuse-lite\data\features\details.js,C:\Users\Luis\Desktop\das4navy\node_modules\caniuse-lite\data\features\details.js,details.js,.js,2135,2.08 KB,2026-06-06 16:54:23,node_modules,node_modules\caniuse-lite,4
node_modules\caniuse-lite\data\features\deviceorientation.js,C:\Users\Luis\Desktop\das4navy\node_modules\caniuse-lite\data\features\deviceorientation.js,deviceorientation.js,.js,2116,2.07 KB,2026-06-06 16:54:23,node_modules,node_modules\caniuse-lite,4
node_modules\caniuse-lite\data\features\devicepixelratio.js,C:\Users\Luis\Desktop\das4navy\node_modules\caniuse-lite\data\features\devicepixelratio.js,devicepixelratio.js,.js,2044,2.00 KB,2026-06-06 16:54:23,node_modules,node_modules\caniuse-lite,4
node_modules\caniuse-lite\data\features\dialog.js,C:\Users\Luis\Desktop\das4navy\node_modules\caniuse-lite\data\features\dialog.js,dialog.js,.js,2082,2.03 KB,2026-06-06 16:54:23,node_modules,node_modules\caniuse-lite,4
node_modules\caniuse-lite\data\features\dispatchevent.js,C:\Users\Luis\Desktop\das4navy\node_modules\caniuse-lite\data\features\dispatchevent.js,dispatchevent.js,.js,2071,2.02 KB,2026-06-06 16:54:23,node_modules,node_modules\caniuse-lite,4
node_modules\caniuse-lite\data\features\dnssec.js,C:\Users\Luis\Desktop\das4navy\node_modules\caniuse-lite\data\features\dnssec.js,dnssec.js,.js,2048,2.00 KB,2026-06-06 16:54:23,node_modules,node_modules\caniuse-lite,4
node_modules\caniuse-lite\data\features\do-not-track.js,C:\Users\Luis\Desktop\das4navy\node_modules\caniuse-lite\data\features\do-not-track.js,do-not-track.js,.js,2116,2.07 KB,2026-06-06 16:54:23,node_modules,node_modules\caniuse-lite,4
node_modules\caniuse-lite\data\features\document-currentscript.js,C:\Users\Luis\Desktop\das4navy\node_modules\caniuse-lite\data\features\document-currentscript.js,document-currentscript.js,.js,2051,2.00 KB,2026-06-06 16:54:23,node_modules,node_modules\caniuse-lite,4
node_modules\caniuse-lite\data\features\document-evaluate-xpath.js,C:\Users\Luis\Desktop\das4navy\node_modules\caniuse-lite\data\features\document-evaluate-xpath.js,document-evaluate-xpath.js,.js,2026,1.98 KB,2026-06-06 16:54:23,node_modules,node_modules\caniuse-lite,4
node_modules\caniuse-lite\data\features\document-execcommand.js,C:\Users\Luis\Desktop\das4navy\node_modules\caniuse-lite\data\features\document-execcommand.js,document-execcommand.js,.js,2060,2.01 KB,2026-06-06 16:54:23,node_modules,node_modules\caniuse-lite,4
node_modules\caniuse-lite\data\features\document-policy.js,C:\Users\Luis\Desktop\das4navy\node_modules\caniuse-lite\data\features\document-policy.js,document-policy.js,.js,2046,2.00 KB,2026-06-06 16:54:23,node_modules,node_modules\caniuse-lite,4
node_modules\caniuse-lite\data\features\document-scrollingelement.js,C:\Users\Luis\Desktop\das4navy\node_modules\caniuse-lite\data\features\document-scrollingelement.js,document-scrollingelement.js,.js,2061,2.01 KB,2026-06-06 16:54:23,node_modules,node_modules\caniuse-lite,4
node_modules\caniuse-lite\data\features\documenthead.js,C:\Users\Luis\Desktop\das4navy\node_modules\caniuse-lite\data\features\documenthead.js,documenthead.js,.js,2051,2.00 KB,2026-06-06 16:54:23,node_modules,node_modules\caniuse-lite,4
node_modules\caniuse-lite\data\features\dom-manip-convenience.js,C:\Users\Luis\Desktop\das4navy\node_modules\caniuse-lite\data\features\dom-manip-convenience.js,dom-manip-convenience.js,.js,2099,2.05 KB,2026-06-06 16:54:23,node_modules,node_modules\caniuse-lite,4
node_modules\caniuse-lite\data\features\dom-range.js,C:\Users\Luis\Desktop\das4navy\node_modules\caniuse-lite\data\features\dom-range.js,dom-range.js,.js,2026,1.98 KB,2026-06-06 16:54:23,node_modules,node_modules\caniuse-lite,4
node_modules\caniuse-lite\data\features\domcontentloaded.js,C:\Users\Luis\Desktop\das4navy\node_modules\caniuse-lite\data\features\domcontentloaded.js,domcontentloaded.js,.js,2009,1.96 KB,2026-06-06 16:54:23,node_modules,node_modules\caniuse-lite,4
node_modules\caniuse-lite\data\features\dommatrix.js,C:\Users\Luis\Desktop\das4navy\node_modules\caniuse-lite\data\features\dommatrix.js,dommatrix.js,.js,2189,2.14 KB,2026-06-06 16:54:23,node_modules,node_modules\caniuse-lite,4
node_modules\caniuse-lite\data\features\download.js,C:\Users\Luis\Desktop\das4navy\node_modules\caniuse-lite\data\features\download.js,download.js,.js,2059,2.01 KB,2026-06-06 16:54:23,node_modules,node_modules\caniuse-lite,4
node_modules\caniuse-lite\data\features\dragndrop.js,C:\Users\Luis\Desktop\das4navy\node_modules\caniuse-lite\data\features\dragndrop.js,dragndrop.js,.js,2066,2.02 KB,2026-06-06 16:54:23,node_modules,node_modules\caniuse-lite,4
node_modules\caniuse-lite\data\features\element-closest.js,C:\Users\Luis\Desktop\das4navy\node_modules\caniuse-lite\data\features\element-closest.js,element-closest.js,.js,2058,2.01 KB,2026-06-06 16:54:23,node_modules,node_modules\caniuse-lite,4
node_modules\caniuse-lite\data\features\element-from-point.js,C:\Users\Luis\Desktop\das4navy\node_modules\caniuse-lite\data\features\element-from-point.js,element-from-point.js,.js,2070,2.02 KB,2026-06-06 16:54:23,node_modules,node_modules\caniuse-lite,4
node_modules\caniuse-lite\data\features\element-scroll-methods.js,C:\Users\Luis\Desktop\das4navy\node_modules\caniuse-lite\data\features\element-scroll-methods.js,element-scroll-methods.js,.js,2112,2.06 KB,2026-06-06 16:54:23,node_modules,node_modules\caniuse-lite,4
node_modules\caniuse-lite\data\features\eme.js,C:\Users\Luis\Desktop\das4navy\node_modules\caniuse-lite\data\features\eme.js,eme.js,.js,2093,2.04 KB,2026-06-06 16:54:23,node_modules,node_modules\caniuse-lite,4
node_modules\caniuse-lite\data\features\eot.js,C:\Users\Luis\Desktop\das4navy\node_modules\caniuse-lite\data\features\eot.js,eot.js,.js,2022,1.97 KB,2026-06-06 16:54:23,node_modules,node_modules\caniuse-lite,4
node_modules\caniuse-lite\data\features\es5.js,C:\Users\Luis\Desktop\das4navy\node_modules\caniuse-lite\data\features\es5.js,es5.js,.js,2120,2.07 KB,2026-06-06 16:54:23,node_modules,node_modules\caniuse-lite,4
node_modules\caniuse-lite\data\features\es6-class.js,C:\Users\Luis\Desktop\das4navy\node_modules\caniuse-lite\data\features\es6-class.js,es6-class.js,.js,2068,2.02 KB,2026-06-06 16:54:23,node_modules,node_modules\caniuse-lite,4
node_modules\caniuse-lite\data\features\es6-generators.js,C:\Users\Luis\Desktop\das4navy\node_modules\caniuse-lite\data\features\es6-generators.js,es6-generators.js,.js,2049,2.00 KB,2026-06-06 16:54:23,node_modules,node_modules\caniuse-lite,4
node_modules\caniuse-lite\data\features\es6-module-dynamic-import.js,C:\Users\Luis\Desktop\das4navy\node_modules\caniuse-lite\data\features\es6-module-dynamic-import.js,es6-module-dynamic-import.js,.js,2091,2.04 KB,2026-06-06 16:54:23,node_modules,node_modules\caniuse-lite,4
node_modules\caniuse-lite\data\features\es6-module.js,C:\Users\Luis\Desktop\das4navy\node_modules\caniuse-lite\data\features\es6-module.js,es6-module.js,.js,2140,2.09 KB,2026-06-06 16:54:23,node_modules,node_modules\caniuse-lite,4
node_modules\caniuse-lite\data\features\es6-number.js,C:\Users\Luis\Desktop\das4navy\node_modules\caniuse-lite\data\features\es6-number.js,es6-number.js,.js,2090,2.04 KB,2026-06-06 16:54:23,node_modules,node_modules\caniuse-lite,4
node_modules\caniuse-lite\data\features\es6-string-includes.js,C:\Users\Luis\Desktop\das4navy\node_modules\caniuse-lite\data\features\es6-string-includes.js,es6-string-includes.js,.js,2054,2.01 KB,2026-06-06 16:54:23,node_modules,node_modules\caniuse-lite,4
node_modules\caniuse-lite\data\features\es6.js,C:\Users\Luis\Desktop\das4navy\node_modules\caniuse-lite\data\features\es6.js,es6.js,.js,2162,2.11 KB,2026-06-06 16:54:23,node_modules,node_modules\caniuse-lite,4
node_modules\caniuse-lite\data\features\eventsource.js,C:\Users\Luis\Desktop\das4navy\node_modules\caniuse-lite\data\features\eventsource.js,eventsource.js,.js,2053,2.00 KB,2026-06-06 16:54:23,node_modules,node_modules\caniuse-lite,4
node_modules\caniuse-lite\data\features\extended-system-fonts.js,C:\Users\Luis\Desktop\das4navy\node_modules\caniuse-lite\data\features\extended-system-fonts.js,extended-system-fonts.js,.js,2074,2.03 KB,2026-06-06 16:54:23,node_modules,node_modules\caniuse-lite,4
node_modules\caniuse-lite\data\features\feature-policy.js,C:\Users\Luis\Desktop\das4navy\node_modules\caniuse-lite\data\features\feature-policy.js,feature-policy.js,.js,2133,2.08 KB,2026-06-06 16:54:23,node_modules,node_modules\caniuse-lite,4
node_modules\caniuse-lite\data\features\fetch.js,C:\Users\Luis\Desktop\das4navy\node_modules\caniuse-lite\data\features\fetch.js,fetch.js,.js,2090,2.04 KB,2026-06-06 16:54:23,node_modules,node_modules\caniuse-lite,4
node_modules\caniuse-lite\data\features\fieldset-disabled.js,C:\Users\Luis\Desktop\das4navy\node_modules\caniuse-lite\data\features\fieldset-disabled.js,fieldset-disabled.js,.js,2106,2.06 KB,2026-06-06 16:54:23,node_modules,node_modules\caniuse-lite,4
node_modules\caniuse-lite\data\features\fileapi.js,C:\Users\Luis\Desktop\das4navy\node_modules\caniuse-lite\data\features\fileapi.js,fileapi.js,.js,2151,2.10 KB,2026-06-06 16:54:23,node_modules,node_modules\caniuse-lite,4
node_modules\caniuse-lite\data\features\filereader.js,C:\Users\Luis\Desktop\das4navy\node_modules\caniuse-lite\data\features\filereader.js,filereader.js,.js,2057,2.01 KB,2026-06-06 16:54:23,node_modules,node_modules\caniuse-lite,4
node_modules\caniuse-lite\data\features\filereadersync.js,C:\Users\Luis\Desktop\das4navy\node_modules\caniuse-lite\data\features\filereadersync.js,filereadersync.js,.js,2070,2.02 KB,2026-06-06 16:54:23,node_modules,node_modules\caniuse-lite,4
node_modules\caniuse-lite\data\features\filesystem.js,C:\Users\Luis\Desktop\das4navy\node_modules\caniuse-lite\data\features\filesystem.js,filesystem.js,.js,2066,2.02 KB,2026-06-06 16:54:23,node_modules,node_modules\caniuse-lite,4
node_modules\caniuse-lite\data\features\flac.js,C:\Users\Luis\Desktop\das4navy\node_modules\caniuse-lite\data\features\flac.js,flac.js,.js,2103,2.05 KB,2026-06-06 16:54:23,node_modules,node_modules\caniuse-lite,4
node_modules\caniuse-lite\data\features\flexbox-gap.js,C:\Users\Luis\Desktop\das4navy\node_modules\caniuse-lite\data\features\flexbox-gap.js,flexbox-gap.js,.js,2071,2.02 KB,2026-06-06 16:54:23,node_modules,node_modules\caniuse-lite,4
node_modules\caniuse-lite\data\features\flexbox.js,C:\Users\Luis\Desktop\das4navy\node_modules\caniuse-lite\data\features\flexbox.js,flexbox.js,.js,2139,2.09 KB,2026-06-06 16:54:23,node_modules,node_modules\caniuse-lite,4
node_modules\caniuse-lite\data\features\flow-root.js,C:\Users\Luis\Desktop\das4navy\node_modules\caniuse-lite\data\features\flow-root.js,flow-root.js,.js,2065,2.02 KB,2026-06-06 16:54:23,node_modules,node_modules\caniuse-lite,4
node_modules\caniuse-lite\data\features\focusin-focusout-events.js,C:\Users\Luis\Desktop\das4navy\node_modules\caniuse-lite\data\features\focusin-focusout-events.js,focusin-focusout-events.js,.js,2089,2.04 KB,2026-06-06 16:54:23,node_modules,node_modules\caniuse-lite,4
node_modules\caniuse-lite\data\features\font-family-system-ui.js,C:\Users\Luis\Desktop\das4navy\node_modules\caniuse-lite\data\features\font-family-system-ui.js,font-family-system-ui.js,.js,2113,2.06 KB,2026-06-06 16:54:23,node_modules,node_modules\caniuse-lite,4
node_modules\caniuse-lite\data\features\font-feature.js,C:\Users\Luis\Desktop\das4navy\node_modules\caniuse-lite\data\features\font-feature.js,font-feature.js,.js,2130,2.08 KB,2026-06-06 16:54:23,node_modules,node_modules\caniuse-lite,4
node_modules\caniuse-lite\data\features\font-kerning.js,C:\Users\Luis\Desktop\das4navy\node_modules\caniuse-lite\data\features\font-kerning.js,font-kerning.js,.js,2102,2.05 KB,2026-06-06 16:54:23,node_modules,node_modules\caniuse-lite,4
node_modules\caniuse-lite\data\features\font-loading.js,C:\Users\Luis\Desktop\das4navy\node_modules\caniuse-lite\data\features\font-loading.js,font-loading.js,.js,2059,2.01 KB,2026-06-06 16:54:23,node_modules,node_modules\caniuse-lite,4
node_modules\caniuse-lite\data\features\font-size-adjust.js,C:\Users\Luis\Desktop\das4navy\node_modules\caniuse-lite\data\features\font-size-adjust.js,font-size-adjust.js,.js,2139,2.09 KB,2026-06-06 16:54:23,node_modules,node_modules\caniuse-lite,4
node_modules\caniuse-lite\data\features\font-smooth.js,C:\Users\Luis\Desktop\das4navy\node_modules\caniuse-lite\data\features\font-smooth.js,font-smooth.js,.js,2053,2.00 KB,2026-06-06 16:54:23,node_modules,node_modules\caniuse-lite,4
node_modules\caniuse-lite\data\features\font-unicode-range.js,C:\Users\Luis\Desktop\das4navy\node_modules\caniuse-lite\data\features\font-unicode-range.js,font-unicode-range.js,.js,2096,2.05 KB,2026-06-06 16:54:23,node_modules,node_modules\caniuse-lite,4
node_modules\caniuse-lite\data\features\font-variant-alternates.js,C:\Users\Luis\Desktop\das4navy\node_modules\caniuse-lite\data\features\font-variant-alternates.js,font-variant-alternates.js,.js,2150,2.10 KB,2026-06-06 16:54:23,node_modules,node_modules\caniuse-lite,4
node_modules\caniuse-lite\data\features\font-variant-numeric.js,C:\Users\Luis\Desktop\das4navy\node_modules\caniuse-lite\data\features\font-variant-numeric.js,font-variant-numeric.js,.js,2072,2.02 KB,2026-06-06 16:54:23,node_modules,node_modules\caniuse-lite,4
node_modules\caniuse-lite\data\features\fontface.js,C:\Users\Luis\Desktop\das4navy\node_modules\caniuse-lite\data\features\fontface.js,fontface.js,.js,2053,2.00 KB,2026-06-06 16:54:23,node_modules,node_modules\caniuse-lite,4
node_modules\caniuse-lite\data\features\form-attribute.js,C:\Users\Luis\Desktop\das4navy\node_modules\caniuse-lite\data\features\form-attribute.js,form-attribute.js,.js,2050,2.00 KB,2026-06-06 16:54:23,node_modules,node_modules\caniuse-lite,4
node_modules\caniuse-lite\data\features\form-submit-attributes.js,C:\Users\Luis\Desktop\das4navy\node_modules\caniuse-lite\data\features\form-submit-attributes.js,form-submit-attributes.js,.js,2087,2.04 KB,2026-06-06 16:54:23,node_modules,node_modules\caniuse-lite,4
node_modules\caniuse-lite\data\features\form-validation.js,C:\Users\Luis\Desktop\das4navy\node_modules\caniuse-lite\data\features\form-validation.js,form-validation.js,.js,2090,2.04 KB,2026-06-06 16:54:23,node_modules,node_modules\caniuse-lite,4
node_modules\caniuse-lite\data\features\forms.js,C:\Users\Luis\Desktop\das4navy\node_modules\caniuse-lite\data\features\forms.js,forms.js,.js,2079,2.03 KB,2026-06-06 16:54:23,node_modules,node_modules\caniuse-lite,4
node_modules\caniuse-lite\data\features\fullscreen.js,C:\Users\Luis\Desktop\das4navy\node_modules\caniuse-lite\data\features\fullscreen.js,fullscreen.js,.js,2145,2.09 KB,2026-06-06 16:54:23,node_modules,node_modules\caniuse-lite,4
node_modules\caniuse-lite\data\features\gamepad.js,C:\Users\Luis\Desktop\das4navy\node_modules\caniuse-lite\data\features\gamepad.js,gamepad.js,.js,2047,2.00 KB,2026-06-06 16:54:23,node_modules,node_modules\caniuse-lite,4
node_modules\caniuse-lite\data\features\geolocation.js,C:\Users\Luis\Desktop\das4navy\node_modules\caniuse-lite\data\features\geolocation.js,geolocation.js,.js,2136,2.09 KB,2026-06-06 16:54:23,node_modules,node_modules\caniuse-lite,4
node_modules\caniuse-lite\data\features\getboundingclientrect.js,C:\Users\Luis\Desktop\das4navy\node_modules\caniuse-lite\data\features\getboundingclientrect.js,getboundingclientrect.js,.js,2135,2.08 KB,2026-06-06 16:54:23,node_modules,node_modules\caniuse-lite,4
node_modules\caniuse-lite\data\features\getcomputedstyle.js,C:\Users\Luis\Desktop\das4navy\node_modules\caniuse-lite\data\features\getcomputedstyle.js,getcomputedstyle.js,.js,2081,2.03 KB,2026-06-06 16:54:23,node_modules,node_modules\caniuse-lite,4
node_modules\caniuse-lite\data\features\getelementsbyclassname.js,C:\Users\Luis\Desktop\das4navy\node_modules\caniuse-lite\data\features\getelementsbyclassname.js,getelementsbyclassname.js,.js,2033,1.99 KB,2026-06-06 16:54:23,node_modules,node_modules\caniuse-lite,4
node_modules\caniuse-lite\data\features\getrandomvalues.js,C:\Users\Luis\Desktop\das4navy\node_modules\caniuse-lite\data\features\getrandomvalues.js,getrandomvalues.js,.js,2073,2.02 KB,2026-06-06 16:54:23,node_modules,node_modules\caniuse-lite,4
node_modules\caniuse-lite\data\features\gyroscope.js,C:\Users\Luis\Desktop\das4navy\node_modules\caniuse-lite\data\features\gyroscope.js,gyroscope.js,.js,2034,1.99 KB,2026-06-06 16:54:23,node_modules,node_modules\caniuse-lite,4
node_modules\caniuse-lite\data\features\hardwareconcurrency.js,C:\Users\Luis\Desktop\das4navy\node_modules\caniuse-lite\data\features\hardwareconcurrency.js,hardwareconcurrency.js,.js,2100,2.05 KB,2026-06-06 16:54:23,node_modules,node_modules\caniuse-lite,4
node_modules\caniuse-lite\data\features\hashchange.js,C:\Users\Luis\Desktop\das4navy\node_modules\caniuse-lite\data\features\hashchange.js,hashchange.js,.js,2051,2.00 KB,2026-06-06 16:54:23,node_modules,node_modules\caniuse-lite,4
node_modules\caniuse-lite\data\features\heif.js,C:\Users\Luis\Desktop\das4navy\node_modules\caniuse-lite\data\features\heif.js,heif.js,.js,2037,1.99 KB,2026-06-06 16:54:23,node_modules,node_modules\caniuse-lite,4
node_modules\caniuse-lite\data\features\hevc.js,C:\Users\Luis\Desktop\das4navy\node_modules\caniuse-lite\data\features\hevc.js,hevc.js,.js,2133,2.08 KB,2026-06-06 16:54:23,node_modules,node_modules\caniuse-lite,4
node_modules\caniuse-lite\data\features\hidden.js,C:\Users\Luis\Desktop\das4navy\node_modules\caniuse-lite\data\features\hidden.js,hidden.js,.js,2063,2.01 KB,2026-06-06 16:54:23,node_modules,node_modules\caniuse-lite,4
node_modules\caniuse-lite\data\features\high-resolution-time.js,C:\Users\Luis\Desktop\das4navy\node_modules\caniuse-lite\data\features\high-resolution-time.js,high-resolution-time.js,.js,2097,2.05 KB,2026-06-06 16:54:23,node_modules,node_modules\caniuse-lite,4
node_modules\caniuse-lite\data\features\history.js,C:\Users\Luis\Desktop\das4navy\node_modules\caniuse-lite\data\features\history.js,history.js,.js,2073,2.02 KB,2026-06-06 16:54:23,node_modules,node_modules\caniuse-lite,4
node_modules\caniuse-lite\data\features\html-media-capture.js,C:\Users\Luis\Desktop\das4navy\node_modules\caniuse-lite\data\features\html-media-capture.js,html-media-capture.js,.js,2043,2.00 KB,2026-06-06 16:54:23,node_modules,node_modules\caniuse-lite,4
node_modules\caniuse-lite\data\features\html5semantic.js,C:\Users\Luis\Desktop\das4navy\node_modules\caniuse-lite\data\features\html5semantic.js,html5semantic.js,.js,2148,2.10 KB,2026-06-06 16:54:23,node_modules,node_modules\caniuse-lite,4
node_modules\caniuse-lite\data\features\http-live-streaming.js,C:\Users\Luis\Desktop\das4navy\node_modules\caniuse-lite\data\features\http-live-streaming.js,http-live-streaming.js,.js,2048,2.00 KB,2026-06-06 16:54:23,node_modules,node_modules\caniuse-lite,4
node_modules\caniuse-lite\data\features\http2.js,C:\Users\Luis\Desktop\das4navy\node_modules\caniuse-lite\data\features\http2.js,http2.js,.js,2122,2.07 KB,2026-06-06 16:54:23,node_modules,node_modules\caniuse-lite,4
node_modules\caniuse-lite\data\features\http3.js,C:\Users\Luis\Desktop\das4navy\node_modules\caniuse-lite\data\features\http3.js,http3.js,.js,2167,2.12 KB,2026-06-06 16:54:23,node_modules,node_modules\caniuse-lite,4
node_modules\caniuse-lite\data\features\iframe-sandbox.js,C:\Users\Luis\Desktop\das4navy\node_modules\caniuse-lite\data\features\iframe-sandbox.js,iframe-sandbox.js,.js,2070,2.02 KB,2026-06-06 16:54:23,node_modules,node_modules\caniuse-lite,4
node_modules\caniuse-lite\data\features\iframe-seamless.js,C:\Users\Luis\Desktop\das4navy\node_modules\caniuse-lite\data\features\iframe-seamless.js,iframe-seamless.js,.js,2040,1.99 KB,2026-06-06 16:54:23,node_modules,node_modules\caniuse-lite,4
node_modules\caniuse-lite\data\features\iframe-srcdoc.js,C:\Users\Luis\Desktop\das4navy\node_modules\caniuse-lite\data\features\iframe-srcdoc.js,iframe-srcdoc.js,.js,2111,2.06 KB,2026-06-06 16:54:23,node_modules,node_modules\caniuse-lite,4
node_modules\caniuse-lite\data\features\imagecapture.js,C:\Users\Luis\Desktop\das4navy\node_modules\caniuse-lite\data\features\imagecapture.js,imagecapture.js,.js,2073,2.02 KB,2026-06-06 16:54:23,node_modules,node_modules\caniuse-lite,4
node_modules\caniuse-lite\data\features\ime.js,C:\Users\Luis\Desktop\das4navy\node_modules\caniuse-lite\data\features\ime.js,ime.js,.js,2034,1.99 KB,2026-06-06 16:54:23,node_modules,node_modules\caniuse-lite,4
node_modules\caniuse-lite\data\features\img-naturalwidth-naturalheight.js,C:\Users\Luis\Desktop\das4navy\node_modules\caniuse-lite\data\features\img-naturalwidth-naturalheight.js,img-naturalwidth-naturalheight.js,.js,2038,1.99 KB,2026-06-06 16:54:23,node_modules,node_modules\caniuse-lite,4
node_modules\caniuse-lite\data\features\import-maps.js,C:\Users\Luis\Desktop\das4navy\node_modules\caniuse-lite\data\features\import-maps.js,import-maps.js,.js,2084,2.04 KB,2026-06-06 16:54:23,node_modules,node_modules\caniuse-lite,4
node_modules\caniuse-lite\data\features\imports.js,C:\Users\Luis\Desktop\das4navy\node_modules\caniuse-lite\data\features\imports.js,imports.js,.js,2094,2.04 KB,2026-06-06 16:54:23,node_modules,node_modules\caniuse-lite,4
node_modules\caniuse-lite\data\features\indeterminate-checkbox.js,C:\Users\Luis\Desktop\das4navy\node_modules\caniuse-lite\data\features\indeterminate-checkbox.js,indeterminate-checkbox.js,.js,2065,2.02 KB,2026-06-06 16:54:23,node_modules,node_modules\caniuse-lite,4
node_modules\caniuse-lite\data\features\indexeddb.js,C:\Users\Luis\Desktop\das4navy\node_modules\caniuse-lite\data\features\indexeddb.js,indexeddb.js,.js,2140,2.09 KB,2026-06-06 16:54:23,node_modules,node_modules\caniuse-lite,4
node_modules\caniuse-lite\data\features\indexeddb2.js,C:\Users\Luis\Desktop\das4navy\node_modules\caniuse-lite\data\features\indexeddb2.js,indexeddb2.js,.js,2125,2.08 KB,2026-06-06 16:54:23,node_modules,node_modules\caniuse-lite,4
node_modules\caniuse-lite\data\features\inline-block.js,C:\Users\Luis\Desktop\das4navy\node_modules\caniuse-lite\data\features\inline-block.js,inline-block.js,.js,2024,1.98 KB,2026-06-06 16:54:23,node_modules,node_modules\caniuse-lite,4
node_modules\caniuse-lite\data\features\innertext.js,C:\Users\Luis\Desktop\das4navy\node_modules\caniuse-lite\data\features\innertext.js,innertext.js,.js,2049,2.00 KB,2026-06-06 16:54:23,node_modules,node_modules\caniuse-lite,4
node_modules\caniuse-lite\data\features\input-autocomplete-onoff.js,C:\Users\Luis\Desktop\das4navy\node_modules\caniuse-lite\data\features\input-autocomplete-onoff.js,input-autocomplete-onoff.js,.js,2111,2.06 KB,2026-06-06 16:54:23,node_modules,node_modules\caniuse-lite,4
node_modules\caniuse-lite\data\features\input-color.js,C:\Users\Luis\Desktop\das4navy\node_modules\caniuse-lite\data\features\input-color.js,input-color.js,.js,2053,2.00 KB,2026-06-06 16:54:23,node_modules,node_modules\caniuse-lite,4
node_modules\caniuse-lite\data\features\input-datetime.js,C:\Users\Luis\Desktop\das4navy\node_modules\caniuse-lite\data\features\input-datetime.js,input-datetime.js,.js,2114,2.06 KB,2026-06-06 16:54:23,node_modules,node_modules\caniuse-lite,4
node_modules\caniuse-lite\data\features\input-email-tel-url.js,C:\Users\Luis\Desktop\das4navy\node_modules\caniuse-lite\data\features\input-email-tel-url.js,input-email-tel-url.js,.js,2067,2.02 KB,2026-06-06 16:54:23,node_modules,node_modules\caniuse-lite,4
node_modules\caniuse-lite\data\features\input-event.js,C:\Users\Luis\Desktop\das4navy\node_modules\caniuse-lite\data\features\input-event.js,input-event.js,.js,2222,2.17 KB,2026-06-06 16:54:23,node_modules,node_modules\caniuse-lite,4
node_modules\caniuse-lite\data\features\input-file-accept.js,C:\Users\Luis\Desktop\das4navy\node_modules\caniuse-lite\data\features\input-file-accept.js,input-file-accept.js,.js,2154,2.10 KB,2026-06-06 16:54:23,node_modules,node_modules\caniuse-lite,4
node_modules\caniuse-lite\data\features\input-file-directory.js,C:\Users\Luis\Desktop\das4navy\node_modules\caniuse-lite\data\features\input-file-directory.js,input-file-directory.js,.js,2064,2.02 KB,2026-06-06 16:54:23,node_modules,node_modules\caniuse-lite,4
node_modules\caniuse-lite\data\features\input-file-multiple.js,C:\Users\Luis\Desktop\das4navy\node_modules\caniuse-lite\data\features\input-file-multiple.js,input-file-multiple.js,.js,2082,2.03 KB,2026-06-06 16:54:23,node_modules,node_modules\caniuse-lite,4
node_modules\caniuse-lite\data\features\input-inputmode.js,C:\Users\Luis\Desktop\das4navy\node_modules\caniuse-lite\data\features\input-inputmode.js,input-inputmode.js,.js,2090,2.04 KB,2026-06-06 16:54:23,node_modules,node_modules\caniuse-lite,4
node_modules\caniuse-lite\data\features\input-minlength.js,C:\Users\Luis\Desktop\das4navy\node_modules\caniuse-lite\data\features\input-minlength.js,input-minlength.js,.js,2088,2.04 KB,2026-06-06 16:54:23,node_modules,node_modules\caniuse-lite,4
node_modules\caniuse-lite\data\features\input-number.js,C:\Users\Luis\Desktop\das4navy\node_modules\caniuse-lite\data\features\input-number.js,input-number.js,.js,2091,2.04 KB,2026-06-06 16:54:23,node_modules,node_modules\caniuse-lite,4
node_modules\caniuse-lite\data\features\input-pattern.js,C:\Users\Luis\Desktop\das4navy\node_modules\caniuse-lite\data\features\input-pattern.js,input-pattern.js,.js,2095,2.05 KB,2026-06-06 16:54:23,node_modules,node_modules\caniuse-lite,4
node_modules\caniuse-lite\data\features\input-placeholder.js,C:\Users\Luis\Desktop\das4navy\node_modules\caniuse-lite\data\features\input-placeholder.js,input-placeholder.js,.js,2060,2.01 KB,2026-06-06 16:54:23,node_modules,node_modules\caniuse-lite,4
node_modules\caniuse-lite\data\features\input-range.js,C:\Users\Luis\Desktop\das4navy\node_modules\caniuse-lite\data\features\input-range.js,input-range.js,.js,2027,1.98 KB,2026-06-06 16:54:23,node_modules,node_modules\caniuse-lite,4
node_modules\caniuse-lite\data\features\input-search.js,C:\Users\Luis\Desktop\das4navy\node_modules\caniuse-lite\data\features\input-search.js,input-search.js,.js,2122,2.07 KB,2026-06-06 16:54:23,node_modules,node_modules\caniuse-lite,4
node_modules\caniuse-lite\data\features\input-selection.js,C:\Users\Luis\Desktop\das4navy\node_modules\caniuse-lite\data\features\input-selection.js,input-selection.js,.js,2053,2.00 KB,2026-06-06 16:54:23,node_modules,node_modules\caniuse-lite,4
node_modules\caniuse-lite\data\features\insert-adjacent.js,C:\Users\Luis\Desktop\das4navy\node_modules\caniuse-lite\data\features\insert-adjacent.js,insert-adjacent.js,.js,2076,2.03 KB,2026-06-06 16:54:23,node_modules,node_modules\caniuse-lite,4
node_modules\caniuse-lite\data\features\insertadjacenthtml.js,C:\Users\Luis\Desktop\das4navy\node_modules\caniuse-lite\data\features\insertadjacenthtml.js,insertadjacenthtml.js,.js,2063,2.01 KB,2026-06-06 16:54:23,node_modules,node_modules\caniuse-lite,4
node_modules\caniuse-lite\data\features\internationalization.js,C:\Users\Luis\Desktop\das4navy\node_modules\caniuse-lite\data\features\internationalization.js,internationalization.js,.js,2071,2.02 KB,2026-06-06 16:54:23,node_modules,node_modules\caniuse-lite,4
node_modules\caniuse-lite\data\features\intersectionobserver-v2.js,C:\Users\Luis\Desktop\das4navy\node_modules\caniuse-lite\data\features\intersectionobserver-v2.js,intersectionobserver-v2.js,.js,2046,2.00 KB,2026-06-06 16:54:23,node_modules,node_modules\caniuse-lite,4
node_modules\caniuse-lite\data\features\intersectionobserver.js,C:\Users\Luis\Desktop\das4navy\node_modules\caniuse-lite\data\features\intersectionobserver.js,intersectionobserver.js,.js,2137,2.09 KB,2026-06-06 16:54:23,node_modules,node_modules\caniuse-lite,4
node_modules\caniuse-lite\data\features\intl-pluralrules.js,C:\Users\Luis\Desktop\das4navy\node_modules\caniuse-lite\data\features\intl-pluralrules.js,intl-pluralrules.js,.js,2075,2.03 KB,2026-06-06 16:54:23,node_modules,node_modules\caniuse-lite,4
node_modules\caniuse-lite\data\features\intrinsic-width.js,C:\Users\Luis\Desktop\das4navy\node_modules\caniuse-lite\data\features\intrinsic-width.js,intrinsic-width.js,.js,2250,2.20 KB,2026-06-06 16:54:23,node_modules,node_modules\caniuse-lite,4
node_modules\caniuse-lite\data\features\jpeg2000.js,C:\Users\Luis\Desktop\das4navy\node_modules\caniuse-lite\data\features\jpeg2000.js,jpeg2000.js,.js,2029,1.98 KB,2026-06-06 16:54:23,node_modules,node_modules\caniuse-lite,4
node_modules\caniuse-lite\data\features\jpegxl.js,C:\Users\Luis\Desktop\das4navy\node_modules\caniuse-lite\data\features\jpegxl.js,jpegxl.js,.js,2106,2.06 KB,2026-06-06 16:54:24,node_modules,node_modules\caniuse-lite,4
node_modules\caniuse-lite\data\features\jpegxr.js,C:\Users\Luis\Desktop\das4navy\node_modules\caniuse-lite\data\features\jpegxr.js,jpegxr.js,.js,2019,1.97 KB,2026-06-06 16:54:24,node_modules,node_modules\caniuse-lite,4
node_modules\caniuse-lite\data\features\js-regexp-lookbehind.js,C:\Users\Luis\Desktop\das4navy\node_modules\caniuse-lite\data\features\js-regexp-lookbehind.js,js-regexp-lookbehind.js,.js,2083,2.03 KB,2026-06-06 16:54:24,node_modules,node_modules\caniuse-lite,4
node_modules\caniuse-lite\data\features\json.js,C:\Users\Luis\Desktop\das4navy\node_modules\caniuse-lite\data\features\json.js,json.js,.js,2037,1.99 KB,2026-06-06 16:54:24,node_modules,node_modules\caniuse-lite,4
node_modules\caniuse-lite\data\features\justify-content-space-evenly.js,C:\Users\Luis\Desktop\das4navy\node_modules\caniuse-lite\data\features\justify-content-space-evenly.js,justify-content-space-evenly.js,.js,2130,2.08 KB,2026-06-06 16:54:24,node_modules,node_modules\caniuse-lite,4
node_modules\caniuse-lite\data\features\kerning-pairs-ligatures.js,C:\Users\Luis\Desktop\das4navy\node_modules\caniuse-lite\data\features\kerning-pairs-ligatures.js,kerning-pairs-ligatures.js,.js,2082,2.03 KB,2026-06-06 16:54:24,node_modules,node_modules\caniuse-lite,4
node_modules\caniuse-lite\data\features\keyboardevent-charcode.js,C:\Users\Luis\Desktop\das4navy\node_modules\caniuse-lite\data\features\keyboardevent-charcode.js,keyboardevent-charcode.js,.js,2073,2.02 KB,2026-06-06 16:54:24,node_modules,node_modules\caniuse-lite,4
node_modules\caniuse-lite\data\features\keyboardevent-code.js,C:\Users\Luis\Desktop\das4navy\node_modules\caniuse-lite\data\features\keyboardevent-code.js,keyboardevent-code.js,.js,2069,2.02 KB,2026-06-06 16:54:24,node_modules,node_modules\caniuse-lite,4
node_modules\caniuse-lite\data\features\keyboardevent-getmodifierstate.js,C:\Users\Luis\Desktop\das4navy\node_modules\caniuse-lite\data\features\keyboardevent-getmodifierstate.js,keyboardevent-getmodifierstate.js,.js,2081,2.03 KB,2026-06-06 16:54:24,node_modules,node_modules\caniuse-lite,4
node_modules\caniuse-lite\data\features\keyboardevent-key.js,C:\Users\Luis\Desktop\das4navy\node_modules\caniuse-lite\data\features\keyboardevent-key.js,keyboardevent-key.js,.js,2092,2.04 KB,2026-06-06 16:54:24,node_modules,node_modules\caniuse-lite,4
node_modules\caniuse-lite\data\features\keyboardevent-location.js,C:\Users\Luis\Desktop\das4navy\node_modules\caniuse-lite\data\features\keyboardevent-location.js,keyboardevent-location.js,.js,2110,2.06 KB,2026-06-06 16:54:24,node_modules,node_modules\caniuse-lite,4
node_modules\caniuse-lite\data\features\keyboardevent-which.js,C:\Users\Luis\Desktop\das4navy\node_modules\caniuse-lite\data\features\keyboardevent-which.js,keyboardevent-which.js,.js,2068,2.02 KB,2026-06-06 16:54:24,node_modules,node_modules\caniuse-lite,4
node_modules\caniuse-lite\data\features\lazyload.js,C:\Users\Luis\Desktop\das4navy\node_modules\caniuse-lite\data\features\lazyload.js,lazyload.js,.js,2029,1.98 KB,2026-06-06 16:54:24,node_modules,node_modules\caniuse-lite,4
node_modules\caniuse-lite\data\features\let.js,C:\Users\Luis\Desktop\das4navy\node_modules\caniuse-lite\data\features\let.js,let.js,.js,2107,2.06 KB,2026-06-06 16:54:24,node_modules,node_modules\caniuse-lite,4
node_modules\caniuse-lite\data\features\link-icon-png.js,C:\Users\Luis\Desktop\das4navy\node_modules\caniuse-lite\data\features\link-icon-png.js,link-icon-png.js,.js,2033,1.99 KB,2026-06-06 16:54:24,node_modules,node_modules\caniuse-lite,4
node_modules\caniuse-lite\data\features\link-icon-svg.js,C:\Users\Luis\Desktop\das4navy\node_modules\caniuse-lite\data\features\link-icon-svg.js,link-icon-svg.js,.js,2108,2.06 KB,2026-06-06 16:54:24,node_modules,node_modules\caniuse-lite,4
node_modules\caniuse-lite\data\features\link-rel-dns-prefetch.js,C:\Users\Luis\Desktop\das4navy\node_modules\caniuse-lite\data\features\link-rel-dns-prefetch.js,link-rel-dns-prefetch.js,.js,2084,2.04 KB,2026-06-06 16:54:24,node_modules,node_modules\caniuse-lite,4
node_modules\caniuse-lite\data\features\link-rel-modulepreload.js,C:\Users\Luis\Desktop\das4navy\node_modules\caniuse-lite\data\features\link-rel-modulepreload.js,link-rel-modulepreload.js,.js,2070,2.02 KB,2026-06-06 16:54:24,node_modules,node_modules\caniuse-lite,4
node_modules\caniuse-lite\data\features\link-rel-preconnect.js,C:\Users\Luis\Desktop\das4navy\node_modules\caniuse-lite\data\features\link-rel-preconnect.js,link-rel-preconnect.js,.js,2091,2.04 KB,2026-06-06 16:54:24,node_modules,node_modules\caniuse-lite,4
node_modules\caniuse-lite\data\features\link-rel-prefetch.js,C:\Users\Luis\Desktop\das4navy\node_modules\caniuse-lite\data\features\link-rel-prefetch.js,link-rel-prefetch.js,.js,2063,2.01 KB,2026-06-06 16:54:24,node_modules,node_modules\caniuse-lite,4
node_modules\caniuse-lite\data\features\link-rel-preload.js,C:\Users\Luis\Desktop\das4navy\node_modules\caniuse-lite\data\features\link-rel-preload.js,link-rel-preload.js,.js,2105,2.06 KB,2026-06-06 16:54:24,node_modules,node_modules\caniuse-lite,4
node_modules\caniuse-lite\data\features\link-rel-prerender.js,C:\Users\Luis\Desktop\das4navy\node_modules\caniuse-lite\data\features\link-rel-prerender.js,link-rel-prerender.js,.js,2048,2.00 KB,2026-06-06 16:54:24,node_modules,node_modules\caniuse-lite,4
node_modules\caniuse-lite\data\features\loading-lazy-attr.js,C:\Users\Luis\Desktop\das4navy\node_modules\caniuse-lite\data\features\loading-lazy-attr.js,loading-lazy-attr.js,.js,2150,2.10 KB,2026-06-06 16:54:24,node_modules,node_modules\caniuse-lite,4
node_modules\caniuse-lite\data\features\loading-lazy-media.js,C:\Users\Luis\Desktop\das4navy\node_modules\caniuse-lite\data\features\loading-lazy-media.js,loading-lazy-media.js,.js,2057,2.01 KB,2026-06-06 16:54:24,node_modules,node_modules\caniuse-lite,4
node_modules\caniuse-lite\data\features\localecompare.js,C:\Users\Luis\Desktop\das4navy\node_modules\caniuse-lite\data\features\localecompare.js,localecompare.js,.js,2113,2.06 KB,2026-06-06 16:54:24,node_modules,node_modules\caniuse-lite,4
node_modules\caniuse-lite\data\features\magnetometer.js,C:\Users\Luis\Desktop\das4navy\node_modules\caniuse-lite\data\features\magnetometer.js,magnetometer.js,.js,2017,1.97 KB,2026-06-06 16:54:24,node_modules,node_modules\caniuse-lite,4
node_modules\caniuse-lite\data\features\matchesselector.js,C:\Users\Luis\Desktop\das4navy\node_modules\caniuse-lite\data\features\matchesselector.js,matchesselector.js,.js,2115,2.07 KB,2026-06-06 16:54:24,node_modules,node_modules\caniuse-lite,4
node_modules\caniuse-lite\data\features\matchmedia.js,C:\Users\Luis\Desktop\das4navy\node_modules\caniuse-lite\data\features\matchmedia.js,matchmedia.js,.js,2051,2.00 KB,2026-06-06 16:54:24,node_modules,node_modules\caniuse-lite,4
node_modules\caniuse-lite\data\features\mathml.js,C:\Users\Luis\Desktop\das4navy\node_modules\caniuse-lite\data\features\mathml.js,mathml.js,.js,2132,2.08 KB,2026-06-06 16:54:24,node_modules,node_modules\caniuse-lite,4
node_modules\caniuse-lite\data\features\maxlength.js,C:\Users\Luis\Desktop\das4navy\node_modules\caniuse-lite\data\features\maxlength.js,maxlength.js,.js,2166,2.12 KB,2026-06-06 16:54:24,node_modules,node_modules\caniuse-lite,4
node_modules\caniuse-lite\data\features\mdn-css-backdrop-pseudo-element.js,C:\Users\Luis\Desktop\das4navy\node_modules\caniuse-lite\data\features\mdn-css-backdrop-pseudo-element.js,mdn-css-backdrop-pseudo-element.js,.js,2002,1.96 KB,2026-06-06 16:54:24,node_modules,node_modules\caniuse-lite,4
node_modules\caniuse-lite\data\features\mdn-css-unicode-bidi-isolate-override.js,C:\Users\Luis\Desktop\das4navy\node_modules\caniuse-lite\data\features\mdn-css-unicode-bidi-isolate-override.js,mdn-css-unicode-bidi-isolate-override.js,.js,2005,1.96 KB,2026-06-06 16:54:24,node_modules,node_modules\caniuse-lite,4
node_modules\caniuse-lite\data\features\mdn-css-unicode-bidi-isolate.js,C:\Users\Luis\Desktop\das4navy\node_modules\caniuse-lite\data\features\mdn-css-unicode-bidi-isolate.js,mdn-css-unicode-bidi-isolate.js,.js,2010,1.96 KB,2026-06-06 16:54:24,node_modules,node_modules\caniuse-lite,4
node_modules\caniuse-lite\data\features\mdn-css-unicode-bidi-plaintext.js,C:\Users\Luis\Desktop\das4navy\node_modules\caniuse-lite\data\features\mdn-css-unicode-bidi-plaintext.js,mdn-css-unicode-bidi-plaintext.js,.js,1998,1.95 KB,2026-06-06 16:54:24,node_modules,node_modules\caniuse-lite,4
node_modules\caniuse-lite\data\features\mdn-text-decoration-color.js,C:\Users\Luis\Desktop\das4navy\node_modules\caniuse-lite\data\features\mdn-text-decoration-color.js,mdn-text-decoration-color.js,.js,2001,1.95 KB,2026-06-06 16:54:24,node_modules,node_modules\caniuse-lite,4
node_modules\caniuse-lite\data\features\mdn-text-decoration-line.js,C:\Users\Luis\Desktop\das4navy\node_modules\caniuse-lite\data\features\mdn-text-decoration-line.js,mdn-text-decoration-line.js,.js,2000,1.95 KB,2026-06-06 16:54:24,node_modules,node_modules\caniuse-lite,4
node_modules\caniuse-lite\data\features\mdn-text-decoration-shorthand.js,C:\Users\Luis\Desktop\das4navy\node_modules\caniuse-lite\data\features\mdn-text-decoration-shorthand.js,mdn-text-decoration-shorthand.js,.js,1998,1.95 KB,2026-06-06 16:54:24,node_modules,node_modules\caniuse-lite,4
node_modules\caniuse-lite\data\features\mdn-text-decoration-style.js,C:\Users\Luis\Desktop\das4navy\node_modules\caniuse-lite\data\features\mdn-text-decoration-style.js,mdn-text-decoration-style.js,.js,2001,1.95 KB,2026-06-06 16:54:24,node_modules,node_modules\caniuse-lite,4
node_modules\caniuse-lite\data\features\media-fragments.js,C:\Users\Luis\Desktop\das4navy\node_modules\caniuse-lite\data\features\media-fragments.js,media-fragments.js,.js,2088,2.04 KB,2026-06-06 16:54:24,node_modules,node_modules\caniuse-lite,4
node_modules\caniuse-lite\data\features\mediacapture-fromelement.js,C:\Users\Luis\Desktop\das4navy\node_modules\caniuse-lite\data\features\mediacapture-fromelement.js,mediacapture-fromelement.js,.js,2102,2.05 KB,2026-06-06 16:54:24,node_modules,node_modules\caniuse-lite,4
node_modules\caniuse-lite\data\features\mediarecorder.js,C:\Users\Luis\Desktop\das4navy\node_modules\caniuse-lite\data\features\mediarecorder.js,mediarecorder.js,.js,2084,2.04 KB,2026-06-06 16:54:24,node_modules,node_modules\caniuse-lite,4
node_modules\caniuse-lite\data\features\mediasource.js,C:\Users\Luis\Desktop\das4navy\node_modules\caniuse-lite\data\features\mediasource.js,mediasource.js,.js,2095,2.05 KB,2026-06-06 16:54:24,node_modules,node_modules\caniuse-lite,4
node_modules\caniuse-lite\data\features\menu.js,C:\Users\Luis\Desktop\das4navy\node_modules\caniuse-lite\data\features\menu.js,menu.js,.js,2055,2.01 KB,2026-06-06 16:54:24,node_modules,node_modules\caniuse-lite,4
node_modules\caniuse-lite\data\features\meta-theme-color.js,C:\Users\Luis\Desktop\das4navy\node_modules\caniuse-lite\data\features\meta-theme-color.js,meta-theme-color.js,.js,2068,2.02 KB,2026-06-06 16:54:24,node_modules,node_modules\caniuse-lite,4
node_modules\caniuse-lite\data\features\meter.js,C:\Users\Luis\Desktop\das4navy\node_modules\caniuse-lite\data\features\meter.js,meter.js,.js,2048,2.00 KB,2026-06-06 16:54:24,node_modules,node_modules\caniuse-lite,4
node_modules\caniuse-lite\data\features\midi.js,C:\Users\Luis\Desktop\das4navy\node_modules\caniuse-lite\data\features\midi.js,midi.js,.js,2035,1.99 KB,2026-06-06 16:54:24,node_modules,node_modules\caniuse-lite,4
node_modules\caniuse-lite\data\features\minmaxwh.js,C:\Users\Luis\Desktop\das4navy\node_modules\caniuse-lite\data\features\minmaxwh.js,minmaxwh.js,.js,2033,1.99 KB,2026-06-06 16:54:24,node_modules,node_modules\caniuse-lite,4
node_modules\caniuse-lite\data\features\mp3.js,C:\Users\Luis\Desktop\das4navy\node_modules\caniuse-lite\data\features\mp3.js,mp3.js,.js,2053,2.00 KB,2026-06-06 16:54:24,node_modules,node_modules\caniuse-lite,4
node_modules\caniuse-lite\data\features\mpeg-dash.js,C:\Users\Luis\Desktop\das4navy\node_modules\caniuse-lite\data\features\mpeg-dash.js,mpeg-dash.js,.js,2049,2.00 KB,2026-06-06 16:54:24,node_modules,node_modules\caniuse-lite,4
node_modules\caniuse-lite\data\features\mpeg4.js,C:\Users\Luis\Desktop\das4navy\node_modules\caniuse-lite\data\features\mpeg4.js,mpeg4.js,.js,2062,2.01 KB,2026-06-06 16:54:24,node_modules,node_modules\caniuse-lite,4
node_modules\caniuse-lite\data\features\multibackgrounds.js,C:\Users\Luis\Desktop\das4navy\node_modules\caniuse-lite\data\features\multibackgrounds.js,multibackgrounds.js,.js,2030,1.98 KB,2026-06-06 16:54:24,node_modules,node_modules\caniuse-lite,4
node_modules\caniuse-lite\data\features\multicolumn.js,C:\Users\Luis\Desktop\das4navy\node_modules\caniuse-lite\data\features\multicolumn.js,multicolumn.js,.js,2184,2.13 KB,2026-06-06 16:54:24,node_modules,node_modules\caniuse-lite,4
node_modules\caniuse-lite\data\features\mutation-events.js,C:\Users\Luis\Desktop\das4navy\node_modules\caniuse-lite\data\features\mutation-events.js,mutation-events.js,.js,2171,2.12 KB,2026-06-06 16:54:24,node_modules,node_modules\caniuse-lite,4
node_modules\caniuse-lite\data\features\mutationobserver.js,C:\Users\Luis\Desktop\das4navy\node_modules\caniuse-lite\data\features\mutationobserver.js,mutationobserver.js,.js,2097,2.05 KB,2026-06-06 16:54:24,node_modules,node_modules\caniuse-lite,4
node_modules\caniuse-lite\data\features\namevalue-storage.js,C:\Users\Luis\Desktop\das4navy\node_modules\caniuse-lite\data\features\namevalue-storage.js,namevalue-storage.js,.js,2053,2.00 KB,2026-06-06 16:54:24,node_modules,node_modules\caniuse-lite,4
node_modules\caniuse-lite\data\features\native-filesystem-api.js,C:\Users\Luis\Desktop\das4navy\node_modules\caniuse-lite\data\features\native-filesystem-api.js,native-filesystem-api.js,.js,2075,2.03 KB,2026-06-06 16:54:24,node_modules,node_modules\caniuse-lite,4
node_modules\caniuse-lite\data\features\nav-timing.js,C:\Users\Luis\Desktop\das4navy\node_modules\caniuse-lite\data\features\nav-timing.js,nav-timing.js,.js,2069,2.02 KB,2026-06-06 16:54:24,node_modules,node_modules\caniuse-lite,4
node_modules\caniuse-lite\data\features\netinfo.js,C:\Users\Luis\Desktop\das4navy\node_modules\caniuse-lite\data\features\netinfo.js,netinfo.js,.js,2081,2.03 KB,2026-06-06 16:54:24,node_modules,node_modules\caniuse-lite,4
node_modules\caniuse-lite\data\features\notifications.js,C:\Users\Luis\Desktop\das4navy\node_modules\caniuse-lite\data\features\notifications.js,notifications.js,.js,2082,2.03 KB,2026-06-06 16:54:24,node_modules,node_modules\caniuse-lite,4
node_modules\caniuse-lite\data\features\object-entries.js,C:\Users\Luis\Desktop\das4navy\node_modules\caniuse-lite\data\features\object-entries.js,object-entries.js,.js,2062,2.01 KB,2026-06-06 16:54:24,node_modules,node_modules\caniuse-lite,4
node_modules\caniuse-lite\data\features\object-fit.js,C:\Users\Luis\Desktop\das4navy\node_modules\caniuse-lite\data\features\object-fit.js,object-fit.js,.js,2105,2.06 KB,2026-06-06 16:54:24,node_modules,node_modules\caniuse-lite,4
node_modules\caniuse-lite\data\features\object-observe.js,C:\Users\Luis\Desktop\das4navy\node_modules\caniuse-lite\data\features\object-observe.js,object-observe.js,.js,2032,1.98 KB,2026-06-06 16:54:24,node_modules,node_modules\caniuse-lite,4
node_modules\caniuse-lite\data\features\object-values.js,C:\Users\Luis\Desktop\das4navy\node_modules\caniuse-lite\data\features\object-values.js,object-values.js,.js,2061,2.01 KB,2026-06-06 16:54:24,node_modules,node_modules\caniuse-lite,4
node_modules\caniuse-lite\data\features\objectrtc.js,C:\Users\Luis\Desktop\das4navy\node_modules\caniuse-lite\data\features\objectrtc.js,objectrtc.js,.js,2025,1.98 KB,2026-06-06 16:54:24,node_modules,node_modules\caniuse-lite,4
node_modules\caniuse-lite\data\features\offline-apps.js,C:\Users\Luis\Desktop\das4navy\node_modules\caniuse-lite\data\features\offline-apps.js,offline-apps.js,.js,2101,2.05 KB,2026-06-06 16:54:24,node_modules,node_modules\caniuse-lite,4
node_modules\caniuse-lite\data\features\offscreencanvas.js,C:\Users\Luis\Desktop\das4navy\node_modules\caniuse-lite\data\features\offscreencanvas.js,offscreencanvas.js,.js,2098,2.05 KB,2026-06-06 16:54:24,node_modules,node_modules\caniuse-lite,4
node_modules\caniuse-lite\data\features\ogg-vorbis.js,C:\Users\Luis\Desktop\das4navy\node_modules\caniuse-lite\data\features\ogg-vorbis.js,ogg-vorbis.js,.js,2083,2.03 KB,2026-06-06 16:54:24,node_modules,node_modules\caniuse-lite,4
node_modules\caniuse-lite\data\features\ogv.js,C:\Users\Luis\Desktop\das4navy\node_modules\caniuse-lite\data\features\ogv.js,ogv.js,.js,2058,2.01 KB,2026-06-06 16:54:25,node_modules,node_modules\caniuse-lite,4
node_modules\caniuse-lite\data\features\ol-reversed.js,C:\Users\Luis\Desktop\das4navy\node_modules\caniuse-lite\data\features\ol-reversed.js,ol-reversed.js,.js,2097,2.05 KB,2026-06-06 16:54:25,node_modules,node_modules\caniuse-lite,4
node_modules\caniuse-lite\data\features\once-event-listener.js,C:\Users\Luis\Desktop\das4navy\node_modules\caniuse-lite\data\features\once-event-listener.js,once-event-listener.js,.js,2077,2.03 KB,2026-06-06 16:54:25,node_modules,node_modules\caniuse-lite,4
node_modules\caniuse-lite\data\features\online-status.js,C:\Users\Luis\Desktop\das4navy\node_modules\caniuse-lite\data\features\online-status.js,online-status.js,.js,2106,2.06 KB,2026-06-06 16:54:25,node_modules,node_modules\caniuse-lite,4
node_modules\caniuse-lite\data\features\opus.js,C:\Users\Luis\Desktop\das4navy\node_modules\caniuse-lite\data\features\opus.js,opus.js,.js,2109,2.06 KB,2026-06-06 16:54:25,node_modules,node_modules\caniuse-lite,4
node_modules\caniuse-lite\data\features\orientation-sensor.js,C:\Users\Luis\Desktop\das4navy\node_modules\caniuse-lite\data\features\orientation-sensor.js,orientation-sensor.js,.js,2043,2.00 KB,2026-06-06 16:54:25,node_modules,node_modules\caniuse-lite,4
node_modules\caniuse-lite\data\features\outline.js,C:\Users\Luis\Desktop\das4navy\node_modules\caniuse-lite\data\features\outline.js,outline.js,.js,2059,2.01 KB,2026-06-06 16:54:25,node_modules,node_modules\caniuse-lite,4
node_modules\caniuse-lite\data\features\pad-start-end.js,C:\Users\Luis\Desktop\das4navy\node_modules\caniuse-lite\data\features\pad-start-end.js,pad-start-end.js,.js,2095,2.05 KB,2026-06-06 16:54:25,node_modules,node_modules\caniuse-lite,4
node_modules\caniuse-lite\data\features\page-transition-events.js,C:\Users\Luis\Desktop\das4navy\node_modules\caniuse-lite\data\features\page-transition-events.js,page-transition-events.js,.js,2050,2.00 KB,2026-06-06 16:54:25,node_modules,node_modules\caniuse-lite,4
node_modules\caniuse-lite\data\features\pagevisibility.js,C:\Users\Luis\Desktop\das4navy\node_modules\caniuse-lite\data\features\pagevisibility.js,pagevisibility.js,.js,2091,2.04 KB,2026-06-06 16:54:25,node_modules,node_modules\caniuse-lite,4
node_modules\caniuse-lite\data\features\passive-event-listener.js,C:\Users\Luis\Desktop\das4navy\node_modules\caniuse-lite\data\features\passive-event-listener.js,passive-event-listener.js,.js,2070,2.02 KB,2026-06-06 16:54:25,node_modules,node_modules\caniuse-lite,4
node_modules\caniuse-lite\data\features\passkeys.js,C:\Users\Luis\Desktop\das4navy\node_modules\caniuse-lite\data\features\passkeys.js,passkeys.js,.js,2050,2.00 KB,2026-06-06 16:54:25,node_modules,node_modules\caniuse-lite,4
node_modules\caniuse-lite\data\features\passwordrules.js,C:\Users\Luis\Desktop\das4navy\node_modules\caniuse-lite\data\features\passwordrules.js,passwordrules.js,.js,2084,2.04 KB,2026-06-06 16:54:25,node_modules,node_modules\caniuse-lite,4
node_modules\caniuse-lite\data\features\path2d.js,C:\Users\Luis\Desktop\das4navy\node_modules\caniuse-lite\data\features\path2d.js,path2d.js,.js,2110,2.06 KB,2026-06-06 16:54:25,node_modules,node_modules\caniuse-lite,4
node_modules\caniuse-lite\data\features\payment-request.js,C:\Users\Luis\Desktop\das4navy\node_modules\caniuse-lite\data\features\payment-request.js,payment-request.js,.js,2176,2.12 KB,2026-06-06 16:54:25,node_modules,node_modules\caniuse-lite,4
node_modules\caniuse-lite\data\features\pdf-viewer.js,C:\Users\Luis\Desktop\das4navy\node_modules\caniuse-lite\data\features\pdf-viewer.js,pdf-viewer.js,.js,2049,2.00 KB,2026-06-06 16:54:25,node_modules,node_modules\caniuse-lite,4
node_modules\caniuse-lite\data\features\permissions-api.js,C:\Users\Luis\Desktop\das4navy\node_modules\caniuse-lite\data\features\permissions-api.js,permissions-api.js,.js,2044,2.00 KB,2026-06-06 16:54:25,node_modules,node_modules\caniuse-lite,4
node_modules\caniuse-lite\data\features\permissions-policy.js,C:\Users\Luis\Desktop\das4navy\node_modules\caniuse-lite\data\features\permissions-policy.js,permissions-policy.js,.js,2141,2.09 KB,2026-06-06 16:54:25,node_modules,node_modules\caniuse-lite,4
node_modules\caniuse-lite\data\features\picture-in-picture.js,C:\Users\Luis\Desktop\das4navy\node_modules\caniuse-lite\data\features\picture-in-picture.js,picture-in-picture.js,.js,2120,2.07 KB,2026-06-06 16:54:25,node_modules,node_modules\caniuse-lite,4
node_modules\caniuse-lite\data\features\picture.js,C:\Users\Luis\Desktop\das4navy\node_modules\caniuse-lite\data\features\picture.js,picture.js,.js,2074,2.03 KB,2026-06-06 16:54:25,node_modules,node_modules\caniuse-lite,4
node_modules\caniuse-lite\data\features\ping.js,C:\Users\Luis\Desktop\das4navy\node_modules\caniuse-lite\data\features\ping.js,ping.js,.js,2056,2.01 KB,2026-06-06 16:54:25,node_modules,node_modules\caniuse-lite,4
node_modules\caniuse-lite\data\features\png-alpha.js,C:\Users\Luis\Desktop\das4navy\node_modules\caniuse-lite\data\features\png-alpha.js,png-alpha.js,.js,2021,1.97 KB,2026-06-06 16:54:25,node_modules,node_modules\caniuse-lite,4
node_modules\caniuse-lite\data\features\pointer-events.js,C:\Users\Luis\Desktop\das4navy\node_modules\caniuse-lite\data\features\pointer-events.js,pointer-events.js,.js,2052,2.00 KB,2026-06-06 16:54:25,node_modules,node_modules\caniuse-lite,4
node_modules\caniuse-lite\data\features\pointer.js,C:\Users\Luis\Desktop\das4navy\node_modules\caniuse-lite\data\features\pointer.js,pointer.js,.js,2156,2.11 KB,2026-06-06 16:54:25,node_modules,node_modules\caniuse-lite,4
node_modules\caniuse-lite\data\features\pointerlock.js,C:\Users\Luis\Desktop\das4navy\node_modules\caniuse-lite\data\features\pointerlock.js,pointerlock.js,.js,2070,2.02 KB,2026-06-06 16:54:25,node_modules,node_modules\caniuse-lite,4
node_modules\caniuse-lite\data\features\portals.js,C:\Users\Luis\Desktop\das4navy\node_modules\caniuse-lite\data\features\portals.js,portals.js,.js,2052,2.00 KB,2026-06-06 16:54:25,node_modules,node_modules\caniuse-lite,4
node_modules\caniuse-lite\data\features\prefers-color-scheme.js,C:\Users\Luis\Desktop\das4navy\node_modules\caniuse-lite\data\features\prefers-color-scheme.js,prefers-color-scheme.js,.js,2079,2.03 KB,2026-06-06 16:54:25,node_modules,node_modules\caniuse-lite,4
node_modules\caniuse-lite\data\features\prefers-reduced-motion.js,C:\Users\Luis\Desktop\das4navy\node_modules\caniuse-lite\data\features\prefers-reduced-motion.js,prefers-reduced-motion.js,.js,2081,2.03 KB,2026-06-06 16:54:25,node_modules,node_modules\caniuse-lite,4
node_modules\caniuse-lite\data\features\progress.js,C:\Users\Luis\Desktop\das4navy\node_modules\caniuse-lite\data\features\progress.js,progress.js,.js,2059,2.01 KB,2026-06-06 16:54:25,node_modules,node_modules\caniuse-lite,4
node_modules\caniuse-lite\data\features\promise-finally.js,C:\Users\Luis\Desktop\das4navy\node_modules\caniuse-lite\data\features\promise-finally.js,promise-finally.js,.js,2072,2.02 KB,2026-06-06 16:54:25,node_modules,node_modules\caniuse-lite,4
node_modules\caniuse-lite\data\features\promises.js,C:\Users\Luis\Desktop\das4navy\node_modules\caniuse-lite\data\features\promises.js,promises.js,.js,2055,2.01 KB,2026-06-06 16:54:25,node_modules,node_modules\caniuse-lite,4
node_modules\caniuse-lite\data\features\proximity.js,C:\Users\Luis\Desktop\das4navy\node_modules\caniuse-lite\data\features\proximity.js,proximity.js,.js,2006,1.96 KB,2026-06-06 16:54:25,node_modules,node_modules\caniuse-lite,4
node_modules\caniuse-lite\data\features\proxy.js,C:\Users\Luis\Desktop\das4navy\node_modules\caniuse-lite\data\features\proxy.js,proxy.js,.js,2061,2.01 KB,2026-06-06 16:54:25,node_modules,node_modules\caniuse-lite,4
node_modules\caniuse-lite\data\features\publickeypinning.js,C:\Users\Luis\Desktop\das4navy\node_modules\caniuse-lite\data\features\publickeypinning.js,publickeypinning.js,.js,2053,2.00 KB,2026-06-06 16:54:25,node_modules,node_modules\caniuse-lite,4
node_modules\caniuse-lite\data\features\push-api.js,C:\Users\Luis\Desktop\das4navy\node_modules\caniuse-lite\data\features\push-api.js,push-api.js,.js,2100,2.05 KB,2026-06-06 16:54:25,node_modules,node_modules\caniuse-lite,4
node_modules\caniuse-lite\data\features\queryselector.js,C:\Users\Luis\Desktop\das4navy\node_modules\caniuse-lite\data\features\queryselector.js,queryselector.js,.js,2049,2.00 KB,2026-06-06 16:54:25,node_modules,node_modules\caniuse-lite,4
node_modules\caniuse-lite\data\features\readonly-attr.js,C:\Users\Luis\Desktop\das4navy\node_modules\caniuse-lite\data\features\readonly-attr.js,readonly-attr.js,.js,2103,2.05 KB,2026-06-06 16:54:25,node_modules,node_modules\caniuse-lite,4
node_modules\caniuse-lite\data\features\referrer-policy.js,C:\Users\Luis\Desktop\das4navy\node_modules\caniuse-lite\data\features\referrer-policy.js,referrer-policy.js,.js,2184,2.13 KB,2026-06-06 16:54:25,node_modules,node_modules\caniuse-lite,4
node_modules\caniuse-lite\data\features\registerprotocolhandler.js,C:\Users\Luis\Desktop\das4navy\node_modules\caniuse-lite\data\features\registerprotocolhandler.js,registerprotocolhandler.js,.js,2049,2.00 KB,2026-06-06 16:54:25,node_modules,node_modules\caniuse-lite,4
node_modules\caniuse-lite\data\features\rel-noopener.js,C:\Users\Luis\Desktop\das4navy\node_modules\caniuse-lite\data\features\rel-noopener.js,rel-noopener.js,.js,2059,2.01 KB,2026-06-06 16:54:25,node_modules,node_modules\caniuse-lite,4
node_modules\caniuse-lite\data\features\rel-noreferrer.js,C:\Users\Luis\Desktop\das4navy\node_modules\caniuse-lite\data\features\rel-noreferrer.js,rel-noreferrer.js,.js,2070,2.02 KB,2026-06-06 16:54:25,node_modules,node_modules\caniuse-lite,4
node_modules\caniuse-lite\data\features\rellist.js,C:\Users\Luis\Desktop\das4navy\node_modules\caniuse-lite\data\features\rellist.js,rellist.js,.js,2095,2.05 KB,2026-06-06 16:54:25,node_modules,node_modules\caniuse-lite,4
node_modules\caniuse-lite\data\features\rem.js,C:\Users\Luis\Desktop\das4navy\node_modules\caniuse-lite\data\features\rem.js,rem.js,.js,2058,2.01 KB,2026-06-06 16:54:25,node_modules,node_modules\caniuse-lite,4
node_modules\caniuse-lite\data\features\requestanimationframe.js,C:\Users\Luis\Desktop\das4navy\node_modules\caniuse-lite\data\features\requestanimationframe.js,requestanimationframe.js,.js,2114,2.06 KB,2026-06-06 16:54:25,node_modules,node_modules\caniuse-lite,4
node_modules\caniuse-lite\data\features\requestidlecallback.js,C:\Users\Luis\Desktop\das4navy\node_modules\caniuse-lite\data\features\requestidlecallback.js,requestidlecallback.js,.js,2084,2.04 KB,2026-06-06 16:54:25,node_modules,node_modules\caniuse-lite,4
node_modules\caniuse-lite\data\features\resizeobserver.js,C:\Users\Luis\Desktop\das4navy\node_modules\caniuse-lite\data\features\resizeobserver.js,resizeobserver.js,.js,2085,2.04 KB,2026-06-06 16:54:25,node_modules,node_modules\caniuse-lite,4
node_modules\caniuse-lite\data\features\resource-timing.js,C:\Users\Luis\Desktop\das4navy\node_modules\caniuse-lite\data\features\resource-timing.js,resource-timing.js,.js,2082,2.03 KB,2026-06-06 16:54:25,node_modules,node_modules\caniuse-lite,4
node_modules\caniuse-lite\data\features\rest-parameters.js,C:\Users\Luis\Desktop\das4navy\node_modules\caniuse-lite\data\features\rest-parameters.js,rest-parameters.js,.js,2066,2.02 KB,2026-06-06 16:54:25,node_modules,node_modules\caniuse-lite,4
node_modules\caniuse-lite\data\features\rtcpeerconnection.js,C:\Users\Luis\Desktop\das4navy\node_modules\caniuse-lite\data\features\rtcpeerconnection.js,rtcpeerconnection.js,.js,2110,2.06 KB,2026-06-06 16:54:25,node_modules,node_modules\caniuse-lite,4
node_modules\caniuse-lite\data\features\ruby.js,C:\Users\Luis\Desktop\das4navy\node_modules\caniuse-lite\data\features\ruby.js,ruby.js,.js,2060,2.01 KB,2026-06-06 16:54:25,node_modules,node_modules\caniuse-lite,4
node_modules\caniuse-lite\data\features\run-in.js,C:\Users\Luis\Desktop\das4navy\node_modules\caniuse-lite\data\features\run-in.js,run-in.js,.js,2067,2.02 KB,2026-06-06 16:54:25,node_modules,node_modules\caniuse-lite,4
node_modules\caniuse-lite\data\features\same-site-cookie-attribute.js,C:\Users\Luis\Desktop\das4navy\node_modules\caniuse-lite\data\features\same-site-cookie-attribute.js,same-site-cookie-attribute.js,.js,2148,2.10 KB,2026-06-06 16:54:25,node_modules,node_modules\caniuse-lite,4
node_modules\caniuse-lite\data\features\screen-orientation.js,C:\Users\Luis\Desktop\das4navy\node_modules\caniuse-lite\data\features\screen-orientation.js,screen-orientation.js,.js,2077,2.03 KB,2026-06-06 16:54:25,node_modules,node_modules\caniuse-lite,4
node_modules\caniuse-lite\data\features\script-async.js,C:\Users\Luis\Desktop\das4navy\node_modules\caniuse-lite\data\features\script-async.js,script-async.js,.js,2079,2.03 KB,2026-06-06 16:54:25,node_modules,node_modules\caniuse-lite,4
node_modules\caniuse-lite\data\features\script-defer.js,C:\Users\Luis\Desktop\das4navy\node_modules\caniuse-lite\data\features\script-defer.js,script-defer.js,.js,2081,2.03 KB,2026-06-06 16:54:25,node_modules,node_modules\caniuse-lite,4
node_modules\caniuse-lite\data\features\scrollintoview.js,C:\Users\Luis\Desktop\das4navy\node_modules\caniuse-lite\data\features\scrollintoview.js,scrollintoview.js,.js,2118,2.07 KB,2026-06-06 16:54:25,node_modules,node_modules\caniuse-lite,4
node_modules\caniuse-lite\data\features\scrollintoviewifneeded.js,C:\Users\Luis\Desktop\das4navy\node_modules\caniuse-lite\data\features\scrollintoviewifneeded.js,scrollintoviewifneeded.js,.js,2065,2.02 KB,2026-06-06 16:54:25,node_modules,node_modules\caniuse-lite,4
node_modules\caniuse-lite\data\features\sdch.js,C:\Users\Luis\Desktop\das4navy\node_modules\caniuse-lite\data\features\sdch.js,sdch.js,.js,2048,2.00 KB,2026-06-06 16:54:25,node_modules,node_modules\caniuse-lite,4
node_modules\caniuse-lite\data\features\selection-api.js,C:\Users\Luis\Desktop\das4navy\node_modules\caniuse-lite\data\features\selection-api.js,selection-api.js,.js,2125,2.08 KB,2026-06-06 16:54:25,node_modules,node_modules\caniuse-lite,4
node_modules\caniuse-lite\data\features\server-timing.js,C:\Users\Luis\Desktop\das4navy\node_modules\caniuse-lite\data\features\server-timing.js,server-timing.js,.js,2078,2.03 KB,2026-06-06 16:54:25,node_modules,node_modules\caniuse-lite,4
node_modules\caniuse-lite\data\features\serviceworkers.js,C:\Users\Luis\Desktop\das4navy\node_modules\caniuse-lite\data\features\serviceworkers.js,serviceworkers.js,.js,2102,2.05 KB,2026-06-06 16:54:25,node_modules,node_modules\caniuse-lite,4
node_modules\caniuse-lite\data\features\setimmediate.js,C:\Users\Luis\Desktop\das4navy\node_modules\caniuse-lite\data\features\setimmediate.js,setimmediate.js,.js,2040,1.99 KB,2026-06-06 16:54:25,node_modules,node_modules\caniuse-lite,4
node_modules\caniuse-lite\data\features\shadowdom.js,C:\Users\Luis\Desktop\das4navy\node_modules\caniuse-lite\data\features\shadowdom.js,shadowdom.js,.js,2083,2.03 KB,2026-06-06 16:54:25,node_modules,node_modules\caniuse-lite,4
node_modules\caniuse-lite\data\features\shadowdomv1.js,C:\Users\Luis\Desktop\das4navy\node_modules\caniuse-lite\data\features\shadowdomv1.js,shadowdomv1.js,.js,2092,2.04 KB,2026-06-06 16:54:25,node_modules,node_modules\caniuse-lite,4
node_modules\caniuse-lite\data\features\sharedarraybuffer.js,C:\Users\Luis\Desktop\das4navy\node_modules\caniuse-lite\data\features\sharedarraybuffer.js,sharedarraybuffer.js,.js,2158,2.11 KB,2026-06-06 16:54:25,node_modules,node_modules\caniuse-lite,4
node_modules\caniuse-lite\data\features\sharedworkers.js,C:\Users\Luis\Desktop\das4navy\node_modules\caniuse-lite\data\features\sharedworkers.js,sharedworkers.js,.js,2054,2.01 KB,2026-06-06 16:54:25,node_modules,node_modules\caniuse-lite,4
node_modules\caniuse-lite\data\features\sni.js,C:\Users\Luis\Desktop\das4navy\node_modules\caniuse-lite\data\features\sni.js,sni.js,.js,2047,2.00 KB,2026-06-06 16:54:25,node_modules,node_modules\caniuse-lite,4
node_modules\caniuse-lite\data\features\spdy.js,C:\Users\Luis\Desktop\das4navy\node_modules\caniuse-lite\data\features\spdy.js,spdy.js,.js,2082,2.03 KB,2026-06-06 16:54:25,node_modules,node_modules\caniuse-lite,4
node_modules\caniuse-lite\data\features\speech-recognition.js,C:\Users\Luis\Desktop\das4navy\node_modules\caniuse-lite\data\features\speech-recognition.js,speech-recognition.js,.js,2079,2.03 KB,2026-06-06 16:54:25,node_modules,node_modules\caniuse-lite,4
node_modules\caniuse-lite\data\features\speech-synthesis.js,C:\Users\Luis\Desktop\das4navy\node_modules\caniuse-lite\data\features\speech-synthesis.js,speech-synthesis.js,.js,2081,2.03 KB,2026-06-06 16:54:25,node_modules,node_modules\caniuse-lite,4
node_modules\caniuse-lite\data\features\spellcheck-attribute.js,C:\Users\Luis\Desktop\das4navy\node_modules\caniuse-lite\data\features\spellcheck-attribute.js,spellcheck-attribute.js,.js,2037,1.99 KB,2026-06-06 16:54:25,node_modules,node_modules\caniuse-lite,4
node_modules\caniuse-lite\data\features\sql-storage.js,C:\Users\Luis\Desktop\das4navy\node_modules\caniuse-lite\data\features\sql-storage.js,sql-storage.js,.js,2101,2.05 KB,2026-06-06 16:54:25,node_modules,node_modules\caniuse-lite,4
node_modules\caniuse-lite\data\features\srcset.js,C:\Users\Luis\Desktop\das4navy\node_modules\caniuse-lite\data\features\srcset.js,srcset.js,.js,2142,2.09 KB,2026-06-06 16:54:25,node_modules,node_modules\caniuse-lite,4
node_modules\caniuse-lite\data\features\stream.js,C:\Users\Luis\Desktop\das4navy\node_modules\caniuse-lite\data\features\stream.js,stream.js,.js,2125,2.08 KB,2026-06-06 16:54:25,node_modules,node_modules\caniuse-lite,4
node_modules\caniuse-lite\data\features\streams.js,C:\Users\Luis\Desktop\das4navy\node_modules\caniuse-lite\data\features\streams.js,streams.js,.js,2178,2.13 KB,2026-06-06 16:54:25,node_modules,node_modules\caniuse-lite,4
node_modules\caniuse-lite\data\features\stricttransportsecurity.js,C:\Users\Luis\Desktop\das4navy\node_modules\caniuse-lite\data\features\stricttransportsecurity.js,stricttransportsecurity.js,.js,2056,2.01 KB,2026-06-06 16:54:25,node_modules,node_modules\caniuse-lite,4
node_modules\caniuse-lite\data\features\style-scoped.js,C:\Users\Luis\Desktop\das4navy\node_modules\caniuse-lite\data\features\style-scoped.js,style-scoped.js,.js,2031,1.98 KB,2026-06-06 16:54:25,node_modules,node_modules\caniuse-lite,4
node_modules\caniuse-lite\data\features\subresource-bundling.js,C:\Users\Luis\Desktop\das4navy\node_modules\caniuse-lite\data\features\subresource-bundling.js,subresource-bundling.js,.js,2054,2.01 KB,2026-06-06 16:54:25,node_modules,node_modules\caniuse-lite,4
node_modules\caniuse-lite\data\features\subresource-integrity.js,C:\Users\Luis\Desktop\das4navy\node_modules\caniuse-lite\data\features\subresource-integrity.js,subresource-integrity.js,.js,2070,2.02 KB,2026-06-06 16:54:25,node_modules,node_modules\caniuse-lite,4
node_modules\caniuse-lite\data\features\svg-css.js,C:\Users\Luis\Desktop\das4navy\node_modules\caniuse-lite\data\features\svg-css.js,svg-css.js,.js,2087,2.04 KB,2026-06-06 16:54:25,node_modules,node_modules\caniuse-lite,4
node_modules\caniuse-lite\data\features\svg-filters.js,C:\Users\Luis\Desktop\das4navy\node_modules\caniuse-lite\data\features\svg-filters.js,svg-filters.js,.js,2046,2.00 KB,2026-06-06 16:54:25,node_modules,node_modules\caniuse-lite,4
node_modules\caniuse-lite\data\features\svg-fonts.js,C:\Users\Luis\Desktop\das4navy\node_modules\caniuse-lite\data\features\svg-fonts.js,svg-fonts.js,.js,2062,2.01 KB,2026-06-06 16:54:25,node_modules,node_modules\caniuse-lite,4
node_modules\caniuse-lite\data\features\svg-fragment.js,C:\Users\Luis\Desktop\das4navy\node_modules\caniuse-lite\data\features\svg-fragment.js,svg-fragment.js,.js,2122,2.07 KB,2026-06-06 16:54:25,node_modules,node_modules\caniuse-lite,4
node_modules\caniuse-lite\data\features\svg-html.js,C:\Users\Luis\Desktop\das4navy\node_modules\caniuse-lite\data\features\svg-html.js,svg-html.js,.js,2053,2.00 KB,2026-06-06 16:54:25,node_modules,node_modules\caniuse-lite,4
node_modules\caniuse-lite\data\features\svg-html5.js,C:\Users\Luis\Desktop\das4navy\node_modules\caniuse-lite\data\features\svg-html5.js,svg-html5.js,.js,2110,2.06 KB,2026-06-06 16:54:25,node_modules,node_modules\caniuse-lite,4
node_modules\caniuse-lite\data\features\svg-img.js,C:\Users\Luis\Desktop\das4navy\node_modules\caniuse-lite\data\features\svg-img.js,svg-img.js,.js,2072,2.02 KB,2026-06-06 16:54:25,node_modules,node_modules\caniuse-lite,4
node_modules\caniuse-lite\data\features\svg-smil.js,C:\Users\Luis\Desktop\das4navy\node_modules\caniuse-lite\data\features\svg-smil.js,svg-smil.js,.js,2057,2.01 KB,2026-06-06 16:54:25,node_modules,node_modules\caniuse-lite,4
node_modules\caniuse-lite\data\features\svg.js,C:\Users\Luis\Desktop\das4navy\node_modules\caniuse-lite\data\features\svg.js,svg.js,.js,2056,2.01 KB,2026-06-06 16:54:25,node_modules,node_modules\caniuse-lite,4
node_modules\caniuse-lite\data\features\sxg.js,C:\Users\Luis\Desktop\das4navy\node_modules\caniuse-lite\data\features\sxg.js,sxg.js,.js,2058,2.01 KB,2026-06-06 16:54:25,node_modules,node_modules\caniuse-lite,4
node_modules\caniuse-lite\data\features\tabindex-attr.js,C:\Users\Luis\Desktop\das4navy\node_modules\caniuse-lite\data\features\tabindex-attr.js,tabindex-attr.js,.js,2067,2.02 KB,2026-06-06 16:54:25,node_modules,node_modules\caniuse-lite,4
node_modules\caniuse-lite\data\features\template-literals.js,C:\Users\Luis\Desktop\das4navy\node_modules\caniuse-lite\data\features\template-literals.js,template-literals.js,.js,2092,2.04 KB,2026-06-06 16:54:25,node_modules,node_modules\caniuse-lite,4
node_modules\caniuse-lite\data\features\template.js,C:\Users\Luis\Desktop\das4navy\node_modules\caniuse-lite\data\features\template.js,template.js,.js,2097,2.05 KB,2026-06-06 16:54:25,node_modules,node_modules\caniuse-lite,4
node_modules\caniuse-lite\data\features\temporal.js,C:\Users\Luis\Desktop\das4navy\node_modules\caniuse-lite\data\features\temporal.js,temporal.js,.js,2035,1.99 KB,2026-06-06 16:54:25,node_modules,node_modules\caniuse-lite,4
node_modules\caniuse-lite\data\features\testfeat.js,C:\Users\Luis\Desktop\das4navy\node_modules\caniuse-lite\data\features\testfeat.js,testfeat.js,.js,2066,2.02 KB,2026-06-06 16:54:25,node_modules,node_modules\caniuse-lite,4
node_modules\caniuse-lite\data\features\text-decoration.js,C:\Users\Luis\Desktop\das4navy\node_modules\caniuse-lite\data\features\text-decoration.js,text-decoration.js,.js,2146,2.10 KB,2026-06-06 16:54:25,node_modules,node_modules\caniuse-lite,4
node_modules\caniuse-lite\data\features\text-emphasis.js,C:\Users\Luis\Desktop\das4navy\node_modules\caniuse-lite\data\features\text-emphasis.js,text-emphasis.js,.js,2124,2.07 KB,2026-06-06 16:54:25,node_modules,node_modules\caniuse-lite,4
node_modules\caniuse-lite\data\features\text-overflow.js,C:\Users\Luis\Desktop\das4navy\node_modules\caniuse-lite\data\features\text-overflow.js,text-overflow.js,.js,2031,1.98 KB,2026-06-06 16:54:25,node_modules,node_modules\caniuse-lite,4
node_modules\caniuse-lite\data\features\text-size-adjust.js,C:\Users\Luis\Desktop\das4navy\node_modules\caniuse-lite\data\features\text-size-adjust.js,text-size-adjust.js,.js,2070,2.02 KB,2026-06-06 16:54:25,node_modules,node_modules\caniuse-lite,4
node_modules\caniuse-lite\data\features\text-stroke.js,C:\Users\Luis\Desktop\das4navy\node_modules\caniuse-lite\data\features\text-stroke.js,text-stroke.js,.js,2088,2.04 KB,2026-06-06 16:54:25,node_modules,node_modules\caniuse-lite,4
node_modules\caniuse-lite\data\features\textcontent.js,C:\Users\Luis\Desktop\das4navy\node_modules\caniuse-lite\data\features\textcontent.js,textcontent.js,.js,2037,1.99 KB,2026-06-06 16:54:25,node_modules,node_modules\caniuse-lite,4
node_modules\caniuse-lite\data\features\textencoder.js,C:\Users\Luis\Desktop\das4navy\node_modules\caniuse-lite\data\features\textencoder.js,textencoder.js,.js,2068,2.02 KB,2026-06-06 16:54:25,node_modules,node_modules\caniuse-lite,4
node_modules\caniuse-lite\data\features\tls1-1.js,C:\Users\Luis\Desktop\das4navy\node_modules\caniuse-lite\data\features\tls1-1.js,tls1-1.js,.js,2147,2.10 KB,2026-06-06 16:54:25,node_modules,node_modules\caniuse-lite,4
node_modules\caniuse-lite\data\features\tls1-2.js,C:\Users\Luis\Desktop\das4navy\node_modules\caniuse-lite\data\features\tls1-2.js,tls1-2.js,.js,2076,2.03 KB,2026-06-06 16:54:25,node_modules,node_modules\caniuse-lite,4
node_modules\caniuse-lite\data\features\tls1-3.js,C:\Users\Luis\Desktop\das4navy\node_modules\caniuse-lite\data\features\tls1-3.js,tls1-3.js,.js,2095,2.05 KB,2026-06-06 16:54:25,node_modules,node_modules\caniuse-lite,4
node_modules\caniuse-lite\data\features\touch.js,C:\Users\Luis\Desktop\das4navy\node_modules\caniuse-lite\data\features\touch.js,touch.js,.js,2065,2.02 KB,2026-06-06 16:54:25,node_modules,node_modules\caniuse-lite,4
node_modules\caniuse-lite\data\features\transforms2d.js,C:\Users\Luis\Desktop\das4navy\node_modules\caniuse-lite\data\features\transforms2d.js,transforms2d.js,.js,2096,2.05 KB,2026-06-06 16:54:25,node_modules,node_modules\caniuse-lite,4
node_modules\caniuse-lite\data\features\transforms3d.js,C:\Users\Luis\Desktop\das4navy\node_modules\caniuse-lite\data\features\transforms3d.js,transforms3d.js,.js,2110,2.06 KB,2026-06-06 16:54:25,node_modules,node_modules\caniuse-lite,4
node_modules\caniuse-lite\data\features\trusted-types.js,C:\Users\Luis\Desktop\das4navy\node_modules\caniuse-lite\data\features\trusted-types.js,trusted-types.js,.js,2082,2.03 KB,2026-06-06 16:54:25,node_modules,node_modules\caniuse-lite,4
node_modules\caniuse-lite\data\features\ttf.js,C:\Users\Luis\Desktop\das4navy\node_modules\caniuse-lite\data\features\ttf.js,ttf.js,.js,2065,2.02 KB,2026-06-06 16:54:25,node_modules,node_modules\caniuse-lite,4
node_modules\caniuse-lite\data\features\typedarrays.js,C:\Users\Luis\Desktop\das4navy\node_modules\caniuse-lite\data\features\typedarrays.js,typedarrays.js,.js,2079,2.03 KB,2026-06-06 16:54:25,node_modules,node_modules\caniuse-lite,4
node_modules\caniuse-lite\data\features\u2f.js,C:\Users\Luis\Desktop\das4navy\node_modules\caniuse-lite\data\features\u2f.js,u2f.js,.js,2073,2.02 KB,2026-06-06 16:54:25,node_modules,node_modules\caniuse-lite,4
node_modules\caniuse-lite\data\features\unhandledrejection.js,C:\Users\Luis\Desktop\das4navy\node_modules\caniuse-lite\data\features\unhandledrejection.js,unhandledrejection.js,.js,2096,2.05 KB,2026-06-06 16:54:25,node_modules,node_modules\caniuse-lite,4
node_modules\caniuse-lite\data\features\upgradeinsecurerequests.js,C:\Users\Luis\Desktop\das4navy\node_modules\caniuse-lite\data\features\upgradeinsecurerequests.js,upgradeinsecurerequests.js,.js,2060,2.01 KB,2026-06-06 16:54:25,node_modules,node_modules\caniuse-lite,4
node_modules\caniuse-lite\data\features\url-scroll-to-text-fragment.js,C:\Users\Luis\Desktop\das4navy\node_modules\caniuse-lite\data\features\url-scroll-to-text-fragment.js,url-scroll-to-text-fragment.js,.js,2089,2.04 KB,2026-06-06 16:54:25,node_modules,node_modules\caniuse-lite,4
node_modules\caniuse-lite\data\features\url.js,C:\Users\Luis\Desktop\das4navy\node_modules\caniuse-lite\data\features\url.js,url.js,.js,2084,2.04 KB,2026-06-06 16:54:25,node_modules,node_modules\caniuse-lite,4
node_modules\caniuse-lite\data\features\urlsearchparams.js,C:\Users\Luis\Desktop\das4navy\node_modules\caniuse-lite\data\features\urlsearchparams.js,urlsearchparams.js,.js,2064,2.02 KB,2026-06-06 16:54:25,node_modules,node_modules\caniuse-lite,4
node_modules\caniuse-lite\data\features\use-strict.js,C:\Users\Luis\Desktop\das4navy\node_modules\caniuse-lite\data\features\use-strict.js,use-strict.js,.js,2067,2.02 KB,2026-06-06 16:54:25,node_modules,node_modules\caniuse-lite,4
node_modules\caniuse-lite\data\features\user-select-none.js,C:\Users\Luis\Desktop\das4navy\node_modules\caniuse-lite\data\features\user-select-none.js,user-select-none.js,.js,2080,2.03 KB,2026-06-06 16:54:25,node_modules,node_modules\caniuse-lite,4
node_modules\caniuse-lite\data\features\user-timing.js,C:\Users\Luis\Desktop\das4navy\node_modules\caniuse-lite\data\features\user-timing.js,user-timing.js,.js,2050,2.00 KB,2026-06-06 16:54:25,node_modules,node_modules\caniuse-lite,4
node_modules\caniuse-lite\data\features\variable-fonts.js,C:\Users\Luis\Desktop\das4navy\node_modules\caniuse-lite\data\features\variable-fonts.js,variable-fonts.js,.js,2187,2.14 KB,2026-06-06 16:54:25,node_modules,node_modules\caniuse-lite,4
node_modules\caniuse-lite\data\features\vector-effect.js,C:\Users\Luis\Desktop\das4navy\node_modules\caniuse-lite\data\features\vector-effect.js,vector-effect.js,.js,2076,2.03 KB,2026-06-06 16:54:25,node_modules,node_modules\caniuse-lite,4
node_modules\caniuse-lite\data\features\vibration.js,C:\Users\Luis\Desktop\das4navy\node_modules\caniuse-lite\data\features\vibration.js,vibration.js,.js,2049,2.00 KB,2026-06-06 16:54:25,node_modules,node_modules\caniuse-lite,4
node_modules\caniuse-lite\data\features\video.js,C:\Users\Luis\Desktop\das4navy\node_modules\caniuse-lite\data\features\video.js,video.js,.js,2060,2.01 KB,2026-06-06 16:54:25,node_modules,node_modules\caniuse-lite,4
node_modules\caniuse-lite\data\features\videotracks.js,C:\Users\Luis\Desktop\das4navy\node_modules\caniuse-lite\data\features\videotracks.js,videotracks.js,.js,2061,2.01 KB,2026-06-06 16:54:25,node_modules,node_modules\caniuse-lite,4
node_modules\caniuse-lite\data\features\view-transitions.js,C:\Users\Luis\Desktop\das4navy\node_modules\caniuse-lite\data\features\view-transitions.js,view-transitions.js,.js,2087,2.04 KB,2026-06-06 16:54:25,node_modules,node_modules\caniuse-lite,4
node_modules\caniuse-lite\data\features\viewport-unit-variants.js,C:\Users\Luis\Desktop\das4navy\node_modules\caniuse-lite\data\features\viewport-unit-variants.js,viewport-unit-variants.js,.js,2105,2.06 KB,2026-06-06 16:54:25,node_modules,node_modules\caniuse-lite,4
node_modules\caniuse-lite\data\features\viewport-units.js,C:\Users\Luis\Desktop\das4navy\node_modules\caniuse-lite\data\features\viewport-units.js,viewport-units.js,.js,2127,2.08 KB,2026-06-06 16:54:25,node_modules,node_modules\caniuse-lite,4
node_modules\caniuse-lite\data\features\wai-aria.js,C:\Users\Luis\Desktop\das4navy\node_modules\caniuse-lite\data\features\wai-aria.js,wai-aria.js,.js,2042,1.99 KB,2026-06-06 16:54:25,node_modules,node_modules\caniuse-lite,4
node_modules\caniuse-lite\data\features\wake-lock.js,C:\Users\Luis\Desktop\das4navy\node_modules\caniuse-lite\data\features\wake-lock.js,wake-lock.js,.js,2093,2.04 KB,2026-06-06 16:54:25,node_modules,node_modules\caniuse-lite,4
node_modules\caniuse-lite\data\features\wasm-bigint.js,C:\Users\Luis\Desktop\das4navy\node_modules\caniuse-lite\data\features\wasm-bigint.js,wasm-bigint.js,.js,2096,2.05 KB,2026-06-06 16:54:26,node_modules,node_modules\caniuse-lite,4
node_modules\caniuse-lite\data\features\wasm-bulk-memory.js,C:\Users\Luis\Desktop\das4navy\node_modules\caniuse-lite\data\features\wasm-bulk-memory.js,wasm-bulk-memory.js,.js,2084,2.04 KB,2026-06-06 16:54:26,node_modules,node_modules\caniuse-lite,4
node_modules\caniuse-lite\data\features\wasm-extended-const.js,C:\Users\Luis\Desktop\das4navy\node_modules\caniuse-lite\data\features\wasm-extended-const.js,wasm-extended-const.js,.js,2086,2.04 KB,2026-06-06 16:54:26,node_modules,node_modules\caniuse-lite,4
node_modules\caniuse-lite\data\features\wasm-gc.js,C:\Users\Luis\Desktop\das4navy\node_modules\caniuse-lite\data\features\wasm-gc.js,wasm-gc.js,.js,2057,2.01 KB,2026-06-06 16:54:26,node_modules,node_modules\caniuse-lite,4
node_modules\caniuse-lite\data\features\wasm-multi-memory.js,C:\Users\Luis\Desktop\das4navy\node_modules\caniuse-lite\data\features\wasm-multi-memory.js,wasm-multi-memory.js,.js,2051,2.00 KB,2026-06-06 16:54:26,node_modules,node_modules\caniuse-lite,4
node_modules\caniuse-lite\data\features\wasm-multi-value.js,C:\Users\Luis\Desktop\das4navy\node_modules\caniuse-lite\data\features\wasm-multi-value.js,wasm-multi-value.js,.js,2073,2.02 KB,2026-06-06 16:54:26,node_modules,node_modules\caniuse-lite,4
node_modules\caniuse-lite\data\features\wasm-mutable-globals.js,C:\Users\Luis\Desktop\das4navy\node_modules\caniuse-lite\data\features\wasm-mutable-globals.js,wasm-mutable-globals.js,.js,2094,2.04 KB,2026-06-06 16:54:26,node_modules,node_modules\caniuse-lite,4
node_modules\caniuse-lite\data\features\wasm-nontrapping-fptoint.js,C:\Users\Luis\Desktop\das4navy\node_modules\caniuse-lite\data\features\wasm-nontrapping-fptoint.js,wasm-nontrapping-fptoint.js,.js,2098,2.05 KB,2026-06-06 16:54:26,node_modules,node_modules\caniuse-lite,4
node_modules\caniuse-lite\data\features\wasm-reference-types.js,C:\Users\Luis\Desktop\das4navy\node_modules\caniuse-lite\data\features\wasm-reference-types.js,wasm-reference-types.js,.js,2077,2.03 KB,2026-06-06 16:54:26,node_modules,node_modules\caniuse-lite,4
node_modules\caniuse-lite\data\features\wasm-relaxed-simd.js,C:\Users\Luis\Desktop\das4navy\node_modules\caniuse-lite\data\features\wasm-relaxed-simd.js,wasm-relaxed-simd.js,.js,2059,2.01 KB,2026-06-06 16:54:26,node_modules,node_modules\caniuse-lite,4
node_modules\caniuse-lite\data\features\wasm-signext.js,C:\Users\Luis\Desktop\das4navy\node_modules\caniuse-lite\data\features\wasm-signext.js,wasm-signext.js,.js,2086,2.04 KB,2026-06-06 16:54:26,node_modules,node_modules\caniuse-lite,4
node_modules\caniuse-lite\data\features\wasm-simd.js,C:\Users\Luis\Desktop\das4navy\node_modules\caniuse-lite\data\features\wasm-simd.js,wasm-simd.js,.js,2066,2.02 KB,2026-06-06 16:54:26,node_modules,node_modules\caniuse-lite,4
node_modules\caniuse-lite\data\features\wasm-tail-calls.js,C:\Users\Luis\Desktop\das4navy\node_modules\caniuse-lite\data\features\wasm-tail-calls.js,wasm-tail-calls.js,.js,2055,2.01 KB,2026-06-06 16:54:26,node_modules,node_modules\caniuse-lite,4
node_modules\caniuse-lite\data\features\wasm-threads.js,C:\Users\Luis\Desktop\das4navy\node_modules\caniuse-lite\data\features\wasm-threads.js,wasm-threads.js,.js,2081,2.03 KB,2026-06-06 16:54:26,node_modules,node_modules\caniuse-lite,4
node_modules\caniuse-lite\data\features\wasm.js,C:\Users\Luis\Desktop\das4navy\node_modules\caniuse-lite\data\features\wasm.js,wasm.js,.js,2101,2.05 KB,2026-06-06 16:54:26,node_modules,node_modules\caniuse-lite,4
node_modules\caniuse-lite\data\features\wav.js,C:\Users\Luis\Desktop\das4navy\node_modules\caniuse-lite\data\features\wav.js,wav.js,.js,2041,1.99 KB,2026-06-06 16:54:26,node_modules,node_modules\caniuse-lite,4
node_modules\caniuse-lite\data\features\wbr-element.js,C:\Users\Luis\Desktop\das4navy\node_modules\caniuse-lite\data\features\wbr-element.js,wbr-element.js,.js,2063,2.01 KB,2026-06-06 16:54:26,node_modules,node_modules\caniuse-lite,4
node_modules\caniuse-lite\data\features\web-animation.js,C:\Users\Luis\Desktop\das4navy\node_modules\caniuse-lite\data\features\web-animation.js,web-animation.js,.js,2174,2.12 KB,2026-06-06 16:54:26,node_modules,node_modules\caniuse-lite,4
node_modules\caniuse-lite\data\features\web-app-manifest.js,C:\Users\Luis\Desktop\das4navy\node_modules\caniuse-lite\data\features\web-app-manifest.js,web-app-manifest.js,.js,2073,2.02 KB,2026-06-06 16:54:26,node_modules,node_modules\caniuse-lite,4
node_modules\caniuse-lite\data\features\web-bluetooth.js,C:\Users\Luis\Desktop\das4navy\node_modules\caniuse-lite\data\features\web-bluetooth.js,web-bluetooth.js,.js,2092,2.04 KB,2026-06-06 16:54:26,node_modules,node_modules\caniuse-lite,4
node_modules\caniuse-lite\data\features\web-serial.js,C:\Users\Luis\Desktop\das4navy\node_modules\caniuse-lite\data\features\web-serial.js,web-serial.js,.js,2048,2.00 KB,2026-06-06 16:54:26,node_modules,node_modules\caniuse-lite,4
node_modules\caniuse-lite\data\features\web-share.js,C:\Users\Luis\Desktop\das4navy\node_modules\caniuse-lite\data\features\web-share.js,web-share.js,.js,2101,2.05 KB,2026-06-06 16:54:26,node_modules,node_modules\caniuse-lite,4
node_modules\caniuse-lite\data\features\webauthn.js,C:\Users\Luis\Desktop\das4navy\node_modules\caniuse-lite\data\features\webauthn.js,webauthn.js,.js,2126,2.08 KB,2026-06-06 16:54:26,node_modules,node_modules\caniuse-lite,4
node_modules\caniuse-lite\data\features\webcodecs.js,C:\Users\Luis\Desktop\das4navy\node_modules\caniuse-lite\data\features\webcodecs.js,webcodecs.js,.js,2070,2.02 KB,2026-06-06 16:54:26,node_modules,node_modules\caniuse-lite,4
node_modules\caniuse-lite\data\features\webgl.js,C:\Users\Luis\Desktop\das4navy\node_modules\caniuse-lite\data\features\webgl.js,webgl.js,.js,2131,2.08 KB,2026-06-06 16:54:26,node_modules,node_modules\caniuse-lite,4
node_modules\caniuse-lite\data\features\webgl2.js,C:\Users\Luis\Desktop\das4navy\node_modules\caniuse-lite\data\features\webgl2.js,webgl2.js,.js,2110,2.06 KB,2026-06-06 16:54:26,node_modules,node_modules\caniuse-lite,4
node_modules\caniuse-lite\data\features\webgpu.js,C:\Users\Luis\Desktop\das4navy\node_modules\caniuse-lite\data\features\webgpu.js,webgpu.js,.js,2142,2.09 KB,2026-06-06 16:54:26,node_modules,node_modules\caniuse-lite,4
node_modules\caniuse-lite\data\features\webhid.js,C:\Users\Luis\Desktop\das4navy\node_modules\caniuse-lite\data\features\webhid.js,webhid.js,.js,2036,1.99 KB,2026-06-06 16:54:26,node_modules,node_modules\caniuse-lite,4
node_modules\caniuse-lite\data\features\webkit-user-drag.js,C:\Users\Luis\Desktop\das4navy\node_modules\caniuse-lite\data\features\webkit-user-drag.js,webkit-user-drag.js,.js,2050,2.00 KB,2026-06-06 16:54:26,node_modules,node_modules\caniuse-lite,4
node_modules\caniuse-lite\data\features\webm.js,C:\Users\Luis\Desktop\das4navy\node_modules\caniuse-lite\data\features\webm.js,webm.js,.js,2180,2.13 KB,2026-06-06 16:54:26,node_modules,node_modules\caniuse-lite,4
node_modules\caniuse-lite\data\features\webnfc.js,C:\Users\Luis\Desktop\das4navy\node_modules\caniuse-lite\data\features\webnfc.js,webnfc.js,.js,2020,1.97 KB,2026-06-06 16:54:26,node_modules,node_modules\caniuse-lite,4
node_modules\caniuse-lite\data\features\webp.js,C:\Users\Luis\Desktop\das4navy\node_modules\caniuse-lite\data\features\webp.js,webp.js,.js,2132,2.08 KB,2026-06-06 16:54:26,node_modules,node_modules\caniuse-lite,4
node_modules\caniuse-lite\data\features\websockets.js,C:\Users\Luis\Desktop\das4navy\node_modules\caniuse-lite\data\features\websockets.js,websockets.js,.js,2120,2.07 KB,2026-06-06 16:54:26,node_modules,node_modules\caniuse-lite,4
node_modules\caniuse-lite\data\features\webtransport.js,C:\Users\Luis\Desktop\das4navy\node_modules\caniuse-lite\data\features\webtransport.js,webtransport.js,.js,2060,2.01 KB,2026-06-06 16:54:26,node_modules,node_modules\caniuse-lite,4
node_modules\caniuse-lite\data\features\webusb.js,C:\Users\Luis\Desktop\das4navy\node_modules\caniuse-lite\data\features\webusb.js,webusb.js,.js,2037,1.99 KB,2026-06-06 16:54:26,node_modules,node_modules\caniuse-lite,4
node_modules\caniuse-lite\data\features\webvr.js,C:\Users\Luis\Desktop\das4navy\node_modules\caniuse-lite\data\features\webvr.js,webvr.js,.js,2051,2.00 KB,2026-06-06 16:54:26,node_modules,node_modules\caniuse-lite,4
node_modules\caniuse-lite\data\features\webvtt.js,C:\Users\Luis\Desktop\das4navy\node_modules\caniuse-lite\data\features\webvtt.js,webvtt.js,.js,2096,2.05 KB,2026-06-06 16:54:26,node_modules,node_modules\caniuse-lite,4
node_modules\caniuse-lite\data\features\webworkers.js,C:\Users\Luis\Desktop\das4navy\node_modules\caniuse-lite\data\features\webworkers.js,webworkers.js,.js,2052,2.00 KB,2026-06-06 16:54:26,node_modules,node_modules\caniuse-lite,4
node_modules\caniuse-lite\data\features\webxr.js,C:\Users\Luis\Desktop\das4navy\node_modules\caniuse-lite\data\features\webxr.js,webxr.js,.js,2085,2.04 KB,2026-06-06 16:54:26,node_modules,node_modules\caniuse-lite,4
node_modules\caniuse-lite\data\features\will-change.js,C:\Users\Luis\Desktop\das4navy\node_modules\caniuse-lite\data\features\will-change.js,will-change.js,.js,2067,2.02 KB,2026-06-06 16:54:26,node_modules,node_modules\caniuse-lite,4
node_modules\caniuse-lite\data\features\woff.js,C:\Users\Luis\Desktop\das4navy\node_modules\caniuse-lite\data\features\woff.js,woff.js,.js,2070,2.02 KB,2026-06-06 16:54:26,node_modules,node_modules\caniuse-lite,4
node_modules\caniuse-lite\data\features\woff2.js,C:\Users\Luis\Desktop\das4navy\node_modules\caniuse-lite\data\features\woff2.js,woff2.js,.js,2074,2.03 KB,2026-06-06 16:54:26,node_modules,node_modules\caniuse-lite,4
node_modules\caniuse-lite\data\features\word-break.js,C:\Users\Luis\Desktop\das4navy\node_modules\caniuse-lite\data\features\word-break.js,word-break.js,.js,2050,2.00 KB,2026-06-06 16:54:26,node_modules,node_modules\caniuse-lite,4
node_modules\caniuse-lite\data\features\wordwrap.js,C:\Users\Luis\Desktop\das4navy\node_modules\caniuse-lite\data\features\wordwrap.js,wordwrap.js,.js,2077,2.03 KB,2026-06-06 16:54:26,node_modules,node_modules\caniuse-lite,4
node_modules\caniuse-lite\data\features\x-doc-messaging.js,C:\Users\Luis\Desktop\das4navy\node_modules\caniuse-lite\data\features\x-doc-messaging.js,x-doc-messaging.js,.js,2045,2.00 KB,2026-06-06 16:54:26,node_modules,node_modules\caniuse-lite,4
node_modules\caniuse-lite\data\features\x-frame-options.js,C:\Users\Luis\Desktop\das4navy\node_modules\caniuse-lite\data\features\x-frame-options.js,x-frame-options.js,.js,2087,2.04 KB,2026-06-06 16:54:26,node_modules,node_modules\caniuse-lite,4
node_modules\caniuse-lite\data\features\xhr2.js,C:\Users\Luis\Desktop\das4navy\node_modules\caniuse-lite\data\features\xhr2.js,xhr2.js,.js,2274,2.22 KB,2026-06-06 16:54:26,node_modules,node_modules\caniuse-lite,4
node_modules\caniuse-lite\data\features\xhtml.js,C:\Users\Luis\Desktop\das4navy\node_modules\caniuse-lite\data\features\xhtml.js,xhtml.js,.js,2030,1.98 KB,2026-06-06 16:54:26,node_modules,node_modules\caniuse-lite,4
node_modules\caniuse-lite\data\features\xhtmlsmil.js,C:\Users\Luis\Desktop\das4navy\node_modules\caniuse-lite\data\features\xhtmlsmil.js,xhtmlsmil.js,.js,2019,1.97 KB,2026-06-06 16:54:26,node_modules,node_modules\caniuse-lite,4
node_modules\caniuse-lite\data\features\xml-serializer.js,C:\Users\Luis\Desktop\das4navy\node_modules\caniuse-lite\data\features\xml-serializer.js,xml-serializer.js,.js,2114,2.06 KB,2026-06-06 16:54:26,node_modules,node_modules\caniuse-lite,4
node_modules\caniuse-lite\data\features\zstd.js,C:\Users\Luis\Desktop\das4navy\node_modules\caniuse-lite\data\features\zstd.js,zstd.js,.js,2096,2.05 KB,2026-06-06 16:54:26,node_modules,node_modules\caniuse-lite,4
node_modules\caniuse-lite\data\regions\AD.js,C:\Users\Luis\Desktop\das4navy\node_modules\caniuse-lite\data\regions\AD.js,AD.js,.js,4585,4.48 KB,2026-06-06 16:54:21,node_modules,node_modules\caniuse-lite,4
node_modules\caniuse-lite\data\regions\AE.js,C:\Users\Luis\Desktop\das4navy\node_modules\caniuse-lite\data\regions\AE.js,AE.js,.js,4651,4.54 KB,2026-06-06 16:54:21,node_modules,node_modules\caniuse-lite,4
node_modules\caniuse-lite\data\regions\AF.js,C:\Users\Luis\Desktop\das4navy\node_modules\caniuse-lite\data\regions\AF.js,AF.js,.js,5345,5.22 KB,2026-06-06 16:54:21,node_modules,node_modules\caniuse-lite,4
node_modules\caniuse-lite\data\regions\AG.js,C:\Users\Luis\Desktop\das4navy\node_modules\caniuse-lite\data\regions\AG.js,AG.js,.js,4611,4.50 KB,2026-06-06 16:54:21,node_modules,node_modules\caniuse-lite,4
node_modules\caniuse-lite\data\regions\AI.js,C:\Users\Luis\Desktop\das4navy\node_modules\caniuse-lite\data\regions\AI.js,AI.js,.js,4303,4.20 KB,2026-06-06 16:54:21,node_modules,node_modules\caniuse-lite,4
node_modules\caniuse-lite\data\regions\AL.js,C:\Users\Luis\Desktop\das4navy\node_modules\caniuse-lite\data\regions\AL.js,AL.js,.js,4698,4.59 KB,2026-06-06 16:54:22,node_modules,node_modules\caniuse-lite,4
node_modules\caniuse-lite\data\regions\AM.js,C:\Users\Luis\Desktop\das4navy\node_modules\caniuse-lite\data\regions\AM.js,AM.js,.js,4700,4.59 KB,2026-06-06 16:54:22,node_modules,node_modules\caniuse-lite,4
node_modules\caniuse-lite\data\regions\AO.js,C:\Users\Luis\Desktop\das4navy\node_modules\caniuse-lite\data\regions\AO.js,AO.js,.js,5061,4.94 KB,2026-06-06 16:54:22,node_modules,node_modules\caniuse-lite,4
node_modules\caniuse-lite\data\regions\AR.js,C:\Users\Luis\Desktop\das4navy\node_modules\caniuse-lite\data\regions\AR.js,AR.js,.js,4872,4.76 KB,2026-06-06 16:54:22,node_modules,node_modules\caniuse-lite,4
node_modules\caniuse-lite\data\regions\AS.js,C:\Users\Luis\Desktop\das4navy\node_modules\caniuse-lite\data\regions\AS.js,AS.js,.js,3946,3.85 KB,2026-06-06 16:54:22,node_modules,node_modules\caniuse-lite,4
node_modules\caniuse-lite\data\regions\AT.js,C:\Users\Luis\Desktop\das4navy\node_modules\caniuse-lite\data\regions\AT.js,AT.js,.js,5188,5.07 KB,2026-06-06 16:54:22,node_modules,node_modules\caniuse-lite,4
node_modules\caniuse-lite\data\regions\AU.js,C:\Users\Luis\Desktop\das4navy\node_modules\caniuse-lite\data\regions\AU.js,AU.js,.js,5020,4.90 KB,2026-06-06 16:54:22,node_modules,node_modules\caniuse-lite,4
node_modules\caniuse-lite\data\regions\AW.js,C:\Users\Luis\Desktop\das4navy\node_modules\caniuse-lite\data\regions\AW.js,AW.js,.js,4485,4.38 KB,2026-06-06 16:54:22,node_modules,node_modules\caniuse-lite,4
node_modules\caniuse-lite\data\regions\AX.js,C:\Users\Luis\Desktop\das4navy\node_modules\caniuse-lite\data\regions\AX.js,AX.js,.js,4245,4.15 KB,2026-06-06 16:54:22,node_modules,node_modules\caniuse-lite,4
node_modules\caniuse-lite\data\regions\AZ.js,C:\Users\Luis\Desktop\das4navy\node_modules\caniuse-lite\data\regions\AZ.js,AZ.js,.js,5300,5.18 KB,2026-06-06 16:54:22,node_modules,node_modules\caniuse-lite,4
node_modules\caniuse-lite\data\regions\BA.js,C:\Users\Luis\Desktop\das4navy\node_modules\caniuse-lite\data\regions\BA.js,BA.js,.js,4797,4.68 KB,2026-06-06 16:54:22,node_modules,node_modules\caniuse-lite,4
node_modules\caniuse-lite\data\regions\BB.js,C:\Users\Luis\Desktop\das4navy\node_modules\caniuse-lite\data\regions\BB.js,BB.js,.js,4571,4.46 KB,2026-06-06 16:54:22,node_modules,node_modules\caniuse-lite,4
node_modules\caniuse-lite\data\regions\BD.js,C:\Users\Luis\Desktop\das4navy\node_modules\caniuse-lite\data\regions\BD.js,BD.js,.js,4895,4.78 KB,2026-06-06 16:54:22,node_modules,node_modules\caniuse-lite,4
node_modules\caniuse-lite\data\regions\BE.js,C:\Users\Luis\Desktop\das4navy\node_modules\caniuse-lite\data\regions\BE.js,BE.js,.js,4952,4.84 KB,2026-06-06 16:54:22,node_modules,node_modules\caniuse-lite,4
node_modules\caniuse-lite\data\regions\BF.js,C:\Users\Luis\Desktop\das4navy\node_modules\caniuse-lite\data\regions\BF.js,BF.js,.js,4713,4.60 KB,2026-06-06 16:54:22,node_modules,node_modules\caniuse-lite,4
node_modules\caniuse-lite\data\regions\BG.js,C:\Users\Luis\Desktop\das4navy\node_modules\caniuse-lite\data\regions\BG.js,BG.js,.js,4930,4.81 KB,2026-06-06 16:54:22,node_modules,node_modules\caniuse-lite,4
node_modules\caniuse-lite\data\regions\BH.js,C:\Users\Luis\Desktop\das4navy\node_modules\caniuse-lite\data\regions\BH.js,BH.js,.js,4795,4.68 KB,2026-06-06 16:54:22,node_modules,node_modules\caniuse-lite,4
node_modules\caniuse-lite\data\regions\BI.js,C:\Users\Luis\Desktop\das4navy\node_modules\caniuse-lite\data\regions\BI.js,BI.js,.js,4881,4.77 KB,2026-06-06 16:54:22,node_modules,node_modules\caniuse-lite,4
node_modules\caniuse-lite\data\regions\BJ.js,C:\Users\Luis\Desktop\das4navy\node_modules\caniuse-lite\data\regions\BJ.js,BJ.js,.js,5277,5.15 KB,2026-06-06 16:54:22,node_modules,node_modules\caniuse-lite,4
node_modules\caniuse-lite\data\regions\BM.js,C:\Users\Luis\Desktop\das4navy\node_modules\caniuse-lite\data\regions\BM.js,BM.js,.js,3817,3.73 KB,2026-06-06 16:54:22,node_modules,node_modules\caniuse-lite,4
node_modules\caniuse-lite\data\regions\BN.js,C:\Users\Luis\Desktop\das4navy\node_modules\caniuse-lite\data\regions\BN.js,BN.js,.js,4696,4.59 KB,2026-06-06 16:54:22,node_modules,node_modules\caniuse-lite,4
node_modules\caniuse-lite\data\regions\BO.js,C:\Users\Luis\Desktop\das4navy\node_modules\caniuse-lite\data\regions\BO.js,BO.js,.js,4694,4.58 KB,2026-06-06 16:54:22,node_modules,node_modules\caniuse-lite,4
node_modules\caniuse-lite\data\regions\BR.js,C:\Users\Luis\Desktop\das4navy\node_modules\caniuse-lite\data\regions\BR.js,BR.js,.js,4736,4.62 KB,2026-06-06 16:54:22,node_modules,node_modules\caniuse-lite,4
node_modules\caniuse-lite\data\regions\BS.js,C:\Users\Luis\Desktop\das4navy\node_modules\caniuse-lite\data\regions\BS.js,BS.js,.js,4421,4.32 KB,2026-06-06 16:54:22,node_modules,node_modules\caniuse-lite,4
node_modules\caniuse-lite\data\regions\BT.js,C:\Users\Luis\Desktop\das4navy\node_modules\caniuse-lite\data\regions\BT.js,BT.js,.js,4887,4.77 KB,2026-06-06 16:54:22,node_modules,node_modules\caniuse-lite,4
node_modules\caniuse-lite\data\regions\BW.js,C:\Users\Luis\Desktop\das4navy\node_modules\caniuse-lite\data\regions\BW.js,BW.js,.js,5025,4.91 KB,2026-06-06 16:54:22,node_modules,node_modules\caniuse-lite,4
node_modules\caniuse-lite\data\regions\BY.js,C:\Users\Luis\Desktop\das4navy\node_modules\caniuse-lite\data\regions\BY.js,BY.js,.js,4732,4.62 KB,2026-06-06 16:54:22,node_modules,node_modules\caniuse-lite,4
node_modules\caniuse-lite\data\regions\BZ.js,C:\Users\Luis\Desktop\das4navy\node_modules\caniuse-lite\data\regions\BZ.js,BZ.js,.js,4900,4.79 KB,2026-06-06 16:54:22,node_modules,node_modules\caniuse-lite,4
node_modules\caniuse-lite\data\regions\CA.js,C:\Users\Luis\Desktop\das4navy\node_modules\caniuse-lite\data\regions\CA.js,CA.js,.js,5075,4.96 KB,2026-06-06 16:54:22,node_modules,node_modules\caniuse-lite,4
node_modules\caniuse-lite\data\regions\CD.js,C:\Users\Luis\Desktop\das4navy\node_modules\caniuse-lite\data\regions\CD.js,CD.js,.js,5217,5.09 KB,2026-06-06 16:54:22,node_modules,node_modules\caniuse-lite,4
node_modules\caniuse-lite\data\regions\CF.js,C:\Users\Luis\Desktop\das4navy\node_modules\caniuse-lite\data\regions\CF.js,CF.js,.js,4365,4.26 KB,2026-06-06 16:54:22,node_modules,node_modules\caniuse-lite,4
node_modules\caniuse-lite\data\regions\CG.js,C:\Users\Luis\Desktop\das4navy\node_modules\caniuse-lite\data\regions\CG.js,CG.js,.js,4608,4.50 KB,2026-06-06 16:54:22,node_modules,node_modules\caniuse-lite,4
node_modules\caniuse-lite\data\regions\CH.js,C:\Users\Luis\Desktop\das4navy\node_modules\caniuse-lite\data\regions\CH.js,CH.js,.js,5107,4.99 KB,2026-06-06 16:54:22,node_modules,node_modules\caniuse-lite,4
node_modules\caniuse-lite\data\regions\CI.js,C:\Users\Luis\Desktop\das4navy\node_modules\caniuse-lite\data\regions\CI.js,CI.js,.js,5016,4.90 KB,2026-06-06 16:54:22,node_modules,node_modules\caniuse-lite,4
node_modules\caniuse-lite\data\regions\CK.js,C:\Users\Luis\Desktop\das4navy\node_modules\caniuse-lite\data\regions\CK.js,CK.js,.js,3848,3.76 KB,2026-06-06 16:54:22,node_modules,node_modules\caniuse-lite,4
node_modules\caniuse-lite\data\regions\CL.js,C:\Users\Luis\Desktop\das4navy\node_modules\caniuse-lite\data\regions\CL.js,CL.js,.js,4792,4.68 KB,2026-06-06 16:54:22,node_modules,node_modules\caniuse-lite,4
node_modules\caniuse-lite\data\regions\CM.js,C:\Users\Luis\Desktop\das4navy\node_modules\caniuse-lite\data\regions\CM.js,CM.js,.js,5463,5.33 KB,2026-06-06 16:54:22,node_modules,node_modules\caniuse-lite,4
node_modules\caniuse-lite\data\regions\CN.js,C:\Users\Luis\Desktop\das4navy\node_modules\caniuse-lite\data\regions\CN.js,CN.js,.js,5337,5.21 KB,2026-06-06 16:54:22,node_modules,node_modules\caniuse-lite,4
node_modules\caniuse-lite\data\regions\CO.js,C:\Users\Luis\Desktop\das4navy\node_modules\caniuse-lite\data\regions\CO.js,CO.js,.js,4825,4.71 KB,2026-06-06 16:54:22,node_modules,node_modules\caniuse-lite,4
node_modules\caniuse-lite\data\regions\CR.js,C:\Users\Luis\Desktop\das4navy\node_modules\caniuse-lite\data\regions\CR.js,CR.js,.js,4718,4.61 KB,2026-06-06 16:54:22,node_modules,node_modules\caniuse-lite,4
node_modules\caniuse-lite\data\regions\CU.js,C:\Users\Luis\Desktop\das4navy\node_modules\caniuse-lite\data\regions\CU.js,CU.js,.js,5761,5.63 KB,2026-06-06 16:54:23,node_modules,node_modules\caniuse-lite,4
node_modules\caniuse-lite\data\regions\CV.js,C:\Users\Luis\Desktop\das4navy\node_modules\caniuse-lite\data\regions\CV.js,CV.js,.js,4782,4.67 KB,2026-06-06 16:54:23,node_modules,node_modules\caniuse-lite,4
node_modules\caniuse-lite\data\regions\CX.js,C:\Users\Luis\Desktop\das4navy\node_modules\caniuse-lite\data\regions\CX.js,CX.js,.js,2980,2.91 KB,2026-06-06 16:54:23,node_modules,node_modules\caniuse-lite,4
node_modules\caniuse-lite\data\regions\CY.js,C:\Users\Luis\Desktop\das4navy\node_modules\caniuse-lite\data\regions\CY.js,CY.js,.js,4699,4.59 KB,2026-06-06 16:54:23,node_modules,node_modules\caniuse-lite,4
node_modules\caniuse-lite\data\regions\CZ.js,C:\Users\Luis\Desktop\das4navy\node_modules\caniuse-lite\data\regions\CZ.js,CZ.js,.js,5084,4.96 KB,2026-06-06 16:54:23,node_modules,node_modules\caniuse-lite,4
node_modules\caniuse-lite\data\regions\DE.js,C:\Users\Luis\Desktop\das4navy\node_modules\caniuse-lite\data\regions\DE.js,DE.js,.js,5449,5.32 KB,2026-06-06 16:54:23,node_modules,node_modules\caniuse-lite,4
node_modules\caniuse-lite\data\regions\DJ.js,C:\Users\Luis\Desktop\das4navy\node_modules\caniuse-lite\data\regions\DJ.js,DJ.js,.js,4546,4.44 KB,2026-06-06 16:54:23,node_modules,node_modules\caniuse-lite,4
node_modules\caniuse-lite\data\regions\DK.js,C:\Users\Luis\Desktop\das4navy\node_modules\caniuse-lite\data\regions\DK.js,DK.js,.js,4834,4.72 KB,2026-06-06 16:54:23,node_modules,node_modules\caniuse-lite,4
node_modules\caniuse-lite\data\regions\DM.js,C:\Users\Luis\Desktop\das4navy\node_modules\caniuse-lite\data\regions\DM.js,DM.js,.js,4482,4.38 KB,2026-06-06 16:54:23,node_modules,node_modules\caniuse-lite,4
node_modules\caniuse-lite\data\regions\DO.js,C:\Users\Luis\Desktop\das4navy\node_modules\caniuse-lite\data\regions\DO.js,DO.js,.js,4857,4.74 KB,2026-06-06 16:54:23,node_modules,node_modules\caniuse-lite,4
node_modules\caniuse-lite\data\regions\DZ.js,C:\Users\Luis\Desktop\das4navy\node_modules\caniuse-lite\data\regions\DZ.js,DZ.js,.js,5312,5.19 KB,2026-06-06 16:54:23,node_modules,node_modules\caniuse-lite,4
node_modules\caniuse-lite\data\regions\EC.js,C:\Users\Luis\Desktop\das4navy\node_modules\caniuse-lite\data\regions\EC.js,EC.js,.js,4773,4.66 KB,2026-06-06 16:54:23,node_modules,node_modules\caniuse-lite,4
node_modules\caniuse-lite\data\regions\EE.js,C:\Users\Luis\Desktop\das4navy\node_modules\caniuse-lite\data\regions\EE.js,EE.js,.js,4845,4.73 KB,2026-06-06 16:54:23,node_modules,node_modules\caniuse-lite,4
node_modules\caniuse-lite\data\regions\EG.js,C:\Users\Luis\Desktop\das4navy\node_modules\caniuse-lite\data\regions\EG.js,EG.js,.js,5225,5.10 KB,2026-06-06 16:54:23,node_modules,node_modules\caniuse-lite,4
node_modules\caniuse-lite\data\regions\ER.js,C:\Users\Luis\Desktop\das4navy\node_modules\caniuse-lite\data\regions\ER.js,ER.js,.js,3847,3.76 KB,2026-06-06 16:54:23,node_modules,node_modules\caniuse-lite,4
node_modules\caniuse-lite\data\regions\ES.js,C:\Users\Luis\Desktop\das4navy\node_modules\caniuse-lite\data\regions\ES.js,ES.js,.js,5078,4.96 KB,2026-06-06 16:54:23,node_modules,node_modules\caniuse-lite,4
node_modules\caniuse-lite\data\regions\ET.js,C:\Users\Luis\Desktop\das4navy\node_modules\caniuse-lite\data\regions\ET.js,ET.js,.js,5272,5.15 KB,2026-06-06 16:54:23,node_modules,node_modules\caniuse-lite,4
node_modules\caniuse-lite\data\regions\FI.js,C:\Users\Luis\Desktop\das4navy\node_modules\caniuse-lite\data\regions\FI.js,FI.js,.js,5028,4.91 KB,2026-06-06 16:54:23,node_modules,node_modules\caniuse-lite,4
node_modules\caniuse-lite\data\regions\FJ.js,C:\Users\Luis\Desktop\das4navy\node_modules\caniuse-lite\data\regions\FJ.js,FJ.js,.js,4672,4.56 KB,2026-06-06 16:54:23,node_modules,node_modules\caniuse-lite,4
node_modules\caniuse-lite\data\regions\FK.js,C:\Users\Luis\Desktop\das4navy\node_modules\caniuse-lite\data\regions\FK.js,FK.js,.js,3632,3.55 KB,2026-06-06 16:54:23,node_modules,node_modules\caniuse-lite,4
node_modules\caniuse-lite\data\regions\FM.js,C:\Users\Luis\Desktop\das4navy\node_modules\caniuse-lite\data\regions\FM.js,FM.js,.js,4082,3.99 KB,2026-06-06 16:54:23,node_modules,node_modules\caniuse-lite,4
node_modules\caniuse-lite\data\regions\FO.js,C:\Users\Luis\Desktop\das4navy\node_modules\caniuse-lite\data\regions\FO.js,FO.js,.js,4279,4.18 KB,2026-06-06 16:54:23,node_modules,node_modules\caniuse-lite,4
node_modules\caniuse-lite\data\regions\FR.js,C:\Users\Luis\Desktop\das4navy\node_modules\caniuse-lite\data\regions\FR.js,FR.js,.js,5305,5.18 KB,2026-06-06 16:54:23,node_modules,node_modules\caniuse-lite,4
node_modules\caniuse-lite\data\regions\GA.js,C:\Users\Luis\Desktop\das4navy\node_modules\caniuse-lite\data\regions\GA.js,GA.js,.js,4785,4.67 KB,2026-06-06 16:54:23,node_modules,node_modules\caniuse-lite,4
node_modules\caniuse-lite\data\regions\GB.js,C:\Users\Luis\Desktop\das4navy\node_modules\caniuse-lite\data\regions\GB.js,GB.js,.js,5005,4.89 KB,2026-06-06 16:54:23,node_modules,node_modules\caniuse-lite,4
node_modules\caniuse-lite\data\regions\GD.js,C:\Users\Luis\Desktop\das4navy\node_modules\caniuse-lite\data\regions\GD.js,GD.js,.js,4544,4.44 KB,2026-06-06 16:54:23,node_modules,node_modules\caniuse-lite,4
node_modules\caniuse-lite\data\regions\GE.js,C:\Users\Luis\Desktop\das4navy\node_modules\caniuse-lite\data\regions\GE.js,GE.js,.js,5176,5.05 KB,2026-06-06 16:54:23,node_modules,node_modules\caniuse-lite,4
node_modules\caniuse-lite\data\regions\GF.js,C:\Users\Luis\Desktop\das4navy\node_modules\caniuse-lite\data\regions\GF.js,GF.js,.js,4706,4.60 KB,2026-06-06 16:54:23,node_modules,node_modules\caniuse-lite,4
node_modules\caniuse-lite\data\regions\GG.js,C:\Users\Luis\Desktop\das4navy\node_modules\caniuse-lite\data\regions\GG.js,GG.js,.js,4275,4.17 KB,2026-06-06 16:54:23,node_modules,node_modules\caniuse-lite,4
node_modules\caniuse-lite\data\regions\GH.js,C:\Users\Luis\Desktop\das4navy\node_modules\caniuse-lite\data\regions\GH.js,GH.js,.js,5375,5.25 KB,2026-06-06 16:54:23,node_modules,node_modules\caniuse-lite,4
node_modules\caniuse-lite\data\regions\GI.js,C:\Users\Luis\Desktop\das4navy\node_modules\caniuse-lite\data\regions\GI.js,GI.js,.js,4419,4.32 KB,2026-06-06 16:54:23,node_modules,node_modules\caniuse-lite,4
node_modules\caniuse-lite\data\regions\GL.js,C:\Users\Luis\Desktop\das4navy\node_modules\caniuse-lite\data\regions\GL.js,GL.js,.js,4243,4.14 KB,2026-06-06 16:54:23,node_modules,node_modules\caniuse-lite,4
node_modules\caniuse-lite\data\regions\GM.js,C:\Users\Luis\Desktop\das4navy\node_modules\caniuse-lite\data\regions\GM.js,GM.js,.js,5243,5.12 KB,2026-06-06 16:54:23,node_modules,node_modules\caniuse-lite,4
node_modules\caniuse-lite\data\regions\GN.js,C:\Users\Luis\Desktop\das4navy\node_modules\caniuse-lite\data\regions\GN.js,GN.js,.js,4969,4.85 KB,2026-06-06 16:54:23,node_modules,node_modules\caniuse-lite,4
node_modules\caniuse-lite\data\regions\GP.js,C:\Users\Luis\Desktop\das4navy\node_modules\caniuse-lite\data\regions\GP.js,GP.js,.js,4809,4.70 KB,2026-06-06 16:54:23,node_modules,node_modules\caniuse-lite,4
node_modules\caniuse-lite\data\regions\GQ.js,C:\Users\Luis\Desktop\das4navy\node_modules\caniuse-lite\data\regions\GQ.js,GQ.js,.js,4743,4.63 KB,2026-06-06 16:54:23,node_modules,node_modules\caniuse-lite,4
node_modules\caniuse-lite\data\regions\GR.js,C:\Users\Luis\Desktop\das4navy\node_modules\caniuse-lite\data\regions\GR.js,GR.js,.js,4834,4.72 KB,2026-06-06 16:54:23,node_modules,node_modules\caniuse-lite,4
node_modules\caniuse-lite\data\regions\GT.js,C:\Users\Luis\Desktop\das4navy\node_modules\caniuse-lite\data\regions\GT.js,GT.js,.js,4560,4.45 KB,2026-06-06 16:54:23,node_modules,node_modules\caniuse-lite,4
node_modules\caniuse-lite\data\regions\GU.js,C:\Users\Luis\Desktop\das4navy\node_modules\caniuse-lite\data\regions\GU.js,GU.js,.js,4427,4.32 KB,2026-06-06 16:54:23,node_modules,node_modules\caniuse-lite,4
node_modules\caniuse-lite\data\regions\GW.js,C:\Users\Luis\Desktop\das4navy\node_modules\caniuse-lite\data\regions\GW.js,GW.js,.js,4375,4.27 KB,2026-06-06 16:54:23,node_modules,node_modules\caniuse-lite,4
node_modules\caniuse-lite\data\regions\GY.js,C:\Users\Luis\Desktop\das4navy\node_modules\caniuse-lite\data\regions\GY.js,GY.js,.js,4718,4.61 KB,2026-06-06 16:54:23,node_modules,node_modules\caniuse-lite,4
node_modules\caniuse-lite\data\regions\HK.js,C:\Users\Luis\Desktop\das4navy\node_modules\caniuse-lite\data\regions\HK.js,HK.js,.js,5063,4.94 KB,2026-06-06 16:54:23,node_modules,node_modules\caniuse-lite,4
node_modules\caniuse-lite\data\regions\HN.js,C:\Users\Luis\Desktop\das4navy\node_modules\caniuse-lite\data\regions\HN.js,HN.js,.js,4678,4.57 KB,2026-06-06 16:54:23,node_modules,node_modules\caniuse-lite,4
node_modules\caniuse-lite\data\regions\HR.js,C:\Users\Luis\Desktop\das4navy\node_modules\caniuse-lite\data\regions\HR.js,HR.js,.js,4962,4.85 KB,2026-06-06 16:54:23,node_modules,node_modules\caniuse-lite,4
node_modules\caniuse-lite\data\regions\HT.js,C:\Users\Luis\Desktop\das4navy\node_modules\caniuse-lite\data\regions\HT.js,HT.js,.js,5260,5.14 KB,2026-06-06 16:54:23,node_modules,node_modules\caniuse-lite,4
node_modules\caniuse-lite\data\regions\HU.js,C:\Users\Luis\Desktop\das4navy\node_modules\caniuse-lite\data\regions\HU.js,HU.js,.js,4808,4.70 KB,2026-06-06 16:54:23,node_modules,node_modules\caniuse-lite,4
node_modules\caniuse-lite\data\regions\ID.js,C:\Users\Luis\Desktop\das4navy\node_modules\caniuse-lite\data\regions\ID.js,ID.js,.js,4655,4.55 KB,2026-06-06 16:54:23,node_modules,node_modules\caniuse-lite,4
node_modules\caniuse-lite\data\regions\IE.js,C:\Users\Luis\Desktop\das4navy\node_modules\caniuse-lite\data\regions\IE.js,IE.js,.js,4786,4.67 KB,2026-06-06 16:54:23,node_modules,node_modules\caniuse-lite,4
node_modules\caniuse-lite\data\regions\IL.js,C:\Users\Luis\Desktop\das4navy\node_modules\caniuse-lite\data\regions\IL.js,IL.js,.js,5139,5.02 KB,2026-06-06 16:54:23,node_modules,node_modules\caniuse-lite,4
node_modules\caniuse-lite\data\regions\IM.js,C:\Users\Luis\Desktop\das4navy\node_modules\caniuse-lite\data\regions\IM.js,IM.js,.js,4531,4.42 KB,2026-06-06 16:54:23,node_modules,node_modules\caniuse-lite,4
node_modules\caniuse-lite\data\regions\IN.js,C:\Users\Luis\Desktop\das4navy\node_modules\caniuse-lite\data\regions\IN.js,IN.js,.js,4644,4.54 KB,2026-06-06 16:54:23,node_modules,node_modules\caniuse-lite,4
node_modules\caniuse-lite\data\regions\IQ.js,C:\Users\Luis\Desktop\das4navy\node_modules\caniuse-lite\data\regions\IQ.js,IQ.js,.js,4739,4.63 KB,2026-06-06 16:54:23,node_modules,node_modules\caniuse-lite,4
node_modules\caniuse-lite\data\regions\IR.js,C:\Users\Luis\Desktop\das4navy\node_modules\caniuse-lite\data\regions\IR.js,IR.js,.js,5575,5.44 KB,2026-06-06 16:54:23,node_modules,node_modules\caniuse-lite,4
node_modules\caniuse-lite\data\regions\IS.js,C:\Users\Luis\Desktop\das4navy\node_modules\caniuse-lite\data\regions\IS.js,IS.js,.js,4618,4.51 KB,2026-06-06 16:54:23,node_modules,node_modules\caniuse-lite,4
node_modules\caniuse-lite\data\regions\IT.js,C:\Users\Luis\Desktop\das4navy\node_modules\caniuse-lite\data\regions\IT.js,IT.js,.js,5072,4.95 KB,2026-06-06 16:54:23,node_modules,node_modules\caniuse-lite,4
node_modules\caniuse-lite\data\regions\JE.js,C:\Users\Luis\Desktop\das4navy\node_modules\caniuse-lite\data\regions\JE.js,JE.js,.js,4535,4.43 KB,2026-06-06 16:54:23,node_modules,node_modules\caniuse-lite,4
node_modules\caniuse-lite\data\regions\JM.js,C:\Users\Luis\Desktop\das4navy\node_modules\caniuse-lite\data\regions\JM.js,JM.js,.js,4618,4.51 KB,2026-06-06 16:54:23,node_modules,node_modules\caniuse-lite,4
node_modules\caniuse-lite\data\regions\JO.js,C:\Users\Luis\Desktop\das4navy\node_modules\caniuse-lite\data\regions\JO.js,JO.js,.js,4612,4.50 KB,2026-06-06 16:54:23,node_modules,node_modules\caniuse-lite,4
node_modules\caniuse-lite\data\regions\JP.js,C:\Users\Luis\Desktop\das4navy\node_modules\caniuse-lite\data\regions\JP.js,JP.js,.js,5284,5.16 KB,2026-06-06 16:54:23,node_modules,node_modules\caniuse-lite,4
node_modules\caniuse-lite\data\regions\KE.js,C:\Users\Luis\Desktop\das4navy\node_modules\caniuse-lite\data\regions\KE.js,KE.js,.js,4877,4.76 KB,2026-06-06 16:54:24,node_modules,node_modules\caniuse-lite,4
node_modules\caniuse-lite\data\regions\KG.js,C:\Users\Luis\Desktop\das4navy\node_modules\caniuse-lite\data\regions\KG.js,KG.js,.js,4429,4.33 KB,2026-06-06 16:54:24,node_modules,node_modules\caniuse-lite,4
node_modules\caniuse-lite\data\regions\KH.js,C:\Users\Luis\Desktop\das4navy\node_modules\caniuse-lite\data\regions\KH.js,KH.js,.js,4704,4.59 KB,2026-06-06 16:54:24,node_modules,node_modules\caniuse-lite,4
node_modules\caniuse-lite\data\regions\KI.js,C:\Users\Luis\Desktop\das4navy\node_modules\caniuse-lite\data\regions\KI.js,KI.js,.js,3992,3.90 KB,2026-06-06 16:54:24,node_modules,node_modules\caniuse-lite,4
node_modules\caniuse-lite\data\regions\KM.js,C:\Users\Luis\Desktop\das4navy\node_modules\caniuse-lite\data\regions\KM.js,KM.js,.js,4152,4.05 KB,2026-06-06 16:54:24,node_modules,node_modules\caniuse-lite,4
node_modules\caniuse-lite\data\regions\KN.js,C:\Users\Luis\Desktop\das4navy\node_modules\caniuse-lite\data\regions\KN.js,KN.js,.js,4822,4.71 KB,2026-06-06 16:54:24,node_modules,node_modules\caniuse-lite,4
node_modules\caniuse-lite\data\regions\KP.js,C:\Users\Luis\Desktop\das4navy\node_modules\caniuse-lite\data\regions\KP.js,KP.js,.js,3283,3.21 KB,2026-06-06 16:54:24,node_modules,node_modules\caniuse-lite,4
node_modules\caniuse-lite\data\regions\KR.js,C:\Users\Luis\Desktop\das4navy\node_modules\caniuse-lite\data\regions\KR.js,KR.js,.js,4623,4.51 KB,2026-06-06 16:54:24,node_modules,node_modules\caniuse-lite,4
node_modules\caniuse-lite\data\regions\KW.js,C:\Users\Luis\Desktop\das4navy\node_modules\caniuse-lite\data\regions\KW.js,KW.js,.js,4689,4.58 KB,2026-06-06 16:54:24,node_modules,node_modules\caniuse-lite,4
node_modules\caniuse-lite\data\regions\KY.js,C:\Users\Luis\Desktop\das4navy\node_modules\caniuse-lite\data\regions\KY.js,KY.js,.js,4455,4.35 KB,2026-06-06 16:54:24,node_modules,node_modules\caniuse-lite,4
node_modules\caniuse-lite\data\regions\KZ.js,C:\Users\Luis\Desktop\das4navy\node_modules\caniuse-lite\data\regions\KZ.js,KZ.js,.js,4817,4.70 KB,2026-06-06 16:54:24,node_modules,node_modules\caniuse-lite,4
node_modules\caniuse-lite\data\regions\LA.js,C:\Users\Luis\Desktop\das4navy\node_modules\caniuse-lite\data\regions\LA.js,LA.js,.js,4627,4.52 KB,2026-06-06 16:54:24,node_modules,node_modules\caniuse-lite,4
node_modules\caniuse-lite\data\regions\LB.js,C:\Users\Luis\Desktop\das4navy\node_modules\caniuse-lite\data\regions\LB.js,LB.js,.js,4721,4.61 KB,2026-06-06 16:54:24,node_modules,node_modules\caniuse-lite,4
node_modules\caniuse-lite\data\regions\LC.js,C:\Users\Luis\Desktop\das4navy\node_modules\caniuse-lite\data\regions\LC.js,LC.js,.js,4516,4.41 KB,2026-06-06 16:54:24,node_modules,node_modules\caniuse-lite,4
node_modules\caniuse-lite\data\regions\LI.js,C:\Users\Luis\Desktop\das4navy\node_modules\caniuse-lite\data\regions\LI.js,LI.js,.js,4335,4.23 KB,2026-06-06 16:54:24,node_modules,node_modules\caniuse-lite,4
node_modules\caniuse-lite\data\regions\LK.js,C:\Users\Luis\Desktop\das4navy\node_modules\caniuse-lite\data\regions\LK.js,LK.js,.js,4539,4.43 KB,2026-06-06 16:54:24,node_modules,node_modules\caniuse-lite,4
node_modules\caniuse-lite\data\regions\LR.js,C:\Users\Luis\Desktop\das4navy\node_modules\caniuse-lite\data\regions\LR.js,LR.js,.js,5046,4.93 KB,2026-06-06 16:54:24,node_modules,node_modules\caniuse-lite,4
node_modules\caniuse-lite\data\regions\LS.js,C:\Users\Luis\Desktop\das4navy\node_modules\caniuse-lite\data\regions\LS.js,LS.js,.js,4635,4.53 KB,2026-06-06 16:54:24,node_modules,node_modules\caniuse-lite,4
node_modules\caniuse-lite\data\regions\LT.js,C:\Users\Luis\Desktop\das4navy\node_modules\caniuse-lite\data\regions\LT.js,LT.js,.js,5272,5.15 KB,2026-06-06 16:54:24,node_modules,node_modules\caniuse-lite,4
node_modules\caniuse-lite\data\regions\LU.js,C:\Users\Luis\Desktop\das4navy\node_modules\caniuse-lite\data\regions\LU.js,LU.js,.js,4959,4.84 KB,2026-06-06 16:54:24,node_modules,node_modules\caniuse-lite,4
node_modules\caniuse-lite\data\regions\LV.js,C:\Users\Luis\Desktop\das4navy\node_modules\caniuse-lite\data\regions\LV.js,LV.js,.js,4863,4.75 KB,2026-06-06 16:54:24,node_modules,node_modules\caniuse-lite,4
node_modules\caniuse-lite\data\regions\LY.js,C:\Users\Luis\Desktop\das4navy\node_modules\caniuse-lite\data\regions\LY.js,LY.js,.js,5046,4.93 KB,2026-06-06 16:54:24,node_modules,node_modules\caniuse-lite,4
node_modules\caniuse-lite\data\regions\MA.js,C:\Users\Luis\Desktop\das4navy\node_modules\caniuse-lite\data\regions\MA.js,MA.js,.js,5183,5.06 KB,2026-06-06 16:54:24,node_modules,node_modules\caniuse-lite,4
node_modules\caniuse-lite\data\regions\MC.js,C:\Users\Luis\Desktop\das4navy\node_modules\caniuse-lite\data\regions\MC.js,MC.js,.js,4369,4.27 KB,2026-06-06 16:54:24,node_modules,node_modules\caniuse-lite,4
node_modules\caniuse-lite\data\regions\MD.js,C:\Users\Luis\Desktop\das4navy\node_modules\caniuse-lite\data\regions\MD.js,MD.js,.js,4609,4.50 KB,2026-06-06 16:54:24,node_modules,node_modules\caniuse-lite,4
node_modules\caniuse-lite\data\regions\ME.js,C:\Users\Luis\Desktop\das4navy\node_modules\caniuse-lite\data\regions\ME.js,ME.js,.js,4837,4.72 KB,2026-06-06 16:54:24,node_modules,node_modules\caniuse-lite,4
node_modules\caniuse-lite\data\regions\MG.js,C:\Users\Luis\Desktop\das4navy\node_modules\caniuse-lite\data\regions\MG.js,MG.js,.js,5160,5.04 KB,2026-06-06 16:54:24,node_modules,node_modules\caniuse-lite,4
node_modules\caniuse-lite\data\regions\MH.js,C:\Users\Luis\Desktop\das4navy\node_modules\caniuse-lite\data\regions\MH.js,MH.js,.js,3704,3.62 KB,2026-06-06 16:54:24,node_modules,node_modules\caniuse-lite,4
node_modules\caniuse-lite\data\regions\MK.js,C:\Users\Luis\Desktop\das4navy\node_modules\caniuse-lite\data\regions\MK.js,MK.js,.js,4839,4.73 KB,2026-06-06 16:54:24,node_modules,node_modules\caniuse-lite,4
node_modules\caniuse-lite\data\regions\ML.js,C:\Users\Luis\Desktop\das4navy\node_modules\caniuse-lite\data\regions\ML.js,ML.js,.js,4758,4.65 KB,2026-06-06 16:54:24,node_modules,node_modules\caniuse-lite,4
node_modules\caniuse-lite\data\regions\MM.js,C:\Users\Luis\Desktop\das4navy\node_modules\caniuse-lite\data\regions\MM.js,MM.js,.js,4968,4.85 KB,2026-06-06 16:54:24,node_modules,node_modules\caniuse-lite,4
node_modules\caniuse-lite\data\regions\MN.js,C:\Users\Luis\Desktop\das4navy\node_modules\caniuse-lite\data\regions\MN.js,MN.js,.js,4909,4.79 KB,2026-06-06 16:54:24,node_modules,node_modules\caniuse-lite,4
node_modules\caniuse-lite\data\regions\MO.js,C:\Users\Luis\Desktop\das4navy\node_modules\caniuse-lite\data\regions\MO.js,MO.js,.js,4995,4.88 KB,2026-06-06 16:54:24,node_modules,node_modules\caniuse-lite,4
node_modules\caniuse-lite\data\regions\MP.js,C:\Users\Luis\Desktop\das4navy\node_modules\caniuse-lite\data\regions\MP.js,MP.js,.js,3899,3.81 KB,2026-06-06 16:54:24,node_modules,node_modules\caniuse-lite,4
node_modules\caniuse-lite\data\regions\MQ.js,C:\Users\Luis\Desktop\das4navy\node_modules\caniuse-lite\data\regions\MQ.js,MQ.js,.js,4845,4.73 KB,2026-06-06 16:54:24,node_modules,node_modules\caniuse-lite,4
node_modules\caniuse-lite\data\regions\MR.js,C:\Users\Luis\Desktop\das4navy\node_modules\caniuse-lite\data\regions\MR.js,MR.js,.js,4761,4.65 KB,2026-06-06 16:54:24,node_modules,node_modules\caniuse-lite,4
node_modules\caniuse-lite\data\regions\MS.js,C:\Users\Luis\Desktop\das4navy\node_modules\caniuse-lite\data\regions\MS.js,MS.js,.js,3767,3.68 KB,2026-06-06 16:54:24,node_modules,node_modules\caniuse-lite,4
node_modules\caniuse-lite\data\regions\MT.js,C:\Users\Luis\Desktop\das4navy\node_modules\caniuse-lite\data\regions\MT.js,MT.js,.js,4739,4.63 KB,2026-06-06 16:54:24,node_modules,node_modules\caniuse-lite,4
node_modules\caniuse-lite\data\regions\MU.js,C:\Users\Luis\Desktop\das4navy\node_modules\caniuse-lite\data\regions\MU.js,MU.js,.js,4738,4.63 KB,2026-06-06 16:54:24,node_modules,node_modules\caniuse-lite,4
node_modules\caniuse-lite\data\regions\MV.js,C:\Users\Luis\Desktop\das4navy\node_modules\caniuse-lite\data\regions\MV.js,MV.js,.js,4579,4.47 KB,2026-06-06 16:54:24,node_modules,node_modules\caniuse-lite,4
node_modules\caniuse-lite\data\regions\MW.js,C:\Users\Luis\Desktop\das4navy\node_modules\caniuse-lite\data\regions\MW.js,MW.js,.js,5084,4.96 KB,2026-06-06 16:54:24,node_modules,node_modules\caniuse-lite,4
node_modules\caniuse-lite\data\regions\MX.js,C:\Users\Luis\Desktop\das4navy\node_modules\caniuse-lite\data\regions\MX.js,MX.js,.js,4789,4.68 KB,2026-06-06 16:54:24,node_modules,node_modules\caniuse-lite,4
node_modules\caniuse-lite\data\regions\MY.js,C:\Users\Luis\Desktop\das4navy\node_modules\caniuse-lite\data\regions\MY.js,MY.js,.js,4787,4.67 KB,2026-06-06 16:54:24,node_modules,node_modules\caniuse-lite,4
node_modules\caniuse-lite\data\regions\MZ.js,C:\Users\Luis\Desktop\das4navy\node_modules\caniuse-lite\data\regions\MZ.js,MZ.js,.js,5083,4.96 KB,2026-06-06 16:54:24,node_modules,node_modules\caniuse-lite,4
node_modules\caniuse-lite\data\regions\NA.js,C:\Users\Luis\Desktop\das4navy\node_modules\caniuse-lite\data\regions\NA.js,NA.js,.js,4926,4.81 KB,2026-06-06 16:54:24,node_modules,node_modules\caniuse-lite,4
node_modules\caniuse-lite\data\regions\NC.js,C:\Users\Luis\Desktop\das4navy\node_modules\caniuse-lite\data\regions\NC.js,NC.js,.js,4688,4.58 KB,2026-06-06 16:54:24,node_modules,node_modules\caniuse-lite,4
node_modules\caniuse-lite\data\regions\NE.js,C:\Users\Luis\Desktop\das4navy\node_modules\caniuse-lite\data\regions\NE.js,NE.js,.js,4899,4.78 KB,2026-06-06 16:54:24,node_modules,node_modules\caniuse-lite,4
node_modules\caniuse-lite\data\regions\NF.js,C:\Users\Luis\Desktop\das4navy\node_modules\caniuse-lite\data\regions\NF.js,NF.js,.js,3308,3.23 KB,2026-06-06 16:54:24,node_modules,node_modules\caniuse-lite,4
node_modules\caniuse-lite\data\regions\NG.js,C:\Users\Luis\Desktop\das4navy\node_modules\caniuse-lite\data\regions\NG.js,NG.js,.js,5217,5.09 KB,2026-06-06 16:54:24,node_modules,node_modules\caniuse-lite,4
node_modules\caniuse-lite\data\regions\NI.js,C:\Users\Luis\Desktop\das4navy\node_modules\caniuse-lite\data\regions\NI.js,NI.js,.js,4648,4.54 KB,2026-06-06 16:54:24,node_modules,node_modules\caniuse-lite,4
node_modules\caniuse-lite\data\regions\NL.js,C:\Users\Luis\Desktop\das4navy\node_modules\caniuse-lite\data\regions\NL.js,NL.js,.js,5242,5.12 KB,2026-06-06 16:54:24,node_modules,node_modules\caniuse-lite,4
node_modules\caniuse-lite\data\regions\NO.js,C:\Users\Luis\Desktop\das4navy\node_modules\caniuse-lite\data\regions\NO.js,NO.js,.js,5058,4.94 KB,2026-06-06 16:54:24,node_modules,node_modules\caniuse-lite,4
node_modules\caniuse-lite\data\regions\NP.js,C:\Users\Luis\Desktop\das4navy\node_modules\caniuse-lite\data\regions\NP.js,NP.js,.js,4646,4.54 KB,2026-06-06 16:54:24,node_modules,node_modules\caniuse-lite,4
node_modules\caniuse-lite\data\regions\NR.js,C:\Users\Luis\Desktop\das4navy\node_modules\caniuse-lite\data\regions\NR.js,NR.js,.js,3490,3.41 KB,2026-06-06 16:54:24,node_modules,node_modules\caniuse-lite,4
node_modules\caniuse-lite\data\regions\NU.js,C:\Users\Luis\Desktop\das4navy\node_modules\caniuse-lite\data\regions\NU.js,NU.js,.js,3311,3.23 KB,2026-06-06 16:54:24,node_modules,node_modules\caniuse-lite,4
node_modules\caniuse-lite\data\regions\NZ.js,C:\Users\Luis\Desktop\das4navy\node_modules\caniuse-lite\data\regions\NZ.js,NZ.js,.js,4951,4.83 KB,2026-06-06 16:54:24,node_modules,node_modules\caniuse-lite,4
node_modules\caniuse-lite\data\regions\OM.js,C:\Users\Luis\Desktop\das4navy\node_modules\caniuse-lite\data\regions\OM.js,OM.js,.js,4998,4.88 KB,2026-06-06 16:54:25,node_modules,node_modules\caniuse-lite,4
node_modules\caniuse-lite\data\regions\PA.js,C:\Users\Luis\Desktop\das4navy\node_modules\caniuse-lite\data\regions\PA.js,PA.js,.js,4681,4.57 KB,2026-06-06 16:54:25,node_modules,node_modules\caniuse-lite,4
node_modules\caniuse-lite\data\regions\PE.js,C:\Users\Luis\Desktop\das4navy\node_modules\caniuse-lite\data\regions\PE.js,PE.js,.js,4792,4.68 KB,2026-06-06 16:54:25,node_modules,node_modules\caniuse-lite,4
node_modules\caniuse-lite\data\regions\PF.js,C:\Users\Luis\Desktop\das4navy\node_modules\caniuse-lite\data\regions\PF.js,PF.js,.js,4590,4.48 KB,2026-06-06 16:54:25,node_modules,node_modules\caniuse-lite,4
node_modules\caniuse-lite\data\regions\PG.js,C:\Users\Luis\Desktop\das4navy\node_modules\caniuse-lite\data\regions\PG.js,PG.js,.js,4872,4.76 KB,2026-06-06 16:54:25,node_modules,node_modules\caniuse-lite,4
node_modules\caniuse-lite\data\regions\PH.js,C:\Users\Luis\Desktop\das4navy\node_modules\caniuse-lite\data\regions\PH.js,PH.js,.js,4688,4.58 KB,2026-06-06 16:54:25,node_modules,node_modules\caniuse-lite,4
node_modules\caniuse-lite\data\regions\PK.js,C:\Users\Luis\Desktop\das4navy\node_modules\caniuse-lite\data\regions\PK.js,PK.js,.js,5014,4.90 KB,2026-06-06 16:54:25,node_modules,node_modules\caniuse-lite,4
node_modules\caniuse-lite\data\regions\PL.js,C:\Users\Luis\Desktop\das4navy\node_modules\caniuse-lite\data\regions\PL.js,PL.js,.js,4839,4.73 KB,2026-06-06 16:54:25,node_modules,node_modules\caniuse-lite,4
node_modules\caniuse-lite\data\regions\PM.js,C:\Users\Luis\Desktop\das4navy\node_modules\caniuse-lite\data\regions\PM.js,PM.js,.js,3821,3.73 KB,2026-06-06 16:54:25,node_modules,node_modules\caniuse-lite,4
node_modules\caniuse-lite\data\regions\PN.js,C:\Users\Luis\Desktop\das4navy\node_modules\caniuse-lite\data\regions\PN.js,PN.js,.js,3264,3.19 KB,2026-06-06 16:54:25,node_modules,node_modules\caniuse-lite,4
node_modules\caniuse-lite\data\regions\PR.js,C:\Users\Luis\Desktop\das4navy\node_modules\caniuse-lite\data\regions\PR.js,PR.js,.js,4783,4.67 KB,2026-06-06 16:54:25,node_modules,node_modules\caniuse-lite,4
node_modules\caniuse-lite\data\regions\PS.js,C:\Users\Luis\Desktop\das4navy\node_modules\caniuse-lite\data\regions\PS.js,PS.js,.js,4785,4.67 KB,2026-06-06 16:54:25,node_modules,node_modules\caniuse-lite,4
node_modules\caniuse-lite\data\regions\PT.js,C:\Users\Luis\Desktop\das4navy\node_modules\caniuse-lite\data\regions\PT.js,PT.js,.js,4776,4.66 KB,2026-06-06 16:54:25,node_modules,node_modules\caniuse-lite,4
node_modules\caniuse-lite\data\regions\PW.js,C:\Users\Luis\Desktop\das4navy\node_modules\caniuse-lite\data\regions\PW.js,PW.js,.js,4103,4.01 KB,2026-06-06 16:54:25,node_modules,node_modules\caniuse-lite,4
node_modules\caniuse-lite\data\regions\PY.js,C:\Users\Luis\Desktop\das4navy\node_modules\caniuse-lite\data\regions\PY.js,PY.js,.js,4667,4.56 KB,2026-06-06 16:54:25,node_modules,node_modules\caniuse-lite,4
node_modules\caniuse-lite\data\regions\QA.js,C:\Users\Luis\Desktop\das4navy\node_modules\caniuse-lite\data\regions\QA.js,QA.js,.js,4742,4.63 KB,2026-06-06 16:54:25,node_modules,node_modules\caniuse-lite,4
node_modules\caniuse-lite\data\regions\RE.js,C:\Users\Luis\Desktop\das4navy\node_modules\caniuse-lite\data\regions\RE.js,RE.js,.js,4829,4.72 KB,2026-06-06 16:54:25,node_modules,node_modules\caniuse-lite,4
node_modules\caniuse-lite\data\regions\RO.js,C:\Users\Luis\Desktop\das4navy\node_modules\caniuse-lite\data\regions\RO.js,RO.js,.js,4828,4.71 KB,2026-06-06 16:54:25,node_modules,node_modules\caniuse-lite,4
node_modules\caniuse-lite\data\regions\RS.js,C:\Users\Luis\Desktop\das4navy\node_modules\caniuse-lite\data\regions\RS.js,RS.js,.js,5556,5.43 KB,2026-06-06 16:54:25,node_modules,node_modules\caniuse-lite,4
node_modules\caniuse-lite\data\regions\RU.js,C:\Users\Luis\Desktop\das4navy\node_modules\caniuse-lite\data\regions\RU.js,RU.js,.js,5233,5.11 KB,2026-06-06 16:54:25,node_modules,node_modules\caniuse-lite,4
node_modules\caniuse-lite\data\regions\RW.js,C:\Users\Luis\Desktop\das4navy\node_modules\caniuse-lite\data\regions\RW.js,RW.js,.js,5059,4.94 KB,2026-06-06 16:54:25,node_modules,node_modules\caniuse-lite,4
node_modules\caniuse-lite\data\regions\SA.js,C:\Users\Luis\Desktop\das4navy\node_modules\caniuse-lite\data\regions\SA.js,SA.js,.js,4784,4.67 KB,2026-06-06 16:54:25,node_modules,node_modules\caniuse-lite,4
node_modules\caniuse-lite\data\regions\SB.js,C:\Users\Luis\Desktop\das4navy\node_modules\caniuse-lite\data\regions\SB.js,SB.js,.js,4576,4.47 KB,2026-06-06 16:54:25,node_modules,node_modules\caniuse-lite,4
node_modules\caniuse-lite\data\regions\SC.js,C:\Users\Luis\Desktop\das4navy\node_modules\caniuse-lite\data\regions\SC.js,SC.js,.js,5345,5.22 KB,2026-06-06 16:54:25,node_modules,node_modules\caniuse-lite,4
node_modules\caniuse-lite\data\regions\SD.js,C:\Users\Luis\Desktop\das4navy\node_modules\caniuse-lite\data\regions\SD.js,SD.js,.js,4593,4.49 KB,2026-06-06 16:54:25,node_modules,node_modules\caniuse-lite,4
node_modules\caniuse-lite\data\regions\SE.js,C:\Users\Luis\Desktop\das4navy\node_modules\caniuse-lite\data\regions\SE.js,SE.js,.js,5129,5.01 KB,2026-06-06 16:54:25,node_modules,node_modules\caniuse-lite,4
node_modules\caniuse-lite\data\regions\SG.js,C:\Users\Luis\Desktop\das4navy\node_modules\caniuse-lite\data\regions\SG.js,SG.js,.js,4699,4.59 KB,2026-06-06 16:54:25,node_modules,node_modules\caniuse-lite,4
node_modules\caniuse-lite\data\regions\SH.js,C:\Users\Luis\Desktop\das4navy\node_modules\caniuse-lite\data\regions\SH.js,SH.js,.js,3412,3.33 KB,2026-06-06 16:54:25,node_modules,node_modules\caniuse-lite,4
node_modules\caniuse-lite\data\regions\SI.js,C:\Users\Luis\Desktop\das4navy\node_modules\caniuse-lite\data\regions\SI.js,SI.js,.js,4940,4.82 KB,2026-06-06 16:54:25,node_modules,node_modules\caniuse-lite,4
node_modules\caniuse-lite\data\regions\SK.js,C:\Users\Luis\Desktop\das4navy\node_modules\caniuse-lite\data\regions\SK.js,SK.js,.js,4892,4.78 KB,2026-06-06 16:54:25,node_modules,node_modules\caniuse-lite,4
node_modules\caniuse-lite\data\regions\SL.js,C:\Users\Luis\Desktop\das4navy\node_modules\caniuse-lite\data\regions\SL.js,SL.js,.js,5077,4.96 KB,2026-06-06 16:54:25,node_modules,node_modules\caniuse-lite,4
node_modules\caniuse-lite\data\regions\SM.js,C:\Users\Luis\Desktop\das4navy\node_modules\caniuse-lite\data\regions\SM.js,SM.js,.js,4269,4.17 KB,2026-06-06 16:54:25,node_modules,node_modules\caniuse-lite,4
node_modules\caniuse-lite\data\regions\SN.js,C:\Users\Luis\Desktop\das4navy\node_modules\caniuse-lite\data\regions\SN.js,SN.js,.js,4758,4.65 KB,2026-06-06 16:54:25,node_modules,node_modules\caniuse-lite,4
node_modules\caniuse-lite\data\regions\SO.js,C:\Users\Luis\Desktop\das4navy\node_modules\caniuse-lite\data\regions\SO.js,SO.js,.js,4759,4.65 KB,2026-06-06 16:54:25,node_modules,node_modules\caniuse-lite,4
node_modules\caniuse-lite\data\regions\SR.js,C:\Users\Luis\Desktop\das4navy\node_modules\caniuse-lite\data\regions\SR.js,SR.js,.js,4554,4.45 KB,2026-06-06 16:54:25,node_modules,node_modules\caniuse-lite,4
node_modules\caniuse-lite\data\regions\ST.js,C:\Users\Luis\Desktop\das4navy\node_modules\caniuse-lite\data\regions\ST.js,ST.js,.js,4282,4.18 KB,2026-06-06 16:54:25,node_modules,node_modules\caniuse-lite,4
node_modules\caniuse-lite\data\regions\SV.js,C:\Users\Luis\Desktop\das4navy\node_modules\caniuse-lite\data\regions\SV.js,SV.js,.js,4768,4.66 KB,2026-06-06 16:54:25,node_modules,node_modules\caniuse-lite,4
node_modules\caniuse-lite\data\regions\SY.js,C:\Users\Luis\Desktop\das4navy\node_modules\caniuse-lite\data\regions\SY.js,SY.js,.js,5010,4.89 KB,2026-06-06 16:54:25,node_modules,node_modules\caniuse-lite,4
node_modules\caniuse-lite\data\regions\SZ.js,C:\Users\Luis\Desktop\das4navy\node_modules\caniuse-lite\data\regions\SZ.js,SZ.js,.js,4755,4.64 KB,2026-06-06 16:54:25,node_modules,node_modules\caniuse-lite,4
node_modules\caniuse-lite\data\regions\TC.js,C:\Users\Luis\Desktop\das4navy\node_modules\caniuse-lite\data\regions\TC.js,TC.js,.js,4362,4.26 KB,2026-06-06 16:54:25,node_modules,node_modules\caniuse-lite,4
node_modules\caniuse-lite\data\regions\TD.js,C:\Users\Luis\Desktop\das4navy\node_modules\caniuse-lite\data\regions\TD.js,TD.js,.js,4594,4.49 KB,2026-06-06 16:54:25,node_modules,node_modules\caniuse-lite,4
node_modules\caniuse-lite\data\regions\TG.js,C:\Users\Luis\Desktop\das4navy\node_modules\caniuse-lite\data\regions\TG.js,TG.js,.js,5012,4.89 KB,2026-06-06 16:54:25,node_modules,node_modules\caniuse-lite,4
node_modules\caniuse-lite\data\regions\TH.js,C:\Users\Luis\Desktop\das4navy\node_modules\caniuse-lite\data\regions\TH.js,TH.js,.js,4545,4.44 KB,2026-06-06 16:54:25,node_modules,node_modules\caniuse-lite,4
node_modules\caniuse-lite\data\regions\TJ.js,C:\Users\Luis\Desktop\das4navy\node_modules\caniuse-lite\data\regions\TJ.js,TJ.js,.js,4945,4.83 KB,2026-06-06 16:54:25,node_modules,node_modules\caniuse-lite,4
node_modules\caniuse-lite\data\regions\TL.js,C:\Users\Luis\Desktop\das4navy\node_modules\caniuse-lite\data\regions\TL.js,TL.js,.js,5137,5.02 KB,2026-06-06 16:54:25,node_modules,node_modules\caniuse-lite,4
node_modules\caniuse-lite\data\regions\TM.js,C:\Users\Luis\Desktop\das4navy\node_modules\caniuse-lite\data\regions\TM.js,TM.js,.js,4130,4.03 KB,2026-06-06 16:54:25,node_modules,node_modules\caniuse-lite,4
node_modules\caniuse-lite\data\regions\TN.js,C:\Users\Luis\Desktop\das4navy\node_modules\caniuse-lite\data\regions\TN.js,TN.js,.js,4976,4.86 KB,2026-06-06 16:54:25,node_modules,node_modules\caniuse-lite,4
node_modules\caniuse-lite\data\regions\TO.js,C:\Users\Luis\Desktop\das4navy\node_modules\caniuse-lite\data\regions\TO.js,TO.js,.js,4226,4.13 KB,2026-06-06 16:54:25,node_modules,node_modules\caniuse-lite,4
node_modules\caniuse-lite\data\regions\TR.js,C:\Users\Luis\Desktop\das4navy\node_modules\caniuse-lite\data\regions\TR.js,TR.js,.js,5049,4.93 KB,2026-06-06 16:54:25,node_modules,node_modules\caniuse-lite,4
node_modules\caniuse-lite\data\regions\TT.js,C:\Users\Luis\Desktop\das4navy\node_modules\caniuse-lite\data\regions\TT.js,TT.js,.js,4682,4.57 KB,2026-06-06 16:54:25,node_modules,node_modules\caniuse-lite,4
node_modules\caniuse-lite\data\regions\TV.js,C:\Users\Luis\Desktop\das4navy\node_modules\caniuse-lite\data\regions\TV.js,TV.js,.js,3522,3.44 KB,2026-06-06 16:54:25,node_modules,node_modules\caniuse-lite,4
node_modules\caniuse-lite\data\regions\TW.js,C:\Users\Luis\Desktop\das4navy\node_modules\caniuse-lite\data\regions\TW.js,TW.js,.js,5162,5.04 KB,2026-06-06 16:54:25,node_modules,node_modules\caniuse-lite,4
node_modules\caniuse-lite\data\regions\TZ.js,C:\Users\Luis\Desktop\das4navy\node_modules\caniuse-lite\data\regions\TZ.js,TZ.js,.js,5255,5.13 KB,2026-06-06 16:54:25,node_modules,node_modules\caniuse-lite,4
node_modules\caniuse-lite\data\regions\UA.js,C:\Users\Luis\Desktop\das4navy\node_modules\caniuse-lite\data\regions\UA.js,UA.js,.js,5041,4.92 KB,2026-06-06 16:54:25,node_modules,node_modules\caniuse-lite,4
node_modules\caniuse-lite\data\regions\UG.js,C:\Users\Luis\Desktop\das4navy\node_modules\caniuse-lite\data\regions\UG.js,UG.js,.js,5127,5.01 KB,2026-06-06 16:54:25,node_modules,node_modules\caniuse-lite,4
node_modules\caniuse-lite\data\regions\US.js,C:\Users\Luis\Desktop\das4navy\node_modules\caniuse-lite\data\regions\US.js,US.js,.js,5393,5.27 KB,2026-06-06 16:54:25,node_modules,node_modules\caniuse-lite,4
node_modules\caniuse-lite\data\regions\UY.js,C:\Users\Luis\Desktop\das4navy\node_modules\caniuse-lite\data\regions\UY.js,UY.js,.js,4634,4.53 KB,2026-06-06 16:54:25,node_modules,node_modules\caniuse-lite,4
node_modules\caniuse-lite\data\regions\UZ.js,C:\Users\Luis\Desktop\das4navy\node_modules\caniuse-lite\data\regions\UZ.js,UZ.js,.js,4683,4.57 KB,2026-06-06 16:54:25,node_modules,node_modules\caniuse-lite,4
node_modules\caniuse-lite\data\regions\VA.js,C:\Users\Luis\Desktop\das4navy\node_modules\caniuse-lite\data\regions\VA.js,VA.js,.js,3569,3.49 KB,2026-06-06 16:54:25,node_modules,node_modules\caniuse-lite,4
node_modules\caniuse-lite\data\regions\VC.js,C:\Users\Luis\Desktop\das4navy\node_modules\caniuse-lite\data\regions\VC.js,VC.js,.js,4321,4.22 KB,2026-06-06 16:54:25,node_modules,node_modules\caniuse-lite,4
node_modules\caniuse-lite\data\regions\VE.js,C:\Users\Luis\Desktop\das4navy\node_modules\caniuse-lite\data\regions\VE.js,VE.js,.js,4755,4.64 KB,2026-06-06 16:54:25,node_modules,node_modules\caniuse-lite,4
node_modules\caniuse-lite\data\regions\VG.js,C:\Users\Luis\Desktop\das4navy\node_modules\caniuse-lite\data\regions\VG.js,VG.js,.js,4680,4.57 KB,2026-06-06 16:54:25,node_modules,node_modules\caniuse-lite,4
node_modules\caniuse-lite\data\regions\VI.js,C:\Users\Luis\Desktop\das4navy\node_modules\caniuse-lite\data\regions\VI.js,VI.js,.js,4488,4.38 KB,2026-06-06 16:54:25,node_modules,node_modules\caniuse-lite,4
node_modules\caniuse-lite\data\regions\VN.js,C:\Users\Luis\Desktop\das4navy\node_modules\caniuse-lite\data\regions\VN.js,VN.js,.js,4474,4.37 KB,2026-06-06 16:54:25,node_modules,node_modules\caniuse-lite,4
node_modules\caniuse-lite\data\regions\VU.js,C:\Users\Luis\Desktop\das4navy\node_modules\caniuse-lite\data\regions\VU.js,VU.js,.js,4294,4.19 KB,2026-06-06 16:54:25,node_modules,node_modules\caniuse-lite,4
node_modules\caniuse-lite\data\regions\WF.js,C:\Users\Luis\Desktop\das4navy\node_modules\caniuse-lite\data\regions\WF.js,WF.js,.js,3650,3.56 KB,2026-06-06 16:54:26,node_modules,node_modules\caniuse-lite,4
node_modules\caniuse-lite\data\regions\WS.js,C:\Users\Luis\Desktop\das4navy\node_modules\caniuse-lite\data\regions\WS.js,WS.js,.js,4261,4.16 KB,2026-06-06 16:54:26,node_modules,node_modules\caniuse-lite,4
node_modules\caniuse-lite\data\regions\YE.js,C:\Users\Luis\Desktop\das4navy\node_modules\caniuse-lite\data\regions\YE.js,YE.js,.js,4731,4.62 KB,2026-06-06 16:54:26,node_modules,node_modules\caniuse-lite,4
node_modules\caniuse-lite\data\regions\YT.js,C:\Users\Luis\Desktop\das4navy\node_modules\caniuse-lite\data\regions\YT.js,YT.js,.js,4424,4.32 KB,2026-06-06 16:54:26,node_modules,node_modules\caniuse-lite,4
node_modules\caniuse-lite\data\regions\ZA.js,C:\Users\Luis\Desktop\das4navy\node_modules\caniuse-lite\data\regions\ZA.js,ZA.js,.js,4872,4.76 KB,2026-06-06 16:54:26,node_modules,node_modules\caniuse-lite,4
node_modules\caniuse-lite\data\regions\ZM.js,C:\Users\Luis\Desktop\das4navy\node_modules\caniuse-lite\data\regions\ZM.js,ZM.js,.js,5116,5.00 KB,2026-06-06 16:54:26,node_modules,node_modules\caniuse-lite,4
node_modules\caniuse-lite\data\regions\ZW.js,C:\Users\Luis\Desktop\das4navy\node_modules\caniuse-lite\data\regions\ZW.js,ZW.js,.js,5258,5.13 KB,2026-06-06 16:54:26,node_modules,node_modules\caniuse-lite,4
node_modules\caniuse-lite\data\regions\alt-af.js,C:\Users\Luis\Desktop\das4navy\node_modules\caniuse-lite\data\regions\alt-af.js,alt-af.js,.js,4737,4.63 KB,2026-06-06 16:54:22,node_modules,node_modules\caniuse-lite,4
node_modules\caniuse-lite\data\regions\alt-an.js,C:\Users\Luis\Desktop\das4navy\node_modules\caniuse-lite\data\regions\alt-an.js,alt-an.js,.js,3629,3.54 KB,2026-06-06 16:54:22,node_modules,node_modules\caniuse-lite,4
node_modules\caniuse-lite\data\regions\alt-as.js,C:\Users\Luis\Desktop\das4navy\node_modules\caniuse-lite\data\regions\alt-as.js,alt-as.js,.js,4839,4.73 KB,2026-06-06 16:54:22,node_modules,node_modules\caniuse-lite,4
node_modules\caniuse-lite\data\regions\alt-eu.js,C:\Users\Luis\Desktop\das4navy\node_modules\caniuse-lite\data\regions\alt-eu.js,alt-eu.js,.js,4950,4.83 KB,2026-06-06 16:54:22,node_modules,node_modules\caniuse-lite,4
node_modules\caniuse-lite\data\regions\alt-na.js,C:\Users\Luis\Desktop\das4navy\node_modules\caniuse-lite\data\regions\alt-na.js,alt-na.js,.js,5087,4.97 KB,2026-06-06 16:54:22,node_modules,node_modules\caniuse-lite,4
node_modules\caniuse-lite\data\regions\alt-oc.js,C:\Users\Luis\Desktop\das4navy\node_modules\caniuse-lite\data\regions\alt-oc.js,alt-oc.js,.js,4737,4.63 KB,2026-06-06 16:54:22,node_modules,node_modules\caniuse-lite,4
node_modules\caniuse-lite\data\regions\alt-sa.js,C:\Users\Luis\Desktop\das4navy\node_modules\caniuse-lite\data\regions\alt-sa.js,alt-sa.js,.js,4483,4.38 KB,2026-06-06 16:54:22,node_modules,node_modules\caniuse-lite,4
node_modules\caniuse-lite\data\regions\alt-ww.js,C:\Users\Luis\Desktop\das4navy\node_modules\caniuse-lite\data\regions\alt-ww.js,alt-ww.js,.js,4994,4.88 KB,2026-06-06 16:54:22,node_modules,node_modules\caniuse-lite,4
node_modules\caniuse-lite\dist\lib\statuses.js,C:\Users\Luis\Desktop\das4navy\node_modules\caniuse-lite\dist\lib\statuses.js,statuses.js,.js,306,306.00 B,2026-06-06 16:54:25,node_modules,node_modules\caniuse-lite,4
node_modules\caniuse-lite\dist\lib\supported.js,C:\Users\Luis\Desktop\das4navy\node_modules\caniuse-lite\dist\lib\supported.js,supported.js,.js,111,111.00 B,2026-06-06 16:54:25,node_modules,node_modules\caniuse-lite,4
node_modules\caniuse-lite\dist\unpacker\agents.js,C:\Users\Luis\Desktop\das4navy\node_modules\caniuse-lite\dist\unpacker\agents.js,agents.js,.js,1439,1.41 KB,2026-06-06 16:54:21,node_modules,node_modules\caniuse-lite,4
node_modules\caniuse-lite\dist\unpacker\browserVersions.js,C:\Users\Luis\Desktop\das4navy\node_modules\caniuse-lite\dist\unpacker\browserVersions.js,browserVersions.js,.js,71,71.00 B,2026-06-06 16:54:22,node_modules,node_modules\caniuse-lite,4
node_modules\caniuse-lite\dist\unpacker\browsers.js,C:\Users\Luis\Desktop\das4navy\node_modules\caniuse-lite\dist\unpacker\browsers.js,browsers.js,.js,57,57.00 B,2026-06-06 16:54:22,node_modules,node_modules\caniuse-lite,4
node_modules\caniuse-lite\dist\unpacker\feature.js,C:\Users\Luis\Desktop\das4navy\node_modules\caniuse-lite\dist\unpacker\feature.js,feature.js,.js,1365,1.33 KB,2026-06-06 16:54:23,node_modules,node_modules\caniuse-lite,4
node_modules\caniuse-lite\dist\unpacker\features.js,C:\Users\Luis\Desktop\das4navy\node_modules\caniuse-lite\dist\unpacker\features.js,features.js,.js,141,141.00 B,2026-06-06 16:54:23,node_modules,node_modules\caniuse-lite,4
node_modules\caniuse-lite\dist\unpacker\index.js,C:\Users\Luis\Desktop\das4navy\node_modules\caniuse-lite\dist\unpacker\index.js,index.js,.js,198,198.00 B,2026-06-06 16:54:23,node_modules,node_modules\caniuse-lite,4
node_modules\caniuse-lite\dist\unpacker\region.js,C:\Users\Luis\Desktop\das4navy\node_modules\caniuse-lite\dist\unpacker\region.js,region.js,.js,550,550.00 B,2026-06-06 16:54:25,node_modules,node_modules\caniuse-lite,4
node_modules\caniuse-lite\package.json,C:\Users\Luis\Desktop\das4navy\node_modules\caniuse-lite\package.json,package.json,.json,742,742.00 B,2026-06-06 16:54:26,node_modules,node_modules\caniuse-lite,2
node_modules\convert-source-map\LICENSE,C:\Users\Luis\Desktop\das4navy\node_modules\convert-source-map\LICENSE,LICENSE,[no_ext],1078,1.05 KB,2026-06-06 16:54:21,node_modules,node_modules\convert-source-map,2
node_modules\convert-source-map\README.md,C:\Users\Luis\Desktop\das4navy\node_modules\convert-source-map\README.md,README.md,.md,7421,7.25 KB,2026-06-06 16:54:21,node_modules,node_modules\convert-source-map,2
node_modules\convert-source-map\index.js,C:\Users\Luis\Desktop\das4navy\node_modules\convert-source-map\index.js,index.js,.js,6551,6.40 KB,2026-06-06 16:54:21,node_modules,node_modules\convert-source-map,2
node_modules\convert-source-map\package.json,C:\Users\Luis\Desktop\das4navy\node_modules\convert-source-map\package.json,package.json,.json,804,804.00 B,2026-06-06 16:54:21,node_modules,node_modules\convert-source-map,2
node_modules\cross-spawn\LICENSE,C:\Users\Luis\Desktop\das4navy\node_modules\cross-spawn\LICENSE,LICENSE,[no_ext],1105,1.08 KB,2026-06-06 16:54:21,node_modules,node_modules\cross-spawn,2
node_modules\cross-spawn\README.md,C:\Users\Luis\Desktop\das4navy\node_modules\cross-spawn\README.md,README.md,.md,4117,4.02 KB,2026-06-06 16:54:21,node_modules,node_modules\cross-spawn,2
node_modules\cross-spawn\index.js,C:\Users\Luis\Desktop\das4navy\node_modules\cross-spawn\index.js,index.js,.js,1192,1.16 KB,2026-06-06 16:54:21,node_modules,node_modules\cross-spawn,2
node_modules\cross-spawn\lib\enoent.js,C:\Users\Luis\Desktop\das4navy\node_modules\cross-spawn\lib\enoent.js,enoent.js,.js,1471,1.44 KB,2026-06-06 16:54:21,node_modules,node_modules\cross-spawn,3
node_modules\cross-spawn\lib\parse.js,C:\Users\Luis\Desktop\das4navy\node_modules\cross-spawn\lib\parse.js,parse.js,.js,3065,2.99 KB,2026-06-06 16:54:21,node_modules,node_modules\cross-spawn,3
node_modules\cross-spawn\lib\util\escape.js,C:\Users\Luis\Desktop\das4navy\node_modules\cross-spawn\lib\util\escape.js,escape.js,.js,1383,1.35 KB,2026-06-06 16:54:21,node_modules,node_modules\cross-spawn,4
node_modules\cross-spawn\lib\util\readShebang.js,C:\Users\Luis\Desktop\das4navy\node_modules\cross-spawn\lib\util\readShebang.js,readShebang.js,.js,549,549.00 B,2026-06-06 16:54:21,node_modules,node_modules\cross-spawn,4
node_modules\cross-spawn\lib\util\resolveCommand.js,C:\Users\Luis\Desktop\das4navy\node_modules\cross-spawn\lib\util\resolveCommand.js,resolveCommand.js,.js,1557,1.52 KB,2026-06-06 16:54:21,node_modules,node_modules\cross-spawn,4
node_modules\cross-spawn\package.json,C:\Users\Luis\Desktop\das4navy\node_modules\cross-spawn\package.json,package.json,.json,1655,1.62 KB,2026-06-06 16:54:21,node_modules,node_modules\cross-spawn,2
node_modules\csstype\LICENSE,C:\Users\Luis\Desktop\das4navy\node_modules\csstype\LICENSE,LICENSE,[no_ext],1062,1.04 KB,2026-06-06 16:54:21,node_modules,node_modules\csstype,2
node_modules\csstype\README.md,C:\Users\Luis\Desktop\das4navy\node_modules\csstype\README.md,README.md,.md,10887,10.63 KB,2026-06-06 16:54:21,node_modules,node_modules\csstype,2
node_modules\csstype\index.d.ts,C:\Users\Luis\Desktop\das4navy\node_modules\csstype\index.d.ts,index.d.ts,.ts,894969,873.99 KB,2026-06-06 16:54:21,node_modules,node_modules\csstype,2
node_modules\csstype\index.js.flow,C:\Users\Luis\Desktop\das4navy\node_modules\csstype\index.js.flow,index.js.flow,.flow,344546,336.47 KB,2026-06-06 16:54:21,node_modules,node_modules\csstype,2
node_modules\csstype\package.json,C:\Users\Luis\Desktop\das4navy\node_modules\csstype\package.json,package.json,.json,1985,1.94 KB,2026-06-06 16:54:21,node_modules,node_modules\csstype,2
node_modules\debug\LICENSE,C:\Users\Luis\Desktop\das4navy\node_modules\debug\LICENSE,LICENSE,[no_ext],1139,1.11 KB,2026-06-06 16:54:21,node_modules,node_modules\debug,2
node_modules\debug\README.md,C:\Users\Luis\Desktop\das4navy\node_modules\debug\README.md,README.md,.md,22115,21.60 KB,2026-06-06 16:54:21,node_modules,node_modules\debug,2
node_modules\debug\package.json,C:\Users\Luis\Desktop\das4navy\node_modules\debug\package.json,package.json,.json,1479,1.44 KB,2026-06-06 16:54:21,node_modules,node_modules\debug,2
node_modules\debug\src\browser.js,C:\Users\Luis\Desktop\das4navy\node_modules\debug\src\browser.js,browser.js,.js,6103,5.96 KB,2026-06-06 16:54:21,node_modules,node_modules\debug,3
node_modules\debug\src\common.js,C:\Users\Luis\Desktop\das4navy\node_modules\debug\src\common.js,common.js,.js,6915,6.75 KB,2026-06-06 16:54:21,node_modules,node_modules\debug,3
node_modules\debug\src\index.js,C:\Users\Luis\Desktop\das4navy\node_modules\debug\src\index.js,index.js,.js,314,314.00 B,2026-06-06 16:54:21,node_modules,node_modules\debug,3
node_modules\debug\src\node.js,C:\Users\Luis\Desktop\das4navy\node_modules\debug\src\node.js,node.js,.js,4728,4.62 KB,2026-06-06 16:54:21,node_modules,node_modules\debug,3
node_modules\deep-is\.travis.yml,C:\Users\Luis\Desktop\das4navy\node_modules\deep-is\.travis.yml,.travis.yml,.yml,52,52.00 B,2026-06-06 16:54:21,node_modules,node_modules\deep-is,2
node_modules\deep-is\LICENSE,C:\Users\Luis\Desktop\das4navy\node_modules\deep-is\LICENSE,LICENSE,[no_ext],1237,1.21 KB,2026-06-06 16:54:21,node_modules,node_modules\deep-is,2
node_modules\deep-is\README.markdown,C:\Users\Luis\Desktop\das4navy\node_modules\deep-is\README.markdown,README.markdown,.markdown,1443,1.41 KB,2026-06-06 16:54:21,node_modules,node_modules\deep-is,2
node_modules\deep-is\example\cmp.js,C:\Users\Luis\Desktop\das4navy\node_modules\deep-is\example\cmp.js,cmp.js,.js,207,207.00 B,2026-06-06 16:54:21,node_modules,node_modules\deep-is,3
node_modules\deep-is\index.js,C:\Users\Luis\Desktop\das4navy\node_modules\deep-is\index.js,index.js,.js,3104,3.03 KB,2026-06-06 16:54:21,node_modules,node_modules\deep-is,2
node_modules\deep-is\package.json,C:\Users\Luis\Desktop\das4navy\node_modules\deep-is\package.json,package.json,.json,953,953.00 B,2026-06-06 16:54:21,node_modules,node_modules\deep-is,2
node_modules\deep-is\test\NaN.js,C:\Users\Luis\Desktop\das4navy\node_modules\deep-is\test\NaN.js,NaN.js,.js,329,329.00 B,2026-06-06 16:54:21,node_modules,node_modules\deep-is,3
node_modules\deep-is\test\cmp.js,C:\Users\Luis\Desktop\das4navy\node_modules\deep-is\test\cmp.js,cmp.js,.js,446,446.00 B,2026-06-06 16:54:21,node_modules,node_modules\deep-is,3
node_modules\deep-is\test\neg-vs-pos-0.js,C:\Users\Luis\Desktop\das4navy\node_modules\deep-is\test\neg-vs-pos-0.js,neg-vs-pos-0.js,.js,343,343.00 B,2026-06-06 16:54:21,node_modules,node_modules\deep-is,3
node_modules\detect-libc\LICENSE,C:\Users\Luis\Desktop\das4navy\node_modules\detect-libc\LICENSE,LICENSE,[no_ext],11357,11.09 KB,2026-06-06 16:54:21,node_modules,node_modules\detect-libc,2
node_modules\detect-libc\README.md,C:\Users\Luis\Desktop\das4navy\node_modules\detect-libc\README.md,README.md,.md,3215,3.14 KB,2026-06-06 16:54:21,node_modules,node_modules\detect-libc,2
node_modules\detect-libc\index.d.ts,C:\Users\Luis\Desktop\das4navy\node_modules\detect-libc\index.d.ts,index.d.ts,.ts,436,436.00 B,2026-06-06 16:54:21,node_modules,node_modules\detect-libc,2
node_modules\detect-libc\lib\detect-libc.js,C:\Users\Luis\Desktop\das4navy\node_modules\detect-libc\lib\detect-libc.js,detect-libc.js,.js,7503,7.33 KB,2026-06-06 16:54:21,node_modules,node_modules\detect-libc,3
node_modules\detect-libc\lib\elf.js,C:\Users\Luis\Desktop\das4navy\node_modules\detect-libc\lib\elf.js,elf.js,.js,982,982.00 B,2026-06-06 16:54:21,node_modules,node_modules\detect-libc,3
node_modules\detect-libc\lib\filesystem.js,C:\Users\Luis\Desktop\das4navy\node_modules\detect-libc\lib\filesystem.js,filesystem.js,.js,1097,1.07 KB,2026-06-06 16:54:21,node_modules,node_modules\detect-libc,3
node_modules\detect-libc\lib\process.js,C:\Users\Luis\Desktop\das4navy\node_modules\detect-libc\lib\process.js,process.js,.js,569,569.00 B,2026-06-06 16:54:21,node_modules,node_modules\detect-libc,3
node_modules\detect-libc\package.json,C:\Users\Luis\Desktop\das4navy\node_modules\detect-libc\package.json,package.json,.json,1278,1.25 KB,2026-06-06 16:54:21,node_modules,node_modules\detect-libc,2
node_modules\electron-to-chromium\LICENSE,C:\Users\Luis\Desktop\das4navy\node_modules\electron-to-chromium\LICENSE,LICENSE,[no_ext],728,728.00 B,2026-06-06 16:54:21,node_modules,node_modules\electron-to-chromium,2
node_modules\electron-to-chromium\README.md,C:\Users\Luis\Desktop\das4navy\node_modules\electron-to-chromium\README.md,README.md,.md,6327,6.18 KB,2026-06-06 16:54:21,node_modules,node_modules\electron-to-chromium,2
node_modules\electron-to-chromium\chromium-versions.js,C:\Users\Luis\Desktop\das4navy\node_modules\electron-to-chromium\chromium-versions.js,chromium-versions.js,.js,1351,1.32 KB,2026-06-06 16:54:21,node_modules,node_modules\electron-to-chromium,2
node_modules\electron-to-chromium\chromium-versions.json,C:\Users\Luis\Desktop\das4navy\node_modules\electron-to-chromium\chromium-versions.json,chromium-versions.json,.json,1071,1.05 KB,2026-06-06 16:54:21,node_modules,node_modules\electron-to-chromium,2
node_modules\electron-to-chromium\full-chromium-versions.js,C:\Users\Luis\Desktop\das4navy\node_modules\electron-to-chromium\full-chromium-versions.js,full-chromium-versions.js,.js,38227,37.33 KB,2026-06-06 16:54:21,node_modules,node_modules\electron-to-chromium,2
node_modules\electron-to-chromium\full-chromium-versions.json,C:\Users\Luis\Desktop\das4navy\node_modules\electron-to-chromium\full-chromium-versions.json,full-chromium-versions.json,.json,30226,29.52 KB,2026-06-06 16:54:21,node_modules,node_modules\electron-to-chromium,2
node_modules\electron-to-chromium\full-versions.js,C:\Users\Luis\Desktop\das4navy\node_modules\electron-to-chromium\full-versions.js,full-versions.js,.js,54947,53.66 KB,2026-06-06 16:54:21,node_modules,node_modules\electron-to-chromium,2
node_modules\electron-to-chromium\full-versions.json,C:\Users\Luis\Desktop\das4navy\node_modules\electron-to-chromium\full-versions.json,full-versions.json,.json,49531,48.37 KB,2026-06-06 16:54:21,node_modules,node_modules\electron-to-chromium,2
node_modules\electron-to-chromium\index.js,C:\Users\Luis\Desktop\das4navy\node_modules\electron-to-chromium\index.js,index.js,.js,1204,1.18 KB,2026-06-06 16:54:21,node_modules,node_modules\electron-to-chromium,2
node_modules\electron-to-chromium\package.json,C:\Users\Luis\Desktop\das4navy\node_modules\electron-to-chromium\package.json,package.json,.json,1021,1021.00 B,2026-06-06 16:54:21,node_modules,node_modules\electron-to-chromium,2
node_modules\electron-to-chromium\versions.js,C:\Users\Luis\Desktop\das4navy\node_modules\electron-to-chromium\versions.js,versions.js,.js,3930,3.84 KB,2026-06-06 16:54:21,node_modules,node_modules\electron-to-chromium,2
node_modules\electron-to-chromium\versions.json,C:\Users\Luis\Desktop\das4navy\node_modules\electron-to-chromium\versions.json,versions.json,.json,3155,3.08 KB,2026-06-06 16:54:21,node_modules,node_modules\electron-to-chromium,2
node_modules\escalade\dist\index.js,C:\Users\Luis\Desktop\das4navy\node_modules\escalade\dist\index.js,index.js,.js,534,534.00 B,2026-06-06 16:54:21,node_modules,node_modules\escalade,3
node_modules\escalade\dist\index.mjs,C:\Users\Luis\Desktop\das4navy\node_modules\escalade\dist\index.mjs,index.mjs,.mjs,517,517.00 B,2026-06-06 16:54:21,node_modules,node_modules\escalade,3
node_modules\escalade\index.d.mts,C:\Users\Luis\Desktop\das4navy\node_modules\escalade\index.d.mts,index.d.mts,.mts,236,236.00 B,2026-06-06 16:54:21,node_modules,node_modules\escalade,2
node_modules\escalade\index.d.ts,C:\Users\Luis\Desktop\das4navy\node_modules\escalade\index.d.ts,index.d.ts,.ts,301,301.00 B,2026-06-06 16:54:21,node_modules,node_modules\escalade,2
node_modules\escalade\license,C:\Users\Luis\Desktop\das4navy\node_modules\escalade\license,license,[no_ext],1104,1.08 KB,2026-06-06 16:54:21,node_modules,node_modules\escalade,2
node_modules\escalade\package.json,C:\Users\Luis\Desktop\das4navy\node_modules\escalade\package.json,package.json,.json,1461,1.43 KB,2026-06-06 16:54:21,node_modules,node_modules\escalade,2
node_modules\escalade\readme.md,C:\Users\Luis\Desktop\das4navy\node_modules\escalade\readme.md,readme.md,.md,6993,6.83 KB,2026-06-06 16:54:21,node_modules,node_modules\escalade,2
node_modules\escalade\sync\index.d.mts,C:\Users\Luis\Desktop\das4navy\node_modules\escalade\sync\index.d.mts,index.d.mts,.mts,177,177.00 B,2026-06-06 16:54:21,node_modules,node_modules\escalade,3
node_modules\escalade\sync\index.d.ts,C:\Users\Luis\Desktop\das4navy\node_modules\escalade\sync\index.d.ts,index.d.ts,.ts,242,242.00 B,2026-06-06 16:54:21,node_modules,node_modules\escalade,3
node_modules\escalade\sync\index.js,C:\Users\Luis\Desktop\das4navy\node_modules\escalade\sync\index.js,index.js,.js,416,416.00 B,2026-06-06 16:54:21,node_modules,node_modules\escalade,3
node_modules\escalade\sync\index.mjs,C:\Users\Luis\Desktop\das4navy\node_modules\escalade\sync\index.mjs,index.mjs,.mjs,404,404.00 B,2026-06-06 16:54:21,node_modules,node_modules\escalade,3
node_modules\escape-string-regexp\index.d.ts,C:\Users\Luis\Desktop\das4navy\node_modules\escape-string-regexp\index.d.ts,index.d.ts,.ts,467,467.00 B,2026-06-06 16:54:21,node_modules,node_modules\escape-string-regexp,2
node_modules\escape-string-regexp\index.js,C:\Users\Luis\Desktop\das4navy\node_modules\escape-string-regexp\index.js,index.js,.js,461,461.00 B,2026-06-06 16:54:21,node_modules,node_modules\escape-string-regexp,2
node_modules\escape-string-regexp\license,C:\Users\Luis\Desktop\das4navy\node_modules\escape-string-regexp\license,license,[no_ext],1117,1.09 KB,2026-06-06 16:54:21,node_modules,node_modules\escape-string-regexp,2
node_modules\escape-string-regexp\package.json,C:\Users\Luis\Desktop\das4navy\node_modules\escape-string-regexp\package.json,package.json,.json,686,686.00 B,2026-06-06 16:54:21,node_modules,node_modules\escape-string-regexp,2
node_modules\escape-string-regexp\readme.md,C:\Users\Luis\Desktop\das4navy\node_modules\escape-string-regexp\readme.md,readme.md,.md,1059,1.03 KB,2026-06-06 16:54:21,node_modules,node_modules\escape-string-regexp,2
node_modules\eslint-plugin-react-hooks\LICENSE,C:\Users\Luis\Desktop\das4navy\node_modules\eslint-plugin-react-hooks\LICENSE,LICENSE,[no_ext],1088,1.06 KB,2026-06-06 16:54:21,node_modules,node_modules\eslint-plugin-react-hooks,2
node_modules\eslint-plugin-react-hooks\README.md,C:\Users\Luis\Desktop\das4navy\node_modules\eslint-plugin-react-hooks\README.md,README.md,.md,4178,4.08 KB,2026-06-06 16:54:22,node_modules,node_modules\eslint-plugin-react-hooks,2
node_modules\eslint-plugin-react-hooks\cjs\eslint-plugin-react-hooks.d.ts,C:\Users\Luis\Desktop\das4navy\node_modules\eslint-plugin-react-hooks\cjs\eslint-plugin-react-hooks.d.ts,eslint-plugin-react-hooks.d.ts,.ts,3433,3.35 KB,2026-06-06 16:54:22,node_modules,node_modules\eslint-plugin-react-hooks,3
node_modules\eslint-plugin-react-hooks\cjs\eslint-plugin-react-hooks.development.js,C:\Users\Luis\Desktop\das4navy\node_modules\eslint-plugin-react-hooks\cjs\eslint-plugin-react-hooks.development.js,eslint-plugin-react-hooks.development.js,.js,2044204,1.95 MB,2026-06-06 16:54:22,node_modules,node_modules\eslint-plugin-react-hooks,3
node_modules\eslint-plugin-react-hooks\cjs\eslint-plugin-react-hooks.production.js,C:\Users\Luis\Desktop\das4navy\node_modules\eslint-plugin-react-hooks\cjs\eslint-plugin-react-hooks.production.js,eslint-plugin-react-hooks.production.js,.js,2039738,1.95 MB,2026-06-06 16:54:22,node_modules,node_modules\eslint-plugin-react-hooks,3
node_modules\eslint-plugin-react-hooks\index.d.ts,C:\Users\Luis\Desktop\das4navy\node_modules\eslint-plugin-react-hooks\index.d.ts,index.d.ts,.ts,272,272.00 B,2026-06-06 16:54:22,node_modules,node_modules\eslint-plugin-react-hooks,2
node_modules\eslint-plugin-react-hooks\index.js,C:\Users\Luis\Desktop\das4navy\node_modules\eslint-plugin-react-hooks\index.js,index.js,.js,841,841.00 B,2026-06-06 16:54:22,node_modules,node_modules\eslint-plugin-react-hooks,2
node_modules\eslint-plugin-react-hooks\package.json,C:\Users\Luis\Desktop\das4navy\node_modules\eslint-plugin-react-hooks\package.json,package.json,.json,1981,1.93 KB,2026-06-06 16:54:22,node_modules,node_modules\eslint-plugin-react-hooks,2
node_modules\eslint-plugin-react-refresh\LICENSE,C:\Users\Luis\Desktop\das4navy\node_modules\eslint-plugin-react-refresh\LICENSE,LICENSE,[no_ext],1098,1.07 KB,2026-06-06 16:54:21,node_modules,node_modules\eslint-plugin-react-refresh,2
node_modules\eslint-plugin-react-refresh\README.md,C:\Users\Luis\Desktop\das4navy\node_modules\eslint-plugin-react-refresh\README.md,README.md,.md,5654,5.52 KB,2026-06-06 16:54:21,node_modules,node_modules\eslint-plugin-react-refresh,2
node_modules\eslint-plugin-react-refresh\index.d.ts,C:\Users\Luis\Desktop\das4navy\node_modules\eslint-plugin-react-refresh\index.d.ts,index.d.ts,.ts,756,756.00 B,2026-06-06 16:54:21,node_modules,node_modules\eslint-plugin-react-refresh,2
node_modules\eslint-plugin-react-refresh\index.js,C:\Users\Luis\Desktop\das4navy\node_modules\eslint-plugin-react-refresh\index.js,index.js,.js,13282,12.97 KB,2026-06-06 16:54:21,node_modules,node_modules\eslint-plugin-react-refresh,2
node_modules\eslint-plugin-react-refresh\package.json,C:\Users\Luis\Desktop\das4navy\node_modules\eslint-plugin-react-refresh\package.json,package.json,.json,585,585.00 B,2026-06-06 16:54:21,node_modules,node_modules\eslint-plugin-react-refresh,2
node_modules\eslint-scope\LICENSE,C:\Users\Luis\Desktop\das4navy\node_modules\eslint-scope\LICENSE,LICENSE,[no_ext],1390,1.36 KB,2026-06-06 16:54:21,node_modules,node_modules\eslint-scope,2
node_modules\eslint-scope\README.md,C:\Users\Luis\Desktop\das4navy\node_modules\eslint-scope\README.md,README.md,.md,11171,10.91 KB,2026-06-06 16:54:21,node_modules,node_modules\eslint-scope,2
node_modules\eslint-scope\dist\eslint-scope.cjs,C:\Users\Luis\Desktop\das4navy\node_modules\eslint-scope\dist\eslint-scope.cjs,eslint-scope.cjs,.cjs,64832,63.31 KB,2026-06-06 16:54:21,node_modules,node_modules\eslint-scope,3
node_modules\eslint-scope\lib\assert.js,C:\Users\Luis\Desktop\das4navy\node_modules\eslint-scope\lib\assert.js,assert.js,.js,452,452.00 B,2026-06-06 16:54:21,node_modules,node_modules\eslint-scope,3
node_modules\eslint-scope\lib\definition.js,C:\Users\Luis\Desktop\das4navy\node_modules\eslint-scope\lib\definition.js,definition.js,.js,2822,2.76 KB,2026-06-06 16:54:21,node_modules,node_modules\eslint-scope,3
node_modules\eslint-scope\lib\index.d.cts,C:\Users\Luis\Desktop\das4navy\node_modules\eslint-scope\lib\index.d.cts,index.d.cts,.cts,26913,26.28 KB,2026-06-06 16:54:21,node_modules,node_modules\eslint-scope,3
node_modules\eslint-scope\lib\index.d.ts,C:\Users\Luis\Desktop\das4navy\node_modules\eslint-scope\lib\index.d.ts,index.d.ts,.ts,117,117.00 B,2026-06-06 16:54:21,node_modules,node_modules\eslint-scope,3
node_modules\eslint-scope\lib\index.js,C:\Users\Luis\Desktop\das4navy\node_modules\eslint-scope\lib\index.js,index.js,.js,6323,6.17 KB,2026-06-06 16:54:21,node_modules,node_modules\eslint-scope,3
node_modules\eslint-scope\lib\pattern-visitor.js,C:\Users\Luis\Desktop\das4navy\node_modules\eslint-scope\lib\pattern-visitor.js,pattern-visitor.js,.js,4544,4.44 KB,2026-06-06 16:54:21,node_modules,node_modules\eslint-scope,3
node_modules\eslint-scope\lib\reference.js,C:\Users\Luis\Desktop\das4navy\node_modules\eslint-scope\lib\reference.js,reference.js,.js,4341,4.24 KB,2026-06-06 16:54:21,node_modules,node_modules\eslint-scope,3
node_modules\eslint-scope\lib\referencer.js,C:\Users\Luis\Desktop\das4navy\node_modules\eslint-scope\lib\referencer.js,referencer.js,.js,18048,17.62 KB,2026-06-06 16:54:21,node_modules,node_modules\eslint-scope,3
node_modules\eslint-scope\lib\scope-manager.js,C:\Users\Luis\Desktop\das4navy\node_modules\eslint-scope\lib\scope-manager.js,scope-manager.js,.js,7397,7.22 KB,2026-06-06 16:54:21,node_modules,node_modules\eslint-scope,3
node_modules\eslint-scope\lib\scope.js,C:\Users\Luis\Desktop\das4navy\node_modules\eslint-scope\lib\scope.js,scope.js,.js,20423,19.94 KB,2026-06-06 16:54:21,node_modules,node_modules\eslint-scope,3
node_modules\eslint-scope\lib\variable.js,C:\Users\Luis\Desktop\das4navy\node_modules\eslint-scope\lib\variable.js,variable.js,.js,3040,2.97 KB,2026-06-06 16:54:21,node_modules,node_modules\eslint-scope,3
node_modules\eslint-scope\package.json,C:\Users\Luis\Desktop\das4navy\node_modules\eslint-scope\package.json,package.json,.json,1682,1.64 KB,2026-06-06 16:54:21,node_modules,node_modules\eslint-scope,2
node_modules\eslint-visitor-keys\LICENSE,C:\Users\Luis\Desktop\das4navy\node_modules\eslint-visitor-keys\LICENSE,LICENSE,[no_ext],11337,11.07 KB,2026-06-06 16:54:21,node_modules,node_modules\eslint-visitor-keys,2
node_modules\eslint-visitor-keys\README.md,C:\Users\Luis\Desktop\das4navy\node_modules\eslint-visitor-keys\README.md,README.md,.md,5998,5.86 KB,2026-06-06 16:54:21,node_modules,node_modules\eslint-visitor-keys,2
node_modules\eslint-visitor-keys\dist\eslint-visitor-keys.cjs,C:\Users\Luis\Desktop\das4navy\node_modules\eslint-visitor-keys\dist\eslint-visitor-keys.cjs,eslint-visitor-keys.cjs,.cjs,5663,5.53 KB,2026-06-06 16:54:21,node_modules,node_modules\eslint-visitor-keys,3
node_modules\eslint-visitor-keys\dist\eslint-visitor-keys.d.cts,C:\Users\Luis\Desktop\das4navy\node_modules\eslint-visitor-keys\dist\eslint-visitor-keys.d.cts,eslint-visitor-keys.d.cts,.cts,773,773.00 B,2026-06-06 16:54:21,node_modules,node_modules\eslint-visitor-keys,3
node_modules\eslint-visitor-keys\dist\index.d.ts,C:\Users\Luis\Desktop\das4navy\node_modules\eslint-visitor-keys\dist\index.d.ts,index.d.ts,.ts,596,596.00 B,2026-06-06 16:54:21,node_modules,node_modules\eslint-visitor-keys,3
node_modules\eslint-visitor-keys\dist\visitor-keys.d.ts,C:\Users\Luis\Desktop\das4navy\node_modules\eslint-visitor-keys\dist\visitor-keys.d.ts,visitor-keys.d.ts,.ts,295,295.00 B,2026-06-06 16:54:21,node_modules,node_modules\eslint-visitor-keys,3
node_modules\eslint-visitor-keys\lib\index.js,C:\Users\Luis\Desktop\das4navy\node_modules\eslint-visitor-keys\lib\index.js,index.js,.js,1758,1.72 KB,2026-06-06 16:54:21,node_modules,node_modules\eslint-visitor-keys,3
node_modules\eslint-visitor-keys\lib\visitor-keys.js,C:\Users\Luis\Desktop\das4navy\node_modules\eslint-visitor-keys\lib\visitor-keys.js,visitor-keys.js,.js,3901,3.81 KB,2026-06-06 16:54:21,node_modules,node_modules\eslint-visitor-keys,3
node_modules\eslint-visitor-keys\package.json,C:\Users\Luis\Desktop\das4navy\node_modules\eslint-visitor-keys\package.json,package.json,.json,1621,1.58 KB,2026-06-06 16:54:21,node_modules,node_modules\eslint-visitor-keys,2
node_modules\eslint\LICENSE,C:\Users\Luis\Desktop\das4navy\node_modules\eslint\LICENSE,LICENSE,[no_ext],1094,1.07 KB,2026-06-06 16:54:21,node_modules,node_modules\eslint,2
node_modules\eslint\README.md,C:\Users\Luis\Desktop\das4navy\node_modules\eslint\README.md,README.md,.md,20801,20.31 KB,2026-06-06 16:54:23,node_modules,node_modules\eslint,2
node_modules\eslint\bin\eslint.js,C:\Users\Luis\Desktop\das4navy\node_modules\eslint\bin\eslint.js,eslint.js,.js,6028,5.89 KB,2026-06-06 16:54:22,node_modules,node_modules\eslint,3
node_modules\eslint\conf\ecma-version.js,C:\Users\Luis\Desktop\das4navy\node_modules\eslint\conf\ecma-version.js,ecma-version.js,.js,304,304.00 B,2026-06-06 16:54:22,node_modules,node_modules\eslint,3
node_modules\eslint\conf\globals.js,C:\Users\Luis\Desktop\das4navy\node_modules\eslint\conf\globals.js,globals.js,.js,2630,2.57 KB,2026-06-06 16:54:22,node_modules,node_modules\eslint,3
node_modules\eslint\conf\replacements.json,C:\Users\Luis\Desktop\das4navy\node_modules\eslint\conf\replacements.json,replacements.json,.json,987,987.00 B,2026-06-06 16:54:23,node_modules,node_modules\eslint,3
node_modules\eslint\conf\rule-type-list.json,C:\Users\Luis\Desktop\das4navy\node_modules\eslint\conf\rule-type-list.json,rule-type-list.json,.json,2537,2.48 KB,2026-06-06 16:54:23,node_modules,node_modules\eslint,3
node_modules\eslint\lib\api.js,C:\Users\Luis\Desktop\das4navy\node_modules\eslint\lib\api.js,api.js,.js,1065,1.04 KB,2026-06-06 16:54:21,node_modules,node_modules\eslint,3
node_modules\eslint\lib\cli-engine\formatters\formatters-meta.json,C:\Users\Luis\Desktop\das4navy\node_modules\eslint\lib\cli-engine\formatters\formatters-meta.json,formatters-meta.json,.json,1039,1.01 KB,2026-06-06 16:54:23,node_modules,node_modules\eslint,5
node_modules\eslint\lib\cli-engine\formatters\html.js,C:\Users\Luis\Desktop\das4navy\node_modules\eslint\lib\cli-engine\formatters\html.js,html.js,.js,12525,12.23 KB,2026-06-06 16:54:22,node_modules,node_modules\eslint,5
node_modules\eslint\lib\cli-engine\formatters\json-with-metadata.js,C:\Users\Luis\Desktop\das4navy\node_modules\eslint\lib\cli-engine\formatters\json-with-metadata.js,json-with-metadata.js,.js,392,392.00 B,2026-06-06 16:54:22,node_modules,node_modules\eslint,5
node_modules\eslint\lib\cli-engine\formatters\json.js,C:\Users\Luis\Desktop\das4navy\node_modules\eslint\lib\cli-engine\formatters\json.js,json.js,.js,347,347.00 B,2026-06-06 16:54:22,node_modules,node_modules\eslint,5
node_modules\eslint\lib\cli-engine\formatters\stylish.js,C:\Users\Luis\Desktop\das4navy\node_modules\eslint\lib\cli-engine\formatters\stylish.js,stylish.js,.js,3911,3.82 KB,2026-06-06 16:54:23,node_modules,node_modules\eslint,5
node_modules\eslint\lib\cli-engine\hash.js,C:\Users\Luis\Desktop\das4navy\node_modules\eslint\lib\cli-engine\hash.js,hash.js,.js,1057,1.03 KB,2026-06-06 16:54:22,node_modules,node_modules\eslint,4
node_modules\eslint\lib\cli-engine\lint-result-cache.js,C:\Users\Luis\Desktop\das4navy\node_modules\eslint\lib\cli-engine\lint-result-cache.js,lint-result-cache.js,.js,7233,7.06 KB,2026-06-06 16:54:22,node_modules,node_modules\eslint,4
node_modules\eslint\lib\cli.js,C:\Users\Luis\Desktop\das4navy\node_modules\eslint\lib\cli.js,cli.js,.js,14243,13.91 KB,2026-06-06 16:54:22,node_modules,node_modules\eslint,3
node_modules\eslint\lib\config-api.js,C:\Users\Luis\Desktop\das4navy\node_modules\eslint\lib\config-api.js,config-api.js,.js,269,269.00 B,2026-06-06 16:54:22,node_modules,node_modules\eslint,3
node_modules\eslint\lib\config\config-loader.js,C:\Users\Luis\Desktop\das4navy\node_modules\eslint\lib\config\config-loader.js,config-loader.js,.js,23031,22.49 KB,2026-06-06 16:54:22,node_modules,node_modules\eslint,4
node_modules\eslint\lib\config\config.js,C:\Users\Luis\Desktop\das4navy\node_modules\eslint\lib\config\config.js,config.js,.js,22880,22.34 KB,2026-06-06 16:54:22,node_modules,node_modules\eslint,4
node_modules\eslint\lib\config\default-config.js,C:\Users\Luis\Desktop\das4navy\node_modules\eslint\lib\config\default-config.js,default-config.js,.js,1697,1.66 KB,2026-06-06 16:54:22,node_modules,node_modules\eslint,4
node_modules\eslint\lib\config\flat-config-array.js,C:\Users\Luis\Desktop\das4navy\node_modules\eslint\lib\config\flat-config-array.js,flat-config-array.js,.js,6745,6.59 KB,2026-06-06 16:54:22,node_modules,node_modules\eslint,4
node_modules\eslint\lib\config\flat-config-schema.js,C:\Users\Luis\Desktop\das4navy\node_modules\eslint\lib\config\flat-config-schema.js,flat-config-schema.js,.js,16018,15.64 KB,2026-06-06 16:54:22,node_modules,node_modules\eslint,4
node_modules\eslint\lib\eslint\eslint-helpers.js,C:\Users\Luis\Desktop\das4navy\node_modules\eslint\lib\eslint\eslint-helpers.js,eslint-helpers.js,.js,44814,43.76 KB,2026-06-06 16:54:22,node_modules,node_modules\eslint,4
node_modules\eslint\lib\eslint\eslint.js,C:\Users\Luis\Desktop\das4navy\node_modules\eslint\lib\eslint\eslint.js,eslint.js,.js,41482,40.51 KB,2026-06-06 16:54:22,node_modules,node_modules\eslint,4
node_modules\eslint\lib\eslint\index.js,C:\Users\Luis\Desktop\das4navy\node_modules\eslint\lib\eslint\index.js,index.js,.js,87,87.00 B,2026-06-06 16:54:22,node_modules,node_modules\eslint,4
node_modules\eslint\lib\eslint\worker.js,C:\Users\Luis\Desktop\das4navy\node_modules\eslint\lib\eslint\worker.js,worker.js,.js,5380,5.25 KB,2026-06-06 16:54:23,node_modules,node_modules\eslint,4
node_modules\eslint\lib\languages\js\index.js,C:\Users\Luis\Desktop\das4navy\node_modules\eslint\lib\languages\js\index.js,index.js,.js,10607,10.36 KB,2026-06-06 16:54:22,node_modules,node_modules\eslint,5
node_modules\eslint\lib\languages\js\source-code\index.js,C:\Users\Luis\Desktop\das4navy\node_modules\eslint\lib\languages\js\source-code\index.js,index.js,.js,96,96.00 B,2026-06-06 16:54:22,node_modules,node_modules\eslint,6
node_modules\eslint\lib\languages\js\source-code\source-code.js,C:\Users\Luis\Desktop\das4navy\node_modules\eslint\lib\languages\js\source-code\source-code.js,source-code.js,.js,33718,32.93 KB,2026-06-06 16:54:23,node_modules,node_modules\eslint,6
node_modules\eslint\lib\languages\js\source-code\token-store\backward-token-comment-cursor.js,C:\Users\Luis\Desktop\das4navy\node_modules\eslint\lib\languages\js\source-code\token-store\backward-token-comment-cursor.js,backward-token-comment-cursor.js,.js,1877,1.83 KB,2026-06-06 16:54:22,node_modules,node_modules\eslint,7
node_modules\eslint\lib\languages\js\source-code\token-store\backward-token-cursor.js,C:\Users\Luis\Desktop\das4navy\node_modules\eslint\lib\languages\js\source-code\token-store\backward-token-cursor.js,backward-token-cursor.js,.js,1606,1.57 KB,2026-06-06 16:54:22,node_modules,node_modules\eslint,7
node_modules\eslint\lib\languages\js\source-code\token-store\cursor.js,C:\Users\Luis\Desktop\das4navy\node_modules\eslint\lib\languages\js\source-code\token-store\cursor.js,cursor.js,.js,2198,2.15 KB,2026-06-06 16:54:22,node_modules,node_modules\eslint,7
node_modules\eslint\lib\languages\js\source-code\token-store\cursors.js,C:\Users\Luis\Desktop\das4navy\node_modules\eslint\lib\languages\js\source-code\token-store\cursors.js,cursors.js,.js,3714,3.63 KB,2026-06-06 16:54:22,node_modules,node_modules\eslint,7
node_modules\eslint\lib\languages\js\source-code\token-store\decorative-cursor.js,C:\Users\Luis\Desktop\das4navy\node_modules\eslint\lib\languages\js\source-code\token-store\decorative-cursor.js,decorative-cursor.js,.js,953,953.00 B,2026-06-06 16:54:22,node_modules,node_modules\eslint,7
node_modules\eslint\lib\languages\js\source-code\token-store\filter-cursor.js,C:\Users\Luis\Desktop\das4navy\node_modules\eslint\lib\languages\js\source-code\token-store\filter-cursor.js,filter-cursor.js,.js,1110,1.08 KB,2026-06-06 16:54:22,node_modules,node_modules\eslint,7
node_modules\eslint\lib\languages\js\source-code\token-store\forward-token-comment-cursor.js,C:\Users\Luis\Desktop\das4navy\node_modules\eslint\lib\languages\js\source-code\token-store\forward-token-comment-cursor.js,forward-token-comment-cursor.js,.js,1911,1.87 KB,2026-06-06 16:54:22,node_modules,node_modules\eslint,7
node_modules\eslint\lib\languages\js\source-code\token-store\forward-token-cursor.js,C:\Users\Luis\Desktop\das4navy\node_modules\eslint\lib\languages\js\source-code\token-store\forward-token-cursor.js,forward-token-cursor.js,.js,1684,1.64 KB,2026-06-06 16:54:22,node_modules,node_modules\eslint,7
node_modules\eslint\lib\languages\js\source-code\token-store\index.js,C:\Users\Luis\Desktop\das4navy\node_modules\eslint\lib\languages\js\source-code\token-store\index.js,index.js,.js,21568,21.06 KB,2026-06-06 16:54:22,node_modules,node_modules\eslint,7
node_modules\eslint\lib\languages\js\source-code\token-store\limit-cursor.js,C:\Users\Luis\Desktop\das4navy\node_modules\eslint\lib\languages\js\source-code\token-store\limit-cursor.js,limit-cursor.js,.js,1027,1.00 KB,2026-06-06 16:54:22,node_modules,node_modules\eslint,7
node_modules\eslint\lib\languages\js\source-code\token-store\padded-token-cursor.js,C:\Users\Luis\Desktop\das4navy\node_modules\eslint\lib\languages\js\source-code\token-store\padded-token-cursor.js,padded-token-cursor.js,.js,1577,1.54 KB,2026-06-06 16:54:23,node_modules,node_modules\eslint,7
node_modules\eslint\lib\languages\js\source-code\token-store\skip-cursor.js,C:\Users\Luis\Desktop\das4navy\node_modules\eslint\lib\languages\js\source-code\token-store\skip-cursor.js,skip-cursor.js,.js,1062,1.04 KB,2026-06-06 16:54:23,node_modules,node_modules\eslint,7
node_modules\eslint\lib\languages\js\source-code\token-store\utils.js,C:\Users\Luis\Desktop\das4navy\node_modules\eslint\lib\languages\js\source-code\token-store\utils.js,utils.js,.js,3872,3.78 KB,2026-06-06 16:54:23,node_modules,node_modules\eslint,7
node_modules\eslint\lib\languages\js\validate-language-options.js,C:\Users\Luis\Desktop\das4navy\node_modules\eslint\lib\languages\js\validate-language-options.js,validate-language-options.js,.js,4687,4.58 KB,2026-06-06 16:54:23,node_modules,node_modules\eslint,5
node_modules\eslint\lib\linter\apply-disable-directives.js,C:\Users\Luis\Desktop\das4navy\node_modules\eslint\lib\linter\apply-disable-directives.js,apply-disable-directives.js,.js,19085,18.64 KB,2026-06-06 16:54:21,node_modules,node_modules\eslint,4
node_modules\eslint\lib\linter\code-path-analysis\code-path-analyzer.js,C:\Users\Luis\Desktop\das4navy\node_modules\eslint\lib\linter\code-path-analysis\code-path-analyzer.js,code-path-analyzer.js,.js,21108,20.61 KB,2026-06-06 16:54:22,node_modules,node_modules\eslint,5
node_modules\eslint\lib\linter\code-path-analysis\code-path-segment.js,C:\Users\Luis\Desktop\das4navy\node_modules\eslint\lib\linter\code-path-analysis\code-path-segment.js,code-path-segment.js,.js,7742,7.56 KB,2026-06-06 16:54:22,node_modules,node_modules\eslint,5
node_modules\eslint\lib\linter\code-path-analysis\code-path-state.js,C:\Users\Luis\Desktop\das4navy\node_modules\eslint\lib\linter\code-path-analysis\code-path-state.js,code-path-state.js,.js,71730,70.05 KB,2026-06-06 16:54:22,node_modules,node_modules\eslint,5
node_modules\eslint\lib\linter\code-path-analysis\code-path.js,C:\Users\Luis\Desktop\das4navy\node_modules\eslint\lib\linter\code-path-analysis\code-path.js,code-path.js,.js,9738,9.51 KB,2026-06-06 16:54:22,node_modules,node_modules\eslint,5
node_modules\eslint\lib\linter\code-path-analysis\debug-helpers.js,C:\Users\Luis\Desktop\das4navy\node_modules\eslint\lib\linter\code-path-analysis\debug-helpers.js,debug-helpers.js,.js,6124,5.98 KB,2026-06-06 16:54:22,node_modules,node_modules\eslint,5
node_modules\eslint\lib\linter\code-path-analysis\fork-context.js,C:\Users\Luis\Desktop\das4navy\node_modules\eslint\lib\linter\code-path-analysis\fork-context.js,fork-context.js,.js,12317,12.03 KB,2026-06-06 16:54:22,node_modules,node_modules\eslint,5
node_modules\eslint\lib\linter\code-path-analysis\id-generator.js,C:\Users\Luis\Desktop\das4navy\node_modules\eslint\lib\linter\code-path-analysis\id-generator.js,id-generator.js,.js,840,840.00 B,2026-06-06 16:54:22,node_modules,node_modules\eslint,5
node_modules\eslint\lib\linter\esquery.js,C:\Users\Luis\Desktop\das4navy\node_modules\eslint\lib\linter\esquery.js,esquery.js,.js,9350,9.13 KB,2026-06-06 16:54:22,node_modules,node_modules\eslint,4
node_modules\eslint\lib\linter\file-context.js,C:\Users\Luis\Desktop\das4navy\node_modules\eslint\lib\linter\file-context.js,file-context.js,.js,2186,2.13 KB,2026-06-06 16:54:22,node_modules,node_modules\eslint,4
node_modules\eslint\lib\linter\file-report.js,C:\Users\Luis\Desktop\das4navy\node_modules\eslint\lib\linter\file-report.js,file-report.js,.js,18563,18.13 KB,2026-06-06 16:54:22,node_modules,node_modules\eslint,4
node_modules\eslint\lib\linter\index.js,C:\Users\Luis\Desktop\das4navy\node_modules\eslint\lib\linter\index.js,index.js,.js,179,179.00 B,2026-06-06 16:54:22,node_modules,node_modules\eslint,4
node_modules\eslint\lib\linter\interpolate.js,C:\Users\Luis\Desktop\das4navy\node_modules\eslint\lib\linter\interpolate.js,interpolate.js,.js,1344,1.31 KB,2026-06-06 16:54:22,node_modules,node_modules\eslint,4
node_modules\eslint\lib\linter\linter.js,C:\Users\Luis\Desktop\das4navy\node_modules\eslint\lib\linter\linter.js,linter.js,.js,49203,48.05 KB,2026-06-06 16:54:22,node_modules,node_modules\eslint,4
node_modules\eslint\lib\linter\rule-fixer.js,C:\Users\Luis\Desktop\das4navy\node_modules\eslint\lib\linter\rule-fixer.js,rule-fixer.js,.js,5906,5.77 KB,2026-06-06 16:54:23,node_modules,node_modules\eslint,4
node_modules\eslint\lib\linter\source-code-fixer.js,C:\Users\Luis\Desktop\das4navy\node_modules\eslint\lib\linter\source-code-fixer.js,source-code-fixer.js,.js,4209,4.11 KB,2026-06-06 16:54:23,node_modules,node_modules\eslint,4
node_modules\eslint\lib\linter\source-code-traverser.js,C:\Users\Luis\Desktop\das4navy\node_modules\eslint\lib\linter\source-code-traverser.js,source-code-traverser.js,.js,9803,9.57 KB,2026-06-06 16:54:23,node_modules,node_modules\eslint,4
node_modules\eslint\lib\linter\source-code-visitor.js,C:\Users\Luis\Desktop\das4navy\node_modules\eslint\lib\linter\source-code-visitor.js,source-code-visitor.js,.js,2147,2.10 KB,2026-06-06 16:54:23,node_modules,node_modules\eslint,4
node_modules\eslint\lib\linter\timing.js,C:\Users\Luis\Desktop\das4navy\node_modules\eslint\lib\linter\timing.js,timing.js,.js,4723,4.61 KB,2026-06-06 16:54:23,node_modules,node_modules\eslint,4
node_modules\eslint\lib\linter\vfile.js,C:\Users\Luis\Desktop\das4navy\node_modules\eslint\lib\linter\vfile.js,vfile.js,.js,2816,2.75 KB,2026-06-06 16:54:23,node_modules,node_modules\eslint,4
node_modules\eslint\lib\options.js,C:\Users\Luis\Desktop\das4navy\node_modules\eslint\lib\options.js,options.js,.js,11942,11.66 KB,2026-06-06 16:54:23,node_modules,node_modules\eslint,3
node_modules\eslint\lib\rule-tester\index.js,C:\Users\Luis\Desktop\das4navy\node_modules\eslint\lib\rule-tester\index.js,index.js,.js,96,96.00 B,2026-06-06 16:54:22,node_modules,node_modules\eslint,4
node_modules\eslint\lib\rule-tester\rule-tester.js,C:\Users\Luis\Desktop\das4navy\node_modules\eslint\lib\rule-tester\rule-tester.js,rule-tester.js,.js,60681,59.26 KB,2026-06-06 16:54:23,node_modules,node_modules\eslint,4
node_modules\eslint\lib\rules\accessor-pairs.js,C:\Users\Luis\Desktop\das4navy\node_modules\eslint\lib\rules\accessor-pairs.js,accessor-pairs.js,.js,11210,10.95 KB,2026-06-06 16:54:21,node_modules,node_modules\eslint,4
node_modules\eslint\lib\rules\array-bracket-newline.js,C:\Users\Luis\Desktop\das4navy\node_modules\eslint\lib\rules\array-bracket-newline.js,array-bracket-newline.js,.js,8123,7.93 KB,2026-06-06 16:54:21,node_modules,node_modules\eslint,4
node_modules\eslint\lib\rules\array-bracket-spacing.js,C:\Users\Luis\Desktop\das4navy\node_modules\eslint\lib\rules\array-bracket-spacing.js,array-bracket-spacing.js,.js,8047,7.86 KB,2026-06-06 16:54:21,node_modules,node_modules\eslint,4
node_modules\eslint\lib\rules\array-callback-return.js,C:\Users\Luis\Desktop\das4navy\node_modules\eslint\lib\rules\array-callback-return.js,array-callback-return.js,.js,13228,12.92 KB,2026-06-06 16:54:21,node_modules,node_modules\eslint,4
node_modules\eslint\lib\rules\array-element-newline.js,C:\Users\Luis\Desktop\das4navy\node_modules\eslint\lib\rules\array-element-newline.js,array-element-newline.js,.js,9070,8.86 KB,2026-06-06 16:54:21,node_modules,node_modules\eslint,4
node_modules\eslint\lib\rules\arrow-body-style.js,C:\Users\Luis\Desktop\das4navy\node_modules\eslint\lib\rules\arrow-body-style.js,arrow-body-style.js,.js,10365,10.12 KB,2026-06-06 16:54:21,node_modules,node_modules\eslint,4
node_modules\eslint\lib\rules\arrow-parens.js,C:\Users\Luis\Desktop\das4navy\node_modules\eslint\lib\rules\arrow-parens.js,arrow-parens.js,.js,7119,6.95 KB,2026-06-06 16:54:21,node_modules,node_modules\eslint,4
node_modules\eslint\lib\rules\arrow-spacing.js,C:\Users\Luis\Desktop\das4navy\node_modules\eslint\lib\rules\arrow-spacing.js,arrow-spacing.js,.js,4618,4.51 KB,2026-06-06 16:54:21,node_modules,node_modules\eslint,4
node_modules\eslint\lib\rules\block-scoped-var.js,C:\Users\Luis\Desktop\das4navy\node_modules\eslint\lib\rules\block-scoped-var.js,block-scoped-var.js,.js,3772,3.68 KB,2026-06-06 16:54:22,node_modules,node_modules\eslint,4
node_modules\eslint\lib\rules\block-spacing.js,C:\Users\Luis\Desktop\das4navy\node_modules\eslint\lib\rules\block-spacing.js,block-spacing.js,.js,5153,5.03 KB,2026-06-06 16:54:22,node_modules,node_modules\eslint,4
node_modules\eslint\lib\rules\brace-style.js,C:\Users\Luis\Desktop\das4navy\node_modules\eslint\lib\rules\brace-style.js,brace-style.js,.js,7592,7.41 KB,2026-06-06 16:54:22,node_modules,node_modules\eslint,4
node_modules\eslint\lib\rules\callback-return.js,C:\Users\Luis\Desktop\das4navy\node_modules\eslint\lib\rules\callback-return.js,callback-return.js,.js,5879,5.74 KB,2026-06-06 16:54:22,node_modules,node_modules\eslint,4
node_modules\eslint\lib\rules\camelcase.js,C:\Users\Luis\Desktop\das4navy\node_modules\eslint\lib\rules\camelcase.js,camelcase.js,.js,10363,10.12 KB,2026-06-06 16:54:22,node_modules,node_modules\eslint,4
node_modules\eslint\lib\rules\capitalized-comments.js,C:\Users\Luis\Desktop\das4navy\node_modules\eslint\lib\rules\capitalized-comments.js,capitalized-comments.js,.js,9300,9.08 KB,2026-06-06 16:54:22,node_modules,node_modules\eslint,4
node_modules\eslint\lib\rules\class-methods-use-this.js,C:\Users\Luis\Desktop\das4navy\node_modules\eslint\lib\rules\class-methods-use-this.js,class-methods-use-this.js,.js,6368,6.22 KB,2026-06-06 16:54:22,node_modules,node_modules\eslint,4
node_modules\eslint\lib\rules\comma-dangle.js,C:\Users\Luis\Desktop\das4navy\node_modules\eslint\lib\rules\comma-dangle.js,comma-dangle.js,.js,11652,11.38 KB,2026-06-06 16:54:22,node_modules,node_modules\eslint,4
node_modules\eslint\lib\rules\comma-spacing.js,C:\Users\Luis\Desktop\das4navy\node_modules\eslint\lib\rules\comma-spacing.js,comma-spacing.js,.js,5854,5.72 KB,2026-06-06 16:54:22,node_modules,node_modules\eslint,4
node_modules\eslint\lib\rules\comma-style.js,C:\Users\Luis\Desktop\das4navy\node_modules\eslint\lib\rules\comma-style.js,comma-style.js,.js,10241,10.00 KB,2026-06-06 16:54:22,node_modules,node_modules\eslint,4
node_modules\eslint\lib\rules\complexity.js,C:\Users\Luis\Desktop\das4navy\node_modules\eslint\lib\rules\complexity.js,complexity.js,.js,5194,5.07 KB,2026-06-06 16:54:22,node_modules,node_modules\eslint,4
node_modules\eslint\lib\rules\computed-property-spacing.js,C:\Users\Luis\Desktop\das4navy\node_modules\eslint\lib\rules\computed-property-spacing.js,computed-property-spacing.js,.js,6679,6.52 KB,2026-06-06 16:54:22,node_modules,node_modules\eslint,4
node_modules\eslint\lib\rules\consistent-return.js,C:\Users\Luis\Desktop\das4navy\node_modules\eslint\lib\rules\consistent-return.js,consistent-return.js,.js,5739,5.60 KB,2026-06-06 16:54:22,node_modules,node_modules\eslint,4
node_modules\eslint\lib\rules\consistent-this.js,C:\Users\Luis\Desktop\das4navy\node_modules\eslint\lib\rules\consistent-this.js,consistent-this.js,.js,4429,4.33 KB,2026-06-06 16:54:22,node_modules,node_modules\eslint,4
node_modules\eslint\lib\rules\constructor-super.js,C:\Users\Luis\Desktop\das4navy\node_modules\eslint\lib\rules\constructor-super.js,constructor-super.js,.js,12051,11.77 KB,2026-06-06 16:54:22,node_modules,node_modules\eslint,4
node_modules\eslint\lib\rules\curly.js,C:\Users\Luis\Desktop\das4navy\node_modules\eslint\lib\rules\curly.js,curly.js,.js,11758,11.48 KB,2026-06-06 16:54:22,node_modules,node_modules\eslint,4
node_modules\eslint\lib\rules\default-case-last.js,C:\Users\Luis\Desktop\das4navy\node_modules\eslint\lib\rules\default-case-last.js,default-case-last.js,.js,1103,1.08 KB,2026-06-06 16:54:22,node_modules,node_modules\eslint,4
node_modules\eslint\lib\rules\default-case.js,C:\Users\Luis\Desktop\das4navy\node_modules\eslint\lib\rules\default-case.js,default-case.js,.js,2311,2.26 KB,2026-06-06 16:54:22,node_modules,node_modules\eslint,4
node_modules\eslint\lib\rules\default-param-last.js,C:\Users\Luis\Desktop\das4navy\node_modules\eslint\lib\rules\default-param-last.js,default-param-last.js,.js,1665,1.63 KB,2026-06-06 16:54:22,node_modules,node_modules\eslint,4
node_modules\eslint\lib\rules\dot-location.js,C:\Users\Luis\Desktop\das4navy\node_modules\eslint\lib\rules\dot-location.js,dot-location.js,.js,3404,3.32 KB,2026-06-06 16:54:22,node_modules,node_modules\eslint,4
node_modules\eslint\lib\rules\dot-notation.js,C:\Users\Luis\Desktop\das4navy\node_modules\eslint\lib\rules\dot-notation.js,dot-notation.js,.js,5213,5.09 KB,2026-06-06 16:54:22,node_modules,node_modules\eslint,4
node_modules\eslint\lib\rules\eol-last.js,C:\Users\Luis\Desktop\das4navy\node_modules\eslint\lib\rules\eol-last.js,eol-last.js,.js,3566,3.48 KB,2026-06-06 16:54:22,node_modules,node_modules\eslint,4
node_modules\eslint\lib\rules\eqeqeq.js,C:\Users\Luis\Desktop\das4navy\node_modules\eslint\lib\rules\eqeqeq.js,eqeqeq.js,.js,4893,4.78 KB,2026-06-06 16:54:22,node_modules,node_modules\eslint,4
node_modules\eslint\lib\rules\for-direction.js,C:\Users\Luis\Desktop\das4navy\node_modules\eslint\lib\rules\for-direction.js,for-direction.js,.js,5656,5.52 KB,2026-06-06 16:54:22,node_modules,node_modules\eslint,4
node_modules\eslint\lib\rules\func-call-spacing.js,C:\Users\Luis\Desktop\das4navy\node_modules\eslint\lib\rules\func-call-spacing.js,func-call-spacing.js,.js,8290,8.10 KB,2026-06-06 16:54:22,node_modules,node_modules\eslint,4
node_modules\eslint\lib\rules\func-name-matching.js,C:\Users\Luis\Desktop\das4navy\node_modules\eslint\lib\rules\func-name-matching.js,func-name-matching.js,.js,8866,8.66 KB,2026-06-06 16:54:22,node_modules,node_modules\eslint,4
node_modules\eslint\lib\rules\func-names.js,C:\Users\Luis\Desktop\das4navy\node_modules\eslint\lib\rules\func-names.js,func-names.js,.js,5573,5.44 KB,2026-06-06 16:54:22,node_modules,node_modules\eslint,4
node_modules\eslint\lib\rules\func-style.js,C:\Users\Luis\Desktop\das4navy\node_modules\eslint\lib\rules\func-style.js,func-style.js,.js,5312,5.19 KB,2026-06-06 16:54:22,node_modules,node_modules\eslint,4
node_modules\eslint\lib\rules\function-call-argument-newline.js,C:\Users\Luis\Desktop\das4navy\node_modules\eslint\lib\rules\function-call-argument-newline.js,function-call-argument-newline.js,.js,4222,4.12 KB,2026-06-06 16:54:22,node_modules,node_modules\eslint,4
node_modules\eslint\lib\rules\function-paren-newline.js,C:\Users\Luis\Desktop\das4navy\node_modules\eslint\lib\rules\function-paren-newline.js,function-paren-newline.js,.js,10198,9.96 KB,2026-06-06 16:54:22,node_modules,node_modules\eslint,4
node_modules\eslint\lib\rules\generator-star-spacing.js,C:\Users\Luis\Desktop\das4navy\node_modules\eslint\lib\rules\generator-star-spacing.js,generator-star-spacing.js,.js,6319,6.17 KB,2026-06-06 16:54:22,node_modules,node_modules\eslint,4
node_modules\eslint\lib\rules\getter-return.js,C:\Users\Luis\Desktop\das4navy\node_modules\eslint\lib\rules\getter-return.js,getter-return.js,.js,5756,5.62 KB,2026-06-06 16:54:22,node_modules,node_modules\eslint,4
node_modules\eslint\lib\rules\global-require.js,C:\Users\Luis\Desktop\das4navy\node_modules\eslint\lib\rules\global-require.js,global-require.js,.js,2853,2.79 KB,2026-06-06 16:54:22,node_modules,node_modules\eslint,4
node_modules\eslint\lib\rules\grouped-accessor-pairs.js,C:\Users\Luis\Desktop\das4navy\node_modules\eslint\lib\rules\grouped-accessor-pairs.js,grouped-accessor-pairs.js,.js,7185,7.02 KB,2026-06-06 16:54:22,node_modules,node_modules\eslint,4
node_modules\eslint\lib\rules\guard-for-in.js,C:\Users\Luis\Desktop\das4navy\node_modules\eslint\lib\rules\guard-for-in.js,guard-for-in.js,.js,1924,1.88 KB,2026-06-06 16:54:22,node_modules,node_modules\eslint,4
node_modules\eslint\lib\rules\handle-callback-err.js,C:\Users\Luis\Desktop\das4navy\node_modules\eslint\lib\rules\handle-callback-err.js,handle-callback-err.js,.js,3247,3.17 KB,2026-06-06 16:54:22,node_modules,node_modules\eslint,4
node_modules\eslint\lib\rules\id-blacklist.js,C:\Users\Luis\Desktop\das4navy\node_modules\eslint\lib\rules\id-blacklist.js,id-blacklist.js,.js,6700,6.54 KB,2026-06-06 16:54:22,node_modules,node_modules\eslint,4
node_modules\eslint\lib\rules\id-denylist.js,C:\Users\Luis\Desktop\das4navy\node_modules\eslint\lib\rules\id-denylist.js,id-denylist.js,.js,6357,6.21 KB,2026-06-06 16:54:22,node_modules,node_modules\eslint,4
node_modules\eslint\lib\rules\id-length.js,C:\Users\Luis\Desktop\das4navy\node_modules\eslint\lib\rules\id-length.js,id-length.js,.js,5613,5.48 KB,2026-06-06 16:54:22,node_modules,node_modules\eslint,4
node_modules\eslint\lib\rules\id-match.js,C:\Users\Luis\Desktop\das4navy\node_modules\eslint\lib\rules\id-match.js,id-match.js,.js,9208,8.99 KB,2026-06-06 16:54:22,node_modules,node_modules\eslint,4
node_modules\eslint\lib\rules\implicit-arrow-linebreak.js,C:\Users\Luis\Desktop\das4navy\node_modules\eslint\lib\rules\implicit-arrow-linebreak.js,implicit-arrow-linebreak.js,.js,3147,3.07 KB,2026-06-06 16:54:22,node_modules,node_modules\eslint,4
node_modules\eslint\lib\rules\indent-legacy.js,C:\Users\Luis\Desktop\das4navy\node_modules\eslint\lib\rules\indent-legacy.js,indent-legacy.js,.js,35743,34.91 KB,2026-06-06 16:54:22,node_modules,node_modules\eslint,4
node_modules\eslint\lib\rules\indent.js,C:\Users\Luis\Desktop\das4navy\node_modules\eslint\lib\rules\indent.js,indent.js,.js,66474,64.92 KB,2026-06-06 16:54:22,node_modules,node_modules\eslint,4
node_modules\eslint\lib\rules\index.js,C:\Users\Luis\Desktop\das4navy\node_modules\eslint\lib\rules\index.js,index.js,.js,17913,17.49 KB,2026-06-06 16:54:22,node_modules,node_modules\eslint,4
node_modules\eslint\lib\rules\init-declarations.js,C:\Users\Luis\Desktop\das4navy\node_modules\eslint\lib\rules\init-declarations.js,init-declarations.js,.js,3902,3.81 KB,2026-06-06 16:54:22,node_modules,node_modules\eslint,4
node_modules\eslint\lib\rules\jsx-quotes.js,C:\Users\Luis\Desktop\das4navy\node_modules\eslint\lib\rules\jsx-quotes.js,jsx-quotes.js,.js,3147,3.07 KB,2026-06-06 16:54:22,node_modules,node_modules\eslint,4
node_modules\eslint\lib\rules\key-spacing.js,C:\Users\Luis\Desktop\das4navy\node_modules\eslint\lib\rules\key-spacing.js,key-spacing.js,.js,21268,20.77 KB,2026-06-06 16:54:22,node_modules,node_modules\eslint,4
node_modules\eslint\lib\rules\keyword-spacing.js,C:\Users\Luis\Desktop\das4navy\node_modules\eslint\lib\rules\keyword-spacing.js,keyword-spacing.js,.js,20393,19.92 KB,2026-06-06 16:54:22,node_modules,node_modules\eslint,4
node_modules\eslint\lib\rules\line-comment-position.js,C:\Users\Luis\Desktop\das4navy\node_modules\eslint\lib\rules\line-comment-position.js,line-comment-position.js,.js,3736,3.65 KB,2026-06-06 16:54:22,node_modules,node_modules\eslint,4
node_modules\eslint\lib\rules\linebreak-style.js,C:\Users\Luis\Desktop\das4navy\node_modules\eslint\lib\rules\linebreak-style.js,linebreak-style.js,.js,3569,3.49 KB,2026-06-06 16:54:22,node_modules,node_modules\eslint,4
node_modules\eslint\lib\rules\lines-around-comment.js,C:\Users\Luis\Desktop\das4navy\node_modules\eslint\lib\rules\lines-around-comment.js,lines-around-comment.js,.js,15497,15.13 KB,2026-06-06 16:54:22,node_modules,node_modules\eslint,4
node_modules\eslint\lib\rules\lines-around-directive.js,C:\Users\Luis\Desktop\das4navy\node_modules\eslint\lib\rules\lines-around-directive.js,lines-around-directive.js,.js,7023,6.86 KB,2026-06-06 16:54:22,node_modules,node_modules\eslint,4
node_modules\eslint\lib\rules\lines-between-class-members.js,C:\Users\Luis\Desktop\das4navy\node_modules\eslint\lib\rules\lines-between-class-members.js,lines-between-class-members.js,.js,10129,9.89 KB,2026-06-06 16:54:22,node_modules,node_modules\eslint,4
node_modules\eslint\lib\rules\logical-assignment-operators.js,C:\Users\Luis\Desktop\das4navy\node_modules\eslint\lib\rules\logical-assignment-operators.js,logical-assignment-operators.js,.js,19046,18.60 KB,2026-06-06 16:54:22,node_modules,node_modules\eslint,4
node_modules\eslint\lib\rules\max-classes-per-file.js,C:\Users\Luis\Desktop\das4navy\node_modules\eslint\lib\rules\max-classes-per-file.js,max-classes-per-file.js,.js,1873,1.83 KB,2026-06-06 16:54:22,node_modules,node_modules\eslint,4
node_modules\eslint\lib\rules\max-depth.js,C:\Users\Luis\Desktop\das4navy\node_modules\eslint\lib\rules\max-depth.js,max-depth.js,.js,3658,3.57 KB,2026-06-06 16:54:22,node_modules,node_modules\eslint,4
node_modules\eslint\lib\rules\max-len.js,C:\Users\Luis\Desktop\das4navy\node_modules\eslint\lib\rules\max-len.js,max-len.js,.js,13652,13.33 KB,2026-06-06 16:54:22,node_modules,node_modules\eslint,4
node_modules\eslint\lib\rules\max-lines-per-function.js,C:\Users\Luis\Desktop\das4navy\node_modules\eslint\lib\rules\max-lines-per-function.js,max-lines-per-function.js,.js,6076,5.93 KB,2026-06-06 16:54:22,node_modules,node_modules\eslint,4
node_modules\eslint\lib\rules\max-lines.js,C:\Users\Luis\Desktop\das4navy\node_modules\eslint\lib\rules\max-lines.js,max-lines.js,.js,4430,4.33 KB,2026-06-06 16:54:22,node_modules,node_modules\eslint,4
node_modules\eslint\lib\rules\max-nested-callbacks.js,C:\Users\Luis\Desktop\das4navy\node_modules\eslint\lib\rules\max-nested-callbacks.js,max-nested-callbacks.js,.js,2717,2.65 KB,2026-06-06 16:54:22,node_modules,node_modules\eslint,4
node_modules\eslint\lib\rules\max-params.js,C:\Users\Luis\Desktop\das4navy\node_modules\eslint\lib\rules\max-params.js,max-params.js,.js,3615,3.53 KB,2026-06-06 16:54:22,node_modules,node_modules\eslint,4
node_modules\eslint\lib\rules\max-statements-per-line.js,C:\Users\Luis\Desktop\das4navy\node_modules\eslint\lib\rules\max-statements-per-line.js,max-statements-per-line.js,.js,6738,6.58 KB,2026-06-06 16:54:22,node_modules,node_modules\eslint,4
node_modules\eslint\lib\rules\max-statements.js,C:\Users\Luis\Desktop\das4navy\node_modules\eslint\lib\rules\max-statements.js,max-statements.js,.js,4601,4.49 KB,2026-06-06 16:54:22,node_modules,node_modules\eslint,4
node_modules\eslint\lib\rules\multiline-comment-style.js,C:\Users\Luis\Desktop\das4navy\node_modules\eslint\lib\rules\multiline-comment-style.js,multiline-comment-style.js,.js,18395,17.96 KB,2026-06-06 16:54:22,node_modules,node_modules\eslint,4
node_modules\eslint\lib\rules\multiline-ternary.js,C:\Users\Luis\Desktop\das4navy\node_modules\eslint\lib\rules\multiline-ternary.js,multiline-ternary.js,.js,6541,6.39 KB,2026-06-06 16:54:22,node_modules,node_modules\eslint,4
node_modules\eslint\lib\rules\new-cap.js,C:\Users\Luis\Desktop\das4navy\node_modules\eslint\lib\rules\new-cap.js,new-cap.js,.js,7204,7.04 KB,2026-06-06 16:54:22,node_modules,node_modules\eslint,4
node_modules\eslint\lib\rules\new-parens.js,C:\Users\Luis\Desktop\das4navy\node_modules\eslint\lib\rules\new-parens.js,new-parens.js,.js,3167,3.09 KB,2026-06-06 16:54:22,node_modules,node_modules\eslint,4
node_modules\eslint\lib\rules\newline-after-var.js,C:\Users\Luis\Desktop\das4navy\node_modules\eslint\lib\rules\newline-after-var.js,newline-after-var.js,.js,8852,8.64 KB,2026-06-06 16:54:22,node_modules,node_modules\eslint,4
node_modules\eslint\lib\rules\newline-before-return.js,C:\Users\Luis\Desktop\das4navy\node_modules\eslint\lib\rules\newline-before-return.js,newline-before-return.js,.js,7126,6.96 KB,2026-06-06 16:54:22,node_modules,node_modules\eslint,4
node_modules\eslint\lib\rules\newline-per-chained-call.js,C:\Users\Luis\Desktop\das4navy\node_modules\eslint\lib\rules\newline-per-chained-call.js,newline-per-chained-call.js,.js,3883,3.79 KB,2026-06-06 16:54:22,node_modules,node_modules\eslint,4
node_modules\eslint\lib\rules\no-alert.js,C:\Users\Luis\Desktop\das4navy\node_modules\eslint\lib\rules\no-alert.js,no-alert.js,.js,3843,3.75 KB,2026-06-06 16:54:22,node_modules,node_modules\eslint,4
node_modules\eslint\lib\rules\no-array-constructor.js,C:\Users\Luis\Desktop\das4navy\node_modules\eslint\lib\rules\no-array-constructor.js,no-array-constructor.js,.js,4970,4.85 KB,2026-06-06 16:54:22,node_modules,node_modules\eslint,4
node_modules\eslint\lib\rules\no-async-promise-executor.js,C:\Users\Luis\Desktop\das4navy\node_modules\eslint\lib\rules\no-async-promise-executor.js,no-async-promise-executor.js,.js,1115,1.09 KB,2026-06-06 16:54:22,node_modules,node_modules\eslint,4
node_modules\eslint\lib\rules\no-await-in-loop.js,C:\Users\Luis\Desktop\das4navy\node_modules\eslint\lib\rules\no-await-in-loop.js,no-await-in-loop.js,.js,2494,2.44 KB,2026-06-06 16:54:22,node_modules,node_modules\eslint,4
node_modules\eslint\lib\rules\no-bitwise.js,C:\Users\Luis\Desktop\das4navy\node_modules\eslint\lib\rules\no-bitwise.js,no-bitwise.js,.js,2948,2.88 KB,2026-06-06 16:54:22,node_modules,node_modules\eslint,4
node_modules\eslint\lib\rules\no-buffer-constructor.js,C:\Users\Luis\Desktop\das4navy\node_modules\eslint\lib\rules\no-buffer-constructor.js,no-buffer-constructor.js,.js,1868,1.82 KB,2026-06-06 16:54:22,node_modules,node_modules\eslint,4
node_modules\eslint\lib\rules\no-caller.js,C:\Users\Luis\Desktop\das4navy\node_modules\eslint\lib\rules\no-caller.js,no-caller.js,.js,1086,1.06 KB,2026-06-06 16:54:22,node_modules,node_modules\eslint,4
node_modules\eslint\lib\rules\no-case-declarations.js,C:\Users\Luis\Desktop\das4navy\node_modules\eslint\lib\rules\no-case-declarations.js,no-case-declarations.js,.js,1867,1.82 KB,2026-06-06 16:54:22,node_modules,node_modules\eslint,4
node_modules\eslint\lib\rules\no-catch-shadow.js,C:\Users\Luis\Desktop\das4navy\node_modules\eslint\lib\rules\no-catch-shadow.js,no-catch-shadow.js,.js,2515,2.46 KB,2026-06-06 16:54:22,node_modules,node_modules\eslint,4
node_modules\eslint\lib\rules\no-class-assign.js,C:\Users\Luis\Desktop\das4navy\node_modules\eslint\lib\rules\no-class-assign.js,no-class-assign.js,.js,1566,1.53 KB,2026-06-06 16:54:22,node_modules,node_modules\eslint,4
node_modules\eslint\lib\rules\no-compare-neg-zero.js,C:\Users\Luis\Desktop\das4navy\node_modules\eslint\lib\rules\no-compare-neg-zero.js,no-compare-neg-zero.js,.js,1662,1.62 KB,2026-06-06 16:54:22,node_modules,node_modules\eslint,4
node_modules\eslint\lib\rules\no-cond-assign.js,C:\Users\Luis\Desktop\das4navy\node_modules\eslint\lib\rules\no-cond-assign.js,no-cond-assign.js,.js,4837,4.72 KB,2026-06-06 16:54:22,node_modules,node_modules\eslint,4
node_modules\eslint\lib\rules\no-confusing-arrow.js,C:\Users\Luis\Desktop\das4navy\node_modules\eslint\lib\rules\no-confusing-arrow.js,no-confusing-arrow.js,.js,3232,3.16 KB,2026-06-06 16:54:22,node_modules,node_modules\eslint,4
node_modules\eslint\lib\rules\no-console.js,C:\Users\Luis\Desktop\das4navy\node_modules\eslint\lib\rules\no-console.js,no-console.js,.js,6428,6.28 KB,2026-06-06 16:54:22,node_modules,node_modules\eslint,4
node_modules\eslint\lib\rules\no-const-assign.js,C:\Users\Luis\Desktop\das4navy\node_modules\eslint\lib\rules\no-const-assign.js,no-const-assign.js,.js,1848,1.80 KB,2026-06-06 16:54:22,node_modules,node_modules\eslint,4
node_modules\eslint\lib\rules\no-constant-binary-expression.js,C:\Users\Luis\Desktop\das4navy\node_modules\eslint\lib\rules\no-constant-binary-expression.js,no-constant-binary-expression.js,.js,18150,17.72 KB,2026-06-06 16:54:23,node_modules,node_modules\eslint,4
node_modules\eslint\lib\rules\no-constant-condition.js,C:\Users\Luis\Desktop\das4navy\node_modules\eslint\lib\rules\no-constant-condition.js,no-constant-condition.js,.js,4469,4.36 KB,2026-06-06 16:54:23,node_modules,node_modules\eslint,4
node_modules\eslint\lib\rules\no-constructor-return.js,C:\Users\Luis\Desktop\das4navy\node_modules\eslint\lib\rules\no-constructor-return.js,no-constructor-return.js,.js,1191,1.16 KB,2026-06-06 16:54:23,node_modules,node_modules\eslint,4
node_modules\eslint\lib\rules\no-continue.js,C:\Users\Luis\Desktop\das4navy\node_modules\eslint\lib\rules\no-continue.js,no-continue.js,.js,784,784.00 B,2026-06-06 16:54:23,node_modules,node_modules\eslint,4
node_modules\eslint\lib\rules\no-control-regex.js,C:\Users\Luis\Desktop\das4navy\node_modules\eslint\lib\rules\no-control-regex.js,no-control-regex.js,.js,3830,3.74 KB,2026-06-06 16:54:23,node_modules,node_modules\eslint,4
node_modules\eslint\lib\rules\no-debugger.js,C:\Users\Luis\Desktop\das4navy\node_modules\eslint\lib\rules\no-debugger.js,no-debugger.js,.js,793,793.00 B,2026-06-06 16:54:23,node_modules,node_modules\eslint,4
node_modules\eslint\lib\rules\no-delete-var.js,C:\Users\Luis\Desktop\das4navy\node_modules\eslint\lib\rules\no-delete-var.js,no-delete-var.js,.js,852,852.00 B,2026-06-06 16:54:23,node_modules,node_modules\eslint,4
node_modules\eslint\lib\rules\no-div-regex.js,C:\Users\Luis\Desktop\das4navy\node_modules\eslint\lib\rules\no-div-regex.js,no-div-regex.js,.js,1245,1.22 KB,2026-06-06 16:54:23,node_modules,node_modules\eslint,4
node_modules\eslint\lib\rules\no-dupe-args.js,C:\Users\Luis\Desktop\das4navy\node_modules\eslint\lib\rules\no-dupe-args.js,no-dupe-args.js,.js,2612,2.55 KB,2026-06-06 16:54:23,node_modules,node_modules\eslint,4
node_modules\eslint\lib\rules\no-dupe-class-members.js,C:\Users\Luis\Desktop\das4navy\node_modules\eslint\lib\rules\no-dupe-class-members.js,no-dupe-class-members.js,.js,2880,2.81 KB,2026-06-06 16:54:23,node_modules,node_modules\eslint,4
node_modules\eslint\lib\rules\no-dupe-else-if.js,C:\Users\Luis\Desktop\das4navy\node_modules\eslint\lib\rules\no-dupe-else-if.js,no-dupe-else-if.js,.js,4197,4.10 KB,2026-06-06 16:54:23,node_modules,node_modules\eslint,4
node_modules\eslint\lib\rules\no-dupe-keys.js,C:\Users\Luis\Desktop\das4navy\node_modules\eslint\lib\rules\no-dupe-keys.js,no-dupe-keys.js,.js,3963,3.87 KB,2026-06-06 16:54:23,node_modules,node_modules\eslint,4
node_modules\eslint\lib\rules\no-duplicate-case.js,C:\Users\Luis\Desktop\das4navy\node_modules\eslint\lib\rules\no-duplicate-case.js,no-duplicate-case.js,.js,1765,1.72 KB,2026-06-06 16:54:23,node_modules,node_modules\eslint,4
node_modules\eslint\lib\rules\no-duplicate-imports.js,C:\Users\Luis\Desktop\das4navy\node_modules\eslint\lib\rules\no-duplicate-imports.js,no-duplicate-imports.js,.js,9999,9.76 KB,2026-06-06 16:54:23,node_modules,node_modules\eslint,4
node_modules\eslint\lib\rules\no-else-return.js,C:\Users\Luis\Desktop\das4navy\node_modules\eslint\lib\rules\no-else-return.js,no-else-return.js,.js,13605,13.29 KB,2026-06-06 16:54:23,node_modules,node_modules\eslint,4
node_modules\eslint\lib\rules\no-empty-character-class.js,C:\Users\Luis\Desktop\das4navy\node_modules\eslint\lib\rules\no-empty-character-class.js,no-empty-character-class.js,.js,1938,1.89 KB,2026-06-06 16:54:23,node_modules,node_modules\eslint,4
node_modules\eslint\lib\rules\no-empty-function.js,C:\Users\Luis\Desktop\das4navy\node_modules\eslint\lib\rules\no-empty-function.js,no-empty-function.js,.js,5729,5.59 KB,2026-06-06 16:54:23,node_modules,node_modules\eslint,4
node_modules\eslint\lib\rules\no-empty-pattern.js,C:\Users\Luis\Desktop\das4navy\node_modules\eslint\lib\rules\no-empty-pattern.js,no-empty-pattern.js,.js,1841,1.80 KB,2026-06-06 16:54:23,node_modules,node_modules\eslint,4
node_modules\eslint\lib\rules\no-empty-static-block.js,C:\Users\Luis\Desktop\das4navy\node_modules\eslint\lib\rules\no-empty-static-block.js,no-empty-static-block.js,.js,1589,1.55 KB,2026-06-06 16:54:23,node_modules,node_modules\eslint,4
node_modules\eslint\lib\rules\no-empty.js,C:\Users\Luis\Desktop\das4navy\node_modules\eslint\lib\rules\no-empty.js,no-empty.js,.js,3202,3.13 KB,2026-06-06 16:54:23,node_modules,node_modules\eslint,4
node_modules\eslint\lib\rules\no-eq-null.js,C:\Users\Luis\Desktop\das4navy\node_modules\eslint\lib\rules\no-eq-null.js,no-eq-null.js,.js,1117,1.09 KB,2026-06-06 16:54:23,node_modules,node_modules\eslint,4
node_modules\eslint\lib\rules\no-eval.js,C:\Users\Luis\Desktop\das4navy\node_modules\eslint\lib\rules\no-eval.js,no-eval.js,.js,7744,7.56 KB,2026-06-06 16:54:23,node_modules,node_modules\eslint,4
node_modules\eslint\lib\rules\no-ex-assign.js,C:\Users\Luis\Desktop\das4navy\node_modules\eslint\lib\rules\no-ex-assign.js,no-ex-assign.js,.js,1301,1.27 KB,2026-06-06 16:54:23,node_modules,node_modules\eslint,4
node_modules\eslint\lib\rules\no-extend-native.js,C:\Users\Luis\Desktop\das4navy\node_modules\eslint\lib\rules\no-extend-native.js,no-extend-native.js,.js,5416,5.29 KB,2026-06-06 16:54:23,node_modules,node_modules\eslint,4
node_modules\eslint\lib\rules\no-extra-bind.js,C:\Users\Luis\Desktop\das4navy\node_modules\eslint\lib\rules\no-extra-bind.js,no-extra-bind.js,.js,6007,5.87 KB,2026-06-06 16:54:23,node_modules,node_modules\eslint,4
node_modules\eslint\lib\rules\no-extra-boolean-cast.js,C:\Users\Luis\Desktop\das4navy\node_modules\eslint\lib\rules\no-extra-boolean-cast.js,no-extra-boolean-cast.js,.js,10590,10.34 KB,2026-06-06 16:54:23,node_modules,node_modules\eslint,4
node_modules\eslint\lib\rules\no-extra-label.js,C:\Users\Luis\Desktop\das4navy\node_modules\eslint\lib\rules\no-extra-label.js,no-extra-label.js,.js,4265,4.17 KB,2026-06-06 16:54:23,node_modules,node_modules\eslint,4
node_modules\eslint\lib\rules\no-extra-parens.js,C:\Users\Luis\Desktop\das4navy\node_modules\eslint\lib\rules\no-extra-parens.js,no-extra-parens.js,.js,43590,42.57 KB,2026-06-06 16:54:23,node_modules,node_modules\eslint,4
node_modules\eslint\lib\rules\no-extra-semi.js,C:\Users\Luis\Desktop\das4navy\node_modules\eslint\lib\rules\no-extra-semi.js,no-extra-semi.js,.js,4628,4.52 KB,2026-06-06 16:54:23,node_modules,node_modules\eslint,4
node_modules\eslint\lib\rules\no-fallthrough.js,C:\Users\Luis\Desktop\das4navy\node_modules\eslint\lib\rules\no-fallthrough.js,no-fallthrough.js,.js,6966,6.80 KB,2026-06-06 16:54:23,node_modules,node_modules\eslint,4
node_modules\eslint\lib\rules\no-floating-decimal.js,C:\Users\Luis\Desktop\das4navy\node_modules\eslint\lib\rules\no-floating-decimal.js,no-floating-decimal.js,.js,2568,2.51 KB,2026-06-06 16:54:23,node_modules,node_modules\eslint,4
node_modules\eslint\lib\rules\no-func-assign.js,C:\Users\Luis\Desktop\das4navy\node_modules\eslint\lib\rules\no-func-assign.js,no-func-assign.js,.js,1861,1.82 KB,2026-06-06 16:54:23,node_modules,node_modules\eslint,4
node_modules\eslint\lib\rules\no-global-assign.js,C:\Users\Luis\Desktop\das4navy\node_modules\eslint\lib\rules\no-global-assign.js,no-global-assign.js,.js,2426,2.37 KB,2026-06-06 16:54:23,node_modules,node_modules\eslint,4
node_modules\eslint\lib\rules\no-implicit-coercion.js,C:\Users\Luis\Desktop\das4navy\node_modules\eslint\lib\rules\no-implicit-coercion.js,no-implicit-coercion.js,.js,12600,12.30 KB,2026-06-06 16:54:23,node_modules,node_modules\eslint,4
node_modules\eslint\lib\rules\no-implicit-globals.js,C:\Users\Luis\Desktop\das4navy\node_modules\eslint\lib\rules\no-implicit-globals.js,no-implicit-globals.js,.js,4626,4.52 KB,2026-06-06 16:54:23,node_modules,node_modules\eslint,4
node_modules\eslint\lib\rules\no-implied-eval.js,C:\Users\Luis\Desktop\das4navy\node_modules\eslint\lib\rules\no-implied-eval.js,no-implied-eval.js,.js,4350,4.25 KB,2026-06-06 16:54:23,node_modules,node_modules\eslint,4
node_modules\eslint\lib\rules\no-import-assign.js,C:\Users\Luis\Desktop\das4navy\node_modules\eslint\lib\rules\no-import-assign.js,no-import-assign.js,.js,6179,6.03 KB,2026-06-06 16:54:23,node_modules,node_modules\eslint,4
node_modules\eslint\lib\rules\no-inline-comments.js,C:\Users\Luis\Desktop\das4navy\node_modules\eslint\lib\rules\no-inline-comments.js,no-inline-comments.js,.js,2691,2.63 KB,2026-06-06 16:54:23,node_modules,node_modules\eslint,4
node_modules\eslint\lib\rules\no-inner-declarations.js,C:\Users\Luis\Desktop\das4navy\node_modules\eslint\lib\rules\no-inner-declarations.js,no-inner-declarations.js,.js,3221,3.15 KB,2026-06-06 16:54:23,node_modules,node_modules\eslint,4
node_modules\eslint\lib\rules\no-invalid-regexp.js,C:\Users\Luis\Desktop\das4navy\node_modules\eslint\lib\rules\no-invalid-regexp.js,no-invalid-regexp.js,.js,5987,5.85 KB,2026-06-06 16:54:23,node_modules,node_modules\eslint,4
node_modules\eslint\lib\rules\no-invalid-this.js,C:\Users\Luis\Desktop\das4navy\node_modules\eslint\lib\rules\no-invalid-this.js,no-invalid-this.js,.js,4463,4.36 KB,2026-06-06 16:54:23,node_modules,node_modules\eslint,4
node_modules\eslint\lib\rules\no-irregular-whitespace.js,C:\Users\Luis\Desktop\das4navy\node_modules\eslint\lib\rules\no-irregular-whitespace.js,no-irregular-whitespace.js,.js,7853,7.67 KB,2026-06-06 16:54:23,node_modules,node_modules\eslint,4
node_modules\eslint\lib\rules\no-iterator.js,C:\Users\Luis\Desktop\das4navy\node_modules\eslint\lib\rules\no-iterator.js,no-iterator.js,.js,1110,1.08 KB,2026-06-06 16:54:23,node_modules,node_modules\eslint,4
node_modules\eslint\lib\rules\no-label-var.js,C:\Users\Luis\Desktop\das4navy\node_modules\eslint\lib\rules\no-label-var.js,no-label-var.js,.js,2063,2.01 KB,2026-06-06 16:54:23,node_modules,node_modules\eslint,4
node_modules\eslint\lib\rules\no-labels.js,C:\Users\Luis\Desktop\das4navy\node_modules\eslint\lib\rules\no-labels.js,no-labels.js,.js,3365,3.29 KB,2026-06-06 16:54:23,node_modules,node_modules\eslint,4
node_modules\eslint\lib\rules\no-lone-blocks.js,C:\Users\Luis\Desktop\das4navy\node_modules\eslint\lib\rules\no-lone-blocks.js,no-lone-blocks.js,.js,3320,3.24 KB,2026-06-06 16:54:23,node_modules,node_modules\eslint,4
node_modules\eslint\lib\rules\no-lonely-if.js,C:\Users\Luis\Desktop\das4navy\node_modules\eslint\lib\rules\no-lonely-if.js,no-lonely-if.js,.js,3303,3.23 KB,2026-06-06 16:54:23,node_modules,node_modules\eslint,4
node_modules\eslint\lib\rules\no-loop-func.js,C:\Users\Luis\Desktop\das4navy\node_modules\eslint\lib\rules\no-loop-func.js,no-loop-func.js,.js,7218,7.05 KB,2026-06-06 16:54:23,node_modules,node_modules\eslint,4
node_modules\eslint\lib\rules\no-loss-of-precision.js,C:\Users\Luis\Desktop\das4navy\node_modules\eslint\lib\rules\no-loss-of-precision.js,no-loss-of-precision.js,.js,7368,7.20 KB,2026-06-06 16:54:23,node_modules,node_modules\eslint,4
node_modules\eslint\lib\rules\no-magic-numbers.js,C:\Users\Luis\Desktop\das4navy\node_modules\eslint\lib\rules\no-magic-numbers.js,no-magic-numbers.js,.js,10419,10.17 KB,2026-06-06 16:54:23,node_modules,node_modules\eslint,4
node_modules\eslint\lib\rules\no-misleading-character-class.js,C:\Users\Luis\Desktop\das4navy\node_modules\eslint\lib\rules\no-misleading-character-class.js,no-misleading-character-class.js,.js,16369,15.99 KB,2026-06-06 16:54:23,node_modules,node_modules\eslint,4
node_modules\eslint\lib\rules\no-mixed-operators.js,C:\Users\Luis\Desktop\das4navy\node_modules\eslint\lib\rules\no-mixed-operators.js,no-mixed-operators.js,.js,7147,6.98 KB,2026-06-06 16:54:23,node_modules,node_modules\eslint,4
node_modules\eslint\lib\rules\no-mixed-requires.js,C:\Users\Luis\Desktop\das4navy\node_modules\eslint\lib\rules\no-mixed-requires.js,no-mixed-requires.js,.js,6383,6.23 KB,2026-06-06 16:54:23,node_modules,node_modules\eslint,4
node_modules\eslint\lib\rules\no-mixed-spaces-and-tabs.js,C:\Users\Luis\Desktop\das4navy\node_modules\eslint\lib\rules\no-mixed-spaces-and-tabs.js,no-mixed-spaces-and-tabs.js,.js,3465,3.38 KB,2026-06-06 16:54:23,node_modules,node_modules\eslint,4
node_modules\eslint\lib\rules\no-multi-assign.js,C:\Users\Luis\Desktop\das4navy\node_modules\eslint\lib\rules\no-multi-assign.js,no-multi-assign.js,.js,1327,1.30 KB,2026-06-06 16:54:23,node_modules,node_modules\eslint,4
node_modules\eslint\lib\rules\no-multi-spaces.js,C:\Users\Luis\Desktop\das4navy\node_modules\eslint\lib\rules\no-multi-spaces.js,no-multi-spaces.js,.js,4588,4.48 KB,2026-06-06 16:54:23,node_modules,node_modules\eslint,4
node_modules\eslint\lib\rules\no-multi-str.js,C:\Users\Luis\Desktop\das4navy\node_modules\eslint\lib\rules\no-multi-str.js,no-multi-str.js,.js,1610,1.57 KB,2026-06-06 16:54:23,node_modules,node_modules\eslint,4
node_modules\eslint\lib\rules\no-multiple-empty-lines.js,C:\Users\Luis\Desktop\das4navy\node_modules\eslint\lib\rules\no-multiple-empty-lines.js,no-multiple-empty-lines.js,.js,5581,5.45 KB,2026-06-06 16:54:23,node_modules,node_modules\eslint,4
node_modules\eslint\lib\rules\no-native-reassign.js,C:\Users\Luis\Desktop\das4navy\node_modules\eslint\lib\rules\no-native-reassign.js,no-native-reassign.js,.js,2765,2.70 KB,2026-06-06 16:54:23,node_modules,node_modules\eslint,4
node_modules\eslint\lib\rules\no-negated-condition.js,C:\Users\Luis\Desktop\das4navy\node_modules\eslint\lib\rules\no-negated-condition.js,no-negated-condition.js,.js,2431,2.37 KB,2026-06-06 16:54:23,node_modules,node_modules\eslint,4
node_modules\eslint\lib\rules\no-negated-in-lhs.js,C:\Users\Luis\Desktop\das4navy\node_modules\eslint\lib\rules\no-negated-in-lhs.js,no-negated-in-lhs.js,.js,1338,1.31 KB,2026-06-06 16:54:23,node_modules,node_modules\eslint,4
node_modules\eslint\lib\rules\no-nested-ternary.js,C:\Users\Luis\Desktop\das4navy\node_modules\eslint\lib\rules\no-nested-ternary.js,no-nested-ternary.js,.js,960,960.00 B,2026-06-06 16:54:23,node_modules,node_modules\eslint,4
node_modules\eslint\lib\rules\no-new-func.js,C:\Users\Luis\Desktop\das4navy\node_modules\eslint\lib\rules\no-new-func.js,no-new-func.js,.js,2393,2.34 KB,2026-06-06 16:54:23,node_modules,node_modules\eslint,4
node_modules\eslint\lib\rules\no-new-native-nonconstructor.js,C:\Users\Luis\Desktop\das4navy\node_modules\eslint\lib\rules\no-new-native-nonconstructor.js,no-new-native-nonconstructor.js,.js,1754,1.71 KB,2026-06-06 16:54:23,node_modules,node_modules\eslint,4
node_modules\eslint\lib\rules\no-new-object.js,C:\Users\Luis\Desktop\das4navy\node_modules\eslint\lib\rules\no-new-object.js,no-new-object.js,.js,1866,1.82 KB,2026-06-06 16:54:23,node_modules,node_modules\eslint,4
node_modules\eslint\lib\rules\no-new-require.js,C:\Users\Luis\Desktop\das4navy\node_modules\eslint\lib\rules\no-new-require.js,no-new-require.js,.js,1588,1.55 KB,2026-06-06 16:54:23,node_modules,node_modules\eslint,4
node_modules\eslint\lib\rules\no-new-symbol.js,C:\Users\Luis\Desktop\das4navy\node_modules\eslint\lib\rules\no-new-symbol.js,no-new-symbol.js,.js,1739,1.70 KB,2026-06-06 16:54:23,node_modules,node_modules\eslint,4
node_modules\eslint\lib\rules\no-new-wrappers.js,C:\Users\Luis\Desktop\das4navy\node_modules\eslint\lib\rules\no-new-wrappers.js,no-new-wrappers.js,.js,1460,1.43 KB,2026-06-06 16:54:23,node_modules,node_modules\eslint,4
node_modules\eslint\lib\rules\no-new.js,C:\Users\Luis\Desktop\das4navy\node_modules\eslint\lib\rules\no-new.js,no-new.js,.js,905,905.00 B,2026-06-06 16:54:23,node_modules,node_modules\eslint,4
node_modules\eslint\lib\rules\no-nonoctal-decimal-escape.js,C:\Users\Luis\Desktop\das4navy\node_modules\eslint\lib\rules\no-nonoctal-decimal-escape.js,no-nonoctal-decimal-escape.js,.js,4566,4.46 KB,2026-06-06 16:54:23,node_modules,node_modules\eslint,4
node_modules\eslint\lib\rules\no-obj-calls.js,C:\Users\Luis\Desktop\das4navy\node_modules\eslint\lib\rules\no-obj-calls.js,no-obj-calls.js,.js,2487,2.43 KB,2026-06-06 16:54:23,node_modules,node_modules\eslint,4
node_modules\eslint\lib\rules\no-object-constructor.js,C:\Users\Luis\Desktop\das4navy\node_modules\eslint\lib\rules\no-object-constructor.js,no-object-constructor.js,.js,2923,2.85 KB,2026-06-06 16:54:23,node_modules,node_modules\eslint,4
node_modules\eslint\lib\rules\no-octal-escape.js,C:\Users\Luis\Desktop\das4navy\node_modules\eslint\lib\rules\no-octal-escape.js,no-octal-escape.js,.js,1175,1.15 KB,2026-06-06 16:54:23,node_modules,node_modules\eslint,4
node_modules\eslint\lib\rules\no-octal.js,C:\Users\Luis\Desktop\das4navy\node_modules\eslint\lib\rules\no-octal.js,no-octal.js,.js,832,832.00 B,2026-06-06 16:54:23,node_modules,node_modules\eslint,4
node_modules\eslint\lib\rules\no-param-reassign.js,C:\Users\Luis\Desktop\das4navy\node_modules\eslint\lib\rules\no-param-reassign.js,no-param-reassign.js,.js,6363,6.21 KB,2026-06-06 16:54:23,node_modules,node_modules\eslint,4
node_modules\eslint\lib\rules\no-path-concat.js,C:\Users\Luis\Desktop\das4navy\node_modules\eslint\lib\rules\no-path-concat.js,no-path-concat.js,.js,2012,1.96 KB,2026-06-06 16:54:23,node_modules,node_modules\eslint,4
node_modules\eslint\lib\rules\no-plusplus.js,C:\Users\Luis\Desktop\das4navy\node_modules\eslint\lib\rules\no-plusplus.js,no-plusplus.js,.js,2672,2.61 KB,2026-06-06 16:54:23,node_modules,node_modules\eslint,4
node_modules\eslint\lib\rules\no-process-env.js,C:\Users\Luis\Desktop\das4navy\node_modules\eslint\lib\rules\no-process-env.js,no-process-env.js,.js,1646,1.61 KB,2026-06-06 16:54:23,node_modules,node_modules\eslint,4
node_modules\eslint\lib\rules\no-process-exit.js,C:\Users\Luis\Desktop\das4navy\node_modules\eslint\lib\rules\no-process-exit.js,no-process-exit.js,.js,1735,1.69 KB,2026-06-06 16:54:23,node_modules,node_modules\eslint,4
node_modules\eslint\lib\rules\no-promise-executor-return.js,C:\Users\Luis\Desktop\das4navy\node_modules\eslint\lib\rules\no-promise-executor-return.js,no-promise-executor-return.js,.js,6675,6.52 KB,2026-06-06 16:54:23,node_modules,node_modules\eslint,4
node_modules\eslint\lib\rules\no-proto.js,C:\Users\Luis\Desktop\das4navy\node_modules\eslint\lib\rules\no-proto.js,no-proto.js,.js,1093,1.07 KB,2026-06-06 16:54:23,node_modules,node_modules\eslint,4
node_modules\eslint\lib\rules\no-prototype-builtins.js,C:\Users\Luis\Desktop\das4navy\node_modules\eslint\lib\rules\no-prototype-builtins.js,no-prototype-builtins.js,.js,4721,4.61 KB,2026-06-06 16:54:23,node_modules,node_modules\eslint,4
node_modules\eslint\lib\rules\no-redeclare.js,C:\Users\Luis\Desktop\das4navy\node_modules\eslint\lib\rules\no-redeclare.js,no-redeclare.js,.js,4425,4.32 KB,2026-06-06 16:54:23,node_modules,node_modules\eslint,4
node_modules\eslint\lib\rules\no-regex-spaces.js,C:\Users\Luis\Desktop\das4navy\node_modules\eslint\lib\rules\no-regex-spaces.js,no-regex-spaces.js,.js,5276,5.15 KB,2026-06-06 16:54:23,node_modules,node_modules\eslint,4
node_modules\eslint\lib\rules\no-restricted-exports.js,C:\Users\Luis\Desktop\das4navy\node_modules\eslint\lib\rules\no-restricted-exports.js,no-restricted-exports.js,.js,5548,5.42 KB,2026-06-06 16:54:23,node_modules,node_modules\eslint,4
node_modules\eslint\lib\rules\no-restricted-globals.js,C:\Users\Luis\Desktop\das4navy\node_modules\eslint\lib\rules\no-restricted-globals.js,no-restricted-globals.js,.js,6204,6.06 KB,2026-06-06 16:54:23,node_modules,node_modules\eslint,4
node_modules\eslint\lib\rules\no-restricted-imports.js,C:\Users\Luis\Desktop\das4navy\node_modules\eslint\lib\rules\no-restricted-imports.js,no-restricted-imports.js,.js,25239,24.65 KB,2026-06-06 16:54:23,node_modules,node_modules\eslint,4
node_modules\eslint\lib\rules\no-restricted-modules.js,C:\Users\Luis\Desktop\das4navy\node_modules\eslint\lib\rules\no-restricted-modules.js,no-restricted-modules.js,.js,6128,5.98 KB,2026-06-06 16:54:23,node_modules,node_modules\eslint,4
node_modules\eslint\lib\rules\no-restricted-properties.js,C:\Users\Luis\Desktop\das4navy\node_modules\eslint\lib\rules\no-restricted-properties.js,no-restricted-properties.js,.js,5971,5.83 KB,2026-06-06 16:54:23,node_modules,node_modules\eslint,4
node_modules\eslint\lib\rules\no-restricted-syntax.js,C:\Users\Luis\Desktop\das4navy\node_modules\eslint\lib\rules\no-restricted-syntax.js,no-restricted-syntax.js,.js,1721,1.68 KB,2026-06-06 16:54:23,node_modules,node_modules\eslint,4
node_modules\eslint\lib\rules\no-return-assign.js,C:\Users\Luis\Desktop\das4navy\node_modules\eslint\lib\rules\no-return-assign.js,no-return-assign.js,.js,2259,2.21 KB,2026-06-06 16:54:23,node_modules,node_modules\eslint,4
node_modules\eslint\lib\rules\no-return-await.js,C:\Users\Luis\Desktop\das4navy\node_modules\eslint\lib\rules\no-return-await.js,no-return-await.js,.js,4457,4.35 KB,2026-06-06 16:54:23,node_modules,node_modules\eslint,4
node_modules\eslint\lib\rules\no-script-url.js,C:\Users\Luis\Desktop\das4navy\node_modules\eslint\lib\rules\no-script-url.js,no-script-url.js,.js,1512,1.48 KB,2026-06-06 16:54:23,node_modules,node_modules\eslint,4
node_modules\eslint\lib\rules\no-self-assign.js,C:\Users\Luis\Desktop\das4navy\node_modules\eslint\lib\rules\no-self-assign.js,no-self-assign.js,.js,4666,4.56 KB,2026-06-06 16:54:23,node_modules,node_modules\eslint,4
node_modules\eslint\lib\rules\no-self-compare.js,C:\Users\Luis\Desktop\das4navy\node_modules\eslint\lib\rules\no-self-compare.js,no-self-compare.js,.js,1705,1.67 KB,2026-06-06 16:54:23,node_modules,node_modules\eslint,4
node_modules\eslint\lib\rules\no-sequences.js,C:\Users\Luis\Desktop\das4navy\node_modules\eslint\lib\rules\no-sequences.js,no-sequences.js,.js,4011,3.92 KB,2026-06-06 16:54:23,node_modules,node_modules\eslint,4
node_modules\eslint\lib\rules\no-setter-return.js,C:\Users\Luis\Desktop\das4navy\node_modules\eslint\lib\rules\no-setter-return.js,no-setter-return.js,.js,5725,5.59 KB,2026-06-06 16:54:23,node_modules,node_modules\eslint,4
node_modules\eslint\lib\rules\no-shadow-restricted-names.js,C:\Users\Luis\Desktop\das4navy\node_modules\eslint\lib\rules\no-shadow-restricted-names.js,no-shadow-restricted-names.js,.js,2671,2.61 KB,2026-06-06 16:54:23,node_modules,node_modules\eslint,4
node_modules\eslint\lib\rules\no-shadow.js,C:\Users\Luis\Desktop\das4navy\node_modules\eslint\lib\rules\no-shadow.js,no-shadow.js,.js,19547,19.09 KB,2026-06-06 16:54:23,node_modules,node_modules\eslint,4
node_modules\eslint\lib\rules\no-spaced-func.js,C:\Users\Luis\Desktop\das4navy\node_modules\eslint\lib\rules\no-spaced-func.js,no-spaced-func.js,.js,2597,2.54 KB,2026-06-06 16:54:23,node_modules,node_modules\eslint,4
node_modules\eslint\lib\rules\no-sparse-arrays.js,C:\Users\Luis\Desktop\das4navy\node_modules\eslint\lib\rules\no-sparse-arrays.js,no-sparse-arrays.js,.js,1483,1.45 KB,2026-06-06 16:54:23,node_modules,node_modules\eslint,4
node_modules\eslint\lib\rules\no-sync.js,C:\Users\Luis\Desktop\das4navy\node_modules\eslint\lib\rules\no-sync.js,no-sync.js,.js,1887,1.84 KB,2026-06-06 16:54:23,node_modules,node_modules\eslint,4
node_modules\eslint\lib\rules\no-tabs.js,C:\Users\Luis\Desktop\das4navy\node_modules\eslint\lib\rules\no-tabs.js,no-tabs.js,.js,2449,2.39 KB,2026-06-06 16:54:23,node_modules,node_modules\eslint,4
node_modules\eslint\lib\rules\no-template-curly-in-string.js,C:\Users\Luis\Desktop\das4navy\node_modules\eslint\lib\rules\no-template-curly-in-string.js,no-template-curly-in-string.js,.js,989,989.00 B,2026-06-06 16:54:23,node_modules,node_modules\eslint,4
node_modules\eslint\lib\rules\no-ternary.js,C:\Users\Luis\Desktop\das4navy\node_modules\eslint\lib\rules\no-ternary.js,no-ternary.js,.js,785,785.00 B,2026-06-06 16:54:23,node_modules,node_modules\eslint,4
node_modules\eslint\lib\rules\no-this-before-super.js,C:\Users\Luis\Desktop\das4navy\node_modules\eslint\lib\rules\no-this-before-super.js,no-this-before-super.js,.js,9022,8.81 KB,2026-06-06 16:54:23,node_modules,node_modules\eslint,4
node_modules\eslint\lib\rules\no-throw-literal.js,C:\Users\Luis\Desktop\das4navy\node_modules\eslint\lib\rules\no-throw-literal.js,no-throw-literal.js,.js,1088,1.06 KB,2026-06-06 16:54:23,node_modules,node_modules\eslint,4
node_modules\eslint\lib\rules\no-trailing-spaces.js,C:\Users\Luis\Desktop\das4navy\node_modules\eslint\lib\rules\no-trailing-spaces.js,no-trailing-spaces.js,.js,6110,5.97 KB,2026-06-06 16:54:23,node_modules,node_modules\eslint,4
node_modules\eslint\lib\rules\no-unassigned-vars.js,C:\Users\Luis\Desktop\das4navy\node_modules\eslint\lib\rules\no-unassigned-vars.js,no-unassigned-vars.js,.js,1938,1.89 KB,2026-06-06 16:54:23,node_modules,node_modules\eslint,4
node_modules\eslint\lib\rules\no-undef-init.js,C:\Users\Luis\Desktop\das4navy\node_modules\eslint\lib\rules\no-undef-init.js,no-undef-init.js,.js,2409,2.35 KB,2026-06-06 16:54:23,node_modules,node_modules\eslint,4
node_modules\eslint\lib\rules\no-undef.js,C:\Users\Luis\Desktop\das4navy\node_modules\eslint\lib\rules\no-undef.js,no-undef.js,.js,1899,1.85 KB,2026-06-06 16:54:23,node_modules,node_modules\eslint,4
node_modules\eslint\lib\rules\no-undefined.js,C:\Users\Luis\Desktop\das4navy\node_modules\eslint\lib\rules\no-undefined.js,no-undefined.js,.js,2074,2.03 KB,2026-06-06 16:54:23,node_modules,node_modules\eslint,4
node_modules\eslint\lib\rules\no-underscore-dangle.js,C:\Users\Luis\Desktop\das4navy\node_modules\eslint\lib\rules\no-underscore-dangle.js,no-underscore-dangle.js,.js,9535,9.31 KB,2026-06-06 16:54:23,node_modules,node_modules\eslint,4
node_modules\eslint\lib\rules\no-unexpected-multiline.js,C:\Users\Luis\Desktop\das4navy\node_modules\eslint\lib\rules\no-unexpected-multiline.js,no-unexpected-multiline.js,.js,3477,3.40 KB,2026-06-06 16:54:23,node_modules,node_modules\eslint,4
node_modules\eslint\lib\rules\no-unmodified-loop-condition.js,C:\Users\Luis\Desktop\das4navy\node_modules\eslint\lib\rules\no-unmodified-loop-condition.js,no-unmodified-loop-condition.js,.js,10467,10.22 KB,2026-06-06 16:54:23,node_modules,node_modules\eslint,4
node_modules\eslint\lib\rules\no-unneeded-ternary.js,C:\Users\Luis\Desktop\das4navy\node_modules\eslint\lib\rules\no-unneeded-ternary.js,no-unneeded-ternary.js,.js,5935,5.80 KB,2026-06-06 16:54:23,node_modules,node_modules\eslint,4
node_modules\eslint\lib\rules\no-unreachable-loop.js,C:\Users\Luis\Desktop\das4navy\node_modules\eslint\lib\rules\no-unreachable-loop.js,no-unreachable-loop.js,.js,5076,4.96 KB,2026-06-06 16:54:23,node_modules,node_modules\eslint,4
node_modules\eslint\lib\rules\no-unreachable.js,C:\Users\Luis\Desktop\das4navy\node_modules\eslint\lib\rules\no-unreachable.js,no-unreachable.js,.js,7498,7.32 KB,2026-06-06 16:54:23,node_modules,node_modules\eslint,4
node_modules\eslint\lib\rules\no-unsafe-finally.js,C:\Users\Luis\Desktop\das4navy\node_modules\eslint\lib\rules\no-unsafe-finally.js,no-unsafe-finally.js,.js,3339,3.26 KB,2026-06-06 16:54:23,node_modules,node_modules\eslint,4
node_modules\eslint\lib\rules\no-unsafe-negation.js,C:\Users\Luis\Desktop\das4navy\node_modules\eslint\lib\rules\no-unsafe-negation.js,no-unsafe-negation.js,.js,3972,3.88 KB,2026-06-06 16:54:23,node_modules,node_modules\eslint,4
node_modules\eslint\lib\rules\no-unsafe-optional-chaining.js,C:\Users\Luis\Desktop\das4navy\node_modules\eslint\lib\rules\no-unsafe-optional-chaining.js,no-unsafe-optional-chaining.js,.js,5389,5.26 KB,2026-06-06 16:54:23,node_modules,node_modules\eslint,4
node_modules\eslint\lib\rules\no-unused-expressions.js,C:\Users\Luis\Desktop\das4navy\node_modules\eslint\lib\rules\no-unused-expressions.js,no-unused-expressions.js,.js,5495,5.37 KB,2026-06-06 16:54:23,node_modules,node_modules\eslint,4
node_modules\eslint\lib\rules\no-unused-labels.js,C:\Users\Luis\Desktop\das4navy\node_modules\eslint\lib\rules\no-unused-labels.js,no-unused-labels.js,.js,3878,3.79 KB,2026-06-06 16:54:23,node_modules,node_modules\eslint,4
node_modules\eslint\lib\rules\no-unused-private-class-members.js,C:\Users\Luis\Desktop\das4navy\node_modules\eslint\lib\rules\no-unused-private-class-members.js,no-unused-private-class-members.js,.js,12644,12.35 KB,2026-06-06 16:54:23,node_modules,node_modules\eslint,4
node_modules\eslint\lib\rules\no-unused-vars.js,C:\Users\Luis\Desktop\das4navy\node_modules\eslint\lib\rules\no-unused-vars.js,no-unused-vars.js,.js,48393,47.26 KB,2026-06-06 16:54:23,node_modules,node_modules\eslint,4
node_modules\eslint\lib\rules\no-use-before-define.js,C:\Users\Luis\Desktop\das4navy\node_modules\eslint\lib\rules\no-use-before-define.js,no-use-before-define.js,.js,12076,11.79 KB,2026-06-06 16:54:23,node_modules,node_modules\eslint,4
node_modules\eslint\lib\rules\no-useless-assignment.js,C:\Users\Luis\Desktop\das4navy\node_modules\eslint\lib\rules\no-useless-assignment.js,no-useless-assignment.js,.js,19487,19.03 KB,2026-06-06 16:54:23,node_modules,node_modules\eslint,4
node_modules\eslint\lib\rules\no-useless-backreference.js,C:\Users\Luis\Desktop\das4navy\node_modules\eslint\lib\rules\no-useless-backreference.js,no-useless-backreference.js,.js,7662,7.48 KB,2026-06-06 16:54:23,node_modules,node_modules\eslint,4
node_modules\eslint\lib\rules\no-useless-call.js,C:\Users\Luis\Desktop\das4navy\node_modules\eslint\lib\rules\no-useless-call.js,no-useless-call.js,.js,2779,2.71 KB,2026-06-06 16:54:23,node_modules,node_modules\eslint,4
node_modules\eslint\lib\rules\no-useless-catch.js,C:\Users\Luis\Desktop\das4navy\node_modules\eslint\lib\rules\no-useless-catch.js,no-useless-catch.js,.js,1310,1.28 KB,2026-06-06 16:54:23,node_modules,node_modules\eslint,4
node_modules\eslint\lib\rules\no-useless-computed-key.js,C:\Users\Luis\Desktop\das4navy\node_modules\eslint\lib\rules\no-useless-computed-key.js,no-useless-computed-key.js,.js,5936,5.80 KB,2026-06-06 16:54:23,node_modules,node_modules\eslint,4
node_modules\eslint\lib\rules\no-useless-concat.js,C:\Users\Luis\Desktop\das4navy\node_modules\eslint\lib\rules\no-useless-concat.js,no-useless-concat.js,.js,2964,2.89 KB,2026-06-06 16:54:23,node_modules,node_modules\eslint,4
node_modules\eslint\lib\rules\no-useless-constructor.js,C:\Users\Luis\Desktop\das4navy\node_modules\eslint\lib\rules\no-useless-constructor.js,no-useless-constructor.js,.js,7190,7.02 KB,2026-06-06 16:54:23,node_modules,node_modules\eslint,4
node_modules\eslint\lib\rules\no-useless-escape.js,C:\Users\Luis\Desktop\das4navy\node_modules\eslint\lib\rules\no-useless-escape.js,no-useless-escape.js,.js,11065,10.81 KB,2026-06-06 16:54:23,node_modules,node_modules\eslint,4
node_modules\eslint\lib\rules\no-useless-rename.js,C:\Users\Luis\Desktop\das4navy\node_modules\eslint\lib\rules\no-useless-rename.js,no-useless-rename.js,.js,4929,4.81 KB,2026-06-06 16:54:23,node_modules,node_modules\eslint,4
node_modules\eslint\lib\rules\no-useless-return.js,C:\Users\Luis\Desktop\das4navy\node_modules\eslint\lib\rules\no-useless-return.js,no-useless-return.js,.js,11954,11.67 KB,2026-06-06 16:54:23,node_modules,node_modules\eslint,4
node_modules\eslint\lib\rules\no-var.js,C:\Users\Luis\Desktop\das4navy\node_modules\eslint\lib\rules\no-var.js,no-var.js,.js,12748,12.45 KB,2026-06-06 16:54:23,node_modules,node_modules\eslint,4
node_modules\eslint\lib\rules\no-void.js,C:\Users\Luis\Desktop\das4navy\node_modules\eslint\lib\rules\no-void.js,no-void.js,.js,1366,1.33 KB,2026-06-06 16:54:23,node_modules,node_modules\eslint,4
node_modules\eslint\lib\rules\no-warning-comments.js,C:\Users\Luis\Desktop\das4navy\node_modules\eslint\lib\rules\no-warning-comments.js,no-warning-comments.js,.js,5670,5.54 KB,2026-06-06 16:54:23,node_modules,node_modules\eslint,4
node_modules\eslint\lib\rules\no-whitespace-before-property.js,C:\Users\Luis\Desktop\das4navy\node_modules\eslint\lib\rules\no-whitespace-before-property.js,no-whitespace-before-property.js,.js,3877,3.79 KB,2026-06-06 16:54:23,node_modules,node_modules\eslint,4
node_modules\eslint\lib\rules\no-with.js,C:\Users\Luis\Desktop\das4navy\node_modules\eslint\lib\rules\no-with.js,no-with.js,.js,757,757.00 B,2026-06-06 16:54:23,node_modules,node_modules\eslint,4
node_modules\eslint\lib\rules\nonblock-statement-body-position.js,C:\Users\Luis\Desktop\das4navy\node_modules\eslint\lib\rules\nonblock-statement-body-position.js,nonblock-statement-body-position.js,.js,4418,4.31 KB,2026-06-06 16:54:23,node_modules,node_modules\eslint,4
node_modules\eslint\lib\rules\object-curly-newline.js,C:\Users\Luis\Desktop\das4navy\node_modules\eslint\lib\rules\object-curly-newline.js,object-curly-newline.js,.js,10115,9.88 KB,2026-06-06 16:54:23,node_modules,node_modules\eslint,4
node_modules\eslint\lib\rules\object-curly-spacing.js,C:\Users\Luis\Desktop\das4navy\node_modules\eslint\lib\rules\object-curly-spacing.js,object-curly-spacing.js,.js,10353,10.11 KB,2026-06-06 16:54:23,node_modules,node_modules\eslint,4
node_modules\eslint\lib\rules\object-property-newline.js,C:\Users\Luis\Desktop\das4navy\node_modules\eslint\lib\rules\object-property-newline.js,object-property-newline.js,.js,3758,3.67 KB,2026-06-06 16:54:23,node_modules,node_modules\eslint,4
node_modules\eslint\lib\rules\object-shorthand.js,C:\Users\Luis\Desktop\das4navy\node_modules\eslint\lib\rules\object-shorthand.js,object-shorthand.js,.js,18556,18.12 KB,2026-06-06 16:54:23,node_modules,node_modules\eslint,4
node_modules\eslint\lib\rules\one-var-declaration-per-line.js,C:\Users\Luis\Desktop\das4navy\node_modules\eslint\lib\rules\one-var-declaration-per-line.js,one-var-declaration-per-line.js,.js,2995,2.92 KB,2026-06-06 16:54:23,node_modules,node_modules\eslint,4
node_modules\eslint\lib\rules\one-var.js,C:\Users\Luis\Desktop\das4navy\node_modules\eslint\lib\rules\one-var.js,one-var.js,.js,19198,18.75 KB,2026-06-06 16:54:23,node_modules,node_modules\eslint,4
node_modules\eslint\lib\rules\operator-assignment.js,C:\Users\Luis\Desktop\das4navy\node_modules\eslint\lib\rules\operator-assignment.js,operator-assignment.js,.js,7536,7.36 KB,2026-06-06 16:54:23,node_modules,node_modules\eslint,4
node_modules\eslint\lib\rules\operator-linebreak.js,C:\Users\Luis\Desktop\das4navy\node_modules\eslint\lib\rules\operator-linebreak.js,operator-linebreak.js,.js,8901,8.69 KB,2026-06-06 16:54:23,node_modules,node_modules\eslint,4
node_modules\eslint\lib\rules\padded-blocks.js,C:\Users\Luis\Desktop\das4navy\node_modules\eslint\lib\rules\padded-blocks.js,padded-blocks.js,.js,8910,8.70 KB,2026-06-06 16:54:23,node_modules,node_modules\eslint,4
node_modules\eslint\lib\rules\padding-line-between-statements.js,C:\Users\Luis\Desktop\das4navy\node_modules\eslint\lib\rules\padding-line-between-statements.js,padding-line-between-statements.js,.js,16984,16.59 KB,2026-06-06 16:54:23,node_modules,node_modules\eslint,4
node_modules\eslint\lib\rules\prefer-arrow-callback.js,C:\Users\Luis\Desktop\das4navy\node_modules\eslint\lib\rules\prefer-arrow-callback.js,prefer-arrow-callback.js,.js,12053,11.77 KB,2026-06-06 16:54:23,node_modules,node_modules\eslint,4
node_modules\eslint\lib\rules\prefer-const.js,C:\Users\Luis\Desktop\das4navy\node_modules\eslint\lib\rules\prefer-const.js,prefer-const.js,.js,16061,15.68 KB,2026-06-06 16:54:23,node_modules,node_modules\eslint,4
node_modules\eslint\lib\rules\prefer-destructuring.js,C:\Users\Luis\Desktop\das4navy\node_modules\eslint\lib\rules\prefer-destructuring.js,prefer-destructuring.js,.js,8931,8.72 KB,2026-06-06 16:54:23,node_modules,node_modules\eslint,4
node_modules\eslint\lib\rules\prefer-exponentiation-operator.js,C:\Users\Luis\Desktop\das4navy\node_modules\eslint\lib\rules\prefer-exponentiation-operator.js,prefer-exponentiation-operator.js,.js,6727,6.57 KB,2026-06-06 16:54:23,node_modules,node_modules\eslint,4
node_modules\eslint\lib\rules\prefer-named-capture-group.js,C:\Users\Luis\Desktop\das4navy\node_modules\eslint\lib\rules\prefer-named-capture-group.js,prefer-named-capture-group.js,.js,5048,4.93 KB,2026-06-06 16:54:23,node_modules,node_modules\eslint,4
node_modules\eslint\lib\rules\prefer-numeric-literals.js,C:\Users\Luis\Desktop\das4navy\node_modules\eslint\lib\rules\prefer-numeric-literals.js,prefer-numeric-literals.js,.js,4504,4.40 KB,2026-06-06 16:54:23,node_modules,node_modules\eslint,4
node_modules\eslint\lib\rules\prefer-object-has-own.js,C:\Users\Luis\Desktop\das4navy\node_modules\eslint\lib\rules\prefer-object-has-own.js,prefer-object-has-own.js,.js,3804,3.71 KB,2026-06-06 16:54:23,node_modules,node_modules\eslint,4
node_modules\eslint\lib\rules\prefer-object-spread.js,C:\Users\Luis\Desktop\das4navy\node_modules\eslint\lib\rules\prefer-object-spread.js,prefer-object-spread.js,.js,9489,9.27 KB,2026-06-06 16:54:23,node_modules,node_modules\eslint,4
node_modules\eslint\lib\rules\prefer-promise-reject-errors.js,C:\Users\Luis\Desktop\das4navy\node_modules\eslint\lib\rules\prefer-promise-reject-errors.js,prefer-promise-reject-errors.js,.js,4614,4.51 KB,2026-06-06 16:54:23,node_modules,node_modules\eslint,4
node_modules\eslint\lib\rules\prefer-reflect.js,C:\Users\Luis\Desktop\das4navy\node_modules\eslint\lib\rules\prefer-reflect.js,prefer-reflect.js,.js,3828,3.74 KB,2026-06-06 16:54:23,node_modules,node_modules\eslint,4
node_modules\eslint\lib\rules\prefer-regex-literals.js,C:\Users\Luis\Desktop\das4navy\node_modules\eslint\lib\rules\prefer-regex-literals.js,prefer-regex-literals.js,.js,14379,14.04 KB,2026-06-06 16:54:23,node_modules,node_modules\eslint,4
node_modules\eslint\lib\rules\prefer-rest-params.js,C:\Users\Luis\Desktop\das4navy\node_modules\eslint\lib\rules\prefer-rest-params.js,prefer-rest-params.js,.js,3326,3.25 KB,2026-06-06 16:54:23,node_modules,node_modules\eslint,4
node_modules\eslint\lib\rules\prefer-spread.js,C:\Users\Luis\Desktop\das4navy\node_modules\eslint\lib\rules\prefer-spread.js,prefer-spread.js,.js,2555,2.50 KB,2026-06-06 16:54:23,node_modules,node_modules\eslint,4
node_modules\eslint\lib\rules\prefer-template.js,C:\Users\Luis\Desktop\das4navy\node_modules\eslint\lib\rules\prefer-template.js,prefer-template.js,.js,10537,10.29 KB,2026-06-06 16:54:23,node_modules,node_modules\eslint,4
node_modules\eslint\lib\rules\preserve-caught-error.js,C:\Users\Luis\Desktop\das4navy\node_modules\eslint\lib\rules\preserve-caught-error.js,preserve-caught-error.js,.js,16268,15.89 KB,2026-06-06 16:54:23,node_modules,node_modules\eslint,4
node_modules\eslint\lib\rules\quote-props.js,C:\Users\Luis\Desktop\das4navy\node_modules\eslint\lib\rules\quote-props.js,quote-props.js,.js,10129,9.89 KB,2026-06-06 16:54:23,node_modules,node_modules\eslint,4
node_modules\eslint\lib\rules\quotes.js,C:\Users\Luis\Desktop\das4navy\node_modules\eslint\lib\rules\quotes.js,quotes.js,.js,10934,10.68 KB,2026-06-06 16:54:23,node_modules,node_modules\eslint,4
node_modules\eslint\lib\rules\radix.js,C:\Users\Luis\Desktop\das4navy\node_modules\eslint\lib\rules\radix.js,radix.js,.js,5081,4.96 KB,2026-06-06 16:54:23,node_modules,node_modules\eslint,4
node_modules\eslint\lib\rules\require-atomic-updates.js,C:\Users\Luis\Desktop\das4navy\node_modules\eslint\lib\rules\require-atomic-updates.js,require-atomic-updates.js,.js,9293,9.08 KB,2026-06-06 16:54:23,node_modules,node_modules\eslint,4
node_modules\eslint\lib\rules\require-await.js,C:\Users\Luis\Desktop\das4navy\node_modules\eslint\lib\rules\require-await.js,require-await.js,.js,4597,4.49 KB,2026-06-06 16:54:23,node_modules,node_modules\eslint,4
node_modules\eslint\lib\rules\require-unicode-regexp.js,C:\Users\Luis\Desktop\das4navy\node_modules\eslint\lib\rules\require-unicode-regexp.js,require-unicode-regexp.js,.js,7765,7.58 KB,2026-06-06 16:54:23,node_modules,node_modules\eslint,4
node_modules\eslint\lib\rules\require-yield.js,C:\Users\Luis\Desktop\das4navy\node_modules\eslint\lib\rules\require-yield.js,require-yield.js,.js,2047,2.00 KB,2026-06-06 16:54:23,node_modules,node_modules\eslint,4
node_modules\eslint\lib\rules\rest-spread-spacing.js,C:\Users\Luis\Desktop\das4navy\node_modules\eslint\lib\rules\rest-spread-spacing.js,rest-spread-spacing.js,.js,3716,3.63 KB,2026-06-06 16:54:23,node_modules,node_modules\eslint,4
node_modules\eslint\lib\rules\semi-spacing.js,C:\Users\Luis\Desktop\das4navy\node_modules\eslint\lib\rules\semi-spacing.js,semi-spacing.js,.js,7372,7.20 KB,2026-06-06 16:54:23,node_modules,node_modules\eslint,4
node_modules\eslint\lib\rules\semi-style.js,C:\Users\Luis\Desktop\das4navy\node_modules\eslint\lib\rules\semi-style.js,semi-style.js,.js,5246,5.12 KB,2026-06-06 16:54:23,node_modules,node_modules\eslint,4
node_modules\eslint\lib\rules\semi.js,C:\Users\Luis\Desktop\das4navy\node_modules\eslint\lib\rules\semi.js,semi.js,.js,13324,13.01 KB,2026-06-06 16:54:23,node_modules,node_modules\eslint,4
node_modules\eslint\lib\rules\sort-imports.js,C:\Users\Luis\Desktop\das4navy\node_modules\eslint\lib\rules\sort-imports.js,sort-imports.js,.js,8603,8.40 KB,2026-06-06 16:54:23,node_modules,node_modules\eslint,4
node_modules\eslint\lib\rules\sort-keys.js,C:\Users\Luis\Desktop\das4navy\node_modules\eslint\lib\rules\sort-keys.js,sort-keys.js,.js,5880,5.74 KB,2026-06-06 16:54:23,node_modules,node_modules\eslint,4
node_modules\eslint\lib\rules\sort-vars.js,C:\Users\Luis\Desktop\das4navy\node_modules\eslint\lib\rules\sort-vars.js,sort-vars.js,.js,3320,3.24 KB,2026-06-06 16:54:23,node_modules,node_modules\eslint,4
node_modules\eslint\lib\rules\space-before-blocks.js,C:\Users\Luis\Desktop\das4navy\node_modules\eslint\lib\rules\space-before-blocks.js,space-before-blocks.js,.js,6322,6.17 KB,2026-06-06 16:54:23,node_modules,node_modules\eslint,4
node_modules\eslint\lib\rules\space-before-function-paren.js,C:\Users\Luis\Desktop\das4navy\node_modules\eslint\lib\rules\space-before-function-paren.js,space-before-function-paren.js,.js,5233,5.11 KB,2026-06-06 16:54:23,node_modules,node_modules\eslint,4
node_modules\eslint\lib\rules\space-in-parens.js,C:\Users\Luis\Desktop\das4navy\node_modules\eslint\lib\rules\space-in-parens.js,space-in-parens.js,.js,9290,9.07 KB,2026-06-06 16:54:23,node_modules,node_modules\eslint,4
node_modules\eslint\lib\rules\space-infix-ops.js,C:\Users\Luis\Desktop\das4navy\node_modules\eslint\lib\rules\space-infix-ops.js,space-infix-ops.js,.js,5846,5.71 KB,2026-06-06 16:54:23,node_modules,node_modules\eslint,4
node_modules\eslint\lib\rules\space-unary-ops.js,C:\Users\Luis\Desktop\das4navy\node_modules\eslint\lib\rules\space-unary-ops.js,space-unary-ops.js,.js,10644,10.39 KB,2026-06-06 16:54:23,node_modules,node_modules\eslint,4
node_modules\eslint\lib\rules\spaced-comment.js,C:\Users\Luis\Desktop\das4navy\node_modules\eslint\lib\rules\spaced-comment.js,spaced-comment.js,.js,11246,10.98 KB,2026-06-06 16:54:23,node_modules,node_modules\eslint,4
node_modules\eslint\lib\rules\strict.js,C:\Users\Luis\Desktop\das4navy\node_modules\eslint\lib\rules\strict.js,strict.js,.js,9361,9.14 KB,2026-06-06 16:54:23,node_modules,node_modules\eslint,4
node_modules\eslint\lib\rules\switch-colon-spacing.js,C:\Users\Luis\Desktop\das4navy\node_modules\eslint\lib\rules\switch-colon-spacing.js,switch-colon-spacing.js,.js,4695,4.58 KB,2026-06-06 16:54:23,node_modules,node_modules\eslint,4
node_modules\eslint\lib\rules\symbol-description.js,C:\Users\Luis\Desktop\das4navy\node_modules\eslint\lib\rules\symbol-description.js,symbol-description.js,.js,1701,1.66 KB,2026-06-06 16:54:23,node_modules,node_modules\eslint,4
node_modules\eslint\lib\rules\template-curly-spacing.js,C:\Users\Luis\Desktop\das4navy\node_modules\eslint\lib\rules\template-curly-spacing.js,template-curly-spacing.js,.js,4337,4.24 KB,2026-06-06 16:54:23,node_modules,node_modules\eslint,4
node_modules\eslint\lib\rules\template-tag-spacing.js,C:\Users\Luis\Desktop\das4navy\node_modules\eslint\lib\rules\template-tag-spacing.js,template-tag-spacing.js,.js,3053,2.98 KB,2026-06-06 16:54:23,node_modules,node_modules\eslint,4
node_modules\eslint\lib\rules\unicode-bom.js,C:\Users\Luis\Desktop\das4navy\node_modules\eslint\lib\rules\unicode-bom.js,unicode-bom.js,.js,1716,1.68 KB,2026-06-06 16:54:23,node_modules,node_modules\eslint,4
node_modules\eslint\lib\rules\use-isnan.js,C:\Users\Luis\Desktop\das4navy\node_modules\eslint\lib\rules\use-isnan.js,use-isnan.js,.js,7130,6.96 KB,2026-06-06 16:54:23,node_modules,node_modules\eslint,4
node_modules\eslint\lib\rules\utils\ast-utils.js,C:\Users\Luis\Desktop\das4navy\node_modules\eslint\lib\rules\utils\ast-utils.js,ast-utils.js,.js,83671,81.71 KB,2026-06-06 16:54:22,node_modules,node_modules\eslint,5
node_modules\eslint\lib\rules\utils\char-source.js,C:\Users\Luis\Desktop\das4navy\node_modules\eslint\lib\rules\utils\char-source.js,char-source.js,.js,5905,5.77 KB,2026-06-06 16:54:22,node_modules,node_modules\eslint,5
node_modules\eslint\lib\rules\utils\fix-tracker.js,C:\Users\Luis\Desktop\das4navy\node_modules\eslint\lib\rules\utils\fix-tracker.js,fix-tracker.js,.js,4030,3.94 KB,2026-06-06 16:54:22,node_modules,node_modules\eslint,5
node_modules\eslint\lib\rules\utils\keywords.js,C:\Users\Luis\Desktop\das4navy\node_modules\eslint\lib\rules\utils\keywords.js,keywords.js,.js,741,741.00 B,2026-06-06 16:54:22,node_modules,node_modules\eslint,5
node_modules\eslint\lib\rules\utils\lazy-loading-rule-map.js,C:\Users\Luis\Desktop\das4navy\node_modules\eslint\lib\rules\utils\lazy-loading-rule-map.js,lazy-loading-rule-map.js,.js,2622,2.56 KB,2026-06-06 16:54:22,node_modules,node_modules\eslint,5
node_modules\eslint\lib\rules\utils\regular-expressions.js,C:\Users\Luis\Desktop\das4navy\node_modules\eslint\lib\rules\utils\regular-expressions.js,regular-expressions.js,.js,1380,1.35 KB,2026-06-06 16:54:23,node_modules,node_modules\eslint,5
node_modules\eslint\lib\rules\utils\unicode\index.js,C:\Users\Luis\Desktop\das4navy\node_modules\eslint\lib\rules\utils\unicode\index.js,index.js,.js,446,446.00 B,2026-06-06 16:54:22,node_modules,node_modules\eslint,6
node_modules\eslint\lib\rules\utils\unicode\is-combining-character.js,C:\Users\Luis\Desktop\das4navy\node_modules\eslint\lib\rules\utils\unicode\is-combining-character.js,is-combining-character.js,.js,461,461.00 B,2026-06-06 16:54:22,node_modules,node_modules\eslint,6
node_modules\eslint\lib\rules\utils\unicode\is-emoji-modifier.js,C:\Users\Luis\Desktop\das4navy\node_modules\eslint\lib\rules\utils\unicode\is-emoji-modifier.js,is-emoji-modifier.js,.js,364,364.00 B,2026-06-06 16:54:22,node_modules,node_modules\eslint,6
node_modules\eslint\lib\rules\utils\unicode\is-regional-indicator-symbol.js,C:\Users\Luis\Desktop\das4navy\node_modules\eslint\lib\rules\utils\unicode\is-regional-indicator-symbol.js,is-regional-indicator-symbol.js,.js,394,394.00 B,2026-06-06 16:54:22,node_modules,node_modules\eslint,6
node_modules\eslint\lib\rules\utils\unicode\is-surrogate-pair.js,C:\Users\Luis\Desktop\das4navy\node_modules\eslint\lib\rules\utils\unicode\is-surrogate-pair.js,is-surrogate-pair.js,.js,468,468.00 B,2026-06-06 16:54:22,node_modules,node_modules\eslint,6
node_modules\eslint\lib\rules\valid-typeof.js,C:\Users\Luis\Desktop\das4navy\node_modules\eslint\lib\rules\valid-typeof.js,valid-typeof.js,.js,4262,4.16 KB,2026-06-06 16:54:23,node_modules,node_modules\eslint,4
node_modules\eslint\lib\rules\vars-on-top.js,C:\Users\Luis\Desktop\das4navy\node_modules\eslint\lib\rules\vars-on-top.js,vars-on-top.js,.js,4304,4.20 KB,2026-06-06 16:54:23,node_modules,node_modules\eslint,4
node_modules\eslint\lib\rules\wrap-iife.js,C:\Users\Luis\Desktop\das4navy\node_modules\eslint\lib\rules\wrap-iife.js,wrap-iife.js,.js,6914,6.75 KB,2026-06-06 16:54:23,node_modules,node_modules\eslint,4
node_modules\eslint\lib\rules\wrap-regex.js,C:\Users\Luis\Desktop\das4navy\node_modules\eslint\lib\rules\wrap-regex.js,wrap-regex.js,.js,2167,2.12 KB,2026-06-06 16:54:23,node_modules,node_modules\eslint,4
node_modules\eslint\lib\rules\yield-star-spacing.js,C:\Users\Luis\Desktop\das4navy\node_modules\eslint\lib\rules\yield-star-spacing.js,yield-star-spacing.js,.js,3982,3.89 KB,2026-06-06 16:54:23,node_modules,node_modules\eslint,4
node_modules\eslint\lib\rules\yoda.js,C:\Users\Luis\Desktop\das4navy\node_modules\eslint\lib\rules\yoda.js,yoda.js,.js,9713,9.49 KB,2026-06-06 16:54:23,node_modules,node_modules\eslint,4
node_modules\eslint\lib\services\parser-service.js,C:\Users\Luis\Desktop\das4navy\node_modules\eslint\lib\services\parser-service.js,parser-service.js,.js,1790,1.75 KB,2026-06-06 16:54:23,node_modules,node_modules\eslint,4
node_modules\eslint\lib\services\processor-service.js,C:\Users\Luis\Desktop\das4navy\node_modules\eslint\lib\services\processor-service.js,processor-service.js,.js,2934,2.87 KB,2026-06-06 16:54:23,node_modules,node_modules\eslint,4
node_modules\eslint\lib\services\suppressions-service.js,C:\Users\Luis\Desktop\das4navy\node_modules\eslint\lib\services\suppressions-service.js,suppressions-service.js,.js,8732,8.53 KB,2026-06-06 16:54:23,node_modules,node_modules\eslint,4
node_modules\eslint\lib\services\warning-service.js,C:\Users\Luis\Desktop\das4navy\node_modules\eslint\lib\services\warning-service.js,warning-service.js,.js,2782,2.72 KB,2026-06-06 16:54:23,node_modules,node_modules\eslint,4
node_modules\eslint\lib\shared\ajv.js,C:\Users\Luis\Desktop\das4navy\node_modules\eslint\lib\shared\ajv.js,ajv.js,.js,931,931.00 B,2026-06-06 16:54:21,node_modules,node_modules\eslint,4
node_modules\eslint\lib\shared\assert.js,C:\Users\Luis\Desktop\das4navy\node_modules\eslint\lib\shared\assert.js,assert.js,.js,524,524.00 B,2026-06-06 16:54:22,node_modules,node_modules\eslint,4
node_modules\eslint\lib\shared\ast-utils.js,C:\Users\Luis\Desktop\das4navy\node_modules\eslint\lib\shared\ast-utils.js,ast-utils.js,.js,897,897.00 B,2026-06-06 16:54:22,node_modules,node_modules\eslint,4
node_modules\eslint\lib\shared\deep-merge-arrays.js,C:\Users\Luis\Desktop\das4navy\node_modules\eslint\lib\shared\deep-merge-arrays.js,deep-merge-arrays.js,.js,1574,1.54 KB,2026-06-06 16:54:22,node_modules,node_modules\eslint,4
node_modules\eslint\lib\shared\directives.js,C:\Users\Luis\Desktop\das4navy\node_modules\eslint\lib\shared\directives.js,directives.js,.js,413,413.00 B,2026-06-06 16:54:22,node_modules,node_modules\eslint,4
node_modules\eslint\lib\shared\flags.js,C:\Users\Luis\Desktop\das4navy\node_modules\eslint\lib\shared\flags.js,flags.js,.js,2328,2.27 KB,2026-06-06 16:54:22,node_modules,node_modules\eslint,4
node_modules\eslint\lib\shared\logging.js,C:\Users\Luis\Desktop\das4navy\node_modules\eslint\lib\shared\logging.js,logging.js,.js,635,635.00 B,2026-06-06 16:54:22,node_modules,node_modules\eslint,4
node_modules\eslint\lib\shared\message-counts.js,C:\Users\Luis\Desktop\das4navy\node_modules\eslint\lib\shared\message-counts.js,message-counts.js,.js,941,941.00 B,2026-06-06 16:54:22,node_modules,node_modules\eslint,4
node_modules\eslint\lib\shared\naming.js,C:\Users\Luis\Desktop\das4navy\node_modules\eslint\lib\shared\naming.js,naming.js,.js,2951,2.88 KB,2026-06-06 16:54:22,node_modules,node_modules\eslint,4
node_modules\eslint\lib\shared\option-utils.js,C:\Users\Luis\Desktop\das4navy\node_modules\eslint\lib\shared\option-utils.js,option-utils.js,.js,1271,1.24 KB,2026-06-06 16:54:23,node_modules,node_modules\eslint,4
node_modules\eslint\lib\shared\relative-module-resolver.js,C:\Users\Luis\Desktop\das4navy\node_modules\eslint\lib\shared\relative-module-resolver.js,relative-module-resolver.js,.js,1028,1.00 KB,2026-06-06 16:54:23,node_modules,node_modules\eslint,4
node_modules\eslint\lib\shared\runtime-info.js,C:\Users\Luis\Desktop\das4navy\node_modules\eslint\lib\shared\runtime-info.js,runtime-info.js,.js,5142,5.02 KB,2026-06-06 16:54:23,node_modules,node_modules\eslint,4
node_modules\eslint\lib\shared\serialization.js,C:\Users\Luis\Desktop\das4navy\node_modules\eslint\lib\shared\serialization.js,serialization.js,.js,2111,2.06 KB,2026-06-06 16:54:23,node_modules,node_modules\eslint,4
node_modules\eslint\lib\shared\severity.js,C:\Users\Luis\Desktop\das4navy\node_modules\eslint\lib\shared\severity.js,severity.js,.js,1177,1.15 KB,2026-06-06 16:54:23,node_modules,node_modules\eslint,4
node_modules\eslint\lib\shared\stats.js,C:\Users\Luis\Desktop\das4navy\node_modules\eslint\lib\shared\stats.js,stats.js,.js,638,638.00 B,2026-06-06 16:54:23,node_modules,node_modules\eslint,4
node_modules\eslint\lib\shared\string-utils.js,C:\Users\Luis\Desktop\das4navy\node_modules\eslint\lib\shared\string-utils.js,string-utils.js,.js,1549,1.51 KB,2026-06-06 16:54:23,node_modules,node_modules\eslint,4
node_modules\eslint\lib\shared\text-table.js,C:\Users\Luis\Desktop\das4navy\node_modules\eslint\lib\shared\text-table.js,text-table.js,.js,2213,2.16 KB,2026-06-06 16:54:23,node_modules,node_modules\eslint,4
node_modules\eslint\lib\shared\translate-cli-options.js,C:\Users\Luis\Desktop\das4navy\node_modules\eslint\lib\shared\translate-cli-options.js,translate-cli-options.js,.js,6016,5.88 KB,2026-06-06 16:54:23,node_modules,node_modules\eslint,4
node_modules\eslint\lib\shared\traverser.js,C:\Users\Luis\Desktop\das4navy\node_modules\eslint\lib\shared\traverser.js,traverser.js,.js,4858,4.74 KB,2026-06-06 16:54:23,node_modules,node_modules\eslint,4
node_modules\eslint\lib\types\config-api.d.ts,C:\Users\Luis\Desktop\das4navy\node_modules\eslint\lib\types\config-api.d.ts,config-api.d.ts,.ts,270,270.00 B,2026-06-06 16:54:23,node_modules,node_modules\eslint,4
node_modules\eslint\lib\types\index.d.ts,C:\Users\Luis\Desktop\das4navy\node_modules\eslint\lib\types\index.d.ts,index.d.ts,.ts,40954,39.99 KB,2026-06-06 16:54:23,node_modules,node_modules\eslint,4
node_modules\eslint\lib\types\rules.d.ts,C:\Users\Luis\Desktop\das4navy\node_modules\eslint\lib\types\rules.d.ts,rules.d.ts,.ts,130759,127.69 KB,2026-06-06 16:54:23,node_modules,node_modules\eslint,4
node_modules\eslint\lib\types\universal.d.ts,C:\Users\Luis\Desktop\das4navy\node_modules\eslint\lib\types\universal.d.ts,universal.d.ts,.ts,140,140.00 B,2026-06-06 16:54:23,node_modules,node_modules\eslint,4
node_modules\eslint\lib\types\use-at-your-own-risk.d.ts,C:\Users\Luis\Desktop\das4navy\node_modules\eslint\lib\types\use-at-your-own-risk.d.ts,use-at-your-own-risk.d.ts,.ts,1480,1.45 KB,2026-06-06 16:54:23,node_modules,node_modules\eslint,4
node_modules\eslint\lib\universal.js,C:\Users\Luis\Desktop\das4navy\node_modules\eslint\lib\universal.js,universal.js,.js,181,181.00 B,2026-06-06 16:54:23,node_modules,node_modules\eslint,3
node_modules\eslint\lib\unsupported-api.js,C:\Users\Luis\Desktop\das4navy\node_modules\eslint\lib\unsupported-api.js,unsupported-api.js,.js,714,714.00 B,2026-06-06 16:54:23,node_modules,node_modules\eslint,3
node_modules\eslint\messages\all-matched-files-ignored.js,C:\Users\Luis\Desktop\das4navy\node_modules\eslint\messages\all-matched-files-ignored.js,all-matched-files-ignored.js,.js,1022,1022.00 B,2026-06-06 16:54:21,node_modules,node_modules\eslint,3
node_modules\eslint\messages\config-file-missing.js,C:\Users\Luis\Desktop\das4navy\node_modules\eslint\messages\config-file-missing.js,config-file-missing.js,.js,526,526.00 B,2026-06-06 16:54:22,node_modules,node_modules\eslint,3
node_modules\eslint\messages\config-plugin-missing.js,C:\Users\Luis\Desktop\das4navy\node_modules\eslint\messages\config-plugin-missing.js,config-plugin-missing.js,.js,445,445.00 B,2026-06-06 16:54:22,node_modules,node_modules\eslint,3
node_modules\eslint\messages\config-serialize-function.js,C:\Users\Luis\Desktop\das4navy\node_modules\eslint\messages\config-serialize-function.js,config-serialize-function.js,.js,942,942.00 B,2026-06-06 16:54:22,node_modules,node_modules\eslint,3
node_modules\eslint\messages\eslintrc-incompat.js,C:\Users\Luis\Desktop\das4navy\node_modules\eslint\messages\eslintrc-incompat.js,eslintrc-incompat.js,.js,5209,5.09 KB,2026-06-06 16:54:22,node_modules,node_modules\eslint,3
node_modules\eslint\messages\eslintrc-plugins.js,C:\Users\Luis\Desktop\das4navy\node_modules\eslint\messages\eslintrc-plugins.js,eslintrc-plugins.js,.js,927,927.00 B,2026-06-06 16:54:22,node_modules,node_modules\eslint,3
node_modules\eslint\messages\extend-config-missing.js,C:\Users\Luis\Desktop\das4navy\node_modules\eslint\messages\extend-config-missing.js,extend-config-missing.js,.js,418,418.00 B,2026-06-06 16:54:22,node_modules,node_modules\eslint,3
node_modules\eslint\messages\failed-to-read-json.js,C:\Users\Luis\Desktop\das4navy\node_modules\eslint\messages\failed-to-read-json.js,failed-to-read-json.js,.js,157,157.00 B,2026-06-06 16:54:22,node_modules,node_modules\eslint,3
node_modules\eslint\messages\file-not-found.js,C:\Users\Luis\Desktop\das4navy\node_modules\eslint\messages\file-not-found.js,file-not-found.js,.js,268,268.00 B,2026-06-06 16:54:22,node_modules,node_modules\eslint,3
node_modules\eslint\messages\invalid-rule-options.js,C:\Users\Luis\Desktop\das4navy\node_modules\eslint\messages\invalid-rule-options.js,invalid-rule-options.js,.js,646,646.00 B,2026-06-06 16:54:22,node_modules,node_modules\eslint,3
node_modules\eslint\messages\invalid-rule-severity.js,C:\Users\Luis\Desktop\das4navy\node_modules\eslint\messages\invalid-rule-severity.js,invalid-rule-severity.js,.js,406,406.00 B,2026-06-06 16:54:22,node_modules,node_modules\eslint,3
node_modules\eslint\messages\no-config-found.js,C:\Users\Luis\Desktop\das4navy\node_modules\eslint\messages\no-config-found.js,no-config-found.js,.js,527,527.00 B,2026-06-06 16:54:22,node_modules,node_modules\eslint,3
node_modules\eslint\messages\plugin-conflict.js,C:\Users\Luis\Desktop\das4navy\node_modules\eslint\messages\plugin-conflict.js,plugin-conflict.js,.js,518,518.00 B,2026-06-06 16:54:23,node_modules,node_modules\eslint,3
node_modules\eslint\messages\plugin-invalid.js,C:\Users\Luis\Desktop\das4navy\node_modules\eslint\messages\plugin-invalid.js,plugin-invalid.js,.js,653,653.00 B,2026-06-06 16:54:23,node_modules,node_modules\eslint,3
node_modules\eslint\messages\plugin-missing.js,C:\Users\Luis\Desktop\das4navy\node_modules\eslint\messages\plugin-missing.js,plugin-missing.js,.js,659,659.00 B,2026-06-06 16:54:23,node_modules,node_modules\eslint,3
node_modules\eslint\messages\rule-unsupported-language.js,C:\Users\Luis\Desktop\das4navy\node_modules\eslint\messages\rule-unsupported-language.js,rule-unsupported-language.js,.js,553,553.00 B,2026-06-06 16:54:23,node_modules,node_modules\eslint,3
node_modules\eslint\messages\shared.js,C:\Users\Luis\Desktop\das4navy\node_modules\eslint\messages\shared.js,shared.js,.js,546,546.00 B,2026-06-06 16:54:23,node_modules,node_modules\eslint,3
node_modules\eslint\messages\whitespace-found.js,C:\Users\Luis\Desktop\das4navy\node_modules\eslint\messages\whitespace-found.js,whitespace-found.js,.js,386,386.00 B,2026-06-06 16:54:23,node_modules,node_modules\eslint,3
node_modules\eslint\package.json,C:\Users\Luis\Desktop\das4navy\node_modules\eslint\package.json,package.json,.json,7274,7.10 KB,2026-06-06 16:54:23,node_modules,node_modules\eslint,2
node_modules\espree\LICENSE,C:\Users\Luis\Desktop\das4navy\node_modules\espree\LICENSE,LICENSE,[no_ext],1322,1.29 KB,2026-06-06 16:54:21,node_modules,node_modules\espree,2
node_modules\espree\README.md,C:\Users\Luis\Desktop\das4navy\node_modules\espree\README.md,README.md,.md,13282,12.97 KB,2026-06-06 16:54:21,node_modules,node_modules\espree,2
node_modules\espree\dist\espree.cjs,C:\Users\Luis\Desktop\das4navy\node_modules\espree\dist\espree.cjs,espree.cjs,.cjs,35933,35.09 KB,2026-06-06 16:54:21,node_modules,node_modules\espree,3
node_modules\espree\dist\espree.d.cts,C:\Users\Luis\Desktop\das4navy\node_modules\espree\dist\espree.d.cts,espree.d.cts,.cts,93,93.00 B,2026-06-06 16:54:21,node_modules,node_modules\espree,3
node_modules\espree\dist\espree.d.cts.map,C:\Users\Luis\Desktop\das4navy\node_modules\espree\dist\espree.d.cts.map,espree.d.cts.map,.map,159,159.00 B,2026-06-06 16:54:21,node_modules,node_modules\espree,3
node_modules\espree\dist\espree.d.ts,C:\Users\Luis\Desktop\das4navy\node_modules\espree\dist\espree.d.ts,espree.d.ts,.ts,2150,2.10 KB,2026-06-06 16:54:21,node_modules,node_modules\espree,3
node_modules\espree\dist\espree.d.ts.map,C:\Users\Luis\Desktop\das4navy\node_modules\espree\dist\espree.d.ts.map,espree.d.ts.map,.map,1650,1.61 KB,2026-06-06 16:54:21,node_modules,node_modules\espree,3
node_modules\espree\espree.js,C:\Users\Luis\Desktop\das4navy\node_modules\espree\espree.js,espree.js,.js,9209,8.99 KB,2026-06-06 16:54:21,node_modules,node_modules\espree,2
node_modules\espree\lib\espree.js,C:\Users\Luis\Desktop\das4navy\node_modules\espree\lib\espree.js,espree.js,.js,13294,12.98 KB,2026-06-06 16:54:21,node_modules,node_modules\espree,3
node_modules\espree\lib\options.js,C:\Users\Luis\Desktop\das4navy\node_modules\espree\lib\options.js,options.js,.js,4745,4.63 KB,2026-06-06 16:54:21,node_modules,node_modules\espree,3
node_modules\espree\lib\token-translator.js,C:\Users\Luis\Desktop\das4navy\node_modules\espree\lib\token-translator.js,token-translator.js,.js,8395,8.20 KB,2026-06-06 16:54:21,node_modules,node_modules\espree,3
node_modules\espree\lib\types.js,C:\Users\Luis\Desktop\das4navy\node_modules\espree\lib\types.js,types.js,.js,3414,3.33 KB,2026-06-06 16:54:21,node_modules,node_modules\espree,3
node_modules\espree\package.json,C:\Users\Luis\Desktop\das4navy\node_modules\espree\package.json,package.json,.json,2012,1.96 KB,2026-06-06 16:54:21,node_modules,node_modules\espree,2
node_modules\esquery\README.md,C:\Users\Luis\Desktop\das4navy\node_modules\esquery\README.md,README.md,.md,2182,2.13 KB,2026-06-06 16:54:22,node_modules,node_modules\esquery,2
node_modules\esquery\dist\esquery.esm.js,C:\Users\Luis\Desktop\das4navy\node_modules\esquery\dist\esquery.esm.js,esquery.esm.js,.js,131615,128.53 KB,2026-06-06 16:54:21,node_modules,node_modules\esquery,3
node_modules\esquery\dist\esquery.esm.min.js,C:\Users\Luis\Desktop\das4navy\node_modules\esquery\dist\esquery.esm.min.js,esquery.esm.min.js,.js,36550,35.69 KB,2026-06-06 16:54:21,node_modules,node_modules\esquery,3
node_modules\esquery\dist\esquery.esm.min.js.map,C:\Users\Luis\Desktop\das4navy\node_modules\esquery\dist\esquery.esm.min.js.map,esquery.esm.min.js.map,.map,188756,184.33 KB,2026-06-06 16:54:21,node_modules,node_modules\esquery,3
node_modules\esquery\dist\esquery.js,C:\Users\Luis\Desktop\das4navy\node_modules\esquery\dist\esquery.js,esquery.js,.js,140614,137.32 KB,2026-06-06 16:54:21,node_modules,node_modules\esquery,3
node_modules\esquery\dist\esquery.lite.js,C:\Users\Luis\Desktop\das4navy\node_modules\esquery\dist\esquery.lite.js,esquery.lite.js,.js,115069,112.37 KB,2026-06-06 16:54:21,node_modules,node_modules\esquery,3
node_modules\esquery\dist\esquery.lite.min.js,C:\Users\Luis\Desktop\das4navy\node_modules\esquery\dist\esquery.lite.min.js,esquery.lite.min.js,.js,26203,25.59 KB,2026-06-06 16:54:21,node_modules,node_modules\esquery,3
node_modules\esquery\dist\esquery.lite.min.js.map,C:\Users\Luis\Desktop\das4navy\node_modules\esquery\dist\esquery.lite.min.js.map,esquery.lite.min.js.map,.map,147852,144.39 KB,2026-06-06 16:54:22,node_modules,node_modules\esquery,3
node_modules\esquery\dist\esquery.min.js,C:\Users\Luis\Desktop\das4navy\node_modules\esquery\dist\esquery.min.js,esquery.min.js,.js,36731,35.87 KB,2026-06-06 16:54:21,node_modules,node_modules\esquery,3
node_modules\esquery\dist\esquery.min.js.map,C:\Users\Luis\Desktop\das4navy\node_modules\esquery\dist\esquery.min.js.map,esquery.min.js.map,.map,188752,184.33 KB,2026-06-06 16:54:22,node_modules,node_modules\esquery,3
node_modules\esquery\license.txt,C:\Users\Luis\Desktop\das4navy\node_modules\esquery\license.txt,license.txt,.txt,1488,1.45 KB,2026-06-06 16:54:22,node_modules,node_modules\esquery,2
node_modules\esquery\package.json,C:\Users\Luis\Desktop\das4navy\node_modules\esquery\package.json,package.json,.json,2030,1.98 KB,2026-06-06 16:54:21,node_modules,node_modules\esquery,2
node_modules\esquery\parser.js,C:\Users\Luis\Desktop\das4navy\node_modules\esquery\parser.js,parser.js,.js,79242,77.38 KB,2026-06-06 16:54:21,node_modules,node_modules\esquery,2
node_modules\esrecurse\.babelrc,C:\Users\Luis\Desktop\das4navy\node_modules\esrecurse\.babelrc,.babelrc,[no_ext],30,30.00 B,2026-06-06 16:54:21,node_modules,node_modules\esrecurse,2
node_modules\esrecurse\README.md,C:\Users\Luis\Desktop\das4navy\node_modules\esrecurse\README.md,README.md,.md,5102,4.98 KB,2026-06-06 16:54:21,node_modules,node_modules\esrecurse,2
node_modules\esrecurse\esrecurse.js,C:\Users\Luis\Desktop\das4navy\node_modules\esrecurse\esrecurse.js,esrecurse.js,.js,4230,4.13 KB,2026-06-06 16:54:21,node_modules,node_modules\esrecurse,2
node_modules\esrecurse\gulpfile.babel.js,C:\Users\Luis\Desktop\das4navy\node_modules\esrecurse\gulpfile.babel.js,gulpfile.babel.js,.js,3000,2.93 KB,2026-06-06 16:54:21,node_modules,node_modules\esrecurse,2
node_modules\esrecurse\package.json,C:\Users\Luis\Desktop\das4navy\node_modules\esrecurse\package.json,package.json,.json,1165,1.14 KB,2026-06-06 16:54:21,node_modules,node_modules\esrecurse,2
node_modules\estraverse\.jshintrc,C:\Users\Luis\Desktop\das4navy\node_modules\estraverse\.jshintrc,.jshintrc,[no_ext],242,242.00 B,2026-06-06 16:54:21,node_modules,node_modules\estraverse,2
node_modules\estraverse\LICENSE.BSD,C:\Users\Luis\Desktop\das4navy\node_modules\estraverse\LICENSE.BSD,LICENSE.BSD,.bsd,1231,1.20 KB,2026-06-06 16:54:21,node_modules,node_modules\estraverse,2
node_modules\estraverse\README.md,C:\Users\Luis\Desktop\das4navy\node_modules\estraverse\README.md,README.md,.md,4865,4.75 KB,2026-06-06 16:54:21,node_modules,node_modules\estraverse,2
node_modules\estraverse\estraverse.js,C:\Users\Luis\Desktop\das4navy\node_modules\estraverse\estraverse.js,estraverse.js,.js,26957,26.33 KB,2026-06-06 16:54:21,node_modules,node_modules\estraverse,2
node_modules\estraverse\gulpfile.js,C:\Users\Luis\Desktop\das4navy\node_modules\estraverse\gulpfile.js,gulpfile.js,.js,2790,2.72 KB,2026-06-06 16:54:21,node_modules,node_modules\estraverse,2
node_modules\estraverse\package.json,C:\Users\Luis\Desktop\das4navy\node_modules\estraverse\package.json,package.json,.json,1009,1009.00 B,2026-06-06 16:54:21,node_modules,node_modules\estraverse,2
node_modules\esutils\LICENSE.BSD,C:\Users\Luis\Desktop\das4navy\node_modules\esutils\LICENSE.BSD,LICENSE.BSD,.bsd,1231,1.20 KB,2026-06-06 16:54:21,node_modules,node_modules\esutils,2
node_modules\esutils\README.md,C:\Users\Luis\Desktop\das4navy\node_modules\esutils\README.md,README.md,.md,6828,6.67 KB,2026-06-06 16:54:21,node_modules,node_modules\esutils,2
node_modules\esutils\lib\ast.js,C:\Users\Luis\Desktop\das4navy\node_modules\esutils\lib\ast.js,ast.js,.js,4728,4.62 KB,2026-06-06 16:54:21,node_modules,node_modules\esutils,3
node_modules\esutils\lib\code.js,C:\Users\Luis\Desktop\das4navy\node_modules\esutils\lib\code.js,code.js,.js,29610,28.92 KB,2026-06-06 16:54:21,node_modules,node_modules\esutils,3
node_modules\esutils\lib\keyword.js,C:\Users\Luis\Desktop\das4navy\node_modules\esutils\lib\keyword.js,keyword.js,.js,5616,5.48 KB,2026-06-06 16:54:21,node_modules,node_modules\esutils,3
node_modules\esutils\lib\utils.js,C:\Users\Luis\Desktop\das4navy\node_modules\esutils\lib\utils.js,utils.js,.js,1527,1.49 KB,2026-06-06 16:54:21,node_modules,node_modules\esutils,3
node_modules\esutils\package.json,C:\Users\Luis\Desktop\das4navy\node_modules\esutils\package.json,package.json,.json,1042,1.02 KB,2026-06-06 16:54:21,node_modules,node_modules\esutils,2
node_modules\fast-deep-equal\LICENSE,C:\Users\Luis\Desktop\das4navy\node_modules\fast-deep-equal\LICENSE,LICENSE,[no_ext],1074,1.05 KB,2026-06-06 16:54:21,node_modules,node_modules\fast-deep-equal,2
node_modules\fast-deep-equal\README.md,C:\Users\Luis\Desktop\das4navy\node_modules\fast-deep-equal\README.md,README.md,.md,3323,3.25 KB,2026-06-06 16:54:21,node_modules,node_modules\fast-deep-equal,2
node_modules\fast-deep-equal\es6\index.d.ts,C:\Users\Luis\Desktop\das4navy\node_modules\fast-deep-equal\es6\index.d.ts,index.d.ts,.ts,66,66.00 B,2026-06-06 16:54:21,node_modules,node_modules\fast-deep-equal,3
node_modules\fast-deep-equal\es6\index.js,C:\Users\Luis\Desktop\das4navy\node_modules\fast-deep-equal\es6\index.js,index.js,.js,1935,1.89 KB,2026-06-06 16:54:21,node_modules,node_modules\fast-deep-equal,3
node_modules\fast-deep-equal\es6\react.d.ts,C:\Users\Luis\Desktop\das4navy\node_modules\fast-deep-equal\es6\react.d.ts,react.d.ts,.ts,66,66.00 B,2026-06-06 16:54:21,node_modules,node_modules\fast-deep-equal,3
node_modules\fast-deep-equal\es6\react.js,C:\Users\Luis\Desktop\das4navy\node_modules\fast-deep-equal\es6\react.js,react.js,.js,2209,2.16 KB,2026-06-06 16:54:21,node_modules,node_modules\fast-deep-equal,3
node_modules\fast-deep-equal\index.d.ts,C:\Users\Luis\Desktop\das4navy\node_modules\fast-deep-equal\index.d.ts,index.d.ts,.ts,103,103.00 B,2026-06-06 16:54:21,node_modules,node_modules\fast-deep-equal,2
node_modules\fast-deep-equal\index.js,C:\Users\Luis\Desktop\das4navy\node_modules\fast-deep-equal\index.js,index.js,.js,1177,1.15 KB,2026-06-06 16:54:21,node_modules,node_modules\fast-deep-equal,2
node_modules\fast-deep-equal\package.json,C:\Users\Luis\Desktop\das4navy\node_modules\fast-deep-equal\package.json,package.json,.json,1496,1.46 KB,2026-06-06 16:54:21,node_modules,node_modules\fast-deep-equal,2
node_modules\fast-deep-equal\react.d.ts,C:\Users\Luis\Desktop\das4navy\node_modules\fast-deep-equal\react.d.ts,react.d.ts,.ts,66,66.00 B,2026-06-06 16:54:21,node_modules,node_modules\fast-deep-equal,2
node_modules\fast-deep-equal\react.js,C:\Users\Luis\Desktop\das4navy\node_modules\fast-deep-equal\react.js,react.js,.js,1451,1.42 KB,2026-06-06 16:54:21,node_modules,node_modules\fast-deep-equal,2
node_modules\fast-json-stable-stringify\.eslintrc.yml,C:\Users\Luis\Desktop\das4navy\node_modules\fast-json-stable-stringify\.eslintrc.yml,.eslintrc.yml,.yml,562,562.00 B,2026-06-06 16:54:21,node_modules,node_modules\fast-json-stable-stringify,2
node_modules\fast-json-stable-stringify\.github\FUNDING.yml,C:\Users\Luis\Desktop\das4navy\node_modules\fast-json-stable-stringify\.github\FUNDING.yml,FUNDING.yml,.yml,43,43.00 B,2026-06-06 16:54:21,node_modules,node_modules\fast-json-stable-stringify,3
node_modules\fast-json-stable-stringify\.travis.yml,C:\Users\Luis\Desktop\das4navy\node_modules\fast-json-stable-stringify\.travis.yml,.travis.yml,.yml,111,111.00 B,2026-06-06 16:54:21,node_modules,node_modules\fast-json-stable-stringify,2
node_modules\fast-json-stable-stringify\LICENSE,C:\Users\Luis\Desktop\das4navy\node_modules\fast-json-stable-stringify\LICENSE,LICENSE,[no_ext],1145,1.12 KB,2026-06-06 16:54:21,node_modules,node_modules\fast-json-stable-stringify,2
node_modules\fast-json-stable-stringify\README.md,C:\Users\Luis\Desktop\das4navy\node_modules\fast-json-stable-stringify\README.md,README.md,.md,3517,3.43 KB,2026-06-06 16:54:21,node_modules,node_modules\fast-json-stable-stringify,2
node_modules\fast-json-stable-stringify\benchmark\index.js,C:\Users\Luis\Desktop\das4navy\node_modules\fast-json-stable-stringify\benchmark\index.js,index.js,.js,740,740.00 B,2026-06-06 16:54:21,node_modules,node_modules\fast-json-stable-stringify,3
node_modules\fast-json-stable-stringify\benchmark\test.json,C:\Users\Luis\Desktop\das4navy\node_modules\fast-json-stable-stringify\benchmark\test.json,test.json,.json,3828,3.74 KB,2026-06-06 16:54:21,node_modules,node_modules\fast-json-stable-stringify,3
node_modules\fast-json-stable-stringify\example\key_cmp.js,C:\Users\Luis\Desktop\das4navy\node_modules\fast-json-stable-stringify\example\key_cmp.js,key_cmp.js,.js,177,177.00 B,2026-06-06 16:54:21,node_modules,node_modules\fast-json-stable-stringify,3
node_modules\fast-json-stable-stringify\example\nested.js,C:\Users\Luis\Desktop\das4navy\node_modules\fast-json-stable-stringify\example\nested.js,nested.js,.js,109,109.00 B,2026-06-06 16:54:21,node_modules,node_modules\fast-json-stable-stringify,3
node_modules\fast-json-stable-stringify\example\str.js,C:\Users\Luis\Desktop\das4navy\node_modules\fast-json-stable-stringify\example\str.js,str.js,.js,97,97.00 B,2026-06-06 16:54:21,node_modules,node_modules\fast-json-stable-stringify,3
node_modules\fast-json-stable-stringify\example\value_cmp.js,C:\Users\Luis\Desktop\das4navy\node_modules\fast-json-stable-stringify\example\value_cmp.js,value_cmp.js,.js,188,188.00 B,2026-06-06 16:54:21,node_modules,node_modules\fast-json-stable-stringify,3
node_modules\fast-json-stable-stringify\index.d.ts,C:\Users\Luis\Desktop\das4navy\node_modules\fast-json-stable-stringify\index.d.ts,index.d.ts,.ts,110,110.00 B,2026-06-06 16:54:21,node_modules,node_modules\fast-json-stable-stringify,2
node_modules\fast-json-stable-stringify\index.js,C:\Users\Luis\Desktop\das4navy\node_modules\fast-json-stable-stringify\index.js,index.js,.js,1845,1.80 KB,2026-06-06 16:54:21,node_modules,node_modules\fast-json-stable-stringify,2
node_modules\fast-json-stable-stringify\package.json,C:\Users\Luis\Desktop\das4navy\node_modules\fast-json-stable-stringify\package.json,package.json,.json,1257,1.23 KB,2026-06-06 16:54:21,node_modules,node_modules\fast-json-stable-stringify,2
node_modules\fast-json-stable-stringify\test\cmp.js,C:\Users\Luis\Desktop\das4navy\node_modules\fast-json-stable-stringify\test\cmp.js,cmp.js,.js,350,350.00 B,2026-06-06 16:54:21,node_modules,node_modules\fast-json-stable-stringify,3
node_modules\fast-json-stable-stringify\test\nested.js,C:\Users\Luis\Desktop\das4navy\node_modules\fast-json-stable-stringify\test\nested.js,nested.js,.js,1147,1.12 KB,2026-06-06 16:54:21,node_modules,node_modules\fast-json-stable-stringify,3
node_modules\fast-json-stable-stringify\test\str.js,C:\Users\Luis\Desktop\das4navy\node_modules\fast-json-stable-stringify\test\str.js,str.js,.js,1126,1.10 KB,2026-06-06 16:54:21,node_modules,node_modules\fast-json-stable-stringify,3
node_modules\fast-json-stable-stringify\test\to-json.js,C:\Users\Luis\Desktop\das4navy\node_modules\fast-json-stable-stringify\test\to-json.js,to-json.js,.js,607,607.00 B,2026-06-06 16:54:21,node_modules,node_modules\fast-json-stable-stringify,3
node_modules\fast-levenshtein\LICENSE.md,C:\Users\Luis\Desktop\das4navy\node_modules\fast-levenshtein\LICENSE.md,LICENSE.md,.md,1100,1.07 KB,2026-06-06 16:54:21,node_modules,node_modules\fast-levenshtein,2
node_modules\fast-levenshtein\README.md,C:\Users\Luis\Desktop\das4navy\node_modules\fast-levenshtein\README.md,README.md,.md,3414,3.33 KB,2026-06-06 16:54:21,node_modules,node_modules\fast-levenshtein,2
node_modules\fast-levenshtein\levenshtein.js,C:\Users\Luis\Desktop\das4navy\node_modules\fast-levenshtein\levenshtein.js,levenshtein.js,.js,3932,3.84 KB,2026-06-06 16:54:21,node_modules,node_modules\fast-levenshtein,2
node_modules\fast-levenshtein\package.json,C:\Users\Luis\Desktop\das4navy\node_modules\fast-levenshtein\package.json,package.json,.json,998,998.00 B,2026-06-06 16:54:21,node_modules,node_modules\fast-levenshtein,2
node_modules\fdir\LICENSE,C:\Users\Luis\Desktop\das4navy\node_modules\fdir\LICENSE,LICENSE,[no_ext],1053,1.03 KB,2026-06-06 16:54:21,node_modules,node_modules\fdir,2
node_modules\fdir\README.md,C:\Users\Luis\Desktop\das4navy\node_modules\fdir\README.md,README.md,.md,3851,3.76 KB,2026-06-06 16:54:21,node_modules,node_modules\fdir,2
node_modules\fdir\dist\index.cjs,C:\Users\Luis\Desktop\das4navy\node_modules\fdir\dist\index.cjs,index.cjs,.cjs,18210,17.78 KB,2026-06-06 16:54:21,node_modules,node_modules\fdir,3
node_modules\fdir\dist\index.d.cts,C:\Users\Luis\Desktop\das4navy\node_modules\fdir\dist\index.d.cts,index.d.cts,.cts,5129,5.01 KB,2026-06-06 16:54:21,node_modules,node_modules\fdir,3
node_modules\fdir\dist\index.d.mts,C:\Users\Luis\Desktop\das4navy\node_modules\fdir\dist\index.d.mts,index.d.mts,.mts,5129,5.01 KB,2026-06-06 16:54:21,node_modules,node_modules\fdir,3
node_modules\fdir\dist\index.mjs,C:\Users\Luis\Desktop\das4navy\node_modules\fdir\dist\index.mjs,index.mjs,.mjs,17225,16.82 KB,2026-06-06 16:54:21,node_modules,node_modules\fdir,3
node_modules\fdir\package.json,C:\Users\Luis\Desktop\das4navy\node_modules\fdir\package.json,package.json,.json,2694,2.63 KB,2026-06-06 16:54:21,node_modules,node_modules\fdir,2
node_modules\file-entry-cache\LICENSE,C:\Users\Luis\Desktop\das4navy\node_modules\file-entry-cache\LICENSE,LICENSE,[no_ext],1086,1.06 KB,2026-06-06 16:54:21,node_modules,node_modules\file-entry-cache,2
node_modules\file-entry-cache\README.md,C:\Users\Luis\Desktop\das4navy\node_modules\file-entry-cache\README.md,README.md,.md,5495,5.37 KB,2026-06-06 16:54:21,node_modules,node_modules\file-entry-cache,2
node_modules\file-entry-cache\cache.js,C:\Users\Luis\Desktop\das4navy\node_modules\file-entry-cache\cache.js,cache.js,.js,7892,7.71 KB,2026-06-06 16:54:21,node_modules,node_modules\file-entry-cache,2
node_modules\file-entry-cache\package.json,C:\Users\Luis\Desktop\das4navy\node_modules\file-entry-cache\package.json,package.json,.json,1549,1.51 KB,2026-06-06 16:54:21,node_modules,node_modules\file-entry-cache,2
node_modules\find-up\index.d.ts,C:\Users\Luis\Desktop\das4navy\node_modules\find-up\index.d.ts,index.d.ts,.ts,3762,3.67 KB,2026-06-06 16:54:21,node_modules,node_modules\find-up,2
node_modules\find-up\index.js,C:\Users\Luis\Desktop\das4navy\node_modules\find-up\index.js,index.js,.js,1940,1.89 KB,2026-06-06 16:54:21,node_modules,node_modules\find-up,2
node_modules\find-up\license,C:\Users\Luis\Desktop\das4navy\node_modules\find-up\license,license,[no_ext],1117,1.09 KB,2026-06-06 16:54:21,node_modules,node_modules\find-up,2
node_modules\find-up\package.json,C:\Users\Luis\Desktop\das4navy\node_modules\find-up\package.json,package.json,.json,917,917.00 B,2026-06-06 16:54:21,node_modules,node_modules\find-up,2
node_modules\find-up\readme.md,C:\Users\Luis\Desktop\das4navy\node_modules\find-up\readme.md,readme.md,.md,4025,3.93 KB,2026-06-06 16:54:21,node_modules,node_modules\find-up,2
node_modules\flat-cache\LICENSE,C:\Users\Luis\Desktop\das4navy\node_modules\flat-cache\LICENSE,LICENSE,[no_ext],1088,1.06 KB,2026-06-06 16:54:21,node_modules,node_modules\flat-cache,2
node_modules\flat-cache\README.md,C:\Users\Luis\Desktop\das4navy\node_modules\flat-cache\README.md,README.md,.md,3066,2.99 KB,2026-06-06 16:54:21,node_modules,node_modules\flat-cache,2
node_modules\flat-cache\changelog.md,C:\Users\Luis\Desktop\das4navy\node_modules\flat-cache\changelog.md,changelog.md,.md,16026,15.65 KB,2026-06-06 16:54:21,node_modules,node_modules\flat-cache,2
node_modules\flat-cache\package.json,C:\Users\Luis\Desktop\das4navy\node_modules\flat-cache\package.json,package.json,.json,1593,1.56 KB,2026-06-06 16:54:21,node_modules,node_modules\flat-cache,2
node_modules\flat-cache\src\cache.js,C:\Users\Luis\Desktop\das4navy\node_modules\flat-cache\src\cache.js,cache.js,.js,5895,5.76 KB,2026-06-06 16:54:21,node_modules,node_modules\flat-cache,3
node_modules\flat-cache\src\del.js,C:\Users\Luis\Desktop\das4navy\node_modules\flat-cache\src\del.js,del.js,.js,777,777.00 B,2026-06-06 16:54:21,node_modules,node_modules\flat-cache,3
node_modules\flat-cache\src\utils.js,C:\Users\Luis\Desktop\das4navy\node_modules\flat-cache\src\utils.js,utils.js,.js,876,876.00 B,2026-06-06 16:54:21,node_modules,node_modules\flat-cache,3
node_modules\flatted\LICENSE,C:\Users\Luis\Desktop\das4navy\node_modules\flatted\LICENSE,LICENSE,[no_ext],770,770.00 B,2026-06-06 16:54:21,node_modules,node_modules\flatted,2
node_modules\flatted\README.md,C:\Users\Luis\Desktop\das4navy\node_modules\flatted\README.md,README.md,.md,4044,3.95 KB,2026-06-06 16:54:21,node_modules,node_modules\flatted,2
node_modules\flatted\cjs\index.js,C:\Users\Luis\Desktop\das4navy\node_modules\flatted\cjs\index.js,index.js,.js,3557,3.47 KB,2026-06-06 16:54:21,node_modules,node_modules\flatted,3
node_modules\flatted\cjs\package.json,C:\Users\Luis\Desktop\das4navy\node_modules\flatted\cjs\package.json,package.json,.json,19,19.00 B,2026-06-06 16:54:21,node_modules,node_modules\flatted,3
node_modules\flatted\es.js,C:\Users\Luis\Desktop\das4navy\node_modules\flatted\es.js,es.js,.js,1133,1.11 KB,2026-06-06 16:54:21,node_modules,node_modules\flatted,2
node_modules\flatted\esm.js,C:\Users\Luis\Desktop\das4navy\node_modules\flatted\esm.js,esm.js,.js,1101,1.08 KB,2026-06-06 16:54:21,node_modules,node_modules\flatted,2
node_modules\flatted\esm\index.js,C:\Users\Luis\Desktop\das4navy\node_modules\flatted\esm\index.js,index.js,.js,3463,3.38 KB,2026-06-06 16:54:21,node_modules,node_modules\flatted,3
node_modules\flatted\golang\README.md,C:\Users\Luis\Desktop\das4navy\node_modules\flatted\golang\README.md,README.md,.md,1144,1.12 KB,2026-06-06 16:54:21,node_modules,node_modules\flatted,3
node_modules\flatted\golang\pkg\flatted\flatted.go,C:\Users\Luis\Desktop\das4navy\node_modules\flatted\golang\pkg\flatted\flatted.go,flatted.go,.go,6067,5.92 KB,2026-06-06 16:54:21,node_modules,node_modules\flatted,5
node_modules\flatted\index.js,C:\Users\Luis\Desktop\das4navy\node_modules\flatted\index.js,index.js,.js,4531,4.42 KB,2026-06-06 16:54:21,node_modules,node_modules\flatted,2
node_modules\flatted\min.js,C:\Users\Luis\Desktop\das4navy\node_modules\flatted\min.js,min.js,.js,1455,1.42 KB,2026-06-06 16:54:21,node_modules,node_modules\flatted,2
node_modules\flatted\package.json,C:\Users\Luis\Desktop\das4navy\node_modules\flatted\package.json,package.json,.json,2444,2.39 KB,2026-06-06 16:54:21,node_modules,node_modules\flatted,2
node_modules\flatted\php\flatted.php,C:\Users\Luis\Desktop\das4navy\node_modules\flatted\php\flatted.php,flatted.php,.php,4613,4.50 KB,2026-06-06 16:54:21,node_modules,node_modules\flatted,3
node_modules\flatted\python\flatted.py,C:\Users\Luis\Desktop\das4navy\node_modules\flatted\python\flatted.py,flatted.py,.py,3773,3.68 KB,2026-06-06 16:54:21,node_modules,node_modules\flatted,3
node_modules\flatted\types\index.d.ts,C:\Users\Luis\Desktop\das4navy\node_modules\flatted\types\index.d.ts,index.d.ts,.ts,345,345.00 B,2026-06-06 16:54:21,node_modules,node_modules\flatted,3
node_modules\gensync\LICENSE,C:\Users\Luis\Desktop\das4navy\node_modules\gensync\LICENSE,LICENSE,[no_ext],1075,1.05 KB,2026-06-06 16:54:21,node_modules,node_modules\gensync,2
node_modules\gensync\README.md,C:\Users\Luis\Desktop\das4navy\node_modules\gensync\README.md,README.md,.md,5350,5.22 KB,2026-06-06 16:54:21,node_modules,node_modules\gensync,2
node_modules\gensync\index.js,C:\Users\Luis\Desktop\das4navy\node_modules\gensync\index.js,index.js,.js,9627,9.40 KB,2026-06-06 16:54:21,node_modules,node_modules\gensync,2
node_modules\gensync\index.js.flow,C:\Users\Luis\Desktop\das4navy\node_modules\gensync\index.js.flow,index.js.flow,.flow,846,846.00 B,2026-06-06 16:54:21,node_modules,node_modules\gensync,2
node_modules\gensync\package.json,C:\Users\Luis\Desktop\das4navy\node_modules\gensync\package.json,package.json,.json,906,906.00 B,2026-06-06 16:54:21,node_modules,node_modules\gensync,2
node_modules\gensync\test\.babelrc,C:\Users\Luis\Desktop\das4navy\node_modules\gensync\test\.babelrc,.babelrc,[no_ext],68,68.00 B,2026-06-06 16:54:21,node_modules,node_modules\gensync,3
node_modules\gensync\test\index.test.js,C:\Users\Luis\Desktop\das4navy\node_modules\gensync\test\index.test.js,index.test.js,.js,11019,10.76 KB,2026-06-06 16:54:21,node_modules,node_modules\gensync,3
node_modules\glob-parent\LICENSE,C:\Users\Luis\Desktop\das4navy\node_modules\glob-parent\LICENSE,LICENSE,[no_ext],857,857.00 B,2026-06-06 16:54:21,node_modules,node_modules\glob-parent,2
node_modules\glob-parent\README.md,C:\Users\Luis\Desktop\das4navy\node_modules\glob-parent\README.md,README.md,.md,4198,4.10 KB,2026-06-06 16:54:21,node_modules,node_modules\glob-parent,2
node_modules\glob-parent\index.js,C:\Users\Luis\Desktop\das4navy\node_modules\glob-parent\index.js,index.js,.js,1614,1.58 KB,2026-06-06 16:54:21,node_modules,node_modules\glob-parent,2
node_modules\glob-parent\package.json,C:\Users\Luis\Desktop\das4navy\node_modules\glob-parent\package.json,package.json,.json,1050,1.03 KB,2026-06-06 16:54:21,node_modules,node_modules\glob-parent,2
node_modules\globals\globals.json,C:\Users\Luis\Desktop\das4navy\node_modules\globals\globals.json,globals.json,.json,102706,100.30 KB,2026-06-06 16:54:21,node_modules,node_modules\globals,2
node_modules\globals\index.d.ts,C:\Users\Luis\Desktop\das4navy\node_modules\globals\index.d.ts,index.d.ts,.ts,137498,134.28 KB,2026-06-06 16:54:21,node_modules,node_modules\globals,2
node_modules\globals\index.js,C:\Users\Luis\Desktop\das4navy\node_modules\globals\index.js,index.js,.js,58,58.00 B,2026-06-06 16:54:21,node_modules,node_modules\globals,2
node_modules\globals\license,C:\Users\Luis\Desktop\das4navy\node_modules\globals\license,license,[no_ext],1117,1.09 KB,2026-06-06 16:54:21,node_modules,node_modules\globals,2
node_modules\globals\package.json,C:\Users\Luis\Desktop\das4navy\node_modules\globals\package.json,package.json,.json,2966,2.90 KB,2026-06-06 16:54:21,node_modules,node_modules\globals,2
node_modules\globals\readme.md,C:\Users\Luis\Desktop\das4navy\node_modules\globals\readme.md,readme.md,.md,1623,1.58 KB,2026-06-06 16:54:21,node_modules,node_modules\globals,2
node_modules\hermes-estree\LICENSE,C:\Users\Luis\Desktop\das4navy\node_modules\hermes-estree\LICENSE,LICENSE,[no_ext],1088,1.06 KB,2026-06-06 16:54:21,node_modules,node_modules\hermes-estree,2
node_modules\hermes-estree\README.md,C:\Users\Luis\Desktop\das4navy\node_modules\hermes-estree\README.md,README.md,.md,83,83.00 B,2026-06-06 16:54:21,node_modules,node_modules\hermes-estree,2
node_modules\hermes-estree\dist\generated\HermesESTreeSelectorTypes.js.flow,C:\Users\Luis\Desktop\das4navy\node_modules\hermes-estree\dist\generated\HermesESTreeSelectorTypes.js.flow,HermesESTreeSelectorTypes.js.flow,.flow,155081,151.45 KB,2026-06-06 16:54:21,node_modules,node_modules\hermes-estree,4
node_modules\hermes-estree\dist\generated\predicates.js,C:\Users\Luis\Desktop\das4navy\node_modules\hermes-estree\dist\generated\predicates.js,predicates.js,.js,62068,60.61 KB,2026-06-06 16:54:21,node_modules,node_modules\hermes-estree,4
node_modules\hermes-estree\dist\generated\predicates.js.flow,C:\Users\Luis\Desktop\das4navy\node_modules\hermes-estree\dist\generated\predicates.js.flow,predicates.js.flow,.flow,51595,50.39 KB,2026-06-06 16:54:22,node_modules,node_modules\hermes-estree,4
node_modules\hermes-estree\dist\index.js,C:\Users\Luis\Desktop\das4navy\node_modules\hermes-estree\dist\index.js,index.js,.js,546,546.00 B,2026-06-06 16:54:21,node_modules,node_modules\hermes-estree,3
node_modules\hermes-estree\dist\index.js.flow,C:\Users\Luis\Desktop\das4navy\node_modules\hermes-estree\dist\index.js.flow,index.js.flow,.flow,331,331.00 B,2026-06-06 16:54:21,node_modules,node_modules\hermes-estree,3
node_modules\hermes-estree\dist\predicates.js,C:\Users\Luis\Desktop\das4navy\node_modules\hermes-estree\dist\predicates.js,predicates.js,.js,8916,8.71 KB,2026-06-06 16:54:21,node_modules,node_modules\hermes-estree,3
node_modules\hermes-estree\dist\predicates.js.flow,C:\Users\Luis\Desktop\das4navy\node_modules\hermes-estree\dist\predicates.js.flow,predicates.js.flow,.flow,7295,7.12 KB,2026-06-06 16:54:21,node_modules,node_modules\hermes-estree,3
node_modules\hermes-estree\dist\selectors.js,C:\Users\Luis\Desktop\das4navy\node_modules\hermes-estree\dist\selectors.js,selectors.js,.js,288,288.00 B,2026-06-06 16:54:21,node_modules,node_modules\hermes-estree,3
node_modules\hermes-estree\dist\selectors.js.flow,C:\Users\Luis\Desktop\das4navy\node_modules\hermes-estree\dist\selectors.js.flow,selectors.js.flow,.flow,918,918.00 B,2026-06-06 16:54:21,node_modules,node_modules\hermes-estree,3
node_modules\hermes-estree\dist\types.js,C:\Users\Luis\Desktop\das4navy\node_modules\hermes-estree\dist\types.js,types.js,.js,1342,1.31 KB,2026-06-06 16:54:21,node_modules,node_modules\hermes-estree,3
node_modules\hermes-estree\dist\types.js.flow,C:\Users\Luis\Desktop\das4navy\node_modules\hermes-estree\dist\types.js.flow,types.js.flow,.flow,51634,50.42 KB,2026-06-06 16:54:21,node_modules,node_modules\hermes-estree,3
node_modules\hermes-estree\package.json,C:\Users\Luis\Desktop\das4navy\node_modules\hermes-estree\package.json,package.json,.json,337,337.00 B,2026-06-06 16:54:21,node_modules,node_modules\hermes-estree,2
node_modules\hermes-parser\LICENSE,C:\Users\Luis\Desktop\das4navy\node_modules\hermes-parser\LICENSE,LICENSE,[no_ext],1088,1.06 KB,2026-06-06 16:54:21,node_modules,node_modules\hermes-parser,2
node_modules\hermes-parser\README.md,C:\Users\Luis\Desktop\das4navy\node_modules\hermes-parser\README.md,README.md,.md,1803,1.76 KB,2026-06-06 16:54:21,node_modules,node_modules\hermes-parser,2
node_modules\hermes-parser\dist\HermesAST.js.flow,C:\Users\Luis\Desktop\das4navy\node_modules\hermes-parser\dist\HermesAST.js.flow,HermesAST.js.flow,.flow,1173,1.15 KB,2026-06-06 16:54:21,node_modules,node_modules\hermes-parser,3
node_modules\hermes-parser\dist\HermesASTAdapter.js,C:\Users\Luis\Desktop\das4navy\node_modules\hermes-parser\dist\HermesASTAdapter.js,HermesASTAdapter.js,.js,5064,4.95 KB,2026-06-06 16:54:21,node_modules,node_modules\hermes-parser,3
node_modules\hermes-parser\dist\HermesASTAdapter.js.flow,C:\Users\Luis\Desktop\das4navy\node_modules\hermes-parser\dist\HermesASTAdapter.js.flow,HermesASTAdapter.js.flow,.flow,5548,5.42 KB,2026-06-06 16:54:21,node_modules,node_modules\hermes-parser,3
node_modules\hermes-parser\dist\HermesParser.js,C:\Users\Luis\Desktop\das4navy\node_modules\hermes-parser\dist\HermesParser.js,HermesParser.js,.js,4092,4.00 KB,2026-06-06 16:54:21,node_modules,node_modules\hermes-parser,3
node_modules\hermes-parser\dist\HermesParser.js.flow,C:\Users\Luis\Desktop\das4navy\node_modules\hermes-parser\dist\HermesParser.js.flow,HermesParser.js.flow,.flow,4279,4.18 KB,2026-06-06 16:54:21,node_modules,node_modules\hermes-parser,3
node_modules\hermes-parser\dist\HermesParserDecodeUTF8String.js,C:\Users\Luis\Desktop\das4navy\node_modules\hermes-parser\dist\HermesParserDecodeUTF8String.js,HermesParserDecodeUTF8String.js,.js,1904,1.86 KB,2026-06-06 16:54:21,node_modules,node_modules\hermes-parser,3
node_modules\hermes-parser\dist\HermesParserDecodeUTF8String.js.flow,C:\Users\Luis\Desktop\das4navy\node_modules\hermes-parser\dist\HermesParserDecodeUTF8String.js.flow,HermesParserDecodeUTF8String.js.flow,.flow,1882,1.84 KB,2026-06-06 16:54:21,node_modules,node_modules\hermes-parser,3
node_modules\hermes-parser\dist\HermesParserDeserializer.js,C:\Users\Luis\Desktop\das4navy\node_modules\hermes-parser\dist\HermesParserDeserializer.js,HermesParserDeserializer.js,.js,6569,6.42 KB,2026-06-06 16:54:21,node_modules,node_modules\hermes-parser,3
node_modules\hermes-parser\dist\HermesParserDeserializer.js.flow,C:\Users\Luis\Desktop\das4navy\node_modules\hermes-parser\dist\HermesParserDeserializer.js.flow,HermesParserDeserializer.js.flow,.flow,6915,6.75 KB,2026-06-06 16:54:21,node_modules,node_modules\hermes-parser,3
node_modules\hermes-parser\dist\HermesParserNodeDeserializers.js,C:\Users\Luis\Desktop\das4navy\node_modules\hermes-parser\dist\HermesParserNodeDeserializers.js,HermesParserNodeDeserializers.js,.js,58931,57.55 KB,2026-06-06 16:54:21,node_modules,node_modules\hermes-parser,3
node_modules\hermes-parser\dist\HermesParserNodeDeserializers.js.flow,C:\Users\Luis\Desktop\das4navy\node_modules\hermes-parser\dist\HermesParserNodeDeserializers.js.flow,HermesParserNodeDeserializers.js.flow,.flow,433,433.00 B,2026-06-06 16:54:21,node_modules,node_modules\hermes-parser,3
node_modules\hermes-parser\dist\HermesParserWASM.js,C:\Users\Luis\Desktop\das4navy\node_modules\hermes-parser\dist\HermesParserWASM.js,HermesParserWASM.js,.js,678244,662.35 KB,2026-06-06 16:54:22,node_modules,node_modules\hermes-parser,3
node_modules\hermes-parser\dist\HermesParserWASM.js.flow,C:\Users\Luis\Desktop\das4navy\node_modules\hermes-parser\dist\HermesParserWASM.js.flow,HermesParserWASM.js.flow,.flow,2043,2.00 KB,2026-06-06 16:54:22,node_modules,node_modules\hermes-parser,3
node_modules\hermes-parser\dist\HermesToESTreeAdapter.js,C:\Users\Luis\Desktop\das4navy\node_modules\hermes-parser\dist\HermesToESTreeAdapter.js,HermesToESTreeAdapter.js,.js,11504,11.23 KB,2026-06-06 16:54:22,node_modules,node_modules\hermes-parser,3
node_modules\hermes-parser\dist\HermesToESTreeAdapter.js.flow,C:\Users\Luis\Desktop\das4navy\node_modules\hermes-parser\dist\HermesToESTreeAdapter.js.flow,HermesToESTreeAdapter.js.flow,.flow,11756,11.48 KB,2026-06-06 16:54:22,node_modules,node_modules\hermes-parser,3
node_modules\hermes-parser\dist\ParserOptions.js,C:\Users\Luis\Desktop\das4navy\node_modules\hermes-parser\dist\ParserOptions.js,ParserOptions.js,.js,557,557.00 B,2026-06-06 16:54:22,node_modules,node_modules\hermes-parser,3
node_modules\hermes-parser\dist\ParserOptions.js.flow,C:\Users\Luis\Desktop\das4navy\node_modules\hermes-parser\dist\ParserOptions.js.flow,ParserOptions.js.flow,.flow,771,771.00 B,2026-06-06 16:54:22,node_modules,node_modules\hermes-parser,3
node_modules\hermes-parser\dist\babel\TransformESTreeToBabel.js,C:\Users\Luis\Desktop\das4navy\node_modules\hermes-parser\dist\babel\TransformESTreeToBabel.js,TransformESTreeToBabel.js,.js,28107,27.45 KB,2026-06-06 16:54:22,node_modules,node_modules\hermes-parser,4
node_modules\hermes-parser\dist\babel\TransformESTreeToBabel.js.flow,C:\Users\Luis\Desktop\das4navy\node_modules\hermes-parser\dist\babel\TransformESTreeToBabel.js.flow,TransformESTreeToBabel.js.flow,.flow,33266,32.49 KB,2026-06-06 16:54:22,node_modules,node_modules\hermes-parser,4
node_modules\hermes-parser\dist\estree\StripComponentSyntax.js,C:\Users\Luis\Desktop\das4navy\node_modules\hermes-parser\dist\estree\StripComponentSyntax.js,StripComponentSyntax.js,.js,22713,22.18 KB,2026-06-06 16:54:22,node_modules,node_modules\hermes-parser,4
node_modules\hermes-parser\dist\estree\StripComponentSyntax.js.flow,C:\Users\Luis\Desktop\das4navy\node_modules\hermes-parser\dist\estree\StripComponentSyntax.js.flow,StripComponentSyntax.js.flow,.flow,23470,22.92 KB,2026-06-06 16:54:22,node_modules,node_modules\hermes-parser,4
node_modules\hermes-parser\dist\estree\StripFlowTypes.js,C:\Users\Luis\Desktop\das4navy\node_modules\hermes-parser\dist\estree\StripFlowTypes.js,StripFlowTypes.js,.js,4387,4.28 KB,2026-06-06 16:54:22,node_modules,node_modules\hermes-parser,4
node_modules\hermes-parser\dist\estree\StripFlowTypes.js.flow,C:\Users\Luis\Desktop\das4navy\node_modules\hermes-parser\dist\estree\StripFlowTypes.js.flow,StripFlowTypes.js.flow,.flow,4180,4.08 KB,2026-06-06 16:54:22,node_modules,node_modules\hermes-parser,4
node_modules\hermes-parser\dist\estree\StripFlowTypesForBabel.js,C:\Users\Luis\Desktop\das4navy\node_modules\hermes-parser\dist\estree\StripFlowTypesForBabel.js,StripFlowTypesForBabel.js,.js,5298,5.17 KB,2026-06-06 16:54:22,node_modules,node_modules\hermes-parser,4
node_modules\hermes-parser\dist\estree\StripFlowTypesForBabel.js.flow,C:\Users\Luis\Desktop\das4navy\node_modules\hermes-parser\dist\estree\StripFlowTypesForBabel.js.flow,StripFlowTypesForBabel.js.flow,.flow,5631,5.50 KB,2026-06-06 16:54:22,node_modules,node_modules\hermes-parser,4
node_modules\hermes-parser\dist\generated\ESTreeVisitorKeys.js,C:\Users\Luis\Desktop\das4navy\node_modules\hermes-parser\dist\generated\ESTreeVisitorKeys.js,ESTreeVisitorKeys.js,.js,8497,8.30 KB,2026-06-06 16:54:22,node_modules,node_modules\hermes-parser,4
node_modules\hermes-parser\dist\generated\ESTreeVisitorKeys.js.flow,C:\Users\Luis\Desktop\das4navy\node_modules\hermes-parser\dist\generated\ESTreeVisitorKeys.js.flow,ESTreeVisitorKeys.js.flow,.flow,348,348.00 B,2026-06-06 16:54:22,node_modules,node_modules\hermes-parser,4
node_modules\hermes-parser\dist\generated\ParserVisitorKeys.js,C:\Users\Luis\Desktop\das4navy\node_modules\hermes-parser\dist\generated\ParserVisitorKeys.js,ParserVisitorKeys.js,.js,13741,13.42 KB,2026-06-06 16:54:22,node_modules,node_modules\hermes-parser,4
node_modules\hermes-parser\dist\generated\ParserVisitorKeys.js.flow,C:\Users\Luis\Desktop\das4navy\node_modules\hermes-parser\dist\generated\ParserVisitorKeys.js.flow,ParserVisitorKeys.js.flow,.flow,434,434.00 B,2026-06-06 16:54:22,node_modules,node_modules\hermes-parser,4
node_modules\hermes-parser\dist\getModuleDocblock.js,C:\Users\Luis\Desktop\das4navy\node_modules\hermes-parser\dist\getModuleDocblock.js,getModuleDocblock.js,.js,2940,2.87 KB,2026-06-06 16:54:22,node_modules,node_modules\hermes-parser,3
node_modules\hermes-parser\dist\getModuleDocblock.js.flow,C:\Users\Luis\Desktop\das4navy\node_modules\hermes-parser\dist\getModuleDocblock.js.flow,getModuleDocblock.js.flow,.flow,3057,2.99 KB,2026-06-06 16:54:22,node_modules,node_modules\hermes-parser,3
node_modules\hermes-parser\dist\index.js,C:\Users\Luis\Desktop\das4navy\node_modules\hermes-parser\dist\index.js,index.js,.js,6335,6.19 KB,2026-06-06 16:54:22,node_modules,node_modules\hermes-parser,3
node_modules\hermes-parser\dist\index.js.flow,C:\Users\Luis\Desktop\das4navy\node_modules\hermes-parser\dist\index.js.flow,index.js.flow,.flow,3629,3.54 KB,2026-06-06 16:54:22,node_modules,node_modules\hermes-parser,3
node_modules\hermes-parser\dist\transform\SimpleTransform.js,C:\Users\Luis\Desktop\das4navy\node_modules\hermes-parser\dist\transform\SimpleTransform.js,SimpleTransform.js,.js,3582,3.50 KB,2026-06-06 16:54:22,node_modules,node_modules\hermes-parser,4
node_modules\hermes-parser\dist\transform\SimpleTransform.js.flow,C:\Users\Luis\Desktop\das4navy\node_modules\hermes-parser\dist\transform\SimpleTransform.js.flow,SimpleTransform.js.flow,.flow,4524,4.42 KB,2026-06-06 16:54:22,node_modules,node_modules\hermes-parser,4
node_modules\hermes-parser\dist\transform\astArrayMutationHelpers.js,C:\Users\Luis\Desktop\das4navy\node_modules\hermes-parser\dist\transform\astArrayMutationHelpers.js,astArrayMutationHelpers.js,.js,1531,1.50 KB,2026-06-06 16:54:22,node_modules,node_modules\hermes-parser,4
node_modules\hermes-parser\dist\transform\astArrayMutationHelpers.js.flow,C:\Users\Luis\Desktop\das4navy\node_modules\hermes-parser\dist\transform\astArrayMutationHelpers.js.flow,astArrayMutationHelpers.js.flow,.flow,1640,1.60 KB,2026-06-06 16:54:22,node_modules,node_modules\hermes-parser,4
node_modules\hermes-parser\dist\transform\astNodeMutationHelpers.js,C:\Users\Luis\Desktop\das4navy\node_modules\hermes-parser\dist\transform\astNodeMutationHelpers.js,astNodeMutationHelpers.js,.js,5624,5.49 KB,2026-06-06 16:54:22,node_modules,node_modules\hermes-parser,4
node_modules\hermes-parser\dist\transform\astNodeMutationHelpers.js.flow,C:\Users\Luis\Desktop\das4navy\node_modules\hermes-parser\dist\transform\astNodeMutationHelpers.js.flow,astNodeMutationHelpers.js.flow,.flow,5888,5.75 KB,2026-06-06 16:54:22,node_modules,node_modules\hermes-parser,4
node_modules\hermes-parser\dist\traverse\SimpleTraverser.js,C:\Users\Luis\Desktop\das4navy\node_modules\hermes-parser\dist\traverse\SimpleTraverser.js,SimpleTraverser.js,.js,3002,2.93 KB,2026-06-06 16:54:22,node_modules,node_modules\hermes-parser,4
node_modules\hermes-parser\dist\traverse\SimpleTraverser.js.flow,C:\Users\Luis\Desktop\das4navy\node_modules\hermes-parser\dist\traverse\SimpleTraverser.js.flow,SimpleTraverser.js.flow,.flow,3438,3.36 KB,2026-06-06 16:54:22,node_modules,node_modules\hermes-parser,4
node_modules\hermes-parser\dist\traverse\getVisitorKeys.js,C:\Users\Luis\Desktop\das4navy\node_modules\hermes-parser\dist\traverse\getVisitorKeys.js,getVisitorKeys.js,.js,1000,1000.00 B,2026-06-06 16:54:22,node_modules,node_modules\hermes-parser,4
node_modules\hermes-parser\dist\traverse\getVisitorKeys.js.flow,C:\Users\Luis\Desktop\das4navy\node_modules\hermes-parser\dist\traverse\getVisitorKeys.js.flow,getVisitorKeys.js.flow,.flow,979,979.00 B,2026-06-06 16:54:22,node_modules,node_modules\hermes-parser,4
node_modules\hermes-parser\dist\utils\createSyntaxError.js,C:\Users\Luis\Desktop\das4navy\node_modules\hermes-parser\dist\utils\createSyntaxError.js,createSyntaxError.js,.js,573,573.00 B,2026-06-06 16:54:22,node_modules,node_modules\hermes-parser,4
node_modules\hermes-parser\dist\utils\createSyntaxError.js.flow,C:\Users\Luis\Desktop\das4navy\node_modules\hermes-parser\dist\utils\createSyntaxError.js.flow,createSyntaxError.js.flow,.flow,557,557.00 B,2026-06-06 16:54:22,node_modules,node_modules\hermes-parser,4
node_modules\hermes-parser\dist\utils\mutateESTreeASTForPrettier.js,C:\Users\Luis\Desktop\das4navy\node_modules\hermes-parser\dist\utils\mutateESTreeASTForPrettier.js,mutateESTreeASTForPrettier.js,.js,4428,4.32 KB,2026-06-06 16:54:22,node_modules,node_modules\hermes-parser,4
node_modules\hermes-parser\dist\utils\mutateESTreeASTForPrettier.js.flow,C:\Users\Luis\Desktop\das4navy\node_modules\hermes-parser\dist\utils\mutateESTreeASTForPrettier.js.flow,mutateESTreeASTForPrettier.js.flow,.flow,4596,4.49 KB,2026-06-06 16:54:22,node_modules,node_modules\hermes-parser,4
node_modules\hermes-parser\package.json,C:\Users\Luis\Desktop\das4navy\node_modules\hermes-parser\package.json,package.json,.json,517,517.00 B,2026-06-06 16:54:21,node_modules,node_modules\hermes-parser,2
node_modules\ignore\LICENSE-MIT,C:\Users\Luis\Desktop\das4navy\node_modules\ignore\LICENSE-MIT,LICENSE-MIT,[no_ext],1095,1.07 KB,2026-06-06 16:54:21,node_modules,node_modules\ignore,2
node_modules\ignore\README.md,C:\Users\Luis\Desktop\das4navy\node_modules\ignore\README.md,README.md,.md,11798,11.52 KB,2026-06-06 16:54:21,node_modules,node_modules\ignore,2
node_modules\ignore\index.d.ts,C:\Users\Luis\Desktop\das4navy\node_modules\ignore\index.d.ts,index.d.ts,.ts,1499,1.46 KB,2026-06-06 16:54:21,node_modules,node_modules\ignore,2
node_modules\ignore\index.js,C:\Users\Luis\Desktop\das4navy\node_modules\ignore\index.js,index.js,.js,16412,16.03 KB,2026-06-06 16:54:21,node_modules,node_modules\ignore,2
node_modules\ignore\legacy.js,C:\Users\Luis\Desktop\das4navy\node_modules\ignore\legacy.js,legacy.js,.js,20754,20.27 KB,2026-06-06 16:54:21,node_modules,node_modules\ignore,2
node_modules\ignore\package.json,C:\Users\Luis\Desktop\das4navy\node_modules\ignore\package.json,package.json,.json,2072,2.02 KB,2026-06-06 16:54:21,node_modules,node_modules\ignore,2
node_modules\imurmurhash\README.md,C:\Users\Luis\Desktop\das4navy\node_modules\imurmurhash\README.md,README.md,.md,4763,4.65 KB,2026-06-06 16:54:21,node_modules,node_modules\imurmurhash,2
node_modules\imurmurhash\imurmurhash.js,C:\Users\Luis\Desktop\das4navy\node_modules\imurmurhash\imurmurhash.js,imurmurhash.js,.js,4412,4.31 KB,2026-06-06 16:54:21,node_modules,node_modules\imurmurhash,2
node_modules\imurmurhash\imurmurhash.min.js,C:\Users\Luis\Desktop\das4navy\node_modules\imurmurhash\imurmurhash.min.js,imurmurhash.min.js,.js,1894,1.85 KB,2026-06-06 16:54:21,node_modules,node_modules\imurmurhash,2
node_modules\imurmurhash\package.json,C:\Users\Luis\Desktop\das4navy\node_modules\imurmurhash\package.json,package.json,.json,818,818.00 B,2026-06-06 16:54:21,node_modules,node_modules\imurmurhash,2
node_modules\is-extglob\LICENSE,C:\Users\Luis\Desktop\das4navy\node_modules\is-extglob\LICENSE,LICENSE,[no_ext],1087,1.06 KB,2026-06-06 16:54:21,node_modules,node_modules\is-extglob,2
node_modules\is-extglob\README.md,C:\Users\Luis\Desktop\das4navy\node_modules\is-extglob\README.md,README.md,.md,3469,3.39 KB,2026-06-06 16:54:21,node_modules,node_modules\is-extglob,2
node_modules\is-extglob\index.js,C:\Users\Luis\Desktop\das4navy\node_modules\is-extglob\index.js,index.js,.js,441,441.00 B,2026-06-06 16:54:21,node_modules,node_modules\is-extglob,2
node_modules\is-extglob\package.json,C:\Users\Luis\Desktop\das4navy\node_modules\is-extglob\package.json,package.json,.json,1220,1.19 KB,2026-06-06 16:54:21,node_modules,node_modules\is-extglob,2
node_modules\is-glob\LICENSE,C:\Users\Luis\Desktop\das4navy\node_modules\is-glob\LICENSE,LICENSE,[no_ext],1088,1.06 KB,2026-06-06 16:54:21,node_modules,node_modules\is-glob,2
node_modules\is-glob\README.md,C:\Users\Luis\Desktop\das4navy\node_modules\is-glob\README.md,README.md,.md,7145,6.98 KB,2026-06-06 16:54:21,node_modules,node_modules\is-glob,2
node_modules\is-glob\index.js,C:\Users\Luis\Desktop\das4navy\node_modules\is-glob\index.js,index.js,.js,3628,3.54 KB,2026-06-06 16:54:21,node_modules,node_modules\is-glob,2
node_modules\is-glob\package.json,C:\Users\Luis\Desktop\das4navy\node_modules\is-glob\package.json,package.json,.json,1748,1.71 KB,2026-06-06 16:54:21,node_modules,node_modules\is-glob,2
node_modules\isexe\.npmignore,C:\Users\Luis\Desktop\das4navy\node_modules\isexe\.npmignore,.npmignore,[no_ext],23,23.00 B,2026-06-06 16:54:21,node_modules,node_modules\isexe,2
node_modules\isexe\LICENSE,C:\Users\Luis\Desktop\das4navy\node_modules\isexe\LICENSE,LICENSE,[no_ext],765,765.00 B,2026-06-06 16:54:21,node_modules,node_modules\isexe,2
node_modules\isexe\README.md,C:\Users\Luis\Desktop\das4navy\node_modules\isexe\README.md,README.md,.md,1395,1.36 KB,2026-06-06 16:54:21,node_modules,node_modules\isexe,2
node_modules\isexe\index.js,C:\Users\Luis\Desktop\das4navy\node_modules\isexe\index.js,index.js,.js,1192,1.16 KB,2026-06-06 16:54:21,node_modules,node_modules\isexe,2
node_modules\isexe\mode.js,C:\Users\Luis\Desktop\das4navy\node_modules\isexe\mode.js,mode.js,.js,909,909.00 B,2026-06-06 16:54:21,node_modules,node_modules\isexe,2
node_modules\isexe\package.json,C:\Users\Luis\Desktop\das4navy\node_modules\isexe\package.json,package.json,.json,786,786.00 B,2026-06-06 16:54:21,node_modules,node_modules\isexe,2
node_modules\isexe\test\basic.js,C:\Users\Luis\Desktop\das4navy\node_modules\isexe\test\basic.js,basic.js,.js,4996,4.88 KB,2026-06-06 16:54:21,node_modules,node_modules\isexe,3
node_modules\isexe\windows.js,C:\Users\Luis\Desktop\das4navy\node_modules\isexe\windows.js,windows.js,.js,890,890.00 B,2026-06-06 16:54:21,node_modules,node_modules\isexe,2
node_modules\js-tokens\CHANGELOG.md,C:\Users\Luis\Desktop\das4navy\node_modules\js-tokens\CHANGELOG.md,CHANGELOG.md,.md,4481,4.38 KB,2026-06-06 16:54:21,node_modules,node_modules\js-tokens,2
node_modules\js-tokens\LICENSE,C:\Users\Luis\Desktop\das4navy\node_modules\js-tokens\LICENSE,LICENSE,[no_ext],1103,1.08 KB,2026-06-06 16:54:21,node_modules,node_modules\js-tokens,2
node_modules\js-tokens\README.md,C:\Users\Luis\Desktop\das4navy\node_modules\js-tokens\README.md,README.md,.md,7388,7.21 KB,2026-06-06 16:54:21,node_modules,node_modules\js-tokens,2
node_modules\js-tokens\index.js,C:\Users\Luis\Desktop\das4navy\node_modules\js-tokens\index.js,index.js,.js,1448,1.41 KB,2026-06-06 16:54:21,node_modules,node_modules\js-tokens,2
node_modules\js-tokens\package.json,C:\Users\Luis\Desktop\das4navy\node_modules\js-tokens\package.json,package.json,.json,649,649.00 B,2026-06-06 16:54:21,node_modules,node_modules\js-tokens,2
node_modules\jsesc\LICENSE-MIT.txt,C:\Users\Luis\Desktop\das4navy\node_modules\jsesc\LICENSE-MIT.txt,LICENSE-MIT.txt,.txt,1077,1.05 KB,2026-06-06 16:54:21,node_modules,node_modules\jsesc,2
node_modules\jsesc\README.md,C:\Users\Luis\Desktop\das4navy\node_modules\jsesc\README.md,README.md,.md,14215,13.88 KB,2026-06-06 16:54:21,node_modules,node_modules\jsesc,2
node_modules\jsesc\bin\jsesc,C:\Users\Luis\Desktop\das4navy\node_modules\jsesc\bin\jsesc,jsesc,[no_ext],3833,3.74 KB,2026-06-06 16:54:21,node_modules,node_modules\jsesc,3
node_modules\jsesc\jsesc.js,C:\Users\Luis\Desktop\das4navy\node_modules\jsesc\jsesc.js,jsesc.js,.js,8908,8.70 KB,2026-06-06 16:54:21,node_modules,node_modules\jsesc,2
node_modules\jsesc\man\jsesc.1,C:\Users\Luis\Desktop\das4navy\node_modules\jsesc\man\jsesc.1,jsesc.1,.1,2888,2.82 KB,2026-06-06 16:54:21,node_modules,node_modules\jsesc,3
node_modules\jsesc\package.json,C:\Users\Luis\Desktop\das4navy\node_modules\jsesc\package.json,package.json,.json,1359,1.33 KB,2026-06-06 16:54:21,node_modules,node_modules\jsesc,2
node_modules\json-buffer\.travis.yml,C:\Users\Luis\Desktop\das4navy\node_modules\json-buffer\.travis.yml,.travis.yml,.yml,38,38.00 B,2026-06-06 16:54:21,node_modules,node_modules\json-buffer,2
node_modules\json-buffer\LICENSE,C:\Users\Luis\Desktop\das4navy\node_modules\json-buffer\LICENSE,LICENSE,[no_ext],1071,1.05 KB,2026-06-06 16:54:21,node_modules,node_modules\json-buffer,2
node_modules\json-buffer\README.md,C:\Users\Luis\Desktop\das4navy\node_modules\json-buffer\README.md,README.md,.md,659,659.00 B,2026-06-06 16:54:21,node_modules,node_modules\json-buffer,2
node_modules\json-buffer\index.js,C:\Users\Luis\Desktop\das4navy\node_modules\json-buffer\index.js,index.js,.js,1504,1.47 KB,2026-06-06 16:54:21,node_modules,node_modules\json-buffer,2
node_modules\json-buffer\package.json,C:\Users\Luis\Desktop\das4navy\node_modules\json-buffer\package.json,package.json,.json,878,878.00 B,2026-06-06 16:54:21,node_modules,node_modules\json-buffer,2
node_modules\json-buffer\test\index.js,C:\Users\Luis\Desktop\das4navy\node_modules\json-buffer\test\index.js,index.js,.js,1254,1.22 KB,2026-06-06 16:54:21,node_modules,node_modules\json-buffer,3
node_modules\json-schema-traverse\.eslintrc.yml,C:\Users\Luis\Desktop\das4navy\node_modules\json-schema-traverse\.eslintrc.yml,.eslintrc.yml,.yml,630,630.00 B,2026-06-06 16:54:21,node_modules,node_modules\json-schema-traverse,2
node_modules\json-schema-traverse\.travis.yml,C:\Users\Luis\Desktop\das4navy\node_modules\json-schema-traverse\.travis.yml,.travis.yml,.yml,108,108.00 B,2026-06-06 16:54:21,node_modules,node_modules\json-schema-traverse,2
node_modules\json-schema-traverse\LICENSE,C:\Users\Luis\Desktop\das4navy\node_modules\json-schema-traverse\LICENSE,LICENSE,[no_ext],1074,1.05 KB,2026-06-06 16:54:21,node_modules,node_modules\json-schema-traverse,2
node_modules\json-schema-traverse\README.md,C:\Users\Luis\Desktop\das4navy\node_modules\json-schema-traverse\README.md,README.md,.md,2694,2.63 KB,2026-06-06 16:54:21,node_modules,node_modules\json-schema-traverse,2
node_modules\json-schema-traverse\index.js,C:\Users\Luis\Desktop\das4navy\node_modules\json-schema-traverse\index.js,index.js,.js,2373,2.32 KB,2026-06-06 16:54:21,node_modules,node_modules\json-schema-traverse,2
node_modules\json-schema-traverse\package.json,C:\Users\Luis\Desktop\das4navy\node_modules\json-schema-traverse\package.json,package.json,.json,1008,1008.00 B,2026-06-06 16:54:21,node_modules,node_modules\json-schema-traverse,2
node_modules\json-schema-traverse\spec\.eslintrc.yml,C:\Users\Luis\Desktop\das4navy\node_modules\json-schema-traverse\spec\.eslintrc.yml,.eslintrc.yml,.yml,91,91.00 B,2026-06-06 16:54:21,node_modules,node_modules\json-schema-traverse,3
node_modules\json-schema-traverse\spec\fixtures\schema.js,C:\Users\Luis\Desktop\das4navy\node_modules\json-schema-traverse\spec\fixtures\schema.js,schema.js,.js,5544,5.41 KB,2026-06-06 16:54:21,node_modules,node_modules\json-schema-traverse,4
node_modules\json-schema-traverse\spec\index.spec.js,C:\Users\Luis\Desktop\das4navy\node_modules\json-schema-traverse\spec\index.spec.js,index.spec.js,.js,6042,5.90 KB,2026-06-06 16:54:21,node_modules,node_modules\json-schema-traverse,3
node_modules\json-stable-stringify-without-jsonify\.npmignore,C:\Users\Luis\Desktop\das4navy\node_modules\json-stable-stringify-without-jsonify\.npmignore,.npmignore,[no_ext],13,13.00 B,2026-06-06 16:54:21,node_modules,node_modules\json-stable-stringify-without-jsonify,2
node_modules\json-stable-stringify-without-jsonify\.travis.yml,C:\Users\Luis\Desktop\das4navy\node_modules\json-stable-stringify-without-jsonify\.travis.yml,.travis.yml,.yml,48,48.00 B,2026-06-06 16:54:21,node_modules,node_modules\json-stable-stringify-without-jsonify,2
node_modules\json-stable-stringify-without-jsonify\LICENSE,C:\Users\Luis\Desktop\das4navy\node_modules\json-stable-stringify-without-jsonify\LICENSE,LICENSE,[no_ext],1073,1.05 KB,2026-06-06 16:54:21,node_modules,node_modules\json-stable-stringify-without-jsonify,2
node_modules\json-stable-stringify-without-jsonify\example\key_cmp.js,C:\Users\Luis\Desktop\das4navy\node_modules\json-stable-stringify-without-jsonify\example\key_cmp.js,key_cmp.js,.js,177,177.00 B,2026-06-06 16:54:21,node_modules,node_modules\json-stable-stringify-without-jsonify,3
node_modules\json-stable-stringify-without-jsonify\example\nested.js,C:\Users\Luis\Desktop\das4navy\node_modules\json-stable-stringify-without-jsonify\example\nested.js,nested.js,.js,109,109.00 B,2026-06-06 16:54:21,node_modules,node_modules\json-stable-stringify-without-jsonify,3
node_modules\json-stable-stringify-without-jsonify\example\str.js,C:\Users\Luis\Desktop\das4navy\node_modules\json-stable-stringify-without-jsonify\example\str.js,str.js,.js,97,97.00 B,2026-06-06 16:54:21,node_modules,node_modules\json-stable-stringify-without-jsonify,3
node_modules\json-stable-stringify-without-jsonify\example\value_cmp.js,C:\Users\Luis\Desktop\das4navy\node_modules\json-stable-stringify-without-jsonify\example\value_cmp.js,value_cmp.js,.js,188,188.00 B,2026-06-06 16:54:21,node_modules,node_modules\json-stable-stringify-without-jsonify,3
node_modules\json-stable-stringify-without-jsonify\index.js,C:\Users\Luis\Desktop\das4navy\node_modules\json-stable-stringify-without-jsonify\index.js,index.js,.js,2792,2.73 KB,2026-06-06 16:54:21,node_modules,node_modules\json-stable-stringify-without-jsonify,2
node_modules\json-stable-stringify-without-jsonify\package.json,C:\Users\Luis\Desktop\das4navy\node_modules\json-stable-stringify-without-jsonify\package.json,package.json,.json,991,991.00 B,2026-06-06 16:54:21,node_modules,node_modules\json-stable-stringify-without-jsonify,2
node_modules\json-stable-stringify-without-jsonify\readme.markdown,C:\Users\Luis\Desktop\das4navy\node_modules\json-stable-stringify-without-jsonify\readme.markdown,readme.markdown,.markdown,2767,2.70 KB,2026-06-06 16:54:21,node_modules,node_modules\json-stable-stringify-without-jsonify,2
node_modules\json-stable-stringify-without-jsonify\test\cmp.js,C:\Users\Luis\Desktop\das4navy\node_modules\json-stable-stringify-without-jsonify\test\cmp.js,cmp.js,.js,335,335.00 B,2026-06-06 16:54:21,node_modules,node_modules\json-stable-stringify-without-jsonify,3
node_modules\json-stable-stringify-without-jsonify\test\nested.js,C:\Users\Luis\Desktop\das4navy\node_modules\json-stable-stringify-without-jsonify\test\nested.js,nested.js,.js,1124,1.10 KB,2026-06-06 16:54:21,node_modules,node_modules\json-stable-stringify-without-jsonify,3
node_modules\json-stable-stringify-without-jsonify\test\replacer.js,C:\Users\Luis\Desktop\das4navy\node_modules\json-stable-stringify-without-jsonify\test\replacer.js,replacer.js,.js,1745,1.70 KB,2026-06-06 16:54:21,node_modules,node_modules\json-stable-stringify-without-jsonify,3
node_modules\json-stable-stringify-without-jsonify\test\space.js,C:\Users\Luis\Desktop\das4navy\node_modules\json-stable-stringify-without-jsonify\test\space.js,space.js,.js,1433,1.40 KB,2026-06-06 16:54:21,node_modules,node_modules\json-stable-stringify-without-jsonify,3
node_modules\json-stable-stringify-without-jsonify\test\str.js,C:\Users\Luis\Desktop\das4navy\node_modules\json-stable-stringify-without-jsonify\test\str.js,str.js,.js,758,758.00 B,2026-06-06 16:54:21,node_modules,node_modules\json-stable-stringify-without-jsonify,3
node_modules\json-stable-stringify-without-jsonify\test\to-json.js,C:\Users\Luis\Desktop\das4navy\node_modules\json-stable-stringify-without-jsonify\test\to-json.js,to-json.js,.js,574,574.00 B,2026-06-06 16:54:21,node_modules,node_modules\json-stable-stringify-without-jsonify,3
node_modules\json5\LICENSE.md,C:\Users\Luis\Desktop\das4navy\node_modules\json5\LICENSE.md,LICENSE.md,.md,1145,1.12 KB,2026-06-06 16:54:21,node_modules,node_modules\json5,2
node_modules\json5\README.md,C:\Users\Luis\Desktop\das4navy\node_modules\json5\README.md,README.md,.md,10419,10.17 KB,2026-06-06 16:54:21,node_modules,node_modules\json5,2
node_modules\json5\dist\index.js,C:\Users\Luis\Desktop\das4navy\node_modules\json5\dist\index.js,index.js,.js,58620,57.25 KB,2026-06-06 16:54:21,node_modules,node_modules\json5,3
node_modules\json5\dist\index.min.js,C:\Users\Luis\Desktop\das4navy\node_modules\json5\dist\index.min.js,index.min.js,.js,31631,30.89 KB,2026-06-06 16:54:21,node_modules,node_modules\json5,3
node_modules\json5\dist\index.min.mjs,C:\Users\Luis\Desktop\das4navy\node_modules\json5\dist\index.min.mjs,index.min.mjs,.mjs,29473,28.78 KB,2026-06-06 16:54:21,node_modules,node_modules\json5,3
node_modules\json5\dist\index.mjs,C:\Users\Luis\Desktop\das4navy\node_modules\json5\dist\index.mjs,index.mjs,.mjs,46428,45.34 KB,2026-06-06 16:54:21,node_modules,node_modules\json5,3
node_modules\json5\lib\cli.js,C:\Users\Luis\Desktop\das4navy\node_modules\json5\lib\cli.js,cli.js,.js,3592,3.51 KB,2026-06-06 16:54:21,node_modules,node_modules\json5,3
node_modules\json5\lib\index.d.ts,C:\Users\Luis\Desktop\das4navy\node_modules\json5\lib\index.d.ts,index.d.ts,.ts,103,103.00 B,2026-06-06 16:54:22,node_modules,node_modules\json5,3
node_modules\json5\lib\index.js,C:\Users\Luis\Desktop\das4navy\node_modules\json5\lib\index.js,index.js,.js,143,143.00 B,2026-06-06 16:54:21,node_modules,node_modules\json5,3
node_modules\json5\lib\parse.d.ts,C:\Users\Luis\Desktop\das4navy\node_modules\json5\lib\parse.d.ts,parse.d.ts,.ts,533,533.00 B,2026-06-06 16:54:22,node_modules,node_modules\json5,3
node_modules\json5\lib\parse.js,C:\Users\Luis\Desktop\das4navy\node_modules\json5\lib\parse.js,parse.js,.js,22402,21.88 KB,2026-06-06 16:54:21,node_modules,node_modules\json5,3
node_modules\json5\lib\register.js,C:\Users\Luis\Desktop\das4navy\node_modules\json5\lib\register.js,register.js,.js,374,374.00 B,2026-06-06 16:54:21,node_modules,node_modules\json5,3
node_modules\json5\lib\require.js,C:\Users\Luis\Desktop\das4navy\node_modules\json5\lib\require.js,require.js,.js,163,163.00 B,2026-06-06 16:54:21,node_modules,node_modules\json5,3
node_modules\json5\lib\stringify.d.ts,C:\Users\Luis\Desktop\das4navy\node_modules\json5\lib\stringify.d.ts,stringify.d.ts,.ts,4157,4.06 KB,2026-06-06 16:54:22,node_modules,node_modules\json5,3
node_modules\json5\lib\stringify.js,C:\Users\Luis\Desktop\das4navy\node_modules\json5\lib\stringify.js,stringify.js,.js,6983,6.82 KB,2026-06-06 16:54:21,node_modules,node_modules\json5,3
node_modules\json5\lib\unicode.d.ts,C:\Users\Luis\Desktop\das4navy\node_modules\json5\lib\unicode.d.ts,unicode.d.ts,.ts,124,124.00 B,2026-06-06 16:54:22,node_modules,node_modules\json5,3
node_modules\json5\lib\unicode.js,C:\Users\Luis\Desktop\das4navy\node_modules\json5\lib\unicode.js,unicode.js,.js,15815,15.44 KB,2026-06-06 16:54:21,node_modules,node_modules\json5,3
node_modules\json5\lib\util.d.ts,C:\Users\Luis\Desktop\das4navy\node_modules\json5\lib\util.d.ts,util.d.ts,.ts,292,292.00 B,2026-06-06 16:54:22,node_modules,node_modules\json5,3
node_modules\json5\lib\util.js,C:\Users\Luis\Desktop\das4navy\node_modules\json5\lib\util.js,util.js,.js,885,885.00 B,2026-06-06 16:54:21,node_modules,node_modules\json5,3
node_modules\json5\package.json,C:\Users\Luis\Desktop\das4navy\node_modules\json5\package.json,package.json,.json,1916,1.87 KB,2026-06-06 16:54:21,node_modules,node_modules\json5,2
node_modules\keyv\README.md,C:\Users\Luis\Desktop\das4navy\node_modules\keyv\README.md,README.md,.md,15631,15.26 KB,2026-06-06 16:54:21,node_modules,node_modules\keyv,2
node_modules\keyv\package.json,C:\Users\Luis\Desktop\das4navy\node_modules\keyv\package.json,package.json,.json,1297,1.27 KB,2026-06-06 16:54:21,node_modules,node_modules\keyv,2
node_modules\keyv\src\index.d.ts,C:\Users\Luis\Desktop\das4navy\node_modules\keyv\src\index.d.ts,index.d.ts,.ts,4220,4.12 KB,2026-06-06 16:54:21,node_modules,node_modules\keyv,3
node_modules\keyv\src\index.js,C:\Users\Luis\Desktop\das4navy\node_modules\keyv\src\index.js,index.js,.js,6603,6.45 KB,2026-06-06 16:54:21,node_modules,node_modules\keyv,3
node_modules\levn\LICENSE,C:\Users\Luis\Desktop\das4navy\node_modules\levn\LICENSE,LICENSE,[no_ext],1054,1.03 KB,2026-06-06 16:54:21,node_modules,node_modules\levn,2
node_modules\levn\README.md,C:\Users\Luis\Desktop\das4navy\node_modules\levn\README.md,README.md,.md,10468,10.22 KB,2026-06-06 16:54:21,node_modules,node_modules\levn,2
node_modules\levn\lib\cast.js,C:\Users\Luis\Desktop\das4navy\node_modules\levn\lib\cast.js,cast.js,.js,7861,7.68 KB,2026-06-06 16:54:21,node_modules,node_modules\levn,3
node_modules\levn\lib\index.js,C:\Users\Luis\Desktop\das4navy\node_modules\levn\lib\index.js,index.js,.js,788,788.00 B,2026-06-06 16:54:21,node_modules,node_modules\levn,3
node_modules\levn\lib\parse-string.js,C:\Users\Luis\Desktop\das4navy\node_modules\levn\lib\parse-string.js,parse-string.js,.js,3875,3.78 KB,2026-06-06 16:54:21,node_modules,node_modules\levn,3
node_modules\levn\package.json,C:\Users\Luis\Desktop\das4navy\node_modules\levn\package.json,package.json,.json,901,901.00 B,2026-06-06 16:54:21,node_modules,node_modules\levn,2
node_modules\lightningcss-win32-x64-msvc\LICENSE,C:\Users\Luis\Desktop\das4navy\node_modules\lightningcss-win32-x64-msvc\LICENSE,LICENSE,[no_ext],15648,15.28 KB,2026-06-06 16:54:21,node_modules,node_modules\lightningcss-win32-x64-msvc,2
node_modules\lightningcss-win32-x64-msvc\README.md,C:\Users\Luis\Desktop\das4navy\node_modules\lightningcss-win32-x64-msvc\README.md,README.md,.md,121,121.00 B,2026-06-06 16:54:21,node_modules,node_modules\lightningcss-win32-x64-msvc,2
node_modules\lightningcss-win32-x64-msvc\lightningcss.win32-x64-msvc.node,C:\Users\Luis\Desktop\das4navy\node_modules\lightningcss-win32-x64-msvc\lightningcss.win32-x64-msvc.node,lightningcss.win32-x64-msvc.node,.node,9497600,9.06 MB,2026-06-06 16:54:22,node_modules,node_modules\lightningcss-win32-x64-msvc,2
node_modules\lightningcss-win32-x64-msvc\package.json,C:\Users\Luis\Desktop\das4navy\node_modules\lightningcss-win32-x64-msvc\package.json,package.json,.json,719,719.00 B,2026-06-06 16:54:21,node_modules,node_modules\lightningcss-win32-x64-msvc,2
node_modules\lightningcss\LICENSE,C:\Users\Luis\Desktop\das4navy\node_modules\lightningcss\LICENSE,LICENSE,[no_ext],15648,15.28 KB,2026-06-06 16:54:21,node_modules,node_modules\lightningcss,2
node_modules\lightningcss\README.md,C:\Users\Luis\Desktop\das4navy\node_modules\lightningcss\README.md,README.md,.md,6058,5.92 KB,2026-06-06 16:54:21,node_modules,node_modules\lightningcss,2
node_modules\lightningcss\node\ast.d.ts,C:\Users\Luis\Desktop\das4navy\node_modules\lightningcss\node\ast.d.ts,ast.d.ts,.ts,212319,207.34 KB,2026-06-06 16:54:21,node_modules,node_modules\lightningcss,3
node_modules\lightningcss\node\ast.js.flow,C:\Users\Luis\Desktop\das4navy\node_modules\lightningcss\node\ast.js.flow,ast.js.flow,.flow,216648,211.57 KB,2026-06-06 16:54:21,node_modules,node_modules\lightningcss,3
node_modules\lightningcss\node\browserslistToTargets.js,C:\Users\Luis\Desktop\das4navy\node_modules\lightningcss\node\browserslistToTargets.js,browserslistToTargets.js,.js,929,929.00 B,2026-06-06 16:54:21,node_modules,node_modules\lightningcss,3
node_modules\lightningcss\node\composeVisitors.js,C:\Users\Luis\Desktop\das4navy\node_modules\lightningcss\node\composeVisitors.js,composeVisitors.js,.js,11393,11.13 KB,2026-06-06 16:54:21,node_modules,node_modules\lightningcss,3
node_modules\lightningcss\node\flags.js,C:\Users\Luis\Desktop\das4navy\node_modules\lightningcss\node\flags.js,flags.js,.js,666,666.00 B,2026-06-06 16:54:21,node_modules,node_modules\lightningcss,3
node_modules\lightningcss\node\index.d.ts,C:\Users\Luis\Desktop\das4navy\node_modules\lightningcss\node\index.d.ts,index.d.ts,.ts,18604,18.17 KB,2026-06-06 16:54:22,node_modules,node_modules\lightningcss,3
node_modules\lightningcss\node\index.js,C:\Users\Luis\Desktop\das4navy\node_modules\lightningcss\node\index.js,index.js,.js,1665,1.63 KB,2026-06-06 16:54:21,node_modules,node_modules\lightningcss,3
node_modules\lightningcss\node\index.js.flow,C:\Users\Luis\Desktop\das4navy\node_modules\lightningcss\node\index.js.flow,index.js.flow,.flow,20788,20.30 KB,2026-06-06 16:54:21,node_modules,node_modules\lightningcss,3
node_modules\lightningcss\node\index.mjs,C:\Users\Luis\Desktop\das4navy\node_modules\lightningcss\node\index.mjs,index.mjs,.mjs,276,276.00 B,2026-06-06 16:54:21,node_modules,node_modules\lightningcss,3
node_modules\lightningcss\node\targets.d.ts,C:\Users\Luis\Desktop\das4navy\node_modules\lightningcss\node\targets.d.ts,targets.d.ts,.ts,867,867.00 B,2026-06-06 16:54:22,node_modules,node_modules\lightningcss,3
node_modules\lightningcss\node\targets.js.flow,C:\Users\Luis\Desktop\das4navy\node_modules\lightningcss\node\targets.js.flow,targets.js.flow,.flow,819,819.00 B,2026-06-06 16:54:21,node_modules,node_modules\lightningcss,3
node_modules\lightningcss\package.json,C:\Users\Luis\Desktop\das4navy\node_modules\lightningcss\package.json,package.json,.json,3835,3.75 KB,2026-06-06 16:54:21,node_modules,node_modules\lightningcss,2
node_modules\locate-path\index.d.ts,C:\Users\Luis\Desktop\das4navy\node_modules\locate-path\index.d.ts,index.d.ts,.ts,1580,1.54 KB,2026-06-06 16:54:21,node_modules,node_modules\locate-path,2
node_modules\locate-path\index.js,C:\Users\Luis\Desktop\das4navy\node_modules\locate-path\index.js,index.js,.js,1329,1.30 KB,2026-06-06 16:54:21,node_modules,node_modules\locate-path,2
node_modules\locate-path\license,C:\Users\Luis\Desktop\das4navy\node_modules\locate-path\license,license,[no_ext],1117,1.09 KB,2026-06-06 16:54:21,node_modules,node_modules\locate-path,2
node_modules\locate-path\package.json,C:\Users\Luis\Desktop\das4navy\node_modules\locate-path\package.json,package.json,.json,786,786.00 B,2026-06-06 16:54:21,node_modules,node_modules\locate-path,2
node_modules\locate-path\readme.md,C:\Users\Luis\Desktop\das4navy\node_modules\locate-path\readme.md,readme.md,.md,2205,2.15 KB,2026-06-06 16:54:21,node_modules,node_modules\locate-path,2
node_modules\lru-cache\LICENSE,C:\Users\Luis\Desktop\das4navy\node_modules\lru-cache\LICENSE,LICENSE,[no_ext],765,765.00 B,2026-06-06 16:54:21,node_modules,node_modules\lru-cache,2
node_modules\lru-cache\README.md,C:\Users\Luis\Desktop\das4navy\node_modules\lru-cache\README.md,README.md,.md,5987,5.85 KB,2026-06-06 16:54:21,node_modules,node_modules\lru-cache,2
node_modules\lru-cache\index.js,C:\Users\Luis\Desktop\das4navy\node_modules\lru-cache\index.js,index.js,.js,8186,7.99 KB,2026-06-06 16:54:21,node_modules,node_modules\lru-cache,2
node_modules\lru-cache\package.json,C:\Users\Luis\Desktop\das4navy\node_modules\lru-cache\package.json,package.json,.json,776,776.00 B,2026-06-06 16:54:21,node_modules,node_modules\lru-cache,2
node_modules\minimatch\LICENSE.md,C:\Users\Luis\Desktop\das4navy\node_modules\minimatch\LICENSE.md,LICENSE.md,.md,1550,1.51 KB,2026-06-06 16:54:22,node_modules,node_modules\minimatch,2
node_modules\minimatch\README.md,C:\Users\Luis\Desktop\das4navy\node_modules\minimatch\README.md,README.md,.md,19865,19.40 KB,2026-06-06 16:54:22,node_modules,node_modules\minimatch,2
node_modules\minimatch\dist\commonjs\assert-valid-pattern.d.ts,C:\Users\Luis\Desktop\das4navy\node_modules\minimatch\dist\commonjs\assert-valid-pattern.d.ts,assert-valid-pattern.d.ts,.ts,119,119.00 B,2026-06-06 16:54:22,node_modules,node_modules\minimatch,4
node_modules\minimatch\dist\commonjs\assert-valid-pattern.d.ts.map,C:\Users\Luis\Desktop\das4navy\node_modules\minimatch\dist\commonjs\assert-valid-pattern.d.ts.map,assert-valid-pattern.d.ts.map,.map,199,199.00 B,2026-06-06 16:54:22,node_modules,node_modules\minimatch,4
node_modules\minimatch\dist\commonjs\assert-valid-pattern.js,C:\Users\Luis\Desktop\das4navy\node_modules\minimatch\dist\commonjs\assert-valid-pattern.js,assert-valid-pattern.js,.js,492,492.00 B,2026-06-06 16:54:21,node_modules,node_modules\minimatch,4
node_modules\minimatch\dist\commonjs\assert-valid-pattern.js.map,C:\Users\Luis\Desktop\das4navy\node_modules\minimatch\dist\commonjs\assert-valid-pattern.js.map,assert-valid-pattern.js.map,.map,832,832.00 B,2026-06-06 16:54:22,node_modules,node_modules\minimatch,4
node_modules\minimatch\dist\commonjs\ast.d.ts,C:\Users\Luis\Desktop\das4navy\node_modules\minimatch\dist\commonjs\ast.d.ts,ast.d.ts,.ts,845,845.00 B,2026-06-06 16:54:22,node_modules,node_modules\minimatch,4
node_modules\minimatch\dist\commonjs\ast.d.ts.map,C:\Users\Luis\Desktop\das4navy\node_modules\minimatch\dist\commonjs\ast.d.ts.map,ast.d.ts.map,.map,919,919.00 B,2026-06-06 16:54:22,node_modules,node_modules\minimatch,4
node_modules\minimatch\dist\commonjs\ast.js,C:\Users\Luis\Desktop\das4navy\node_modules\minimatch\dist\commonjs\ast.js,ast.js,.js,30650,29.93 KB,2026-06-06 16:54:21,node_modules,node_modules\minimatch,4
node_modules\minimatch\dist\commonjs\ast.js.map,C:\Users\Luis\Desktop\das4navy\node_modules\minimatch\dist\commonjs\ast.js.map,ast.js.map,.map,56074,54.76 KB,2026-06-06 16:54:22,node_modules,node_modules\minimatch,4
node_modules\minimatch\dist\commonjs\brace-expressions.d.ts,C:\Users\Luis\Desktop\das4navy\node_modules\minimatch\dist\commonjs\brace-expressions.d.ts,brace-expressions.d.ts,.ts,251,251.00 B,2026-06-06 16:54:22,node_modules,node_modules\minimatch,4
node_modules\minimatch\dist\commonjs\brace-expressions.d.ts.map,C:\Users\Luis\Desktop\das4navy\node_modules\minimatch\dist\commonjs\brace-expressions.d.ts.map,brace-expressions.d.ts.map,.map,319,319.00 B,2026-06-06 16:54:22,node_modules,node_modules\minimatch,4
node_modules\minimatch\dist\commonjs\brace-expressions.js,C:\Users\Luis\Desktop\das4navy\node_modules\minimatch\dist\commonjs\brace-expressions.js,brace-expressions.js,.js,5743,5.61 KB,2026-06-06 16:54:21,node_modules,node_modules\minimatch,4
node_modules\minimatch\dist\commonjs\brace-expressions.js.map,C:\Users\Luis\Desktop\das4navy\node_modules\minimatch\dist\commonjs\brace-expressions.js.map,brace-expressions.js.map,.map,10568,10.32 KB,2026-06-06 16:54:22,node_modules,node_modules\minimatch,4
node_modules\minimatch\dist\commonjs\escape.d.ts,C:\Users\Luis\Desktop\das4navy\node_modules\minimatch\dist\commonjs\escape.d.ts,escape.d.ts,.ts,781,781.00 B,2026-06-06 16:54:22,node_modules,node_modules\minimatch,4
node_modules\minimatch\dist\commonjs\escape.d.ts.map,C:\Users\Luis\Desktop\das4navy\node_modules\minimatch\dist\commonjs\escape.d.ts.map,escape.d.ts.map,.map,278,278.00 B,2026-06-06 16:54:22,node_modules,node_modules\minimatch,4
node_modules\minimatch\dist\commonjs\escape.js,C:\Users\Luis\Desktop\das4navy\node_modules\minimatch\dist\commonjs\escape.js,escape.js,.js,1253,1.22 KB,2026-06-06 16:54:21,node_modules,node_modules\minimatch,4
node_modules\minimatch\dist\commonjs\escape.js.map,C:\Users\Luis\Desktop\das4navy\node_modules\minimatch\dist\commonjs\escape.js.map,escape.js.map,.map,1890,1.85 KB,2026-06-06 16:54:22,node_modules,node_modules\minimatch,4
node_modules\minimatch\dist\commonjs\index.d.ts,C:\Users\Luis\Desktop\das4navy\node_modules\minimatch\dist\commonjs\index.d.ts,index.d.ts,.ts,7360,7.19 KB,2026-06-06 16:54:22,node_modules,node_modules\minimatch,4
node_modules\minimatch\dist\commonjs\index.d.ts.map,C:\Users\Luis\Desktop\das4navy\node_modules\minimatch\dist\commonjs\index.d.ts.map,index.d.ts.map,.map,3722,3.63 KB,2026-06-06 16:54:22,node_modules,node_modules\minimatch,4
node_modules\minimatch\dist\commonjs\index.js,C:\Users\Luis\Desktop\das4navy\node_modules\minimatch\dist\commonjs\index.js,index.js,.js,45140,44.08 KB,2026-06-06 16:54:21,node_modules,node_modules\minimatch,4
node_modules\minimatch\dist\commonjs\index.js.map,C:\Users\Luis\Desktop\das4navy\node_modules\minimatch\dist\commonjs\index.js.map,index.js.map,.map,85329,83.33 KB,2026-06-06 16:54:22,node_modules,node_modules\minimatch,4
node_modules\minimatch\dist\commonjs\package.json,C:\Users\Luis\Desktop\das4navy\node_modules\minimatch\dist\commonjs\package.json,package.json,.json,25,25.00 B,2026-06-06 16:54:22,node_modules,node_modules\minimatch,4
node_modules\minimatch\dist\commonjs\unescape.d.ts,C:\Users\Luis\Desktop\das4navy\node_modules\minimatch\dist\commonjs\unescape.d.ts,unescape.d.ts,.ts,956,956.00 B,2026-06-06 16:54:22,node_modules,node_modules\minimatch,4
node_modules\minimatch\dist\commonjs\unescape.d.ts.map,C:\Users\Luis\Desktop\das4navy\node_modules\minimatch\dist\commonjs\unescape.d.ts.map,unescape.d.ts.map,.map,290,290.00 B,2026-06-06 16:54:22,node_modules,node_modules\minimatch,4
node_modules\minimatch\dist\commonjs\unescape.js,C:\Users\Luis\Desktop\das4navy\node_modules\minimatch\dist\commonjs\unescape.js,unescape.js,.js,1390,1.36 KB,2026-06-06 16:54:21,node_modules,node_modules\minimatch,4
node_modules\minimatch\dist\commonjs\unescape.js.map,C:\Users\Luis\Desktop\das4navy\node_modules\minimatch\dist\commonjs\unescape.js.map,unescape.js.map,.map,2080,2.03 KB,2026-06-06 16:54:22,node_modules,node_modules\minimatch,4
node_modules\minimatch\dist\esm\assert-valid-pattern.d.ts,C:\Users\Luis\Desktop\das4navy\node_modules\minimatch\dist\esm\assert-valid-pattern.d.ts,assert-valid-pattern.d.ts,.ts,119,119.00 B,2026-06-06 16:54:22,node_modules,node_modules\minimatch,4
node_modules\minimatch\dist\esm\assert-valid-pattern.d.ts.map,C:\Users\Luis\Desktop\das4navy\node_modules\minimatch\dist\esm\assert-valid-pattern.d.ts.map,assert-valid-pattern.d.ts.map,.map,199,199.00 B,2026-06-06 16:54:22,node_modules,node_modules\minimatch,4
node_modules\minimatch\dist\esm\assert-valid-pattern.js,C:\Users\Luis\Desktop\das4navy\node_modules\minimatch\dist\esm\assert-valid-pattern.js,assert-valid-pattern.js,.js,336,336.00 B,2026-06-06 16:54:21,node_modules,node_modules\minimatch,4
node_modules\minimatch\dist\esm\assert-valid-pattern.js.map,C:\Users\Luis\Desktop\das4navy\node_modules\minimatch\dist\esm\assert-valid-pattern.js.map,assert-valid-pattern.js.map,.map,815,815.00 B,2026-06-06 16:54:22,node_modules,node_modules\minimatch,4
node_modules\minimatch\dist\esm\ast.d.ts,C:\Users\Luis\Desktop\das4navy\node_modules\minimatch\dist\esm\ast.d.ts,ast.d.ts,.ts,845,845.00 B,2026-06-06 16:54:22,node_modules,node_modules\minimatch,4
node_modules\minimatch\dist\esm\ast.d.ts.map,C:\Users\Luis\Desktop\das4navy\node_modules\minimatch\dist\esm\ast.d.ts.map,ast.d.ts.map,.map,919,919.00 B,2026-06-06 16:54:22,node_modules,node_modules\minimatch,4
node_modules\minimatch\dist\esm\ast.js,C:\Users\Luis\Desktop\das4navy\node_modules\minimatch\dist\esm\ast.js,ast.js,.js,30416,29.70 KB,2026-06-06 16:54:21,node_modules,node_modules\minimatch,4
node_modules\minimatch\dist\esm\ast.js.map,C:\Users\Luis\Desktop\das4navy\node_modules\minimatch\dist\esm\ast.js.map,ast.js.map,.map,56089,54.77 KB,2026-06-06 16:54:22,node_modules,node_modules\minimatch,4
node_modules\minimatch\dist\esm\brace-expressions.d.ts,C:\Users\Luis\Desktop\das4navy\node_modules\minimatch\dist\esm\brace-expressions.d.ts,brace-expressions.d.ts,.ts,251,251.00 B,2026-06-06 16:54:22,node_modules,node_modules\minimatch,4
node_modules\minimatch\dist\esm\brace-expressions.d.ts.map,C:\Users\Luis\Desktop\das4navy\node_modules\minimatch\dist\esm\brace-expressions.d.ts.map,brace-expressions.d.ts.map,.map,319,319.00 B,2026-06-06 16:54:22,node_modules,node_modules\minimatch,4
node_modules\minimatch\dist\esm\brace-expressions.js,C:\Users\Luis\Desktop\das4navy\node_modules\minimatch\dist\esm\brace-expressions.js,brace-expressions.js,.js,5611,5.48 KB,2026-06-06 16:54:21,node_modules,node_modules\minimatch,4
node_modules\minimatch\dist\esm\brace-expressions.js.map,C:\Users\Luis\Desktop\das4navy\node_modules\minimatch\dist\esm\brace-expressions.js.map,brace-expressions.js.map,.map,10552,10.30 KB,2026-06-06 16:54:22,node_modules,node_modules\minimatch,4
node_modules\minimatch\dist\esm\escape.d.ts,C:\Users\Luis\Desktop\das4navy\node_modules\minimatch\dist\esm\escape.d.ts,escape.d.ts,.ts,781,781.00 B,2026-06-06 16:54:22,node_modules,node_modules\minimatch,4
node_modules\minimatch\dist\esm\escape.d.ts.map,C:\Users\Luis\Desktop\das4navy\node_modules\minimatch\dist\esm\escape.d.ts.map,escape.d.ts.map,.map,278,278.00 B,2026-06-06 16:54:22,node_modules,node_modules\minimatch,4
node_modules\minimatch\dist\esm\escape.js,C:\Users\Luis\Desktop\das4navy\node_modules\minimatch\dist\esm\escape.js,escape.js,.js,1133,1.11 KB,2026-06-06 16:54:21,node_modules,node_modules\minimatch,4
node_modules\minimatch\dist\esm\escape.js.map,C:\Users\Luis\Desktop\das4navy\node_modules\minimatch\dist\esm\escape.js.map,escape.js.map,.map,1874,1.83 KB,2026-06-06 16:54:22,node_modules,node_modules\minimatch,4
node_modules\minimatch\dist\esm\index.d.ts,C:\Users\Luis\Desktop\das4navy\node_modules\minimatch\dist\esm\index.d.ts,index.d.ts,.ts,7360,7.19 KB,2026-06-06 16:54:22,node_modules,node_modules\minimatch,4
node_modules\minimatch\dist\esm\index.d.ts.map,C:\Users\Luis\Desktop\das4navy\node_modules\minimatch\dist\esm\index.d.ts.map,index.d.ts.map,.map,3722,3.63 KB,2026-06-06 16:54:22,node_modules,node_modules\minimatch,4
node_modules\minimatch\dist\esm\index.js,C:\Users\Luis\Desktop\das4navy\node_modules\minimatch\dist\esm\index.js,index.js,.js,43810,42.78 KB,2026-06-06 16:54:21,node_modules,node_modules\minimatch,4
node_modules\minimatch\dist\esm\index.js.map,C:\Users\Luis\Desktop\das4navy\node_modules\minimatch\dist\esm\index.js.map,index.js.map,.map,85364,83.36 KB,2026-06-06 16:54:22,node_modules,node_modules\minimatch,4
node_modules\minimatch\dist\esm\package.json,C:\Users\Luis\Desktop\das4navy\node_modules\minimatch\dist\esm\package.json,package.json,.json,23,23.00 B,2026-06-06 16:54:22,node_modules,node_modules\minimatch,4
node_modules\minimatch\dist\esm\unescape.d.ts,C:\Users\Luis\Desktop\das4navy\node_modules\minimatch\dist\esm\unescape.d.ts,unescape.d.ts,.ts,956,956.00 B,2026-06-06 16:54:22,node_modules,node_modules\minimatch,4
node_modules\minimatch\dist\esm\unescape.d.ts.map,C:\Users\Luis\Desktop\das4navy\node_modules\minimatch\dist\esm\unescape.d.ts.map,unescape.d.ts.map,.map,290,290.00 B,2026-06-06 16:54:22,node_modules,node_modules\minimatch,4
node_modules\minimatch\dist\esm\unescape.js,C:\Users\Luis\Desktop\das4navy\node_modules\minimatch\dist\esm\unescape.js,unescape.js,.js,1264,1.23 KB,2026-06-06 16:54:22,node_modules,node_modules\minimatch,4
node_modules\minimatch\dist\esm\unescape.js.map,C:\Users\Luis\Desktop\das4navy\node_modules\minimatch\dist\esm\unescape.js.map,unescape.js.map,.map,2064,2.02 KB,2026-06-06 16:54:22,node_modules,node_modules\minimatch,4
node_modules\minimatch\package.json,C:\Users\Luis\Desktop\das4navy\node_modules\minimatch\package.json,package.json,.json,1810,1.77 KB,2026-06-06 16:54:22,node_modules,node_modules\minimatch,2
node_modules\ms\index.js,C:\Users\Luis\Desktop\das4navy\node_modules\ms\index.js,index.js,.js,3024,2.95 KB,2026-06-06 16:54:21,node_modules,node_modules\ms,2
node_modules\ms\license.md,C:\Users\Luis\Desktop\das4navy\node_modules\ms\license.md,license.md,.md,1079,1.05 KB,2026-06-06 16:54:21,node_modules,node_modules\ms,2
node_modules\ms\package.json,C:\Users\Luis\Desktop\das4navy\node_modules\ms\package.json,package.json,.json,732,732.00 B,2026-06-06 16:54:21,node_modules,node_modules\ms,2
node_modules\ms\readme.md,C:\Users\Luis\Desktop\das4navy\node_modules\ms\readme.md,readme.md,.md,1886,1.84 KB,2026-06-06 16:54:21,node_modules,node_modules\ms,2
node_modules\nanoid\.claude\settings.local.json,C:\Users\Luis\Desktop\das4navy\node_modules\nanoid\.claude\settings.local.json,settings.local.json,.json,440,440.00 B,2026-06-06 16:54:22,node_modules,node_modules\nanoid,3
node_modules\nanoid\LICENSE,C:\Users\Luis\Desktop\das4navy\node_modules\nanoid\LICENSE,LICENSE,[no_ext],1095,1.07 KB,2026-06-06 16:54:21,node_modules,node_modules\nanoid,2
node_modules\nanoid\README.md,C:\Users\Luis\Desktop\das4navy\node_modules\nanoid\README.md,README.md,.md,1552,1.52 KB,2026-06-06 16:54:22,node_modules,node_modules\nanoid,2
node_modules\nanoid\async\index.browser.cjs,C:\Users\Luis\Desktop\das4navy\node_modules\nanoid\async\index.browser.cjs,index.browser.cjs,.cjs,2692,2.63 KB,2026-06-06 16:54:21,node_modules,node_modules\nanoid,3
node_modules\nanoid\async\index.browser.js,C:\Users\Luis\Desktop\das4navy\node_modules\nanoid\async\index.browser.js,index.browser.js,.js,984,984.00 B,2026-06-06 16:54:21,node_modules,node_modules\nanoid,3
node_modules\nanoid\async\index.cjs,C:\Users\Luis\Desktop\das4navy\node_modules\nanoid\async\index.cjs,index.cjs,.cjs,2870,2.80 KB,2026-06-06 16:54:21,node_modules,node_modules\nanoid,3
node_modules\nanoid\async\index.d.ts,C:\Users\Luis\Desktop\das4navy\node_modules\nanoid\async\index.d.ts,index.d.ts,.ts,1505,1.47 KB,2026-06-06 16:54:22,node_modules,node_modules\nanoid,3
node_modules\nanoid\async\index.js,C:\Users\Luis\Desktop\das4navy\node_modules\nanoid\async\index.js,index.js,.js,982,982.00 B,2026-06-06 16:54:21,node_modules,node_modules\nanoid,3
node_modules\nanoid\async\index.native.js,C:\Users\Luis\Desktop\das4navy\node_modules\nanoid\async\index.native.js,index.native.js,.js,820,820.00 B,2026-06-06 16:54:21,node_modules,node_modules\nanoid,3
node_modules\nanoid\async\package.json,C:\Users\Luis\Desktop\das4navy\node_modules\nanoid\async\package.json,package.json,.json,233,233.00 B,2026-06-06 16:54:21,node_modules,node_modules\nanoid,3
node_modules\nanoid\bin\nanoid.cjs,C:\Users\Luis\Desktop\das4navy\node_modules\nanoid\bin\nanoid.cjs,nanoid.cjs,.cjs,1129,1.10 KB,2026-06-06 16:54:21,node_modules,node_modules\nanoid,3
node_modules\nanoid\index.browser.cjs,C:\Users\Luis\Desktop\das4navy\node_modules\nanoid\index.browser.cjs,index.browser.cjs,.cjs,2834,2.77 KB,2026-06-06 16:54:21,node_modules,node_modules\nanoid,2
node_modules\nanoid\index.browser.js,C:\Users\Luis\Desktop\das4navy\node_modules\nanoid\index.browser.js,index.browser.js,.js,1064,1.04 KB,2026-06-06 16:54:21,node_modules,node_modules\nanoid,2
node_modules\nanoid\index.cjs,C:\Users\Luis\Desktop\das4navy\node_modules\nanoid\index.cjs,index.cjs,.cjs,3430,3.35 KB,2026-06-06 16:54:21,node_modules,node_modules\nanoid,2
node_modules\nanoid\index.d.cts,C:\Users\Luis\Desktop\das4navy\node_modules\nanoid\index.d.cts,index.d.cts,.cts,2252,2.20 KB,2026-06-06 16:54:21,node_modules,node_modules\nanoid,2
node_modules\nanoid\index.d.ts,C:\Users\Luis\Desktop\das4navy\node_modules\nanoid\index.d.ts,index.d.ts,.ts,2252,2.20 KB,2026-06-06 16:54:22,node_modules,node_modules\nanoid,2
node_modules\nanoid\index.js,C:\Users\Luis\Desktop\das4navy\node_modules\nanoid\index.js,index.js,.js,1397,1.36 KB,2026-06-06 16:54:21,node_modules,node_modules\nanoid,2
node_modules\nanoid\nanoid.js,C:\Users\Luis\Desktop\das4navy\node_modules\nanoid\nanoid.js,nanoid.js,.js,169,169.00 B,2026-06-06 16:54:21,node_modules,node_modules\nanoid,2
node_modules\nanoid\non-secure\index.cjs,C:\Users\Luis\Desktop\das4navy\node_modules\nanoid\non-secure\index.cjs,index.cjs,.cjs,1114,1.09 KB,2026-06-06 16:54:21,node_modules,node_modules\nanoid,3
node_modules\nanoid\non-secure\index.d.ts,C:\Users\Luis\Desktop\das4navy\node_modules\nanoid\non-secure\index.d.ts,index.d.ts,.ts,983,983.00 B,2026-06-06 16:54:22,node_modules,node_modules\nanoid,3
node_modules\nanoid\non-secure\index.js,C:\Users\Luis\Desktop\das4navy\node_modules\nanoid\non-secure\index.js,index.js,.js,497,497.00 B,2026-06-06 16:54:21,node_modules,node_modules\nanoid,3
node_modules\nanoid\non-secure\package.json,C:\Users\Luis\Desktop\das4navy\node_modules\nanoid\non-secure\package.json,package.json,.json,99,99.00 B,2026-06-06 16:54:21,node_modules,node_modules\nanoid,3
node_modules\nanoid\package.json,C:\Users\Luis\Desktop\das4navy\node_modules\nanoid\package.json,package.json,.json,2283,2.23 KB,2026-06-06 16:54:22,node_modules,node_modules\nanoid,2
node_modules\nanoid\url-alphabet\index.cjs,C:\Users\Luis\Desktop\das4navy\node_modules\nanoid\url-alphabet\index.cjs,index.cjs,.cjs,280,280.00 B,2026-06-06 16:54:21,node_modules,node_modules\nanoid,3
node_modules\nanoid\url-alphabet\index.js,C:\Users\Luis\Desktop\das4navy\node_modules\nanoid\url-alphabet\index.js,index.js,.js,110,110.00 B,2026-06-06 16:54:21,node_modules,node_modules\nanoid,3
node_modules\nanoid\url-alphabet\package.json,C:\Users\Luis\Desktop\das4navy\node_modules\nanoid\url-alphabet\package.json,package.json,.json,99,99.00 B,2026-06-06 16:54:22,node_modules,node_modules\nanoid,3
node_modules\natural-compare\README.md,C:\Users\Luis\Desktop\das4navy\node_modules\natural-compare\README.md,README.md,.md,3352,3.27 KB,2026-06-06 16:54:21,node_modules,node_modules\natural-compare,2
node_modules\natural-compare\index.js,C:\Users\Luis\Desktop\das4navy\node_modules\natural-compare\index.js,index.js,.js,1303,1.27 KB,2026-06-06 16:54:21,node_modules,node_modules\natural-compare,2
node_modules\natural-compare\package.json,C:\Users\Luis\Desktop\das4navy\node_modules\natural-compare\package.json,package.json,.json,992,992.00 B,2026-06-06 16:54:21,node_modules,node_modules\natural-compare,2
node_modules\node-releases\LICENSE,C:\Users\Luis\Desktop\das4navy\node_modules\node-releases\LICENSE,LICENSE,[no_ext],1107,1.08 KB,2026-06-06 16:54:21,node_modules,node_modules\node-releases,2
node_modules\node-releases\README.md,C:\Users\Luis\Desktop\das4navy\node_modules\node-releases\README.md,README.md,.md,1428,1.39 KB,2026-06-06 16:54:21,node_modules,node_modules\node-releases,2
node_modules\node-releases\data\processed\envs.json,C:\Users\Luis\Desktop\das4navy\node_modules\node-releases\data\processed\envs.json,envs.json,.json,53793,52.53 KB,2026-06-06 16:54:21,node_modules,node_modules\node-releases,4
node_modules\node-releases\data\release-schedule\release-schedule.json,C:\Users\Luis\Desktop\das4navy\node_modules\node-releases\data\release-schedule\release-schedule.json,release-schedule.json,.json,3255,3.18 KB,2026-06-06 16:54:21,node_modules,node_modules\node-releases,4
node_modules\node-releases\package.json,C:\Users\Luis\Desktop\das4navy\node_modules\node-releases\package.json,package.json,.json,513,513.00 B,2026-06-06 16:54:21,node_modules,node_modules\node-releases,2
node_modules\optionator\CHANGELOG.md,C:\Users\Luis\Desktop\das4navy\node_modules\optionator\CHANGELOG.md,CHANGELOG.md,.md,1995,1.95 KB,2026-06-06 16:54:21,node_modules,node_modules\optionator,2
node_modules\optionator\LICENSE,C:\Users\Luis\Desktop\das4navy\node_modules\optionator\LICENSE,LICENSE,[no_ext],1054,1.03 KB,2026-06-06 16:54:21,node_modules,node_modules\optionator,2
node_modules\optionator\README.md,C:\Users\Luis\Desktop\das4navy\node_modules\optionator\README.md,README.md,.md,15047,14.69 KB,2026-06-06 16:54:21,node_modules,node_modules\optionator,2
node_modules\optionator\lib\help.js,C:\Users\Luis\Desktop\das4navy\node_modules\optionator\lib\help.js,help.js,.js,11144,10.88 KB,2026-06-06 16:54:21,node_modules,node_modules\optionator,3
node_modules\optionator\lib\index.js,C:\Users\Luis\Desktop\das4navy\node_modules\optionator\lib\index.js,index.js,.js,18530,18.10 KB,2026-06-06 16:54:21,node_modules,node_modules\optionator,3
node_modules\optionator\lib\util.js,C:\Users\Luis\Desktop\das4navy\node_modules\optionator\lib\util.js,util.js,.js,1498,1.46 KB,2026-06-06 16:54:21,node_modules,node_modules\optionator,3
node_modules\optionator\package.json,C:\Users\Luis\Desktop\das4navy\node_modules\optionator\package.json,package.json,.json,889,889.00 B,2026-06-06 16:54:21,node_modules,node_modules\optionator,2
node_modules\p-limit\index.d.ts,C:\Users\Luis\Desktop\das4navy\node_modules\p-limit\index.d.ts,index.d.ts,.ts,1418,1.38 KB,2026-06-06 16:54:21,node_modules,node_modules\p-limit,2
node_modules\p-limit\index.js,C:\Users\Luis\Desktop\das4navy\node_modules\p-limit\index.js,index.js,.js,1521,1.49 KB,2026-06-06 16:54:21,node_modules,node_modules\p-limit,2
node_modules\p-limit\license,C:\Users\Luis\Desktop\das4navy\node_modules\p-limit\license,license,[no_ext],1117,1.09 KB,2026-06-06 16:54:21,node_modules,node_modules\p-limit,2
node_modules\p-limit\package.json,C:\Users\Luis\Desktop\das4navy\node_modules\p-limit\package.json,package.json,.json,928,928.00 B,2026-06-06 16:54:21,node_modules,node_modules\p-limit,2
node_modules\p-limit\readme.md,C:\Users\Luis\Desktop\das4navy\node_modules\p-limit\readme.md,readme.md,.md,2770,2.71 KB,2026-06-06 16:54:21,node_modules,node_modules\p-limit,2
node_modules\p-locate\index.d.ts,C:\Users\Luis\Desktop\das4navy\node_modules\p-locate\index.d.ts,index.d.ts,.ts,1467,1.43 KB,2026-06-06 16:54:21,node_modules,node_modules\p-locate,2
node_modules\p-locate\index.js,C:\Users\Luis\Desktop\das4navy\node_modules\p-locate\index.js,index.js,.js,1157,1.13 KB,2026-06-06 16:54:21,node_modules,node_modules\p-locate,2
node_modules\p-locate\license,C:\Users\Luis\Desktop\das4navy\node_modules\p-locate\license,license,[no_ext],1117,1.09 KB,2026-06-06 16:54:21,node_modules,node_modules\p-locate,2
node_modules\p-locate\package.json,C:\Users\Luis\Desktop\das4navy\node_modules\p-locate\package.json,package.json,.json,942,942.00 B,2026-06-06 16:54:21,node_modules,node_modules\p-locate,2
node_modules\p-locate\readme.md,C:\Users\Luis\Desktop\das4navy\node_modules\p-locate\readme.md,readme.md,.md,2557,2.50 KB,2026-06-06 16:54:21,node_modules,node_modules\p-locate,2
node_modules\path-exists\index.d.ts,C:\Users\Luis\Desktop\das4navy\node_modules\path-exists\index.d.ts,index.d.ts,.ts,429,429.00 B,2026-06-06 16:54:21,node_modules,node_modules\path-exists,2
node_modules\path-exists\index.js,C:\Users\Luis\Desktop\das4navy\node_modules\path-exists\index.js,index.js,.js,347,347.00 B,2026-06-06 16:54:21,node_modules,node_modules\path-exists,2
node_modules\path-exists\license,C:\Users\Luis\Desktop\das4navy\node_modules\path-exists\license,license,[no_ext],1109,1.08 KB,2026-06-06 16:54:21,node_modules,node_modules\path-exists,2
node_modules\path-exists\package.json,C:\Users\Luis\Desktop\das4navy\node_modules\path-exists\package.json,package.json,.json,607,607.00 B,2026-06-06 16:54:21,node_modules,node_modules\path-exists,2
node_modules\path-exists\readme.md,C:\Users\Luis\Desktop\das4navy\node_modules\path-exists\readme.md,readme.md,.md,1427,1.39 KB,2026-06-06 16:54:21,node_modules,node_modules\path-exists,2
node_modules\path-key\index.d.ts,C:\Users\Luis\Desktop\das4navy\node_modules\path-key\index.d.ts,index.d.ts,.ts,1032,1.01 KB,2026-06-06 16:54:21,node_modules,node_modules\path-key,2
node_modules\path-key\index.js,C:\Users\Luis\Desktop\das4navy\node_modules\path-key\index.js,index.js,.js,415,415.00 B,2026-06-06 16:54:21,node_modules,node_modules\path-key,2
node_modules\path-key\license,C:\Users\Luis\Desktop\das4navy\node_modules\path-key\license,license,[no_ext],1109,1.08 KB,2026-06-06 16:54:21,node_modules,node_modules\path-key,2
node_modules\path-key\package.json,C:\Users\Luis\Desktop\das4navy\node_modules\path-key\package.json,package.json,.json,650,650.00 B,2026-06-06 16:54:21,node_modules,node_modules\path-key,2
node_modules\path-key\readme.md,C:\Users\Luis\Desktop\das4navy\node_modules\path-key\readme.md,readme.md,.md,1347,1.32 KB,2026-06-06 16:54:21,node_modules,node_modules\path-key,2
node_modules\picocolors\LICENSE,C:\Users\Luis\Desktop\das4navy\node_modules\picocolors\LICENSE,LICENSE,[no_ext],787,787.00 B,2026-06-06 16:54:21,node_modules,node_modules\picocolors,2
node_modules\picocolors\README.md,C:\Users\Luis\Desktop\das4navy\node_modules\picocolors\README.md,README.md,.md,622,622.00 B,2026-06-06 16:54:21,node_modules,node_modules\picocolors,2
node_modules\picocolors\package.json,C:\Users\Luis\Desktop\das4navy\node_modules\picocolors\package.json,package.json,.json,552,552.00 B,2026-06-06 16:54:21,node_modules,node_modules\picocolors,2
node_modules\picocolors\picocolors.browser.js,C:\Users\Luis\Desktop\das4navy\node_modules\picocolors\picocolors.browser.js,picocolors.browser.js,.js,598,598.00 B,2026-06-06 16:54:21,node_modules,node_modules\picocolors,2
node_modules\picocolors\picocolors.d.ts,C:\Users\Luis\Desktop\das4navy\node_modules\picocolors\picocolors.d.ts,picocolors.d.ts,.ts,138,138.00 B,2026-06-06 16:54:21,node_modules,node_modules\picocolors,2
node_modules\picocolors\picocolors.js,C:\Users\Luis\Desktop\das4navy\node_modules\picocolors\picocolors.js,picocolors.js,.js,2663,2.60 KB,2026-06-06 16:54:21,node_modules,node_modules\picocolors,2
node_modules\picocolors\types.d.ts,C:\Users\Luis\Desktop\das4navy\node_modules\picocolors\types.d.ts,types.d.ts,.ts,1013,1013.00 B,2026-06-06 16:54:21,node_modules,node_modules\picocolors,2
node_modules\picomatch\LICENSE,C:\Users\Luis\Desktop\das4navy\node_modules\picomatch\LICENSE,LICENSE,[no_ext],1091,1.07 KB,2026-06-06 16:54:21,node_modules,node_modules\picomatch,2
node_modules\picomatch\README.md,C:\Users\Luis\Desktop\das4navy\node_modules\picomatch\README.md,README.md,.md,28332,27.67 KB,2026-06-06 16:54:21,node_modules,node_modules\picomatch,2
node_modules\picomatch\index.js,C:\Users\Luis\Desktop\das4navy\node_modules\picomatch\index.js,index.js,.js,479,479.00 B,2026-06-06 16:54:21,node_modules,node_modules\picomatch,2
node_modules\picomatch\lib\constants.js,C:\Users\Luis\Desktop\das4navy\node_modules\picomatch\lib\constants.js,constants.js,.js,4552,4.45 KB,2026-06-06 16:54:21,node_modules,node_modules\picomatch,3
node_modules\picomatch\lib\parse.js,C:\Users\Luis\Desktop\das4navy\node_modules\picomatch\lib\parse.js,parse.js,.js,33731,32.94 KB,2026-06-06 16:54:21,node_modules,node_modules\picomatch,3
node_modules\picomatch\lib\picomatch.js,C:\Users\Luis\Desktop\das4navy\node_modules\picomatch\lib\picomatch.js,picomatch.js,.js,10091,9.85 KB,2026-06-06 16:54:21,node_modules,node_modules\picomatch,3
node_modules\picomatch\lib\scan.js,C:\Users\Luis\Desktop\das4navy\node_modules\picomatch\lib\scan.js,scan.js,.js,9189,8.97 KB,2026-06-06 16:54:21,node_modules,node_modules\picomatch,3
node_modules\picomatch\lib\utils.js,C:\Users\Luis\Desktop\das4navy\node_modules\picomatch\lib\utils.js,utils.js,.js,1994,1.95 KB,2026-06-06 16:54:21,node_modules,node_modules\picomatch,3
node_modules\picomatch\package.json,C:\Users\Luis\Desktop\das4navy\node_modules\picomatch\package.json,package.json,.json,1896,1.85 KB,2026-06-06 16:54:21,node_modules,node_modules\picomatch,2
node_modules\picomatch\posix.js,C:\Users\Luis\Desktop\das4navy\node_modules\picomatch\posix.js,posix.js,.js,60,60.00 B,2026-06-06 16:54:21,node_modules,node_modules\picomatch,2
node_modules\postcss\LICENSE,C:\Users\Luis\Desktop\das4navy\node_modules\postcss\LICENSE,LICENSE,[no_ext],1095,1.07 KB,2026-06-06 16:54:21,node_modules,node_modules\postcss,2
node_modules\postcss\README.md,C:\Users\Luis\Desktop\das4navy\node_modules\postcss\README.md,README.md,.md,1156,1.13 KB,2026-06-06 16:54:22,node_modules,node_modules\postcss,2
node_modules\postcss\lib\at-rule.d.ts,C:\Users\Luis\Desktop\das4navy\node_modules\postcss\lib\at-rule.d.ts,at-rule.d.ts,.ts,3356,3.28 KB,2026-06-06 16:54:22,node_modules,node_modules\postcss,3
node_modules\postcss\lib\at-rule.js,C:\Users\Luis\Desktop\das4navy\node_modules\postcss\lib\at-rule.js,at-rule.js,.js,471,471.00 B,2026-06-06 16:54:21,node_modules,node_modules\postcss,3
node_modules\postcss\lib\comment.d.ts,C:\Users\Luis\Desktop\das4navy\node_modules\postcss\lib\comment.d.ts,comment.d.ts,.ts,1680,1.64 KB,2026-06-06 16:54:22,node_modules,node_modules\postcss,3
node_modules\postcss\lib\comment.js,C:\Users\Luis\Desktop\das4navy\node_modules\postcss\lib\comment.js,comment.js,.js,203,203.00 B,2026-06-06 16:54:21,node_modules,node_modules\postcss,3
node_modules\postcss\lib\container.d.ts,C:\Users\Luis\Desktop\das4navy\node_modules\postcss\lib\container.d.ts,container.d.ts,.ts,14025,13.70 KB,2026-06-06 16:54:22,node_modules,node_modules\postcss,3
node_modules\postcss\lib\container.js,C:\Users\Luis\Desktop\das4navy\node_modules\postcss\lib\container.js,container.js,.js,10647,10.40 KB,2026-06-06 16:54:21,node_modules,node_modules\postcss,3
node_modules\postcss\lib\css-syntax-error.d.ts,C:\Users\Luis\Desktop\das4navy\node_modules\postcss\lib\css-syntax-error.d.ts,css-syntax-error.d.ts,.ts,6447,6.30 KB,2026-06-06 16:54:22,node_modules,node_modules\postcss,3
node_modules\postcss\lib\css-syntax-error.js,C:\Users\Luis\Desktop\das4navy\node_modules\postcss\lib\css-syntax-error.js,css-syntax-error.js,.js,3402,3.32 KB,2026-06-06 16:54:21,node_modules,node_modules\postcss,3
node_modules\postcss\lib\declaration.d.ts,C:\Users\Luis\Desktop\das4navy\node_modules\postcss\lib\declaration.d.ts,declaration.d.ts,.ts,3833,3.74 KB,2026-06-06 16:54:22,node_modules,node_modules\postcss,3
node_modules\postcss\lib\declaration.js,C:\Users\Luis\Desktop\das4navy\node_modules\postcss\lib\declaration.js,declaration.js,.js,495,495.00 B,2026-06-06 16:54:21,node_modules,node_modules\postcss,3
node_modules\postcss\lib\document.d.ts,C:\Users\Luis\Desktop\das4navy\node_modules\postcss\lib\document.d.ts,document.d.ts,.ts,1884,1.84 KB,2026-06-06 16:54:22,node_modules,node_modules\postcss,3
node_modules\postcss\lib\document.js,C:\Users\Luis\Desktop\das4navy\node_modules\postcss\lib\document.js,document.js,.js,654,654.00 B,2026-06-06 16:54:21,node_modules,node_modules\postcss,3
node_modules\postcss\lib\fromJSON.d.ts,C:\Users\Luis\Desktop\das4navy\node_modules\postcss\lib\fromJSON.d.ts,fromJSON.d.ts,.ts,160,160.00 B,2026-06-06 16:54:22,node_modules,node_modules\postcss,3
node_modules\postcss\lib\fromJSON.js,C:\Users\Luis\Desktop\das4navy\node_modules\postcss\lib\fromJSON.js,fromJSON.js,.js,1506,1.47 KB,2026-06-06 16:54:21,node_modules,node_modules\postcss,3
node_modules\postcss\lib\input.d.ts,C:\Users\Luis\Desktop\das4navy\node_modules\postcss\lib\input.d.ts,input.d.ts,.ts,5126,5.01 KB,2026-06-06 16:54:22,node_modules,node_modules\postcss,3
node_modules\postcss\lib\input.js,C:\Users\Luis\Desktop\das4navy\node_modules\postcss\lib\input.js,input.js,.js,6798,6.64 KB,2026-06-06 16:54:21,node_modules,node_modules\postcss,3
node_modules\postcss\lib\lazy-result.d.ts,C:\Users\Luis\Desktop\das4navy\node_modules\postcss\lib\lazy-result.d.ts,lazy-result.d.ts,.ts,4939,4.82 KB,2026-06-06 16:54:22,node_modules,node_modules\postcss,3
node_modules\postcss\lib\lazy-result.js,C:\Users\Luis\Desktop\das4navy\node_modules\postcss\lib\lazy-result.js,lazy-result.js,.js,13869,13.54 KB,2026-06-06 16:54:21,node_modules,node_modules\postcss,3
node_modules\postcss\lib\list.d.ts,C:\Users\Luis\Desktop\das4navy\node_modules\postcss\lib\list.d.ts,list.d.ts,.ts,1424,1.39 KB,2026-06-06 16:54:22,node_modules,node_modules\postcss,3
node_modules\postcss\lib\list.js,C:\Users\Luis\Desktop\das4navy\node_modules\postcss\lib\list.js,list.js,.js,1227,1.20 KB,2026-06-06 16:54:21,node_modules,node_modules\postcss,3
node_modules\postcss\lib\map-generator.js,C:\Users\Luis\Desktop\das4navy\node_modules\postcss\lib\map-generator.js,map-generator.js,.js,10031,9.80 KB,2026-06-06 16:54:21,node_modules,node_modules\postcss,3
node_modules\postcss\lib\no-work-result.d.ts,C:\Users\Luis\Desktop\das4navy\node_modules\postcss\lib\no-work-result.d.ts,no-work-result.d.ts,.ts,1503,1.47 KB,2026-06-06 16:54:22,node_modules,node_modules\postcss,3
node_modules\postcss\lib\no-work-result.js,C:\Users\Luis\Desktop\das4navy\node_modules\postcss\lib\no-work-result.js,no-work-result.js,.js,2619,2.56 KB,2026-06-06 16:54:21,node_modules,node_modules\postcss,3
node_modules\postcss\lib\node.d.ts,C:\Users\Luis\Desktop\das4navy\node_modules\postcss\lib\node.d.ts,node.d.ts,.ts,14694,14.35 KB,2026-06-06 16:54:22,node_modules,node_modules\postcss,3
node_modules\postcss\lib\node.js,C:\Users\Luis\Desktop\das4navy\node_modules\postcss\lib\node.js,node.js,.js,10719,10.47 KB,2026-06-06 16:54:21,node_modules,node_modules\postcss,3
node_modules\postcss\lib\parse.d.ts,C:\Users\Luis\Desktop\das4navy\node_modules\postcss\lib\parse.d.ts,parse.d.ts,.ts,133,133.00 B,2026-06-06 16:54:22,node_modules,node_modules\postcss,3
node_modules\postcss\lib\parse.js,C:\Users\Luis\Desktop\das4navy\node_modules\postcss\lib\parse.js,parse.js,.js,1147,1.12 KB,2026-06-06 16:54:21,node_modules,node_modules\postcss,3
node_modules\postcss\lib\parser.js,C:\Users\Luis\Desktop\das4navy\node_modules\postcss\lib\parser.js,parser.js,.js,15168,14.81 KB,2026-06-06 16:54:21,node_modules,node_modules\postcss,3
node_modules\postcss\lib\postcss.d.mts,C:\Users\Luis\Desktop\das4navy\node_modules\postcss\lib\postcss.d.mts,postcss.d.mts,.mts,1046,1.02 KB,2026-06-06 16:54:22,node_modules,node_modules\postcss,3
node_modules\postcss\lib\postcss.d.ts,C:\Users\Luis\Desktop\das4navy\node_modules\postcss\lib\postcss.d.ts,postcss.d.ts,.ts,11542,11.27 KB,2026-06-06 16:54:22,node_modules,node_modules\postcss,3
node_modules\postcss\lib\postcss.js,C:\Users\Luis\Desktop\das4navy\node_modules\postcss\lib\postcss.js,postcss.js,.js,2898,2.83 KB,2026-06-06 16:54:22,node_modules,node_modules\postcss,3
node_modules\postcss\lib\postcss.mjs,C:\Users\Luis\Desktop\das4navy\node_modules\postcss\lib\postcss.mjs,postcss.mjs,.mjs,980,980.00 B,2026-06-06 16:54:22,node_modules,node_modules\postcss,3
node_modules\postcss\lib\previous-map.d.ts,C:\Users\Luis\Desktop\das4navy\node_modules\postcss\lib\previous-map.d.ts,previous-map.d.ts,.ts,1757,1.72 KB,2026-06-06 16:54:22,node_modules,node_modules\postcss,3
node_modules\postcss\lib\previous-map.js,C:\Users\Luis\Desktop\das4navy\node_modules\postcss\lib\previous-map.js,previous-map.js,.js,4508,4.40 KB,2026-06-06 16:54:22,node_modules,node_modules\postcss,3
node_modules\postcss\lib\processor.d.ts,C:\Users\Luis\Desktop\das4navy\node_modules\postcss\lib\processor.d.ts,processor.d.ts,.ts,3345,3.27 KB,2026-06-06 16:54:22,node_modules,node_modules\postcss,3
node_modules\postcss\lib\processor.js,C:\Users\Luis\Desktop\das4navy\node_modules\postcss\lib\processor.js,processor.js,.js,1739,1.70 KB,2026-06-06 16:54:22,node_modules,node_modules\postcss,3
node_modules\postcss\lib\result.d.ts,C:\Users\Luis\Desktop\das4navy\node_modules\postcss\lib\result.d.ts,result.d.ts,.ts,4346,4.24 KB,2026-06-06 16:54:22,node_modules,node_modules\postcss,3
node_modules\postcss\lib\result.js,C:\Users\Luis\Desktop\das4navy\node_modules\postcss\lib\result.js,result.js,.js,738,738.00 B,2026-06-06 16:54:22,node_modules,node_modules\postcss,3
node_modules\postcss\lib\root.d.ts,C:\Users\Luis\Desktop\das4navy\node_modules\postcss\lib\root.d.ts,root.d.ts,.ts,2253,2.20 KB,2026-06-06 16:54:22,node_modules,node_modules\postcss,3
node_modules\postcss\lib\root.js,C:\Users\Luis\Desktop\das4navy\node_modules\postcss\lib\root.js,root.js,.js,1239,1.21 KB,2026-06-06 16:54:22,node_modules,node_modules\postcss,3
node_modules\postcss\lib\rule.d.ts,C:\Users\Luis\Desktop\das4navy\node_modules\postcss\lib\rule.d.ts,rule.d.ts,.ts,2879,2.81 KB,2026-06-06 16:54:22,node_modules,node_modules\postcss,3
node_modules\postcss\lib\rule.js,C:\Users\Luis\Desktop\das4navy\node_modules\postcss\lib\rule.js,rule.js,.js,569,569.00 B,2026-06-06 16:54:22,node_modules,node_modules\postcss,3
node_modules\postcss\lib\stringifier.d.ts,C:\Users\Luis\Desktop\das4navy\node_modules\postcss\lib\stringifier.d.ts,stringifier.d.ts,.ts,1360,1.33 KB,2026-06-06 16:54:22,node_modules,node_modules\postcss,3
node_modules\postcss\lib\stringifier.js,C:\Users\Luis\Desktop\das4navy\node_modules\postcss\lib\stringifier.js,stringifier.js,.js,9026,8.81 KB,2026-06-06 16:54:22,node_modules,node_modules\postcss,3
node_modules\postcss\lib\stringify.d.ts,C:\Users\Luis\Desktop\das4navy\node_modules\postcss\lib\stringify.d.ts,stringify.d.ts,.ts,163,163.00 B,2026-06-06 16:54:22,node_modules,node_modules\postcss,3
node_modules\postcss\lib\stringify.js,C:\Users\Luis\Desktop\das4navy\node_modules\postcss\lib\stringify.js,stringify.js,.js,213,213.00 B,2026-06-06 16:54:22,node_modules,node_modules\postcss,3
node_modules\postcss\lib\symbols.js,C:\Users\Luis\Desktop\das4navy\node_modules\postcss\lib\symbols.js,symbols.js,.js,91,91.00 B,2026-06-06 16:54:22,node_modules,node_modules\postcss,3
node_modules\postcss\lib\terminal-highlight.js,C:\Users\Luis\Desktop\das4navy\node_modules\postcss\lib\terminal-highlight.js,terminal-highlight.js,.js,1399,1.37 KB,2026-06-06 16:54:22,node_modules,node_modules\postcss,3
node_modules\postcss\lib\tokenize.js,C:\Users\Luis\Desktop\das4navy\node_modules\postcss\lib\tokenize.js,tokenize.js,.js,6700,6.54 KB,2026-06-06 16:54:22,node_modules,node_modules\postcss,3
node_modules\postcss\lib\warn-once.js,C:\Users\Luis\Desktop\das4navy\node_modules\postcss\lib\warn-once.js,warn-once.js,.js,256,256.00 B,2026-06-06 16:54:22,node_modules,node_modules\postcss,3
node_modules\postcss\lib\warning.d.ts,C:\Users\Luis\Desktop\das4navy\node_modules\postcss\lib\warning.d.ts,warning.d.ts,.ts,2924,2.86 KB,2026-06-06 16:54:22,node_modules,node_modules\postcss,3
node_modules\postcss\lib\warning.js,C:\Users\Luis\Desktop\das4navy\node_modules\postcss\lib\warning.js,warning.js,.js,739,739.00 B,2026-06-06 16:54:22,node_modules,node_modules\postcss,3
node_modules\postcss\package.json,C:\Users\Luis\Desktop\das4navy\node_modules\postcss\package.json,package.json,.json,2497,2.44 KB,2026-06-06 16:54:22,node_modules,node_modules\postcss,2
node_modules\prelude-ls\CHANGELOG.md,C:\Users\Luis\Desktop\das4navy\node_modules\prelude-ls\CHANGELOG.md,CHANGELOG.md,.md,4123,4.03 KB,2026-06-06 16:54:21,node_modules,node_modules\prelude-ls,2
node_modules\prelude-ls\LICENSE,C:\Users\Luis\Desktop\das4navy\node_modules\prelude-ls\LICENSE,LICENSE,[no_ext],1054,1.03 KB,2026-06-06 16:54:21,node_modules,node_modules\prelude-ls,2
node_modules\prelude-ls\README.md,C:\Users\Luis\Desktop\das4navy\node_modules\prelude-ls\README.md,README.md,.md,613,613.00 B,2026-06-06 16:54:21,node_modules,node_modules\prelude-ls,2
node_modules\prelude-ls\lib\Func.js,C:\Users\Luis\Desktop\das4navy\node_modules\prelude-ls\lib\Func.js,Func.js,.js,1654,1.62 KB,2026-06-06 16:54:21,node_modules,node_modules\prelude-ls,3
node_modules\prelude-ls\lib\List.js,C:\Users\Luis\Desktop\das4navy\node_modules\prelude-ls\lib\List.js,List.js,.js,15544,15.18 KB,2026-06-06 16:54:21,node_modules,node_modules\prelude-ls,3
node_modules\prelude-ls\lib\Num.js,C:\Users\Luis\Desktop\das4navy\node_modules\prelude-ls\lib\Num.js,Num.js,.js,2469,2.41 KB,2026-06-06 16:54:21,node_modules,node_modules\prelude-ls,3
node_modules\prelude-ls\lib\Obj.js,C:\Users\Luis\Desktop\das4navy\node_modules\prelude-ls\lib\Obj.js,Obj.js,.js,3201,3.13 KB,2026-06-06 16:54:21,node_modules,node_modules\prelude-ls,3
node_modules\prelude-ls\lib\Str.js,C:\Users\Luis\Desktop\das4navy\node_modules\prelude-ls\lib\Str.js,Str.js,.js,2104,2.05 KB,2026-06-06 16:54:21,node_modules,node_modules\prelude-ls,3
node_modules\prelude-ls\lib\index.js,C:\Users\Luis\Desktop\das4navy\node_modules\prelude-ls\lib\index.js,index.js,.js,4932,4.82 KB,2026-06-06 16:54:21,node_modules,node_modules\prelude-ls,3
node_modules\prelude-ls\package.json,C:\Users\Luis\Desktop\das4navy\node_modules\prelude-ls\package.json,package.json,.json,1047,1.02 KB,2026-06-06 16:54:21,node_modules,node_modules\prelude-ls,2
node_modules\punycode\LICENSE-MIT.txt,C:\Users\Luis\Desktop\das4navy\node_modules\punycode\LICENSE-MIT.txt,LICENSE-MIT.txt,.txt,1077,1.05 KB,2026-06-06 16:54:21,node_modules,node_modules\punycode,2
node_modules\punycode\README.md,C:\Users\Luis\Desktop\das4navy\node_modules\punycode\README.md,README.md,.md,5719,5.58 KB,2026-06-06 16:54:21,node_modules,node_modules\punycode,2
node_modules\punycode\package.json,C:\Users\Luis\Desktop\das4navy\node_modules\punycode\package.json,package.json,.json,1227,1.20 KB,2026-06-06 16:54:21,node_modules,node_modules\punycode,2
node_modules\punycode\punycode.es6.js,C:\Users\Luis\Desktop\das4navy\node_modules\punycode\punycode.es6.js,punycode.es6.js,.js,12780,12.48 KB,2026-06-06 16:54:21,node_modules,node_modules\punycode,2
node_modules\punycode\punycode.js,C:\Users\Luis\Desktop\das4navy\node_modules\punycode\punycode.js,punycode.js,.js,12711,12.41 KB,2026-06-06 16:54:21,node_modules,node_modules\punycode,2
node_modules\react-dom\LICENSE,C:\Users\Luis\Desktop\das4navy\node_modules\react-dom\LICENSE,LICENSE,[no_ext],1088,1.06 KB,2026-06-06 16:54:21,node_modules,node_modules\react-dom,2
node_modules\react-dom\README.md,C:\Users\Luis\Desktop\das4navy\node_modules\react-dom\README.md,README.md,.md,1096,1.07 KB,2026-06-06 16:54:22,node_modules,node_modules\react-dom,2
node_modules\react-dom\cjs\react-dom-client.development.js,C:\Users\Luis\Desktop\das4navy\node_modules\react-dom\cjs\react-dom-client.development.js,react-dom-client.development.js,.js,1065698,1.02 MB,2026-06-06 16:54:21,node_modules,node_modules\react-dom,3
node_modules\react-dom\cjs\react-dom-client.production.js,C:\Users\Luis\Desktop\das4navy\node_modules\react-dom\cjs\react-dom-client.production.js,react-dom-client.production.js,.js,536016,523.45 KB,2026-06-06 16:54:22,node_modules,node_modules\react-dom,3
node_modules\react-dom\cjs\react-dom-profiling.development.js,C:\Users\Luis\Desktop\das4navy\node_modules\react-dom\cjs\react-dom-profiling.development.js,react-dom-profiling.development.js,.js,1082082,1.03 MB,2026-06-06 16:54:22,node_modules,node_modules\react-dom,3
node_modules\react-dom\cjs\react-dom-profiling.profiling.js,C:\Users\Luis\Desktop\das4navy\node_modules\react-dom\cjs\react-dom-profiling.profiling.js,react-dom-profiling.profiling.js,.js,607634,593.39 KB,2026-06-06 16:54:22,node_modules,node_modules\react-dom,3
node_modules\react-dom\cjs\react-dom-server-legacy.browser.development.js,C:\Users\Luis\Desktop\das4navy\node_modules\react-dom\cjs\react-dom-server-legacy.browser.development.js,react-dom-server-legacy.browser.development.js,.js,395197,385.93 KB,2026-06-06 16:54:22,node_modules,node_modules\react-dom,3
node_modules\react-dom\cjs\react-dom-server-legacy.browser.production.js,C:\Users\Luis\Desktop\das4navy\node_modules\react-dom\cjs\react-dom-server-legacy.browser.production.js,react-dom-server-legacy.browser.production.js,.js,237937,232.36 KB,2026-06-06 16:54:22,node_modules,node_modules\react-dom,3
node_modules\react-dom\cjs\react-dom-server-legacy.node.development.js,C:\Users\Luis\Desktop\das4navy\node_modules\react-dom\cjs\react-dom-server-legacy.node.development.js,react-dom-server-legacy.node.development.js,.js,395194,385.93 KB,2026-06-06 16:54:22,node_modules,node_modules\react-dom,3
node_modules\react-dom\cjs\react-dom-server-legacy.node.production.js,C:\Users\Luis\Desktop\das4navy\node_modules\react-dom\cjs\react-dom-server-legacy.node.production.js,react-dom-server-legacy.node.production.js,.js,242793,237.10 KB,2026-06-06 16:54:22,node_modules,node_modules\react-dom,3
node_modules\react-dom\cjs\react-dom-server.browser.development.js,C:\Users\Luis\Desktop\das4navy\node_modules\react-dom\cjs\react-dom-server.browser.development.js,react-dom-server.browser.development.js,.js,424658,414.71 KB,2026-06-06 16:54:22,node_modules,node_modules\react-dom,3
node_modules\react-dom\cjs\react-dom-server.browser.production.js,C:\Users\Luis\Desktop\das4navy\node_modules\react-dom\cjs\react-dom-server.browser.production.js,react-dom-server.browser.production.js,.js,268058,261.78 KB,2026-06-06 16:54:22,node_modules,node_modules\react-dom,3
node_modules\react-dom\cjs\react-dom-server.bun.development.js,C:\Users\Luis\Desktop\das4navy\node_modules\react-dom\cjs\react-dom-server.bun.development.js,react-dom-server.bun.development.js,.js,354659,346.35 KB,2026-06-06 16:54:22,node_modules,node_modules\react-dom,3
node_modules\react-dom\cjs\react-dom-server.bun.production.js,C:\Users\Luis\Desktop\das4navy\node_modules\react-dom\cjs\react-dom-server.bun.production.js,react-dom-server.bun.production.js,.js,245324,239.57 KB,2026-06-06 16:54:22,node_modules,node_modules\react-dom,3
node_modules\react-dom\cjs\react-dom-server.edge.development.js,C:\Users\Luis\Desktop\das4navy\node_modules\react-dom\cjs\react-dom-server.edge.development.js,react-dom-server.edge.development.js,.js,425439,415.47 KB,2026-06-06 16:54:22,node_modules,node_modules\react-dom,3
node_modules\react-dom\cjs\react-dom-server.edge.production.js,C:\Users\Luis\Desktop\das4navy\node_modules\react-dom\cjs\react-dom-server.edge.production.js,react-dom-server.edge.production.js,.js,273614,267.20 KB,2026-06-06 16:54:22,node_modules,node_modules\react-dom,3
node_modules\react-dom\cjs\react-dom-server.node.development.js,C:\Users\Luis\Desktop\das4navy\node_modules\react-dom\cjs\react-dom-server.node.development.js,react-dom-server.node.development.js,.js,429423,419.36 KB,2026-06-06 16:54:22,node_modules,node_modules\react-dom,3
node_modules\react-dom\cjs\react-dom-server.node.production.js,C:\Users\Luis\Desktop\das4navy\node_modules\react-dom\cjs\react-dom-server.node.production.js,react-dom-server.node.production.js,.js,277046,270.55 KB,2026-06-06 16:54:22,node_modules,node_modules\react-dom,3
node_modules\react-dom\cjs\react-dom-test-utils.development.js,C:\Users\Luis\Desktop\das4navy\node_modules\react-dom\cjs\react-dom-test-utils.development.js,react-dom-test-utils.development.js,.js,793,793.00 B,2026-06-06 16:54:22,node_modules,node_modules\react-dom,3
node_modules\react-dom\cjs\react-dom-test-utils.production.js,C:\Users\Luis\Desktop\das4navy\node_modules\react-dom\cjs\react-dom-test-utils.production.js,react-dom-test-utils.production.js,.js,686,686.00 B,2026-06-06 16:54:22,node_modules,node_modules\react-dom,3
node_modules\react-dom\cjs\react-dom.development.js,C:\Users\Luis\Desktop\das4navy\node_modules\react-dom\cjs\react-dom.development.js,react-dom.development.js,.js,17673,17.26 KB,2026-06-06 16:54:22,node_modules,node_modules\react-dom,3
node_modules\react-dom\cjs\react-dom.production.js,C:\Users\Luis\Desktop\das4navy\node_modules\react-dom\cjs\react-dom.production.js,react-dom.production.js,.js,6655,6.50 KB,2026-06-06 16:54:22,node_modules,node_modules\react-dom,3
node_modules\react-dom\cjs\react-dom.react-server.development.js,C:\Users\Luis\Desktop\das4navy\node_modules\react-dom\cjs\react-dom.react-server.development.js,react-dom.react-server.development.js,.js,14211,13.88 KB,2026-06-06 16:54:22,node_modules,node_modules\react-dom,3
node_modules\react-dom\cjs\react-dom.react-server.production.js,C:\Users\Luis\Desktop\das4navy\node_modules\react-dom\cjs\react-dom.react-server.production.js,react-dom.react-server.production.js,.js,4878,4.76 KB,2026-06-06 16:54:22,node_modules,node_modules\react-dom,3
node_modules\react-dom\client.js,C:\Users\Luis\Desktop\das4navy\node_modules\react-dom\client.js,client.js,.js,1373,1.34 KB,2026-06-06 16:54:21,node_modules,node_modules\react-dom,2
node_modules\react-dom\client.react-server.js,C:\Users\Luis\Desktop\das4navy\node_modules\react-dom\client.react-server.js,client.react-server.js,.js,101,101.00 B,2026-06-06 16:54:21,node_modules,node_modules\react-dom,2
node_modules\react-dom\index.js,C:\Users\Luis\Desktop\das4navy\node_modules\react-dom\index.js,index.js,.js,1359,1.33 KB,2026-06-06 16:54:21,node_modules,node_modules\react-dom,2
node_modules\react-dom\package.json,C:\Users\Luis\Desktop\das4navy\node_modules\react-dom\package.json,package.json,.json,3063,2.99 KB,2026-06-06 16:54:22,node_modules,node_modules\react-dom,2
node_modules\react-dom\profiling.js,C:\Users\Luis\Desktop\das4navy\node_modules\react-dom\profiling.js,profiling.js,.js,1378,1.35 KB,2026-06-06 16:54:21,node_modules,node_modules\react-dom,2
node_modules\react-dom\profiling.react-server.js,C:\Users\Luis\Desktop\das4navy\node_modules\react-dom\profiling.react-server.js,profiling.react-server.js,.js,104,104.00 B,2026-06-06 16:54:21,node_modules,node_modules\react-dom,2
node_modules\react-dom\react-dom.react-server.js,C:\Users\Luis\Desktop\das4navy\node_modules\react-dom\react-dom.react-server.js,react-dom.react-server.js,.js,220,220.00 B,2026-06-06 16:54:22,node_modules,node_modules\react-dom,2
node_modules\react-dom\server.browser.js,C:\Users\Luis\Desktop\das4navy\node_modules\react-dom\server.browser.js,server.browser.js,.js,563,563.00 B,2026-06-06 16:54:22,node_modules,node_modules\react-dom,2
node_modules\react-dom\server.bun.js,C:\Users\Luis\Desktop\das4navy\node_modules\react-dom\server.bun.js,server.bun.js,.js,559,559.00 B,2026-06-06 16:54:22,node_modules,node_modules\react-dom,2
node_modules\react-dom\server.edge.js,C:\Users\Luis\Desktop\das4navy\node_modules\react-dom\server.edge.js,server.edge.js,.js,561,561.00 B,2026-06-06 16:54:22,node_modules,node_modules\react-dom,2
node_modules\react-dom\server.js,C:\Users\Luis\Desktop\das4navy\node_modules\react-dom\server.js,server.js,.js,58,58.00 B,2026-06-06 16:54:22,node_modules,node_modules\react-dom,2
node_modules\react-dom\server.node.js,C:\Users\Luis\Desktop\das4navy\node_modules\react-dom\server.node.js,server.node.js,.js,669,669.00 B,2026-06-06 16:54:22,node_modules,node_modules\react-dom,2
node_modules\react-dom\server.react-server.js,C:\Users\Luis\Desktop\das4navy\node_modules\react-dom\server.react-server.js,server.react-server.js,.js,101,101.00 B,2026-06-06 16:54:22,node_modules,node_modules\react-dom,2
node_modules\react-dom\static.browser.js,C:\Users\Luis\Desktop\das4navy\node_modules\react-dom\static.browser.js,static.browser.js,.js,319,319.00 B,2026-06-06 16:54:22,node_modules,node_modules\react-dom,2
node_modules\react-dom\static.edge.js,C:\Users\Luis\Desktop\das4navy\node_modules\react-dom\static.edge.js,static.edge.js,.js,313,313.00 B,2026-06-06 16:54:22,node_modules,node_modules\react-dom,2
node_modules\react-dom\static.js,C:\Users\Luis\Desktop\das4navy\node_modules\react-dom\static.js,static.js,.js,58,58.00 B,2026-06-06 16:54:22,node_modules,node_modules\react-dom,2
node_modules\react-dom\static.node.js,C:\Users\Luis\Desktop\das4navy\node_modules\react-dom\static.node.js,static.node.js,.js,445,445.00 B,2026-06-06 16:54:22,node_modules,node_modules\react-dom,2
node_modules\react-dom\static.react-server.js,C:\Users\Luis\Desktop\das4navy\node_modules\react-dom\static.react-server.js,static.react-server.js,.js,101,101.00 B,2026-06-06 16:54:22,node_modules,node_modules\react-dom,2
node_modules\react-dom\test-utils.js,C:\Users\Luis\Desktop\das4navy\node_modules\react-dom\test-utils.js,test-utils.js,.js,216,216.00 B,2026-06-06 16:54:22,node_modules,node_modules\react-dom,2
node_modules\react\LICENSE,C:\Users\Luis\Desktop\das4navy\node_modules\react\LICENSE,LICENSE,[no_ext],1088,1.06 KB,2026-06-06 16:54:21,node_modules,node_modules\react,2
node_modules\react\README.md,C:\Users\Luis\Desktop\das4navy\node_modules\react\README.md,README.md,.md,1158,1.13 KB,2026-06-06 16:54:22,node_modules,node_modules\react,2
node_modules\react\cjs\react-compiler-runtime.development.js,C:\Users\Luis\Desktop\das4navy\node_modules\react\cjs\react-compiler-runtime.development.js,react-compiler-runtime.development.js,.js,1090,1.06 KB,2026-06-06 16:54:21,node_modules,node_modules\react,3
node_modules\react\cjs\react-compiler-runtime.production.js,C:\Users\Luis\Desktop\das4navy\node_modules\react\cjs\react-compiler-runtime.production.js,react-compiler-runtime.production.js,.js,463,463.00 B,2026-06-06 16:54:21,node_modules,node_modules\react,3
node_modules\react\cjs\react-compiler-runtime.profiling.js,C:\Users\Luis\Desktop\das4navy\node_modules\react\cjs\react-compiler-runtime.profiling.js,react-compiler-runtime.profiling.js,.js,462,462.00 B,2026-06-06 16:54:21,node_modules,node_modules\react,3
node_modules\react\cjs\react-jsx-dev-runtime.development.js,C:\Users\Luis\Desktop\das4navy\node_modules\react\cjs\react-jsx-dev-runtime.development.js,react-jsx-dev-runtime.development.js,.js,12056,11.77 KB,2026-06-06 16:54:21,node_modules,node_modules\react,3
node_modules\react\cjs\react-jsx-dev-runtime.production.js,C:\Users\Luis\Desktop\das4navy\node_modules\react\cjs\react-jsx-dev-runtime.production.js,react-jsx-dev-runtime.production.js,.js,387,387.00 B,2026-06-06 16:54:21,node_modules,node_modules\react,3
node_modules\react\cjs\react-jsx-dev-runtime.profiling.js,C:\Users\Luis\Desktop\das4navy\node_modules\react\cjs\react-jsx-dev-runtime.profiling.js,react-jsx-dev-runtime.profiling.js,.js,386,386.00 B,2026-06-06 16:54:21,node_modules,node_modules\react,3
node_modules\react\cjs\react-jsx-dev-runtime.react-server.development.js,C:\Users\Luis\Desktop\das4navy\node_modules\react\cjs\react-jsx-dev-runtime.react-server.development.js,react-jsx-dev-runtime.react-server.development.js,.js,13213,12.90 KB,2026-06-06 16:54:21,node_modules,node_modules\react,3
node_modules\react\cjs\react-jsx-dev-runtime.react-server.production.js,C:\Users\Luis\Desktop\das4navy\node_modules\react\cjs\react-jsx-dev-runtime.react-server.production.js,react-jsx-dev-runtime.react-server.production.js,.js,1316,1.29 KB,2026-06-06 16:54:21,node_modules,node_modules\react,3
node_modules\react\cjs\react-jsx-runtime.development.js,C:\Users\Luis\Desktop\das4navy\node_modules\react\cjs\react-jsx-runtime.development.js,react-jsx-runtime.development.js,.js,12452,12.16 KB,2026-06-06 16:54:21,node_modules,node_modules\react,3
node_modules\react\cjs\react-jsx-runtime.production.js,C:\Users\Luis\Desktop\das4navy\node_modules\react\cjs\react-jsx-runtime.production.js,react-jsx-runtime.production.js,.js,976,976.00 B,2026-06-06 16:54:21,node_modules,node_modules\react,3
node_modules\react\cjs\react-jsx-runtime.profiling.js,C:\Users\Luis\Desktop\das4navy\node_modules\react\cjs\react-jsx-runtime.profiling.js,react-jsx-runtime.profiling.js,.js,975,975.00 B,2026-06-06 16:54:21,node_modules,node_modules\react,3
node_modules\react\cjs\react-jsx-runtime.react-server.development.js,C:\Users\Luis\Desktop\das4navy\node_modules\react\cjs\react-jsx-runtime.react-server.development.js,react-jsx-runtime.react-server.development.js,.js,13209,12.90 KB,2026-06-06 16:54:22,node_modules,node_modules\react,3
node_modules\react\cjs\react-jsx-runtime.react-server.production.js,C:\Users\Luis\Desktop\das4navy\node_modules\react\cjs\react-jsx-runtime.react-server.production.js,react-jsx-runtime.react-server.production.js,.js,1312,1.28 KB,2026-06-06 16:54:22,node_modules,node_modules\react,3
node_modules\react\cjs\react.development.js,C:\Users\Luis\Desktop\das4navy\node_modules\react\cjs\react.development.js,react.development.js,.js,47219,46.11 KB,2026-06-06 16:54:22,node_modules,node_modules\react,3
node_modules\react\cjs\react.production.js,C:\Users\Luis\Desktop\das4navy\node_modules\react\cjs\react.production.js,react.production.js,.js,17217,16.81 KB,2026-06-06 16:54:22,node_modules,node_modules\react,3
node_modules\react\cjs\react.react-server.development.js,C:\Users\Luis\Desktop\das4navy\node_modules\react\cjs\react.react-server.development.js,react.react-server.development.js,.js,30389,29.68 KB,2026-06-06 16:54:22,node_modules,node_modules\react,3
node_modules\react\cjs\react.react-server.production.js,C:\Users\Luis\Desktop\das4navy\node_modules\react\cjs\react.react-server.production.js,react.react-server.production.js,.js,13270,12.96 KB,2026-06-06 16:54:22,node_modules,node_modules\react,3
node_modules\react\compiler-runtime.js,C:\Users\Luis\Desktop\das4navy\node_modules\react\compiler-runtime.js,compiler-runtime.js,.js,412,412.00 B,2026-06-06 16:54:21,node_modules,node_modules\react,2
node_modules\react\index.js,C:\Users\Luis\Desktop\das4navy\node_modules\react\index.js,index.js,.js,186,186.00 B,2026-06-06 16:54:21,node_modules,node_modules\react,2
node_modules\react\jsx-dev-runtime.js,C:\Users\Luis\Desktop\das4navy\node_modules\react\jsx-dev-runtime.js,jsx-dev-runtime.js,.js,218,218.00 B,2026-06-06 16:54:21,node_modules,node_modules\react,2
node_modules\react\jsx-dev-runtime.react-server.js,C:\Users\Luis\Desktop\das4navy\node_modules\react\jsx-dev-runtime.react-server.js,jsx-dev-runtime.react-server.js,.js,244,244.00 B,2026-06-06 16:54:21,node_modules,node_modules\react,2
node_modules\react\jsx-runtime.js,C:\Users\Luis\Desktop\das4navy\node_modules\react\jsx-runtime.js,jsx-runtime.js,.js,210,210.00 B,2026-06-06 16:54:21,node_modules,node_modules\react,2
node_modules\react\jsx-runtime.react-server.js,C:\Users\Luis\Desktop\das4navy\node_modules\react\jsx-runtime.react-server.js,jsx-runtime.react-server.js,.js,236,236.00 B,2026-06-06 16:54:21,node_modules,node_modules\react,2
node_modules\react\package.json,C:\Users\Luis\Desktop\das4navy\node_modules\react\package.json,package.json,.json,1248,1.22 KB,2026-06-06 16:54:22,node_modules,node_modules\react,2
node_modules\react\react.react-server.js,C:\Users\Luis\Desktop\das4navy\node_modules\react\react.react-server.js,react.react-server.js,.js,212,212.00 B,2026-06-06 16:54:22,node_modules,node_modules\react,2
node_modules\rolldown\LICENSE,C:\Users\Luis\Desktop\das4navy\node_modules\rolldown\LICENSE,LICENSE,[no_ext],1302,1.27 KB,2026-06-06 16:54:21,node_modules,node_modules\rolldown,2
node_modules\rolldown\README.md,C:\Users\Luis\Desktop\das4navy\node_modules\rolldown\README.md,README.md,.md,665,665.00 B,2026-06-06 16:54:21,node_modules,node_modules\rolldown,2
node_modules\rolldown\bin\cli.mjs,C:\Users\Luis\Desktop\das4navy\node_modules\rolldown\bin\cli.mjs,cli.mjs,.mjs,46,46.00 B,2026-06-06 16:54:21,node_modules,node_modules\rolldown,3
node_modules\rolldown\dist\cli.d.mts,C:\Users\Luis\Desktop\das4navy\node_modules\rolldown\dist\cli.d.mts,cli.d.mts,.mts,11,11.00 B,2026-06-06 16:54:22,node_modules,node_modules\rolldown,3
node_modules\rolldown\dist\cli.mjs,C:\Users\Luis\Desktop\das4navy\node_modules\rolldown\dist\cli.mjs,cli.mjs,.mjs,39095,38.18 KB,2026-06-06 16:54:21,node_modules,node_modules\rolldown,3
node_modules\rolldown\dist\config.d.mts,C:\Users\Luis\Desktop\das4navy\node_modules\rolldown\dist\config.d.mts,config.d.mts,.mts,549,549.00 B,2026-06-06 16:54:22,node_modules,node_modules\rolldown,3
node_modules\rolldown\dist\config.mjs,C:\Users\Luis\Desktop\das4navy\node_modules\rolldown\dist\config.mjs,config.mjs,.mjs,267,267.00 B,2026-06-06 16:54:21,node_modules,node_modules\rolldown,3
node_modules\rolldown\dist\experimental-index.d.mts,C:\Users\Luis\Desktop\das4navy\node_modules\rolldown\dist\experimental-index.d.mts,experimental-index.d.mts,.mts,11933,11.65 KB,2026-06-06 16:54:22,node_modules,node_modules\rolldown,3
node_modules\rolldown\dist\experimental-index.mjs,C:\Users\Luis\Desktop\das4navy\node_modules\rolldown\dist\experimental-index.mjs,experimental-index.mjs,.mjs,13126,12.82 KB,2026-06-06 16:54:21,node_modules,node_modules\rolldown,3
node_modules\rolldown\dist\experimental-runtime-types.d.ts,C:\Users\Luis\Desktop\das4navy\node_modules\rolldown\dist\experimental-runtime-types.d.ts,experimental-runtime-types.d.ts,.ts,2917,2.85 KB,2026-06-06 16:54:22,node_modules,node_modules\rolldown,3
node_modules\rolldown\dist\filter-index.d.mts,C:\Users\Luis\Desktop\das4navy\node_modules\rolldown\dist\filter-index.d.mts,filter-index.d.mts,.mts,6963,6.80 KB,2026-06-06 16:54:22,node_modules,node_modules\rolldown,3
node_modules\rolldown\dist\filter-index.mjs,C:\Users\Luis\Desktop\das4navy\node_modules\rolldown\dist\filter-index.mjs,filter-index.mjs,.mjs,11640,11.37 KB,2026-06-06 16:54:21,node_modules,node_modules\rolldown,3
node_modules\rolldown\dist\get-log-filter.d.mts,C:\Users\Luis\Desktop\das4navy\node_modules\rolldown\dist\get-log-filter.d.mts,get-log-filter.d.mts,.mts,257,257.00 B,2026-06-06 16:54:22,node_modules,node_modules\rolldown,3
node_modules\rolldown\dist\get-log-filter.mjs,C:\Users\Luis\Desktop\das4navy\node_modules\rolldown\dist\get-log-filter.mjs,get-log-filter.mjs,.mjs,2037,1.99 KB,2026-06-06 16:54:21,node_modules,node_modules\rolldown,3
node_modules\rolldown\dist\index.d.mts,C:\Users\Luis\Desktop\das4navy\node_modules\rolldown\dist\index.d.mts,index.d.mts,.mts,5154,5.03 KB,2026-06-06 16:54:22,node_modules,node_modules\rolldown,3
node_modules\rolldown\dist\index.mjs,C:\Users\Luis\Desktop\das4navy\node_modules\rolldown\dist\index.mjs,index.mjs,.mjs,1535,1.50 KB,2026-06-06 16:54:22,node_modules,node_modules\rolldown,3
node_modules\rolldown\dist\parallel-plugin-worker.d.mts,C:\Users\Luis\Desktop\das4navy\node_modules\rolldown\dist\parallel-plugin-worker.d.mts,parallel-plugin-worker.d.mts,.mts,11,11.00 B,2026-06-06 16:54:22,node_modules,node_modules\rolldown,3
node_modules\rolldown\dist\parallel-plugin-worker.mjs,C:\Users\Luis\Desktop\das4navy\node_modules\rolldown\dist\parallel-plugin-worker.mjs,parallel-plugin-worker.mjs,.mjs,1078,1.05 KB,2026-06-06 16:54:22,node_modules,node_modules\rolldown,3
node_modules\rolldown\dist\parallel-plugin.d.mts,C:\Users\Luis\Desktop\das4navy\node_modules\rolldown\dist\parallel-plugin.d.mts,parallel-plugin.d.mts,.mts,608,608.00 B,2026-06-06 16:54:22,node_modules,node_modules\rolldown,3
node_modules\rolldown\dist\parallel-plugin.mjs,C:\Users\Luis\Desktop\das4navy\node_modules\rolldown\dist\parallel-plugin.mjs,parallel-plugin.mjs,.mjs,187,187.00 B,2026-06-06 16:54:22,node_modules,node_modules\rolldown,3
node_modules\rolldown\dist\parse-ast-index.d.mts,C:\Users\Luis\Desktop\das4navy\node_modules\rolldown\dist\parse-ast-index.d.mts,parse-ast-index.d.mts,.mts,1089,1.06 KB,2026-06-06 16:54:22,node_modules,node_modules\rolldown,3
node_modules\rolldown\dist\parse-ast-index.mjs,C:\Users\Luis\Desktop\das4navy\node_modules\rolldown\dist\parse-ast-index.mjs,parse-ast-index.mjs,.mjs,2148,2.10 KB,2026-06-06 16:54:22,node_modules,node_modules\rolldown,3
node_modules\rolldown\dist\plugins-index.d.mts,C:\Users\Luis\Desktop\das4navy\node_modules\rolldown\dist\plugins-index.d.mts,plugins-index.d.mts,.mts,977,977.00 B,2026-06-06 16:54:22,node_modules,node_modules\rolldown,3
node_modules\rolldown\dist\plugins-index.mjs,C:\Users\Luis\Desktop\das4navy\node_modules\rolldown\dist\plugins-index.mjs,plugins-index.mjs,.mjs,1082,1.06 KB,2026-06-06 16:54:22,node_modules,node_modules\rolldown,3
node_modules\rolldown\dist\shared\binding-BaCZTfMx.d.mts,C:\Users\Luis\Desktop\das4navy\node_modules\rolldown\dist\shared\binding-BaCZTfMx.d.mts,binding-BaCZTfMx.d.mts,.mts,63382,61.90 KB,2026-06-06 16:54:22,node_modules,node_modules\rolldown,4
node_modules\rolldown\dist\shared\binding-CXquf8ay.mjs,C:\Users\Luis\Desktop\das4navy\node_modules\rolldown\dist\shared\binding-CXquf8ay.mjs,binding-CXquf8ay.mjs,.mjs,29389,28.70 KB,2026-06-06 16:54:21,node_modules,node_modules\rolldown,4
node_modules\rolldown\dist\shared\bindingify-input-options-ClrST5Xx.mjs,C:\Users\Luis\Desktop\das4navy\node_modules\rolldown\dist\shared\bindingify-input-options-ClrST5Xx.mjs,bindingify-input-options-ClrST5Xx.mjs,.mjs,76882,75.08 KB,2026-06-06 16:54:21,node_modules,node_modules\rolldown,4
node_modules\rolldown\dist\shared\constructors-BiPdtLBB.mjs,C:\Users\Luis\Desktop\das4navy\node_modules\rolldown\dist\shared\constructors-BiPdtLBB.mjs,constructors-BiPdtLBB.mjs,.mjs,2909,2.84 KB,2026-06-06 16:54:21,node_modules,node_modules\rolldown,4
node_modules\rolldown\dist\shared\constructors-CbNaT434.d.mts,C:\Users\Luis\Desktop\das4navy\node_modules\rolldown\dist\shared\constructors-CbNaT434.d.mts,constructors-CbNaT434.d.mts,.mts,3002,2.93 KB,2026-06-06 16:54:22,node_modules,node_modules\rolldown,4
node_modules\rolldown\dist\shared\define-config-3BX_X2Am.d.mts,C:\Users\Luis\Desktop\das4navy\node_modules\rolldown\dist\shared\define-config-3BX_X2Am.d.mts,define-config-3BX_X2Am.d.mts,.mts,141430,138.12 KB,2026-06-06 16:54:22,node_modules,node_modules\rolldown,4
node_modules\rolldown\dist\shared\define-config-Demdg3_4.mjs,C:\Users\Luis\Desktop\das4navy\node_modules\rolldown\dist\shared\define-config-Demdg3_4.mjs,define-config-Demdg3_4.mjs,.mjs,130,130.00 B,2026-06-06 16:54:21,node_modules,node_modules\rolldown,4
node_modules\rolldown\dist\shared\error-BuvQYXuZ.mjs,C:\Users\Luis\Desktop\das4navy\node_modules\rolldown\dist\shared\error-BuvQYXuZ.mjs,error-BuvQYXuZ.mjs,.mjs,2926,2.86 KB,2026-06-06 16:54:21,node_modules,node_modules\rolldown,4
node_modules\rolldown\dist\shared\get-log-filter-BpNVNJ5-.d.mts,C:\Users\Luis\Desktop\das4navy\node_modules\rolldown\dist\shared\get-log-filter-BpNVNJ5-.d.mts,get-log-filter-BpNVNJ5-.d.mts,.mts,861,861.00 B,2026-06-06 16:54:22,node_modules,node_modules\rolldown,4
node_modules\rolldown\dist\shared\load-config-K94jokAZ.mjs,C:\Users\Luis\Desktop\das4navy\node_modules\rolldown\dist\shared\load-config-K94jokAZ.mjs,load-config-K94jokAZ.mjs,.mjs,4229,4.13 KB,2026-06-06 16:54:22,node_modules,node_modules\rolldown,4
node_modules\rolldown\dist\shared\logging-BSNejiLS.d.mts,C:\Users\Luis\Desktop\das4navy\node_modules\rolldown\dist\shared\logging-BSNejiLS.d.mts,logging-BSNejiLS.d.mts,.mts,1449,1.42 KB,2026-06-06 16:54:22,node_modules,node_modules\rolldown,4
node_modules\rolldown\dist\shared\logs-aMKUxRpj.mjs,C:\Users\Luis\Desktop\das4navy\node_modules\rolldown\dist\shared\logs-aMKUxRpj.mjs,logs-aMKUxRpj.mjs,.mjs,5826,5.69 KB,2026-06-06 16:54:22,node_modules,node_modules\rolldown,4
node_modules\rolldown\dist\shared\misc-CoQm4NHO.mjs,C:\Users\Luis\Desktop\das4navy\node_modules\rolldown\dist\shared\misc-CoQm4NHO.mjs,misc-CoQm4NHO.mjs,.mjs,714,714.00 B,2026-06-06 16:54:22,node_modules,node_modules\rolldown,4
node_modules\rolldown\dist\shared\normalize-string-or-regex-CNPF6PU9.mjs,C:\Users\Luis\Desktop\das4navy\node_modules\rolldown\dist\shared\normalize-string-or-regex-CNPF6PU9.mjs,normalize-string-or-regex-CNPF6PU9.mjs,.mjs,2131,2.08 KB,2026-06-06 16:54:22,node_modules,node_modules\rolldown,4
node_modules\rolldown\dist\shared\parse-Bg2pr2Q5.mjs,C:\Users\Luis\Desktop\das4navy\node_modules\rolldown\dist\shared\parse-Bg2pr2Q5.mjs,parse-Bg2pr2Q5.mjs,.mjs,2628,2.57 KB,2026-06-06 16:54:22,node_modules,node_modules\rolldown,4
node_modules\rolldown\dist\shared\prompt-DYnaB1Nb.mjs,C:\Users\Luis\Desktop\das4navy\node_modules\rolldown\dist\shared\prompt-DYnaB1Nb.mjs,prompt-DYnaB1Nb.mjs,.mjs,49757,48.59 KB,2026-06-06 16:54:22,node_modules,node_modules\rolldown,4
node_modules\rolldown\dist\shared\resolve-tsconfig-CcfxWrib.mjs,C:\Users\Luis\Desktop\das4navy\node_modules\rolldown\dist\shared\resolve-tsconfig-CcfxWrib.mjs,resolve-tsconfig-CcfxWrib.mjs,.mjs,4731,4.62 KB,2026-06-06 16:54:22,node_modules,node_modules\rolldown,4
node_modules\rolldown\dist\shared\rolldown-BjTk_MS0.mjs,C:\Users\Luis\Desktop\das4navy\node_modules\rolldown\dist\shared\rolldown-BjTk_MS0.mjs,rolldown-BjTk_MS0.mjs,.mjs,986,986.00 B,2026-06-06 16:54:22,node_modules,node_modules\rolldown,4
node_modules\rolldown\dist\shared\rolldown-build-CrPk_lZe.mjs,C:\Users\Luis\Desktop\das4navy\node_modules\rolldown\dist\shared\rolldown-build-CrPk_lZe.mjs,rolldown-build-CrPk_lZe.mjs,.mjs,151915,148.35 KB,2026-06-06 16:54:22,node_modules,node_modules\rolldown,4
node_modules\rolldown\dist\shared\transform-7xCUVrpL.d.mts,C:\Users\Luis\Desktop\das4navy\node_modules\rolldown\dist\shared\transform-7xCUVrpL.d.mts,transform-7xCUVrpL.d.mts,.mts,5947,5.81 KB,2026-06-06 16:54:22,node_modules,node_modules\rolldown,4
node_modules\rolldown\dist\shared\watch-BZza93fH.mjs,C:\Users\Luis\Desktop\das4navy\node_modules\rolldown\dist\shared\watch-BZza93fH.mjs,watch-BZza93fH.mjs,.mjs,11934,11.65 KB,2026-06-06 16:54:22,node_modules,node_modules\rolldown,4
node_modules\rolldown\dist\utils-index.d.mts,C:\Users\Luis\Desktop\das4navy\node_modules\rolldown\dist\utils-index.d.mts,utils-index.d.mts,.mts,24299,23.73 KB,2026-06-06 16:54:22,node_modules,node_modules\rolldown,3
node_modules\rolldown\dist\utils-index.mjs,C:\Users\Luis\Desktop\das4navy\node_modules\rolldown\dist\utils-index.mjs,utils-index.mjs,.mjs,70355,68.71 KB,2026-06-06 16:54:22,node_modules,node_modules\rolldown,3
node_modules\rolldown\package.json,C:\Users\Luis\Desktop\das4navy\node_modules\rolldown\package.json,package.json,.json,5685,5.55 KB,2026-06-06 16:54:21,node_modules,node_modules\rolldown,2
node_modules\scheduler\LICENSE,C:\Users\Luis\Desktop\das4navy\node_modules\scheduler\LICENSE,LICENSE,[no_ext],1088,1.06 KB,2026-06-06 16:54:21,node_modules,node_modules\scheduler,2
node_modules\scheduler\README.md,C:\Users\Luis\Desktop\das4navy\node_modules\scheduler\README.md,README.md,.md,346,346.00 B,2026-06-06 16:54:21,node_modules,node_modules\scheduler,2
node_modules\scheduler\cjs\scheduler-unstable_mock.development.js,C:\Users\Luis\Desktop\das4navy\node_modules\scheduler\cjs\scheduler-unstable_mock.development.js,scheduler-unstable_mock.development.js,.js,13687,13.37 KB,2026-06-06 16:54:21,node_modules,node_modules\scheduler,3
node_modules\scheduler\cjs\scheduler-unstable_mock.production.js,C:\Users\Luis\Desktop\das4navy\node_modules\scheduler\cjs\scheduler-unstable_mock.production.js,scheduler-unstable_mock.production.js,.js,11990,11.71 KB,2026-06-06 16:54:21,node_modules,node_modules\scheduler,3
node_modules\scheduler\cjs\scheduler-unstable_post_task.development.js,C:\Users\Luis\Desktop\das4navy\node_modules\scheduler\cjs\scheduler-unstable_post_task.development.js,scheduler-unstable_post_task.development.js,.js,4639,4.53 KB,2026-06-06 16:54:21,node_modules,node_modules\scheduler,3
node_modules\scheduler\cjs\scheduler-unstable_post_task.production.js,C:\Users\Luis\Desktop\das4navy\node_modules\scheduler\cjs\scheduler-unstable_post_task.production.js,scheduler-unstable_post_task.production.js,.js,3974,3.88 KB,2026-06-06 16:54:21,node_modules,node_modules\scheduler,3
node_modules\scheduler\cjs\scheduler.development.js,C:\Users\Luis\Desktop\das4navy\node_modules\scheduler\cjs\scheduler.development.js,scheduler.development.js,.js,12144,11.86 KB,2026-06-06 16:54:21,node_modules,node_modules\scheduler,3
node_modules\scheduler\cjs\scheduler.native.development.js,C:\Users\Luis\Desktop\das4navy\node_modules\scheduler\cjs\scheduler.native.development.js,scheduler.native.development.js,.js,12327,12.04 KB,2026-06-06 16:54:21,node_modules,node_modules\scheduler,3
node_modules\scheduler\cjs\scheduler.native.production.js,C:\Users\Luis\Desktop\das4navy\node_modules\scheduler\cjs\scheduler.native.production.js,scheduler.native.production.js,.js,10869,10.61 KB,2026-06-06 16:54:21,node_modules,node_modules\scheduler,3
node_modules\scheduler\cjs\scheduler.production.js,C:\Users\Luis\Desktop\das4navy\node_modules\scheduler\cjs\scheduler.production.js,scheduler.production.js,.js,10181,9.94 KB,2026-06-06 16:54:21,node_modules,node_modules\scheduler,3
node_modules\scheduler\index.js,C:\Users\Luis\Desktop\das4navy\node_modules\scheduler\index.js,index.js,.js,194,194.00 B,2026-06-06 16:54:21,node_modules,node_modules\scheduler,2
node_modules\scheduler\index.native.js,C:\Users\Luis\Desktop\das4navy\node_modules\scheduler\index.native.js,index.native.js,.js,208,208.00 B,2026-06-06 16:54:21,node_modules,node_modules\scheduler,2
node_modules\scheduler\package.json,C:\Users\Luis\Desktop\das4navy\node_modules\scheduler\package.json,package.json,.json,564,564.00 B,2026-06-06 16:54:21,node_modules,node_modules\scheduler,2
node_modules\scheduler\unstable_mock.js,C:\Users\Luis\Desktop\das4navy\node_modules\scheduler\unstable_mock.js,unstable_mock.js,.js,222,222.00 B,2026-06-06 16:54:21,node_modules,node_modules\scheduler,2
node_modules\scheduler\unstable_post_task.js,C:\Users\Luis\Desktop\das4navy\node_modules\scheduler\unstable_post_task.js,unstable_post_task.js,.js,232,232.00 B,2026-06-06 16:54:21,node_modules,node_modules\scheduler,2
node_modules\semver\LICENSE,C:\Users\Luis\Desktop\das4navy\node_modules\semver\LICENSE,LICENSE,[no_ext],765,765.00 B,2026-06-06 16:54:21,node_modules,node_modules\semver,2
node_modules\semver\README.md,C:\Users\Luis\Desktop\das4navy\node_modules\semver\README.md,README.md,.md,16974,16.58 KB,2026-06-06 16:54:21,node_modules,node_modules\semver,2
node_modules\semver\bin\semver.js,C:\Users\Luis\Desktop\das4navy\node_modules\semver\bin\semver.js,semver.js,.js,4717,4.61 KB,2026-06-06 16:54:21,node_modules,node_modules\semver,3
node_modules\semver\package.json,C:\Users\Luis\Desktop\das4navy\node_modules\semver\package.json,package.json,.json,981,981.00 B,2026-06-06 16:54:21,node_modules,node_modules\semver,2
node_modules\semver\range.bnf,C:\Users\Luis\Desktop\das4navy\node_modules\semver\range.bnf,range.bnf,.bnf,619,619.00 B,2026-06-06 16:54:21,node_modules,node_modules\semver,2
node_modules\semver\semver.js,C:\Users\Luis\Desktop\das4navy\node_modules\semver\semver.js,semver.js,.js,44287,43.25 KB,2026-06-06 16:54:21,node_modules,node_modules\semver,2
node_modules\shebang-command\index.js,C:\Users\Luis\Desktop\das4navy\node_modules\shebang-command\index.js,index.js,.js,387,387.00 B,2026-06-06 16:54:21,node_modules,node_modules\shebang-command,2
node_modules\shebang-command\license,C:\Users\Luis\Desktop\das4navy\node_modules\shebang-command\license,license,[no_ext],1116,1.09 KB,2026-06-06 16:54:21,node_modules,node_modules\shebang-command,2
node_modules\shebang-command\package.json,C:\Users\Luis\Desktop\das4navy\node_modules\shebang-command\package.json,package.json,.json,558,558.00 B,2026-06-06 16:54:21,node_modules,node_modules\shebang-command,2
node_modules\shebang-command\readme.md,C:\Users\Luis\Desktop\das4navy\node_modules\shebang-command\readme.md,readme.md,.md,495,495.00 B,2026-06-06 16:54:21,node_modules,node_modules\shebang-command,2
node_modules\shebang-regex\index.d.ts,C:\Users\Luis\Desktop\das4navy\node_modules\shebang-regex\index.d.ts,index.d.ts,.ts,446,446.00 B,2026-06-06 16:54:21,node_modules,node_modules\shebang-regex,2
node_modules\shebang-regex\index.js,C:\Users\Luis\Desktop\das4navy\node_modules\shebang-regex\index.js,index.js,.js,42,42.00 B,2026-06-06 16:54:21,node_modules,node_modules\shebang-regex,2
node_modules\shebang-regex\license,C:\Users\Luis\Desktop\das4navy\node_modules\shebang-regex\license,license,[no_ext],1109,1.08 KB,2026-06-06 16:54:21,node_modules,node_modules\shebang-regex,2
node_modules\shebang-regex\package.json,C:\Users\Luis\Desktop\das4navy\node_modules\shebang-regex\package.json,package.json,.json,582,582.00 B,2026-06-06 16:54:21,node_modules,node_modules\shebang-regex,2
node_modules\shebang-regex\readme.md,C:\Users\Luis\Desktop\das4navy\node_modules\shebang-regex\readme.md,readme.md,.md,649,649.00 B,2026-06-06 16:54:21,node_modules,node_modules\shebang-regex,2
node_modules\source-map-js\LICENSE,C:\Users\Luis\Desktop\das4navy\node_modules\source-map-js\LICENSE,LICENSE,[no_ext],1526,1.49 KB,2026-06-06 16:54:21,node_modules,node_modules\source-map-js,2
node_modules\source-map-js\README.md,C:\Users\Luis\Desktop\das4navy\node_modules\source-map-js\README.md,README.md,.md,26040,25.43 KB,2026-06-06 16:54:21,node_modules,node_modules\source-map-js,2
node_modules\source-map-js\lib\array-set.js,C:\Users\Luis\Desktop\das4navy\node_modules\source-map-js\lib\array-set.js,array-set.js,.js,3197,3.12 KB,2026-06-06 16:54:21,node_modules,node_modules\source-map-js,3
node_modules\source-map-js\lib\base64-vlq.js,C:\Users\Luis\Desktop\das4navy\node_modules\source-map-js\lib\base64-vlq.js,base64-vlq.js,.js,4714,4.60 KB,2026-06-06 16:54:21,node_modules,node_modules\source-map-js,3
node_modules\source-map-js\lib\base64.js,C:\Users\Luis\Desktop\das4navy\node_modules\source-map-js\lib\base64.js,base64.js,.js,1540,1.50 KB,2026-06-06 16:54:21,node_modules,node_modules\source-map-js,3
node_modules\source-map-js\lib\binary-search.js,C:\Users\Luis\Desktop\das4navy\node_modules\source-map-js\lib\binary-search.js,binary-search.js,.js,4249,4.15 KB,2026-06-06 16:54:21,node_modules,node_modules\source-map-js,3
node_modules\source-map-js\lib\mapping-list.js,C:\Users\Luis\Desktop\das4navy\node_modules\source-map-js\lib\mapping-list.js,mapping-list.js,.js,2339,2.28 KB,2026-06-06 16:54:21,node_modules,node_modules\source-map-js,3
node_modules\source-map-js\lib\quick-sort.js,C:\Users\Luis\Desktop\das4navy\node_modules\source-map-js\lib\quick-sort.js,quick-sort.js,.js,4068,3.97 KB,2026-06-06 16:54:21,node_modules,node_modules\source-map-js,3
node_modules\source-map-js\lib\source-map-consumer.d.ts,C:\Users\Luis\Desktop\das4navy\node_modules\source-map-js\lib\source-map-consumer.d.ts,source-map-consumer.d.ts,.ts,40,40.00 B,2026-06-06 16:54:21,node_modules,node_modules\source-map-js,3
node_modules\source-map-js\lib\source-map-consumer.js,C:\Users\Luis\Desktop\das4navy\node_modules\source-map-js\lib\source-map-consumer.js,source-map-consumer.js,.js,41580,40.61 KB,2026-06-06 16:54:21,node_modules,node_modules\source-map-js,3
node_modules\source-map-js\lib\source-map-generator.d.ts,C:\Users\Luis\Desktop\das4navy\node_modules\source-map-js\lib\source-map-generator.d.ts,source-map-generator.d.ts,.ts,41,41.00 B,2026-06-06 16:54:21,node_modules,node_modules\source-map-js,3
node_modules\source-map-js\lib\source-map-generator.js,C:\Users\Luis\Desktop\das4navy\node_modules\source-map-js\lib\source-map-generator.js,source-map-generator.js,.js,14933,14.58 KB,2026-06-06 16:54:21,node_modules,node_modules\source-map-js,3
node_modules\source-map-js\lib\source-node.d.ts,C:\Users\Luis\Desktop\das4navy\node_modules\source-map-js\lib\source-node.d.ts,source-node.d.ts,.ts,33,33.00 B,2026-06-06 16:54:22,node_modules,node_modules\source-map-js,3
node_modules\source-map-js\lib\source-node.js,C:\Users\Luis\Desktop\das4navy\node_modules\source-map-js\lib\source-node.js,source-node.js,.js,13808,13.48 KB,2026-06-06 16:54:21,node_modules,node_modules\source-map-js,3
node_modules\source-map-js\lib\util.js,C:\Users\Luis\Desktop\das4navy\node_modules\source-map-js\lib\util.js,util.js,.js,15403,15.04 KB,2026-06-06 16:54:21,node_modules,node_modules\source-map-js,3
node_modules\source-map-js\package.json,C:\Users\Luis\Desktop\das4navy\node_modules\source-map-js\package.json,package.json,.json,2548,2.49 KB,2026-06-06 16:54:21,node_modules,node_modules\source-map-js,2
node_modules\source-map-js\source-map.d.ts,C:\Users\Luis\Desktop\das4navy\node_modules\source-map-js\source-map.d.ts,source-map.d.ts,.ts,3408,3.33 KB,2026-06-06 16:54:22,node_modules,node_modules\source-map-js,2
node_modules\source-map-js\source-map.js,C:\Users\Luis\Desktop\das4navy\node_modules\source-map-js\source-map.js,source-map.js,.js,405,405.00 B,2026-06-06 16:54:21,node_modules,node_modules\source-map-js,2
node_modules\tinyglobby\LICENSE,C:\Users\Luis\Desktop\das4navy\node_modules\tinyglobby\LICENSE,LICENSE,[no_ext],1076,1.05 KB,2026-06-06 16:54:21,node_modules,node_modules\tinyglobby,2
node_modules\tinyglobby\README.md,C:\Users\Luis\Desktop\das4navy\node_modules\tinyglobby\README.md,README.md,.md,931,931.00 B,2026-06-06 16:54:21,node_modules,node_modules\tinyglobby,2
node_modules\tinyglobby\dist\index.cjs,C:\Users\Luis\Desktop\das4navy\node_modules\tinyglobby\dist\index.cjs,index.cjs,.cjs,13706,13.38 KB,2026-06-06 16:54:21,node_modules,node_modules\tinyglobby,3
node_modules\tinyglobby\dist\index.d.cts,C:\Users\Luis\Desktop\das4navy\node_modules\tinyglobby\dist\index.d.cts,index.d.cts,.cts,4688,4.58 KB,2026-06-06 16:54:21,node_modules,node_modules\tinyglobby,3
node_modules\tinyglobby\dist\index.d.mts,C:\Users\Luis\Desktop\das4navy\node_modules\tinyglobby\dist\index.d.mts,index.d.mts,.mts,4688,4.58 KB,2026-06-06 16:54:21,node_modules,node_modules\tinyglobby,3
node_modules\tinyglobby\dist\index.mjs,C:\Users\Luis\Desktop\das4navy\node_modules\tinyglobby\dist\index.mjs,index.mjs,.mjs,12438,12.15 KB,2026-06-06 16:54:21,node_modules,node_modules\tinyglobby,3
node_modules\tinyglobby\package.json,C:\Users\Luis\Desktop\das4navy\node_modules\tinyglobby\package.json,package.json,.json,1761,1.72 KB,2026-06-06 16:54:21,node_modules,node_modules\tinyglobby,2
node_modules\type-check\LICENSE,C:\Users\Luis\Desktop\das4navy\node_modules\type-check\LICENSE,LICENSE,[no_ext],1054,1.03 KB,2026-06-06 16:54:21,node_modules,node_modules\type-check,2
node_modules\type-check\README.md,C:\Users\Luis\Desktop\das4navy\node_modules\type-check\README.md,README.md,.md,10220,9.98 KB,2026-06-06 16:54:21,node_modules,node_modules\type-check,2
node_modules\type-check\lib\check.js,C:\Users\Luis\Desktop\das4navy\node_modules\type-check\lib\check.js,check.js,.js,3542,3.46 KB,2026-06-06 16:54:21,node_modules,node_modules\type-check,3
node_modules\type-check\lib\index.js,C:\Users\Luis\Desktop\das4navy\node_modules\type-check\lib\index.js,index.js,.js,464,464.00 B,2026-06-06 16:54:21,node_modules,node_modules\type-check,3
node_modules\type-check\lib\parse-type.js,C:\Users\Luis\Desktop\das4navy\node_modules\type-check\lib\parse-type.js,parse-type.js,.js,5040,4.92 KB,2026-06-06 16:54:21,node_modules,node_modules\type-check,3
node_modules\type-check\package.json,C:\Users\Luis\Desktop\das4navy\node_modules\type-check\package.json,package.json,.json,847,847.00 B,2026-06-06 16:54:21,node_modules,node_modules\type-check,2
node_modules\update-browserslist-db\LICENSE,C:\Users\Luis\Desktop\das4navy\node_modules\update-browserslist-db\LICENSE,LICENSE,[no_ext],1118,1.09 KB,2026-06-06 16:54:21,node_modules,node_modules\update-browserslist-db,2
node_modules\update-browserslist-db\README.md,C:\Users\Luis\Desktop\das4navy\node_modules\update-browserslist-db\README.md,README.md,.md,856,856.00 B,2026-06-06 16:54:21,node_modules,node_modules\update-browserslist-db,2
node_modules\update-browserslist-db\check-npm-version.js,C:\Users\Luis\Desktop\das4navy\node_modules\update-browserslist-db\check-npm-version.js,check-npm-version.js,.js,401,401.00 B,2026-06-06 16:54:21,node_modules,node_modules\update-browserslist-db,2
node_modules\update-browserslist-db\cli.js,C:\Users\Luis\Desktop\das4navy\node_modules\update-browserslist-db\cli.js,cli.js,.js,912,912.00 B,2026-06-06 16:54:21,node_modules,node_modules\update-browserslist-db,2
node_modules\update-browserslist-db\index.d.ts,C:\Users\Luis\Desktop\das4navy\node_modules\update-browserslist-db\index.d.ts,index.d.ts,.ts,134,134.00 B,2026-06-06 16:54:21,node_modules,node_modules\update-browserslist-db,2
node_modules\update-browserslist-db\index.js,C:\Users\Luis\Desktop\das4navy\node_modules\update-browserslist-db\index.js,index.js,.js,10157,9.92 KB,2026-06-06 16:54:21,node_modules,node_modules\update-browserslist-db,2
node_modules\update-browserslist-db\package.json,C:\Users\Luis\Desktop\das4navy\node_modules\update-browserslist-db\package.json,package.json,.json,916,916.00 B,2026-06-06 16:54:21,node_modules,node_modules\update-browserslist-db,2
node_modules\update-browserslist-db\utils.js,C:\Users\Luis\Desktop\das4navy\node_modules\update-browserslist-db\utils.js,utils.js,.js,712,712.00 B,2026-06-06 16:54:21,node_modules,node_modules\update-browserslist-db,2
node_modules\uri-js\LICENSE,C:\Users\Luis\Desktop\das4navy\node_modules\uri-js\LICENSE,LICENSE,[no_ext],1452,1.42 KB,2026-06-06 16:54:21,node_modules,node_modules\uri-js,2
node_modules\uri-js\README.md,C:\Users\Luis\Desktop\das4navy\node_modules\uri-js\README.md,README.md,.md,6416,6.27 KB,2026-06-06 16:54:22,node_modules,node_modules\uri-js,2
node_modules\uri-js\dist\es5\uri.all.d.ts,C:\Users\Luis\Desktop\das4navy\node_modules\uri-js\dist\es5\uri.all.d.ts,uri.all.d.ts,.ts,2446,2.39 KB,2026-06-06 16:54:22,node_modules,node_modules\uri-js,4
node_modules\uri-js\dist\es5\uri.all.js,C:\Users\Luis\Desktop\das4navy\node_modules\uri-js\dist\es5\uri.all.js,uri.all.js,.js,57304,55.96 KB,2026-06-06 16:54:21,node_modules,node_modules\uri-js,4
node_modules\uri-js\dist\es5\uri.all.js.map,C:\Users\Luis\Desktop\das4navy\node_modules\uri-js\dist\es5\uri.all.js.map,uri.all.js.map,.map,102192,99.80 KB,2026-06-06 16:54:22,node_modules,node_modules\uri-js,4
node_modules\uri-js\dist\es5\uri.all.min.d.ts,C:\Users\Luis\Desktop\das4navy\node_modules\uri-js\dist\es5\uri.all.min.d.ts,uri.all.min.d.ts,.ts,2446,2.39 KB,2026-06-06 16:54:22,node_modules,node_modules\uri-js,4
node_modules\uri-js\dist\es5\uri.all.min.js,C:\Users\Luis\Desktop\das4navy\node_modules\uri-js\dist\es5\uri.all.min.js,uri.all.min.js,.js,17200,16.80 KB,2026-06-06 16:54:21,node_modules,node_modules\uri-js,4
node_modules\uri-js\dist\es5\uri.all.min.js.map,C:\Users\Luis\Desktop\das4navy\node_modules\uri-js\dist\es5\uri.all.min.js.map,uri.all.min.js.map,.map,83083,81.14 KB,2026-06-06 16:54:22,node_modules,node_modules\uri-js,4
node_modules\uri-js\dist\esnext\index.d.ts,C:\Users\Luis\Desktop\das4navy\node_modules\uri-js\dist\esnext\index.d.ts,index.d.ts,.ts,23,23.00 B,2026-06-06 16:54:22,node_modules,node_modules\uri-js,4
node_modules\uri-js\dist\esnext\index.js,C:\Users\Luis\Desktop\das4navy\node_modules\uri-js\dist\esnext\index.js,index.js,.js,537,537.00 B,2026-06-06 16:54:21,node_modules,node_modules\uri-js,4
node_modules\uri-js\dist\esnext\index.js.map,C:\Users\Luis\Desktop\das4navy\node_modules\uri-js\dist\esnext\index.js.map,index.js.map,.map,747,747.00 B,2026-06-06 16:54:22,node_modules,node_modules\uri-js,4
node_modules\uri-js\dist\esnext\regexps-iri.d.ts,C:\Users\Luis\Desktop\das4navy\node_modules\uri-js\dist\esnext\regexps-iri.d.ts,regexps-iri.d.ts,.ts,97,97.00 B,2026-06-06 16:54:22,node_modules,node_modules\uri-js,4
node_modules\uri-js\dist\esnext\regexps-iri.js,C:\Users\Luis\Desktop\das4navy\node_modules\uri-js\dist\esnext\regexps-iri.js,regexps-iri.js,.js,114,114.00 B,2026-06-06 16:54:21,node_modules,node_modules\uri-js,4
node_modules\uri-js\dist\esnext\regexps-iri.js.map,C:\Users\Luis\Desktop\das4navy\node_modules\uri-js\dist\esnext\regexps-iri.js.map,regexps-iri.js.map,.map,192,192.00 B,2026-06-06 16:54:22,node_modules,node_modules\uri-js,4
node_modules\uri-js\dist\esnext\regexps-uri.d.ts,C:\Users\Luis\Desktop\das4navy\node_modules\uri-js\dist\esnext\regexps-uri.d.ts,regexps-uri.d.ts,.ts,160,160.00 B,2026-06-06 16:54:22,node_modules,node_modules\uri-js,4
node_modules\uri-js\dist\esnext\regexps-uri.js,C:\Users\Luis\Desktop\das4navy\node_modules\uri-js\dist\esnext\regexps-uri.js,regexps-uri.js,.js,7813,7.63 KB,2026-06-06 16:54:21,node_modules,node_modules\uri-js,4
node_modules\uri-js\dist\esnext\regexps-uri.js.map,C:\Users\Luis\Desktop\das4navy\node_modules\uri-js\dist\esnext\regexps-uri.js.map,regexps-uri.js.map,.map,8283,8.09 KB,2026-06-06 16:54:22,node_modules,node_modules\uri-js,4
node_modules\uri-js\dist\esnext\schemes\http.d.ts,C:\Users\Luis\Desktop\das4navy\node_modules\uri-js\dist\esnext\schemes\http.d.ts,http.d.ts,.ts,108,108.00 B,2026-06-06 16:54:22,node_modules,node_modules\uri-js,5
node_modules\uri-js\dist\esnext\schemes\http.js,C:\Users\Luis\Desktop\das4navy\node_modules\uri-js\dist\esnext\schemes\http.js,http.js,.js,959,959.00 B,2026-06-06 16:54:21,node_modules,node_modules\uri-js,5
node_modules\uri-js\dist\esnext\schemes\http.js.map,C:\Users\Luis\Desktop\das4navy\node_modules\uri-js\dist\esnext\schemes\http.js.map,http.js.map,.map,841,841.00 B,2026-06-06 16:54:22,node_modules,node_modules\uri-js,5
node_modules\uri-js\dist\esnext\schemes\https.d.ts,C:\Users\Luis\Desktop\das4navy\node_modules\uri-js\dist\esnext\schemes\https.d.ts,https.d.ts,.ts,108,108.00 B,2026-06-06 16:54:22,node_modules,node_modules\uri-js,5
node_modules\uri-js\dist\esnext\schemes\https.js,C:\Users\Luis\Desktop\das4navy\node_modules\uri-js\dist\esnext\schemes\https.js,https.js,.js,212,212.00 B,2026-06-06 16:54:21,node_modules,node_modules\uri-js,5
node_modules\uri-js\dist\esnext\schemes\https.js.map,C:\Users\Luis\Desktop\das4navy\node_modules\uri-js\dist\esnext\schemes\https.js.map,https.js.map,.map,312,312.00 B,2026-06-06 16:54:22,node_modules,node_modules\uri-js,5
node_modules\uri-js\dist\esnext\schemes\mailto.d.ts,C:\Users\Luis\Desktop\das4navy\node_modules\uri-js\dist\esnext\schemes\mailto.d.ts,mailto.d.ts,.ts,359,359.00 B,2026-06-06 16:54:22,node_modules,node_modules\uri-js,5
node_modules\uri-js\dist\esnext\schemes\mailto.js,C:\Users\Luis\Desktop\das4navy\node_modules\uri-js\dist\esnext\schemes\mailto.js,mailto.js,.js,7746,7.56 KB,2026-06-06 16:54:21,node_modules,node_modules\uri-js,5
node_modules\uri-js\dist\esnext\schemes\mailto.js.map,C:\Users\Luis\Desktop\das4navy\node_modules\uri-js\dist\esnext\schemes\mailto.js.map,mailto.js.map,.map,7209,7.04 KB,2026-06-06 16:54:22,node_modules,node_modules\uri-js,5
node_modules\uri-js\dist\esnext\schemes\urn-uuid.d.ts,C:\Users\Luis\Desktop\das4navy\node_modules\uri-js\dist\esnext\schemes\urn-uuid.d.ts,urn-uuid.d.ts,.ts,279,279.00 B,2026-06-06 16:54:22,node_modules,node_modules\uri-js,5
node_modules\uri-js\dist\esnext\schemes\urn-uuid.js,C:\Users\Luis\Desktop\das4navy\node_modules\uri-js\dist\esnext\schemes\urn-uuid.js,urn-uuid.js,.js,868,868.00 B,2026-06-06 16:54:21,node_modules,node_modules\uri-js,5
node_modules\uri-js\dist\esnext\schemes\urn-uuid.js.map,C:\Users\Luis\Desktop\das4navy\node_modules\uri-js\dist\esnext\schemes\urn-uuid.js.map,urn-uuid.js.map,.map,832,832.00 B,2026-06-06 16:54:22,node_modules,node_modules\uri-js,5
node_modules\uri-js\dist\esnext\schemes\urn.d.ts,C:\Users\Luis\Desktop\das4navy\node_modules\uri-js\dist\esnext\schemes\urn.d.ts,urn.d.ts,.ts,324,324.00 B,2026-06-06 16:54:22,node_modules,node_modules\uri-js,5
node_modules\uri-js\dist\esnext\schemes\urn.js,C:\Users\Luis\Desktop\das4navy\node_modules\uri-js\dist\esnext\schemes\urn.js,urn.js,.js,2050,2.00 KB,2026-06-06 16:54:22,node_modules,node_modules\uri-js,5
node_modules\uri-js\dist\esnext\schemes\urn.js.map,C:\Users\Luis\Desktop\das4navy\node_modules\uri-js\dist\esnext\schemes\urn.js.map,urn.js.map,.map,1939,1.89 KB,2026-06-06 16:54:22,node_modules,node_modules\uri-js,5
node_modules\uri-js\dist\esnext\schemes\ws.d.ts,C:\Users\Luis\Desktop\das4navy\node_modules\uri-js\dist\esnext\schemes\ws.d.ts,ws.d.ts,.ts,228,228.00 B,2026-06-06 16:54:22,node_modules,node_modules\uri-js,5
node_modules\uri-js\dist\esnext\schemes\ws.js,C:\Users\Luis\Desktop\das4navy\node_modules\uri-js\dist\esnext\schemes\ws.js,ws.js,.js,1659,1.62 KB,2026-06-06 16:54:22,node_modules,node_modules\uri-js,5
node_modules\uri-js\dist\esnext\schemes\ws.js.map,C:\Users\Luis\Desktop\das4navy\node_modules\uri-js\dist\esnext\schemes\ws.js.map,ws.js.map,.map,1610,1.57 KB,2026-06-06 16:54:22,node_modules,node_modules\uri-js,5
node_modules\uri-js\dist\esnext\schemes\wss.d.ts,C:\Users\Luis\Desktop\das4navy\node_modules\uri-js\dist\esnext\schemes\wss.d.ts,wss.d.ts,.ts,108,108.00 B,2026-06-06 16:54:22,node_modules,node_modules\uri-js,5
node_modules\uri-js\dist\esnext\schemes\wss.js,C:\Users\Luis\Desktop\das4navy\node_modules\uri-js\dist\esnext\schemes\wss.js,wss.js,.js,198,198.00 B,2026-06-06 16:54:22,node_modules,node_modules\uri-js,5
node_modules\uri-js\dist\esnext\schemes\wss.js.map,C:\Users\Luis\Desktop\das4navy\node_modules\uri-js\dist\esnext\schemes\wss.js.map,wss.js.map,.map,307,307.00 B,2026-06-06 16:54:22,node_modules,node_modules\uri-js,5
node_modules\uri-js\dist\esnext\uri.d.ts,C:\Users\Luis\Desktop\das4navy\node_modules\uri-js\dist\esnext\uri.d.ts,uri.d.ts,.ts,2446,2.39 KB,2026-06-06 16:54:22,node_modules,node_modules\uri-js,4
node_modules\uri-js\dist\esnext\uri.js,C:\Users\Luis\Desktop\das4navy\node_modules\uri-js\dist\esnext\uri.js,uri.js,.js,20153,19.68 KB,2026-06-06 16:54:21,node_modules,node_modules\uri-js,4
node_modules\uri-js\dist\esnext\uri.js.map,C:\Users\Luis\Desktop\das4navy\node_modules\uri-js\dist\esnext\uri.js.map,uri.js.map,.map,19219,18.77 KB,2026-06-06 16:54:22,node_modules,node_modules\uri-js,4
node_modules\uri-js\dist\esnext\util.d.ts,C:\Users\Luis\Desktop\das4navy\node_modules\uri-js\dist\esnext\util.d.ts,util.d.ts,.ts,343,343.00 B,2026-06-06 16:54:22,node_modules,node_modules\uri-js,4
node_modules\uri-js\dist\esnext\util.js,C:\Users\Luis\Desktop\das4navy\node_modules\uri-js\dist\esnext\util.js,util.js,.js,1114,1.09 KB,2026-06-06 16:54:22,node_modules,node_modules\uri-js,4
node_modules\uri-js\dist\esnext\util.js.map,C:\Users\Luis\Desktop\das4navy\node_modules\uri-js\dist\esnext\util.js.map,util.js.map,.map,1715,1.67 KB,2026-06-06 16:54:22,node_modules,node_modules\uri-js,4
node_modules\uri-js\package.json,C:\Users\Luis\Desktop\das4navy\node_modules\uri-js\package.json,package.json,.json,2172,2.12 KB,2026-06-06 16:54:22,node_modules,node_modules\uri-js,2
node_modules\uri-js\yarn.lock,C:\Users\Luis\Desktop\das4navy\node_modules\uri-js\yarn.lock,yarn.lock,.lock,103956,101.52 KB,2026-06-06 16:54:22,node_modules,node_modules\uri-js,2
node_modules\vite\LICENSE.md,C:\Users\Luis\Desktop\das4navy\node_modules\vite\LICENSE.md,LICENSE.md,.md,108460,105.92 KB,2026-06-06 16:54:22,node_modules,node_modules\vite,2
node_modules\vite\README.md,C:\Users\Luis\Desktop\das4navy\node_modules\vite\README.md,README.md,.md,1179,1.15 KB,2026-06-06 16:54:22,node_modules,node_modules\vite,2
node_modules\vite\bin\openChrome.js,C:\Users\Luis\Desktop\das4navy\node_modules\vite\bin\openChrome.js,openChrome.js,.js,1842,1.80 KB,2026-06-06 16:54:22,node_modules,node_modules\vite,3
node_modules\vite\bin\vite.js,C:\Users\Luis\Desktop\das4navy\node_modules\vite\bin\vite.js,vite.js,.js,2574,2.51 KB,2026-06-06 16:54:22,node_modules,node_modules\vite,3
node_modules\vite\client.d.ts,C:\Users\Luis\Desktop\das4navy\node_modules\vite\client.d.ts,client.d.ts,.ts,5177,5.06 KB,2026-06-06 16:54:22,node_modules,node_modules\vite,2
node_modules\vite\dist\client\client.mjs,C:\Users\Luis\Desktop\das4navy\node_modules\vite\dist\client\client.mjs,client.mjs,.mjs,39607,38.68 KB,2026-06-06 16:54:22,node_modules,node_modules\vite,4
node_modules\vite\dist\client\env.mjs,C:\Users\Luis\Desktop\das4navy\node_modules\vite\dist\client\env.mjs,env.mjs,.mjs,612,612.00 B,2026-06-06 16:54:22,node_modules,node_modules\vite,4
node_modules\vite\dist\node\chunks\build.js,C:\Users\Luis\Desktop\das4navy\node_modules\vite\dist\node\chunks\build.js,build.js,.js,203495,198.73 KB,2026-06-06 16:54:21,node_modules,node_modules\vite,5
node_modules\vite\dist\node\chunks\dist.js,C:\Users\Luis\Desktop\das4navy\node_modules\vite\dist\node\chunks\dist.js,dist.js,.js,246735,240.95 KB,2026-06-06 16:54:21,node_modules,node_modules\vite,5
node_modules\vite\dist\node\chunks\lib.js,C:\Users\Luis\Desktop\das4navy\node_modules\vite\dist\node\chunks\lib.js,lib.js,.js,11711,11.44 KB,2026-06-06 16:54:21,node_modules,node_modules\vite,5
node_modules\vite\dist\node\chunks\logger.js,C:\Users\Luis\Desktop\das4navy\node_modules\vite\dist\node\chunks\logger.js,logger.js,.js,13330,13.02 KB,2026-06-06 16:54:22,node_modules,node_modules\vite,5
node_modules\vite\dist\node\chunks\moduleRunnerTransport.d.ts,C:\Users\Luis\Desktop\das4navy\node_modules\vite\dist\node\chunks\moduleRunnerTransport.d.ts,moduleRunnerTransport.d.ts,.ts,3064,2.99 KB,2026-06-06 16:54:22,node_modules,node_modules\vite,5
node_modules\vite\dist\node\chunks\node.js,C:\Users\Luis\Desktop\das4navy\node_modules\vite\dist\node\chunks\node.js,node.js,.js,1274847,1.22 MB,2026-06-06 16:54:22,node_modules,node_modules\vite,5
node_modules\vite\dist\node\chunks\postcss-import.js,C:\Users\Luis\Desktop\das4navy\node_modules\vite\dist\node\chunks\postcss-import.js,postcss-import.js,.js,18432,18.00 KB,2026-06-06 16:54:22,node_modules,node_modules\vite,5
node_modules\vite\dist\node\cli.js,C:\Users\Luis\Desktop\das4navy\node_modules\vite\dist\node\cli.js,cli.js,.js,29909,29.21 KB,2026-06-06 16:54:21,node_modules,node_modules\vite,4
node_modules\vite\dist\node\index.d.ts,C:\Users\Luis\Desktop\das4navy\node_modules\vite\dist\node\index.d.ts,index.d.ts,.ts,158084,154.38 KB,2026-06-06 16:54:22,node_modules,node_modules\vite,4
node_modules\vite\dist\node\index.js,C:\Users\Luis\Desktop\das4navy\node_modules\vite\dist\node\index.js,index.js,.js,2700,2.64 KB,2026-06-06 16:54:21,node_modules,node_modules\vite,4
node_modules\vite\dist\node\internal.d.ts,C:\Users\Luis\Desktop\das4navy\node_modules\vite\dist\node\internal.d.ts,internal.d.ts,.ts,137,137.00 B,2026-06-06 16:54:22,node_modules,node_modules\vite,4
node_modules\vite\dist\node\internal.js,C:\Users\Luis\Desktop\das4navy\node_modules\vite\dist\node\internal.js,internal.js,.js,138,138.00 B,2026-06-06 16:54:21,node_modules,node_modules\vite,4
node_modules\vite\dist\node\module-runner.d.ts,C:\Users\Luis\Desktop\das4navy\node_modules\vite\dist\node\module-runner.d.ts,module-runner.d.ts,.ts,11432,11.16 KB,2026-06-06 16:54:22,node_modules,node_modules\vite,4
node_modules\vite\dist\node\module-runner.js,C:\Users\Luis\Desktop\das4navy\node_modules\vite\dist\node\module-runner.js,module-runner.js,.js,54198,52.93 KB,2026-06-06 16:54:22,node_modules,node_modules\vite,4
node_modules\vite\misc\false.js,C:\Users\Luis\Desktop\das4navy\node_modules\vite\misc\false.js,false.js,.js,21,21.00 B,2026-06-06 16:54:21,node_modules,node_modules\vite,3
node_modules\vite\misc\true.js,C:\Users\Luis\Desktop\das4navy\node_modules\vite\misc\true.js,true.js,.js,20,20.00 B,2026-06-06 16:54:22,node_modules,node_modules\vite,3
node_modules\vite\package.json,C:\Users\Luis\Desktop\das4navy\node_modules\vite\package.json,package.json,.json,5006,4.89 KB,2026-06-06 16:54:22,node_modules,node_modules\vite,2
node_modules\vite\types\customEvent.d.ts,C:\Users\Luis\Desktop\das4navy\node_modules\vite\types\customEvent.d.ts,customEvent.d.ts,.ts,1970,1.92 KB,2026-06-06 16:54:22,node_modules,node_modules\vite,3
node_modules\vite\types\hmrPayload.d.ts,C:\Users\Luis\Desktop\das4navy\node_modules\vite\types\hmrPayload.d.ts,hmrPayload.d.ts,.ts,1398,1.37 KB,2026-06-06 16:54:22,node_modules,node_modules\vite,3
node_modules\vite\types\hot.d.ts,C:\Users\Luis\Desktop\das4navy\node_modules\vite\types\hot.d.ts,hot.d.ts,.ts,1063,1.04 KB,2026-06-06 16:54:22,node_modules,node_modules\vite,3
node_modules\vite\types\import-meta.d.ts,C:\Users\Luis\Desktop\das4navy\node_modules\vite\types\import-meta.d.ts,import-meta.d.ts,.ts,249,249.00 B,2026-06-06 16:54:22,node_modules,node_modules\vite,3
node_modules\vite\types\importGlob.d.ts,C:\Users\Luis\Desktop\das4navy\node_modules\vite\types\importGlob.d.ts,importGlob.d.ts,.ts,2291,2.24 KB,2026-06-06 16:54:22,node_modules,node_modules\vite,3
node_modules\vite\types\importMeta.d.ts,C:\Users\Luis\Desktop\das4navy\node_modules\vite\types\importMeta.d.ts,importMeta.d.ts,.ts,884,884.00 B,2026-06-06 16:54:22,node_modules,node_modules\vite,3
node_modules\vite\types\internal\cssPreprocessorOptions.d.ts,C:\Users\Luis\Desktop\das4navy\node_modules\vite\types\internal\cssPreprocessorOptions.d.ts,cssPreprocessorOptions.d.ts,.ts,1420,1.39 KB,2026-06-06 16:54:22,node_modules,node_modules\vite,4
node_modules\vite\types\internal\esbuildOptions.d.ts,C:\Users\Luis\Desktop\das4navy\node_modules\vite\types\internal\esbuildOptions.d.ts,esbuildOptions.d.ts,.ts,672,672.00 B,2026-06-06 16:54:22,node_modules,node_modules\vite,4
node_modules\vite\types\internal\lightningcssOptions.d.ts,C:\Users\Luis\Desktop\das4navy\node_modules\vite\types\internal\lightningcssOptions.d.ts,lightningcssOptions.d.ts,.ts,520,520.00 B,2026-06-06 16:54:22,node_modules,node_modules\vite,4
node_modules\vite\types\internal\rollupTypeCompat.d.ts,C:\Users\Luis\Desktop\das4navy\node_modules\vite\types\internal\rollupTypeCompat.d.ts,rollupTypeCompat.d.ts,.ts,791,791.00 B,2026-06-06 16:54:22,node_modules,node_modules\vite,4
node_modules\vite\types\internal\terserOptions.d.ts,C:\Users\Luis\Desktop\das4navy\node_modules\vite\types\internal\terserOptions.d.ts,terserOptions.d.ts,.ts,384,384.00 B,2026-06-06 16:54:22,node_modules,node_modules\vite,4
node_modules\vite\types\metadata.d.ts,C:\Users\Luis\Desktop\das4navy\node_modules\vite\types\metadata.d.ts,metadata.d.ts,.ts,1133,1.11 KB,2026-06-06 16:54:22,node_modules,node_modules\vite,3
node_modules\which\CHANGELOG.md,C:\Users\Luis\Desktop\das4navy\node_modules\which\CHANGELOG.md,CHANGELOG.md,.md,2667,2.60 KB,2026-06-06 16:54:21,node_modules,node_modules\which,2
node_modules\which\LICENSE,C:\Users\Luis\Desktop\das4navy\node_modules\which\LICENSE,LICENSE,[no_ext],765,765.00 B,2026-06-06 16:54:21,node_modules,node_modules\which,2
node_modules\which\README.md,C:\Users\Luis\Desktop\das4navy\node_modules\which\README.md,README.md,.md,1352,1.32 KB,2026-06-06 16:54:21,node_modules,node_modules\which,2
node_modules\which\bin\node-which,C:\Users\Luis\Desktop\das4navy\node_modules\which\bin\node-which,node-which,[no_ext],985,985.00 B,2026-06-06 16:54:21,node_modules,node_modules\which,3
node_modules\which\package.json,C:\Users\Luis\Desktop\das4navy\node_modules\which\package.json,package.json,.json,1043,1.02 KB,2026-06-06 16:54:21,node_modules,node_modules\which,2
node_modules\which\which.js,C:\Users\Luis\Desktop\das4navy\node_modules\which\which.js,which.js,.js,3163,3.09 KB,2026-06-06 16:54:21,node_modules,node_modules\which,2
node_modules\word-wrap\LICENSE,C:\Users\Luis\Desktop\das4navy\node_modules\word-wrap\LICENSE,LICENSE,[no_ext],1087,1.06 KB,2026-06-06 16:54:21,node_modules,node_modules\word-wrap,2
node_modules\word-wrap\README.md,C:\Users\Luis\Desktop\das4navy\node_modules\word-wrap\README.md,README.md,.md,6336,6.19 KB,2026-06-06 16:54:21,node_modules,node_modules\word-wrap,2
node_modules\word-wrap\index.d.ts,C:\Users\Luis\Desktop\das4navy\node_modules\word-wrap\index.d.ts,index.d.ts,.ts,1243,1.21 KB,2026-06-06 16:54:21,node_modules,node_modules\word-wrap,2
node_modules\word-wrap\index.js,C:\Users\Luis\Desktop\das4navy\node_modules\word-wrap\index.js,index.js,.js,1455,1.42 KB,2026-06-06 16:54:21,node_modules,node_modules\word-wrap,2
node_modules\word-wrap\package.json,C:\Users\Luis\Desktop\das4navy\node_modules\word-wrap\package.json,package.json,.json,1724,1.68 KB,2026-06-06 16:54:21,node_modules,node_modules\word-wrap,2
node_modules\yallist\LICENSE,C:\Users\Luis\Desktop\das4navy\node_modules\yallist\LICENSE,LICENSE,[no_ext],765,765.00 B,2026-06-06 16:54:21,node_modules,node_modules\yallist,2
node_modules\yallist\README.md,C:\Users\Luis\Desktop\das4navy\node_modules\yallist\README.md,README.md,.md,4717,4.61 KB,2026-06-06 16:54:21,node_modules,node_modules\yallist,2
node_modules\yallist\iterator.js,C:\Users\Luis\Desktop\das4navy\node_modules\yallist\iterator.js,iterator.js,.js,207,207.00 B,2026-06-06 16:54:21,node_modules,node_modules\yallist,2
node_modules\yallist\package.json,C:\Users\Luis\Desktop\das4navy\node_modules\yallist\package.json,package.json,.json,652,652.00 B,2026-06-06 16:54:21,node_modules,node_modules\yallist,2
node_modules\yallist\yallist.js,C:\Users\Luis\Desktop\das4navy\node_modules\yallist\yallist.js,yallist.js,.js,8425,8.23 KB,2026-06-06 16:54:21,node_modules,node_modules\yallist,2
node_modules\yocto-queue\index.d.ts,C:\Users\Luis\Desktop\das4navy\node_modules\yocto-queue\index.d.ts,index.d.ts,.ts,1140,1.11 KB,2026-06-06 16:54:21,node_modules,node_modules\yocto-queue,2
node_modules\yocto-queue\index.js,C:\Users\Luis\Desktop\das4navy\node_modules\yocto-queue\index.js,index.js,.js,949,949.00 B,2026-06-06 16:54:21,node_modules,node_modules\yocto-queue,2
node_modules\yocto-queue\license,C:\Users\Luis\Desktop\das4navy\node_modules\yocto-queue\license,license,[no_ext],1117,1.09 KB,2026-06-06 16:54:21,node_modules,node_modules\yocto-queue,2
node_modules\yocto-queue\package.json,C:\Users\Luis\Desktop\das4navy\node_modules\yocto-queue\package.json,package.json,.json,725,725.00 B,2026-06-06 16:54:21,node_modules,node_modules\yocto-queue,2
node_modules\yocto-queue\readme.md,C:\Users\Luis\Desktop\das4navy\node_modules\yocto-queue\readme.md,readme.md,.md,2096,2.05 KB,2026-06-06 16:54:21,node_modules,node_modules\yocto-queue,2
node_modules\zod-validation-error\LICENSE,C:\Users\Luis\Desktop\das4navy\node_modules\zod-validation-error\LICENSE,LICENSE,[no_ext],1095,1.07 KB,2026-06-06 16:54:21,node_modules,node_modules\zod-validation-error,2
node_modules\zod-validation-error\README.md,C:\Users\Luis\Desktop\das4navy\node_modules\zod-validation-error\README.md,README.md,.md,21876,21.36 KB,2026-06-06 16:54:21,node_modules,node_modules\zod-validation-error,2
node_modules\zod-validation-error\README.v3.md,C:\Users\Luis\Desktop\das4navy\node_modules\zod-validation-error\README.v3.md,README.v3.md,.md,19166,18.72 KB,2026-06-06 16:54:21,node_modules,node_modules\zod-validation-error,2
node_modules\zod-validation-error\package.json,C:\Users\Luis\Desktop\das4navy\node_modules\zod-validation-error\package.json,package.json,.json,2706,2.64 KB,2026-06-06 16:54:21,node_modules,node_modules\zod-validation-error,2
node_modules\zod-validation-error\v3\index.d.mts,C:\Users\Luis\Desktop\das4navy\node_modules\zod-validation-error\v3\index.d.mts,index.d.mts,.mts,1943,1.90 KB,2026-06-06 16:54:21,node_modules,node_modules\zod-validation-error,3
node_modules\zod-validation-error\v3\index.d.ts,C:\Users\Luis\Desktop\das4navy\node_modules\zod-validation-error\v3\index.d.ts,index.d.ts,.ts,1943,1.90 KB,2026-06-06 16:54:21,node_modules,node_modules\zod-validation-error,3
node_modules\zod-validation-error\v3\index.js,C:\Users\Luis\Desktop\das4navy\node_modules\zod-validation-error\v3\index.js,index.js,.js,9079,8.87 KB,2026-06-06 16:54:21,node_modules,node_modules\zod-validation-error,3
node_modules\zod-validation-error\v3\index.js.map,C:\Users\Luis\Desktop\das4navy\node_modules\zod-validation-error\v3\index.js.map,index.js.map,.map,18475,18.04 KB,2026-06-06 16:54:21,node_modules,node_modules\zod-validation-error,3
node_modules\zod-validation-error\v3\index.mjs,C:\Users\Luis\Desktop\das4navy\node_modules\zod-validation-error\v3\index.mjs,index.mjs,.mjs,7061,6.90 KB,2026-06-06 16:54:21,node_modules,node_modules\zod-validation-error,3
node_modules\zod-validation-error\v3\index.mjs.map,C:\Users\Luis\Desktop\das4navy\node_modules\zod-validation-error\v3\index.mjs.map,index.mjs.map,.map,17590,17.18 KB,2026-06-06 16:54:21,node_modules,node_modules\zod-validation-error,3
node_modules\zod-validation-error\v4\index.d.mts,C:\Users\Luis\Desktop\das4navy\node_modules\zod-validation-error\v4\index.d.mts,index.d.mts,.mts,2732,2.67 KB,2026-06-06 16:54:21,node_modules,node_modules\zod-validation-error,3
node_modules\zod-validation-error\v4\index.d.ts,C:\Users\Luis\Desktop\das4navy\node_modules\zod-validation-error\v4\index.d.ts,index.d.ts,.ts,2732,2.67 KB,2026-06-06 16:54:22,node_modules,node_modules\zod-validation-error,3
node_modules\zod-validation-error\v4\index.js,C:\Users\Luis\Desktop\das4navy\node_modules\zod-validation-error\v4\index.js,index.js,.js,20182,19.71 KB,2026-06-06 16:54:21,node_modules,node_modules\zod-validation-error,3
node_modules\zod-validation-error\v4\index.js.map,C:\Users\Luis\Desktop\das4navy\node_modules\zod-validation-error\v4\index.js.map,index.js.map,.map,42866,41.86 KB,2026-06-06 16:54:21,node_modules,node_modules\zod-validation-error,3
node_modules\zod-validation-error\v4\index.mjs,C:\Users\Luis\Desktop\das4navy\node_modules\zod-validation-error\v4\index.mjs,index.mjs,.mjs,18159,17.73 KB,2026-06-06 16:54:21,node_modules,node_modules\zod-validation-error,3
node_modules\zod-validation-error\v4\index.mjs.map,C:\Users\Luis\Desktop\das4navy\node_modules\zod-validation-error\v4\index.mjs.map,index.mjs.map,.map,41917,40.93 KB,2026-06-06 16:54:21,node_modules,node_modules\zod-validation-error,3
node_modules\zod\LICENSE,C:\Users\Luis\Desktop\das4navy\node_modules\zod\LICENSE,LICENSE,[no_ext],1072,1.05 KB,2026-06-06 16:54:21,node_modules,node_modules\zod,2
node_modules\zod\README.md,C:\Users\Luis\Desktop\das4navy\node_modules\zod\README.md,README.md,.md,5582,5.45 KB,2026-06-06 16:54:23,node_modules,node_modules\zod,2
node_modules\zod\index.cjs,C:\Users\Luis\Desktop\das4navy\node_modules\zod\index.cjs,index.cjs,.cjs,1486,1.45 KB,2026-06-06 16:54:22,node_modules,node_modules\zod,2
node_modules\zod\index.d.cts,C:\Users\Luis\Desktop\das4navy\node_modules\zod\index.d.cts,index.d.cts,.cts,123,123.00 B,2026-06-06 16:54:22,node_modules,node_modules\zod,2
node_modules\zod\index.d.ts,C:\Users\Luis\Desktop\das4navy\node_modules\zod\index.d.ts,index.d.ts,.ts,121,121.00 B,2026-06-06 16:54:24,node_modules,node_modules\zod,2
node_modules\zod\index.js,C:\Users\Luis\Desktop\das4navy\node_modules\zod\index.js,index.js,.js,121,121.00 B,2026-06-06 16:54:23,node_modules,node_modules\zod,2
node_modules\zod\locales\index.cjs,C:\Users\Luis\Desktop\das4navy\node_modules\zod\locales\index.cjs,index.cjs,.cjs,816,816.00 B,2026-06-06 16:54:22,node_modules,node_modules\zod,3
node_modules\zod\locales\index.d.cts,C:\Users\Luis\Desktop\das4navy\node_modules\zod\locales\index.d.cts,index.d.cts,.cts,41,41.00 B,2026-06-06 16:54:22,node_modules,node_modules\zod,3
node_modules\zod\locales\index.d.ts,C:\Users\Luis\Desktop\das4navy\node_modules\zod\locales\index.d.ts,index.d.ts,.ts,40,40.00 B,2026-06-06 16:54:24,node_modules,node_modules\zod,3
node_modules\zod\locales\index.js,C:\Users\Luis\Desktop\das4navy\node_modules\zod\locales\index.js,index.js,.js,40,40.00 B,2026-06-06 16:54:23,node_modules,node_modules\zod,3
node_modules\zod\locales\package.json,C:\Users\Luis\Desktop\das4navy\node_modules\zod\locales\package.json,package.json,.json,127,127.00 B,2026-06-06 16:54:23,node_modules,node_modules\zod,3
node_modules\zod\mini\index.cjs,C:\Users\Luis\Desktop\das4navy\node_modules\zod\mini\index.cjs,index.cjs,.cjs,1461,1.43 KB,2026-06-06 16:54:22,node_modules,node_modules\zod,3
node_modules\zod\mini\index.d.cts,C:\Users\Luis\Desktop\das4navy\node_modules\zod\mini\index.d.cts,index.d.cts,.cts,101,101.00 B,2026-06-06 16:54:22,node_modules,node_modules\zod,3
node_modules\zod\mini\index.d.ts,C:\Users\Luis\Desktop\das4navy\node_modules\zod\mini\index.d.ts,index.d.ts,.ts,99,99.00 B,2026-06-06 16:54:24,node_modules,node_modules\zod,3
node_modules\zod\mini\index.js,C:\Users\Luis\Desktop\das4navy\node_modules\zod\mini\index.js,index.js,.js,99,99.00 B,2026-06-06 16:54:23,node_modules,node_modules\zod,3
node_modules\zod\mini\package.json,C:\Users\Luis\Desktop\das4navy\node_modules\zod\mini\package.json,package.json,.json,127,127.00 B,2026-06-06 16:54:23,node_modules,node_modules\zod,3
node_modules\zod\package.json,C:\Users\Luis\Desktop\das4navy\node_modules\zod\package.json,package.json,.json,3796,3.71 KB,2026-06-06 16:54:23,node_modules,node_modules\zod,2
node_modules\zod\src\index.ts,C:\Users\Luis\Desktop\das4navy\node_modules\zod\src\index.ts,index.ts,.ts,121,121.00 B,2026-06-06 16:54:24,node_modules,node_modules\zod,3
node_modules\zod\src\locales\index.ts,C:\Users\Luis\Desktop\das4navy\node_modules\zod\src\locales\index.ts,index.ts,.ts,40,40.00 B,2026-06-06 16:54:24,node_modules,node_modules\zod,4
node_modules\zod\src\mini\index.ts,C:\Users\Luis\Desktop\das4navy\node_modules\zod\src\mini\index.ts,index.ts,.ts,99,99.00 B,2026-06-06 16:54:24,node_modules,node_modules\zod,4
node_modules\zod\src\v3\ZodError.ts,C:\Users\Luis\Desktop\das4navy\node_modules\zod\src\v3\ZodError.ts,ZodError.ts,.ts,9008,8.80 KB,2026-06-06 16:54:26,node_modules,node_modules\zod,4
node_modules\zod\src\v3\benchmarks\datetime.ts,C:\Users\Luis\Desktop\das4navy\node_modules\zod\src\v3\benchmarks\datetime.ts,datetime.ts,.ts,1908,1.86 KB,2026-06-06 16:54:23,node_modules,node_modules\zod,5
node_modules\zod\src\v3\benchmarks\discriminatedUnion.ts,C:\Users\Luis\Desktop\das4navy\node_modules\zod\src\v3\benchmarks\discriminatedUnion.ts,discriminatedUnion.ts,.ts,1593,1.56 KB,2026-06-06 16:54:23,node_modules,node_modules\zod,5
node_modules\zod\src\v3\benchmarks\index.ts,C:\Users\Luis\Desktop\das4navy\node_modules\zod\src\v3\benchmarks\index.ts,index.ts,.ts,1582,1.54 KB,2026-06-06 16:54:24,node_modules,node_modules\zod,5
node_modules\zod\src\v3\benchmarks\ipv4.ts,C:\Users\Luis\Desktop\das4navy\node_modules\zod\src\v3\benchmarks\ipv4.ts,ipv4.ts,.ts,1818,1.78 KB,2026-06-06 16:54:24,node_modules,node_modules\zod,5
node_modules\zod\src\v3\benchmarks\object.ts,C:\Users\Luis\Desktop\das4navy\node_modules\zod\src\v3\benchmarks\object.ts,object.ts,.ts,1623,1.58 KB,2026-06-06 16:54:25,node_modules,node_modules\zod,5
node_modules\zod\src\v3\benchmarks\primitives.ts,C:\Users\Luis\Desktop\das4navy\node_modules\zod\src\v3\benchmarks\primitives.ts,primitives.ts,.ts,3489,3.41 KB,2026-06-06 16:54:25,node_modules,node_modules\zod,5
node_modules\zod\src\v3\benchmarks\realworld.ts,C:\Users\Luis\Desktop\das4navy\node_modules\zod\src\v3\benchmarks\realworld.ts,realworld.ts,.ts,1157,1.13 KB,2026-06-06 16:54:25,node_modules,node_modules\zod,5
node_modules\zod\src\v3\benchmarks\string.ts,C:\Users\Luis\Desktop\das4navy\node_modules\zod\src\v3\benchmarks\string.ts,string.ts,.ts,1257,1.23 KB,2026-06-06 16:54:25,node_modules,node_modules\zod,5
node_modules\zod\src\v3\benchmarks\union.ts,C:\Users\Luis\Desktop\das4navy\node_modules\zod\src\v3\benchmarks\union.ts,union.ts,.ts,1525,1.49 KB,2026-06-06 16:54:25,node_modules,node_modules\zod,5
node_modules\zod\src\v3\errors.ts,C:\Users\Luis\Desktop\das4navy\node_modules\zod\src\v3\errors.ts,errors.ts,.ts,305,305.00 B,2026-06-06 16:54:23,node_modules,node_modules\zod,4
node_modules\zod\src\v3\external.ts,C:\Users\Luis\Desktop\das4navy\node_modules\zod\src\v3\external.ts,external.ts,.ts,205,205.00 B,2026-06-06 16:54:24,node_modules,node_modules\zod,4
node_modules\zod\src\v3\helpers\enumUtil.ts,C:\Users\Luis\Desktop\das4navy\node_modules\zod\src\v3\helpers\enumUtil.ts,enumUtil.ts,.ts,604,604.00 B,2026-06-06 16:54:23,node_modules,node_modules\zod,5
node_modules\zod\src\v3\helpers\errorUtil.ts,C:\Users\Luis\Desktop\das4navy\node_modules\zod\src\v3\helpers\errorUtil.ts,errorUtil.ts,.ts,408,408.00 B,2026-06-06 16:54:23,node_modules,node_modules\zod,5
node_modules\zod\src\v3\helpers\parseUtil.ts,C:\Users\Luis\Desktop\das4navy\node_modules\zod\src\v3\helpers\parseUtil.ts,parseUtil.ts,.ts,5279,5.16 KB,2026-06-06 16:54:25,node_modules,node_modules\zod,5
node_modules\zod\src\v3\helpers\partialUtil.ts,C:\Users\Luis\Desktop\das4navy\node_modules\zod\src\v3\helpers\partialUtil.ts,partialUtil.ts,.ts,1019,1019.00 B,2026-06-06 16:54:25,node_modules,node_modules\zod,5
node_modules\zod\src\v3\helpers\typeAliases.ts,C:\Users\Luis\Desktop\das4navy\node_modules\zod\src\v3\helpers\typeAliases.ts,typeAliases.ts,.ts,135,135.00 B,2026-06-06 16:54:25,node_modules,node_modules\zod,5
node_modules\zod\src\v3\helpers\util.ts,C:\Users\Luis\Desktop\das4navy\node_modules\zod\src\v3\helpers\util.ts,util.ts,.ts,6206,6.06 KB,2026-06-06 16:54:25,node_modules,node_modules\zod,5
node_modules\zod\src\v3\index.ts,C:\Users\Luis\Desktop\das4navy\node_modules\zod\src\v3\index.ts,index.ts,.ts,99,99.00 B,2026-06-06 16:54:24,node_modules,node_modules\zod,4
node_modules\zod\src\v3\locales\en.ts,C:\Users\Luis\Desktop\das4navy\node_modules\zod\src\v3\locales\en.ts,en.ts,.ts,5134,5.01 KB,2026-06-06 16:54:23,node_modules,node_modules\zod,5
node_modules\zod\src\v3\standard-schema.ts,C:\Users\Luis\Desktop\das4navy\node_modules\zod\src\v3\standard-schema.ts,standard-schema.ts,.ts,2678,2.62 KB,2026-06-06 16:54:25,node_modules,node_modules\zod,4
node_modules\zod\src\v3\tests\Mocker.ts,C:\Users\Luis\Desktop\das4navy\node_modules\zod\src\v3\tests\Mocker.ts,Mocker.ts,.ts,1341,1.31 KB,2026-06-06 16:54:24,node_modules,node_modules\zod,5
node_modules\zod\src\v3\tests\all-errors.test.ts,C:\Users\Luis\Desktop\das4navy\node_modules\zod\src\v3\tests\all-errors.test.ts,all-errors.test.ts,.ts,4717,4.61 KB,2026-06-06 16:54:23,node_modules,node_modules\zod,5
node_modules\zod\src\v3\tests\anyunknown.test.ts,C:\Users\Luis\Desktop\das4navy\node_modules\zod\src\v3\tests\anyunknown.test.ts,anyunknown.test.ts,.ts,673,673.00 B,2026-06-06 16:54:23,node_modules,node_modules\zod,5
node_modules\zod\src\v3\tests\array.test.ts,C:\Users\Luis\Desktop\das4navy\node_modules\zod\src\v3\tests\array.test.ts,array.test.ts,.ts,1939,1.89 KB,2026-06-06 16:54:23,node_modules,node_modules\zod,5
node_modules\zod\src\v3\tests\async-parsing.test.ts,C:\Users\Luis\Desktop\das4navy\node_modules\zod\src\v3\tests\async-parsing.test.ts,async-parsing.test.ts,.ts,12639,12.34 KB,2026-06-06 16:54:23,node_modules,node_modules\zod,5
node_modules\zod\src\v3\tests\async-refinements.test.ts,C:\Users\Luis\Desktop\das4navy\node_modules\zod\src\v3\tests\async-refinements.test.ts,async-refinements.test.ts,.ts,1603,1.57 KB,2026-06-06 16:54:23,node_modules,node_modules\zod,5
node_modules\zod\src\v3\tests\base.test.ts,C:\Users\Luis\Desktop\das4navy\node_modules\zod\src\v3\tests\base.test.ts,base.test.ts,.ts,782,782.00 B,2026-06-06 16:54:23,node_modules,node_modules\zod,5
node_modules\zod\src\v3\tests\bigint.test.ts,C:\Users\Luis\Desktop\das4navy\node_modules\zod\src\v3\tests\bigint.test.ts,bigint.test.ts,.ts,1977,1.93 KB,2026-06-06 16:54:23,node_modules,node_modules\zod,5
node_modules\zod\src\v3\tests\branded.test.ts,C:\Users\Luis\Desktop\das4navy\node_modules\zod\src\v3\tests\branded.test.ts,branded.test.ts,.ts,1734,1.69 KB,2026-06-06 16:54:23,node_modules,node_modules\zod,5
node_modules\zod\src\v3\tests\catch.test.ts,C:\Users\Luis\Desktop\das4navy\node_modules\zod\src\v3\tests\catch.test.ts,catch.test.ts,.ts,6550,6.40 KB,2026-06-06 16:54:23,node_modules,node_modules\zod,5
node_modules\zod\src\v3\tests\coerce.test.ts,C:\Users\Luis\Desktop\das4navy\node_modules\zod\src\v3\tests\coerce.test.ts,coerce.test.ts,.ts,6650,6.49 KB,2026-06-06 16:54:23,node_modules,node_modules\zod,5
node_modules\zod\src\v3\tests\complex.test.ts,C:\Users\Luis\Desktop\das4navy\node_modules\zod\src\v3\tests\complex.test.ts,complex.test.ts,.ts,2497,2.44 KB,2026-06-06 16:54:23,node_modules,node_modules\zod,5
node_modules\zod\src\v3\tests\custom.test.ts,C:\Users\Luis\Desktop\das4navy\node_modules\zod\src\v3\tests\custom.test.ts,custom.test.ts,.ts,950,950.00 B,2026-06-06 16:54:23,node_modules,node_modules\zod,5
node_modules\zod\src\v3\tests\date.test.ts,C:\Users\Luis\Desktop\das4navy\node_modules\zod\src\v3\tests\date.test.ts,date.test.ts,.ts,983,983.00 B,2026-06-06 16:54:23,node_modules,node_modules\zod,5
node_modules\zod\src\v3\tests\deepmasking.test.ts,C:\Users\Luis\Desktop\das4navy\node_modules\zod\src\v3\tests\deepmasking.test.ts,deepmasking.test.ts,.ts,5215,5.09 KB,2026-06-06 16:54:23,node_modules,node_modules\zod,5
node_modules\zod\src\v3\tests\default.test.ts,C:\Users\Luis\Desktop\das4navy\node_modules\zod\src\v3\tests\default.test.ts,default.test.ts,.ts,3527,3.44 KB,2026-06-06 16:54:23,node_modules,node_modules\zod,5
node_modules\zod\src\v3\tests\description.test.ts,C:\Users\Luis\Desktop\das4navy\node_modules\zod\src\v3\tests\description.test.ts,description.test.ts,.ts,1323,1.29 KB,2026-06-06 16:54:23,node_modules,node_modules\zod,5
node_modules\zod\src\v3\tests\discriminated-unions.test.ts,C:\Users\Luis\Desktop\das4navy\node_modules\zod\src\v3\tests\discriminated-unions.test.ts,discriminated-unions.test.ts,.ts,8537,8.34 KB,2026-06-06 16:54:23,node_modules,node_modules\zod,5
node_modules\zod\src\v3\tests\enum.test.ts,C:\Users\Luis\Desktop\das4navy\node_modules\zod\src\v3\tests\enum.test.ts,enum.test.ts,.ts,2737,2.67 KB,2026-06-06 16:54:23,node_modules,node_modules\zod,5
node_modules\zod\src\v3\tests\error.test.ts,C:\Users\Luis\Desktop\das4navy\node_modules\zod\src\v3\tests\error.test.ts,error.test.ts,.ts,16812,16.42 KB,2026-06-06 16:54:23,node_modules,node_modules\zod,5
node_modules\zod\src\v3\tests\firstparty.test.ts,C:\Users\Luis\Desktop\das4navy\node_modules\zod\src\v3\tests\firstparty.test.ts,firstparty.test.ts,.ts,2391,2.33 KB,2026-06-06 16:54:24,node_modules,node_modules\zod,5
node_modules\zod\src\v3\tests\firstpartyschematypes.test.ts,C:\Users\Luis\Desktop\das4navy\node_modules\zod\src\v3\tests\firstpartyschematypes.test.ts,firstpartyschematypes.test.ts,.ts,788,788.00 B,2026-06-06 16:54:24,node_modules,node_modules\zod,5
node_modules\zod\src\v3\tests\function.test.ts,C:\Users\Luis\Desktop\das4navy\node_modules\zod\src\v3\tests\function.test.ts,function.test.ts,.ts,6734,6.58 KB,2026-06-06 16:54:24,node_modules,node_modules\zod,5
node_modules\zod\src\v3\tests\generics.test.ts,C:\Users\Luis\Desktop\das4navy\node_modules\zod\src\v3\tests\generics.test.ts,generics.test.ts,.ts,1523,1.49 KB,2026-06-06 16:54:24,node_modules,node_modules\zod,5
node_modules\zod\src\v3\tests\instanceof.test.ts,C:\Users\Luis\Desktop\das4navy\node_modules\zod\src\v3\tests\instanceof.test.ts,instanceof.test.ts,.ts,1154,1.13 KB,2026-06-06 16:54:24,node_modules,node_modules\zod,5
node_modules\zod\src\v3\tests\intersection.test.ts,C:\Users\Luis\Desktop\das4navy\node_modules\zod\src\v3\tests\intersection.test.ts,intersection.test.ts,.ts,3091,3.02 KB,2026-06-06 16:54:24,node_modules,node_modules\zod,5
node_modules\zod\src\v3\tests\language-server.source.ts,C:\Users\Luis\Desktop\das4navy\node_modules\zod\src\v3\tests\language-server.source.ts,language-server.source.ts,.ts,1275,1.25 KB,2026-06-06 16:54:24,node_modules,node_modules\zod,5
node_modules\zod\src\v3\tests\language-server.test.ts,C:\Users\Luis\Desktop\das4navy\node_modules\zod\src\v3\tests\language-server.test.ts,language-server.test.ts,.ts,8318,8.12 KB,2026-06-06 16:54:24,node_modules,node_modules\zod,5
node_modules\zod\src\v3\tests\literal.test.ts,C:\Users\Luis\Desktop\das4navy\node_modules\zod\src\v3\tests\literal.test.ts,literal.test.ts,.ts,1063,1.04 KB,2026-06-06 16:54:24,node_modules,node_modules\zod,5
node_modules\zod\src\v3\tests\map.test.ts,C:\Users\Luis\Desktop\das4navy\node_modules\zod\src\v3\tests\map.test.ts,map.test.ts,.ts,3545,3.46 KB,2026-06-06 16:54:24,node_modules,node_modules\zod,5
node_modules\zod\src\v3\tests\masking.test.ts,C:\Users\Luis\Desktop\das4navy\node_modules\zod\src\v3\tests\masking.test.ts,masking.test.ts,.ts,85,85.00 B,2026-06-06 16:54:24,node_modules,node_modules\zod,5
node_modules\zod\src\v3\tests\mocker.test.ts,C:\Users\Luis\Desktop\das4navy\node_modules\zod\src\v3\tests\mocker.test.ts,mocker.test.ts,.ts,389,389.00 B,2026-06-06 16:54:24,node_modules,node_modules\zod,5
node_modules\zod\src\v3\tests\nan.test.ts,C:\Users\Luis\Desktop\das4navy\node_modules\zod\src\v3\tests\nan.test.ts,nan.test.ts,.ts,708,708.00 B,2026-06-06 16:54:24,node_modules,node_modules\zod,5
node_modules\zod\src\v3\tests\nativeEnum.test.ts,C:\Users\Luis\Desktop\das4navy\node_modules\zod\src\v3\tests\nativeEnum.test.ts,nativeEnum.test.ts,.ts,2344,2.29 KB,2026-06-06 16:54:25,node_modules,node_modules\zod,5
node_modules\zod\src\v3\tests\nullable.test.ts,C:\Users\Luis\Desktop\das4navy\node_modules\zod\src\v3\tests\nullable.test.ts,nullable.test.ts,.ts,1172,1.14 KB,2026-06-06 16:54:25,node_modules,node_modules\zod,5
node_modules\zod\src\v3\tests\number.test.ts,C:\Users\Luis\Desktop\das4navy\node_modules\zod\src\v3\tests\number.test.ts,number.test.ts,.ts,6373,6.22 KB,2026-06-06 16:54:25,node_modules,node_modules\zod,5
node_modules\zod\src\v3\tests\object-augmentation.test.ts,C:\Users\Luis\Desktop\das4navy\node_modules\zod\src\v3\tests\object-augmentation.test.ts,object-augmentation.test.ts,.ts,569,569.00 B,2026-06-06 16:54:25,node_modules,node_modules\zod,5
node_modules\zod\src\v3\tests\object-in-es5-env.test.ts,C:\Users\Luis\Desktop\das4navy\node_modules\zod\src\v3\tests\object-in-es5-env.test.ts,object-in-es5-env.test.ts,.ts,778,778.00 B,2026-06-06 16:54:25,node_modules,node_modules\zod,5
node_modules\zod\src\v3\tests\object.test.ts,C:\Users\Luis\Desktop\das4navy\node_modules\zod\src\v3\tests\object.test.ts,object.test.ts,.ts,11844,11.57 KB,2026-06-06 16:54:25,node_modules,node_modules\zod,5
node_modules\zod\src\v3\tests\optional.test.ts,C:\Users\Luis\Desktop\das4navy\node_modules\zod\src\v3\tests\optional.test.ts,optional.test.ts,.ts,1222,1.19 KB,2026-06-06 16:54:25,node_modules,node_modules\zod,5
node_modules\zod\src\v3\tests\parseUtil.test.ts,C:\Users\Luis\Desktop\das4navy\node_modules\zod\src\v3\tests\parseUtil.test.ts,parseUtil.test.ts,.ts,869,869.00 B,2026-06-06 16:54:25,node_modules,node_modules\zod,5
node_modules\zod\src\v3\tests\parser.test.ts,C:\Users\Luis\Desktop\das4navy\node_modules\zod\src\v3\tests\parser.test.ts,parser.test.ts,.ts,1125,1.10 KB,2026-06-06 16:54:25,node_modules,node_modules\zod,5
node_modules\zod\src\v3\tests\partials.test.ts,C:\Users\Luis\Desktop\das4navy\node_modules\zod\src\v3\tests\partials.test.ts,partials.test.ts,.ts,7044,6.88 KB,2026-06-06 16:54:25,node_modules,node_modules\zod,5
node_modules\zod\src\v3\tests\pickomit.test.ts,C:\Users\Luis\Desktop\das4navy\node_modules\zod\src\v3\tests\pickomit.test.ts,pickomit.test.ts,.ts,3622,3.54 KB,2026-06-06 16:54:25,node_modules,node_modules\zod,5
node_modules\zod\src\v3\tests\pipeline.test.ts,C:\Users\Luis\Desktop\das4navy\node_modules\zod\src\v3\tests\pipeline.test.ts,pipeline.test.ts,.ts,823,823.00 B,2026-06-06 16:54:25,node_modules,node_modules\zod,5
node_modules\zod\src\v3\tests\preprocess.test.ts,C:\Users\Luis\Desktop\das4navy\node_modules\zod\src\v3\tests\preprocess.test.ts,preprocess.test.ts,.ts,4530,4.42 KB,2026-06-06 16:54:25,node_modules,node_modules\zod,5
node_modules\zod\src\v3\tests\primitive.test.ts,C:\Users\Luis\Desktop\das4navy\node_modules\zod\src\v3\tests\primitive.test.ts,primitive.test.ts,.ts,12215,11.93 KB,2026-06-06 16:54:25,node_modules,node_modules\zod,5
node_modules\zod\src\v3\tests\promise.test.ts,C:\Users\Luis\Desktop\das4navy\node_modules\zod\src\v3\tests\promise.test.ts,promise.test.ts,.ts,2490,2.43 KB,2026-06-06 16:54:25,node_modules,node_modules\zod,5
node_modules\zod\src\v3\tests\readonly.test.ts,C:\Users\Luis\Desktop\das4navy\node_modules\zod\src\v3\tests\readonly.test.ts,readonly.test.ts,.ts,7339,7.17 KB,2026-06-06 16:54:25,node_modules,node_modules\zod,5
node_modules\zod\src\v3\tests\record.test.ts,C:\Users\Luis\Desktop\das4navy\node_modules\zod\src\v3\tests\record.test.ts,record.test.ts,.ts,3735,3.65 KB,2026-06-06 16:54:25,node_modules,node_modules\zod,5
node_modules\zod\src\v3\tests\recursive.test.ts,C:\Users\Luis\Desktop\das4navy\node_modules\zod\src\v3\tests\recursive.test.ts,recursive.test.ts,.ts,3946,3.85 KB,2026-06-06 16:54:25,node_modules,node_modules\zod,5
node_modules\zod\src\v3\tests\refine.test.ts,C:\Users\Luis\Desktop\das4navy\node_modules\zod\src\v3\tests\refine.test.ts,refine.test.ts,.ts,8172,7.98 KB,2026-06-06 16:54:25,node_modules,node_modules\zod,5
node_modules\zod\src\v3\tests\safeparse.test.ts,C:\Users\Luis\Desktop\das4navy\node_modules\zod\src\v3\tests\safeparse.test.ts,safeparse.test.ts,.ts,628,628.00 B,2026-06-06 16:54:25,node_modules,node_modules\zod,5
node_modules\zod\src\v3\tests\set.test.ts,C:\Users\Luis\Desktop\das4navy\node_modules\zod\src\v3\tests\set.test.ts,set.test.ts,.ts,4788,4.68 KB,2026-06-06 16:54:25,node_modules,node_modules\zod,5
node_modules\zod\src\v3\tests\standard-schema.test.ts,C:\Users\Luis\Desktop\das4navy\node_modules\zod\src\v3\tests\standard-schema.test.ts,standard-schema.test.ts,.ts,2587,2.53 KB,2026-06-06 16:54:25,node_modules,node_modules\zod,5
node_modules\zod\src\v3\tests\string.test.ts,C:\Users\Luis\Desktop\das4navy\node_modules\zod\src\v3\tests\string.test.ts,string.test.ts,.ts,65633,64.09 KB,2026-06-06 16:54:25,node_modules,node_modules\zod,5
node_modules\zod\src\v3\tests\transformer.test.ts,C:\Users\Luis\Desktop\das4navy\node_modules\zod\src\v3\tests\transformer.test.ts,transformer.test.ts,.ts,5687,5.55 KB,2026-06-06 16:54:25,node_modules,node_modules\zod,5
node_modules\zod\src\v3\tests\tuple.test.ts,C:\Users\Luis\Desktop\das4navy\node_modules\zod\src\v3\tests\tuple.test.ts,tuple.test.ts,.ts,2691,2.63 KB,2026-06-06 16:54:25,node_modules,node_modules\zod,5
node_modules\zod\src\v3\tests\unions.test.ts,C:\Users\Luis\Desktop\das4navy\node_modules\zod\src\v3\tests\unions.test.ts,unions.test.ts,.ts,1540,1.50 KB,2026-06-06 16:54:25,node_modules,node_modules\zod,5
node_modules\zod\src\v3\tests\validations.test.ts,C:\Users\Luis\Desktop\das4navy\node_modules\zod\src\v3\tests\validations.test.ts,validations.test.ts,.ts,3826,3.74 KB,2026-06-06 16:54:25,node_modules,node_modules\zod,5
node_modules\zod\src\v3\tests\void.test.ts,C:\Users\Luis\Desktop\das4navy\node_modules\zod\src\v3\tests\void.test.ts,void.test.ts,.ts,349,349.00 B,2026-06-06 16:54:25,node_modules,node_modules\zod,5
node_modules\zod\src\v3\types.ts,C:\Users\Luis\Desktop\das4navy\node_modules\zod\src\v3\types.ts,types.ts,.ts,160328,156.57 KB,2026-06-06 16:54:25,node_modules,node_modules\zod,4
node_modules\zod\src\v4-mini\index.ts,C:\Users\Luis\Desktop\das4navy\node_modules\zod\src\v4-mini\index.ts,index.ts,.ts,99,99.00 B,2026-06-06 16:54:24,node_modules,node_modules\zod,4
node_modules\zod\src\v4\classic\checks.ts,C:\Users\Luis\Desktop\das4navy\node_modules\zod\src\v4\classic\checks.ts,checks.ts,.ts,761,761.00 B,2026-06-06 16:54:23,node_modules,node_modules\zod,5
node_modules\zod\src\v4\classic\coerce.ts,C:\Users\Luis\Desktop\das4navy\node_modules\zod\src\v4\classic\coerce.ts,coerce.ts,.ts,1503,1.47 KB,2026-06-06 16:54:23,node_modules,node_modules\zod,5
node_modules\zod\src\v4\classic\compat.ts,C:\Users\Luis\Desktop\das4navy\node_modules\zod\src\v4\classic\compat.ts,compat.ts,.ts,2183,2.13 KB,2026-06-06 16:54:23,node_modules,node_modules\zod,5
node_modules\zod\src\v4\classic\errors.ts,C:\Users\Luis\Desktop\das4navy\node_modules\zod\src\v4\classic\errors.ts,errors.ts,.ts,2937,2.87 KB,2026-06-06 16:54:23,node_modules,node_modules\zod,5
node_modules\zod\src\v4\classic\external.ts,C:\Users\Luis\Desktop\das4navy\node_modules\zod\src\v4\classic\external.ts,external.ts,.ts,1217,1.19 KB,2026-06-06 16:54:24,node_modules,node_modules\zod,5
node_modules\zod\src\v4\classic\from-json-schema.ts,C:\Users\Luis\Desktop\das4navy\node_modules\zod\src\v4\classic\from-json-schema.ts,from-json-schema.ts,.ts,22623,22.09 KB,2026-06-06 16:54:24,node_modules,node_modules\zod,5
node_modules\zod\src\v4\classic\index.ts,C:\Users\Luis\Desktop\das4navy\node_modules\zod\src\v4\classic\index.ts,index.ts,.ts,100,100.00 B,2026-06-06 16:54:24,node_modules,node_modules\zod,5
node_modules\zod\src\v4\classic\iso.ts,C:\Users\Luis\Desktop\das4navy\node_modules\zod\src\v4\classic\iso.ts,iso.ts,.ts,3182,3.11 KB,2026-06-06 16:54:24,node_modules,node_modules\zod,5
node_modules\zod\src\v4\classic\parse.ts,C:\Users\Luis\Desktop\das4navy\node_modules\zod\src\v4\classic\parse.ts,parse.ts,.ts,3220,3.14 KB,2026-06-06 16:54:25,node_modules,node_modules\zod,5
node_modules\zod\src\v4\classic\schemas.ts,C:\Users\Luis\Desktop\das4navy\node_modules\zod\src\v4\classic\schemas.ts,schemas.ts,.ts,94706,92.49 KB,2026-06-06 16:54:25,node_modules,node_modules\zod,5
node_modules\zod\src\v4\classic\tests\anyunknown.test.ts,C:\Users\Luis\Desktop\das4navy\node_modules\zod\src\v4\classic\tests\anyunknown.test.ts,anyunknown.test.ts,.ts,639,639.00 B,2026-06-06 16:54:23,node_modules,node_modules\zod,6
node_modules\zod\src\v4\classic\tests\apply.test.ts,C:\Users\Luis\Desktop\das4navy\node_modules\zod\src\v4\classic\tests\apply.test.ts,apply.test.ts,.ts,1509,1.47 KB,2026-06-06 16:54:23,node_modules,node_modules\zod,6
node_modules\zod\src\v4\classic\tests\array.test.ts,C:\Users\Luis\Desktop\das4navy\node_modules\zod\src\v4\classic\tests\array.test.ts,array.test.ts,.ts,7248,7.08 KB,2026-06-06 16:54:23,node_modules,node_modules\zod,6
node_modules\zod\src\v4\classic\tests\assignability.test.ts,C:\Users\Luis\Desktop\das4navy\node_modules\zod\src\v4\classic\tests\assignability.test.ts,assignability.test.ts,.ts,7137,6.97 KB,2026-06-06 16:54:23,node_modules,node_modules\zod,6
node_modules\zod\src\v4\classic\tests\async-parsing.test.ts,C:\Users\Luis\Desktop\das4navy\node_modules\zod\src\v4\classic\tests\async-parsing.test.ts,async-parsing.test.ts,.ts,12311,12.02 KB,2026-06-06 16:54:23,node_modules,node_modules\zod,6
node_modules\zod\src\v4\classic\tests\async-refinements.test.ts,C:\Users\Luis\Desktop\das4navy\node_modules\zod\src\v4\classic\tests\async-refinements.test.ts,async-refinements.test.ts,.ts,1867,1.82 KB,2026-06-06 16:54:23,node_modules,node_modules\zod,6
node_modules\zod\src\v4\classic\tests\base.test.ts,C:\Users\Luis\Desktop\das4navy\node_modules\zod\src\v4\classic\tests\base.test.ts,base.test.ts,.ts,179,179.00 B,2026-06-06 16:54:23,node_modules,node_modules\zod,6
node_modules\zod\src\v4\classic\tests\bigint.test.ts,C:\Users\Luis\Desktop\das4navy\node_modules\zod\src\v4\classic\tests\bigint.test.ts,bigint.test.ts,.ts,1956,1.91 KB,2026-06-06 16:54:23,node_modules,node_modules\zod,6
node_modules\zod\src\v4\classic\tests\brand.test.ts,C:\Users\Luis\Desktop\das4navy\node_modules\zod\src\v4\classic\tests\brand.test.ts,brand.test.ts,.ts,3574,3.49 KB,2026-06-06 16:54:23,node_modules,node_modules\zod,6
node_modules\zod\src\v4\classic\tests\catch.test.ts,C:\Users\Luis\Desktop\das4navy\node_modules\zod\src\v4\classic\tests\catch.test.ts,catch.test.ts,.ts,8961,8.75 KB,2026-06-06 16:54:23,node_modules,node_modules\zod,6
node_modules\zod\src\v4\classic\tests\coalesce.test.ts,C:\Users\Luis\Desktop\das4navy\node_modules\zod\src\v4\classic\tests\coalesce.test.ts,coalesce.test.ts,.ts,743,743.00 B,2026-06-06 16:54:23,node_modules,node_modules\zod,6
node_modules\zod\src\v4\classic\tests\codec-examples.test.ts,C:\Users\Luis\Desktop\das4navy\node_modules\zod\src\v4\classic\tests\codec-examples.test.ts,codec-examples.test.ts,.ts,19030,18.58 KB,2026-06-06 16:54:23,node_modules,node_modules\zod,6
node_modules\zod\src\v4\classic\tests\codec.test.ts,C:\Users\Luis\Desktop\das4navy\node_modules\zod\src\v4\classic\tests\codec.test.ts,codec.test.ts,.ts,23697,23.14 KB,2026-06-06 16:54:23,node_modules,node_modules\zod,6
node_modules\zod\src\v4\classic\tests\coerce.test.ts,C:\Users\Luis\Desktop\das4navy\node_modules\zod\src\v4\classic\tests\coerce.test.ts,coerce.test.ts,.ts,7736,7.55 KB,2026-06-06 16:54:23,node_modules,node_modules\zod,6
node_modules\zod\src\v4\classic\tests\continuability.test.ts,C:\Users\Luis\Desktop\das4navy\node_modules\zod\src\v4\classic\tests\continuability.test.ts,continuability.test.ts,.ts,8021,7.83 KB,2026-06-06 16:54:23,node_modules,node_modules\zod,6
node_modules\zod\src\v4\classic\tests\custom.test.ts,C:\Users\Luis\Desktop\das4navy\node_modules\zod\src\v4\classic\tests\custom.test.ts,custom.test.ts,.ts,1215,1.19 KB,2026-06-06 16:54:23,node_modules,node_modules\zod,6
node_modules\zod\src\v4\classic\tests\date.test.ts,C:\Users\Luis\Desktop\das4navy\node_modules\zod\src\v4\classic\tests\date.test.ts,date.test.ts,.ts,1671,1.63 KB,2026-06-06 16:54:23,node_modules,node_modules\zod,6
node_modules\zod\src\v4\classic\tests\datetime.test.ts,C:\Users\Luis\Desktop\das4navy\node_modules\zod\src\v4\classic\tests\datetime.test.ts,datetime.test.ts,.ts,11939,11.66 KB,2026-06-06 16:54:23,node_modules,node_modules\zod,6
node_modules\zod\src\v4\classic\tests\default.test.ts,C:\Users\Luis\Desktop\das4navy\node_modules\zod\src\v4\classic\tests\default.test.ts,default.test.ts,.ts,10829,10.58 KB,2026-06-06 16:54:23,node_modules,node_modules\zod,6
node_modules\zod\src\v4\classic\tests\describe-meta-checks.test.ts,C:\Users\Luis\Desktop\das4navy\node_modules\zod\src\v4\classic\tests\describe-meta-checks.test.ts,describe-meta-checks.test.ts,.ts,965,965.00 B,2026-06-06 16:54:23,node_modules,node_modules\zod,6
node_modules\zod\src\v4\classic\tests\description.test.ts,C:\Users\Luis\Desktop\das4navy\node_modules\zod\src\v4\classic\tests\description.test.ts,description.test.ts,.ts,1294,1.26 KB,2026-06-06 16:54:23,node_modules,node_modules\zod,6
node_modules\zod\src\v4\classic\tests\detached-methods.test.ts,C:\Users\Luis\Desktop\das4navy\node_modules\zod\src\v4\classic\tests\detached-methods.test.ts,detached-methods.test.ts,.ts,6170,6.03 KB,2026-06-06 16:54:23,node_modules,node_modules\zod,6
node_modules\zod\src\v4\classic\tests\discriminated-unions.test.ts,C:\Users\Luis\Desktop\das4navy\node_modules\zod\src\v4\classic\tests\discriminated-unions.test.ts,discriminated-unions.test.ts,.ts,18776,18.34 KB,2026-06-06 16:54:23,node_modules,node_modules\zod,6
node_modules\zod\src\v4\classic\tests\enum.test.ts,C:\Users\Luis\Desktop\das4navy\node_modules\zod\src\v4\classic\tests\enum.test.ts,enum.test.ts,.ts,8488,8.29 KB,2026-06-06 16:54:23,node_modules,node_modules\zod,6
node_modules\zod\src\v4\classic\tests\error-utils.test.ts,C:\Users\Luis\Desktop\das4navy\node_modules\zod\src\v4\classic\tests\error-utils.test.ts,error-utils.test.ts,.ts,19800,19.34 KB,2026-06-06 16:54:23,node_modules,node_modules\zod,6
node_modules\zod\src\v4\classic\tests\error.test.ts,C:\Users\Luis\Desktop\das4navy\node_modules\zod\src\v4\classic\tests\error.test.ts,error.test.ts,.ts,19502,19.04 KB,2026-06-06 16:54:23,node_modules,node_modules\zod,6
node_modules\zod\src\v4\classic\tests\file.test.ts,C:\Users\Luis\Desktop\das4navy\node_modules\zod\src\v4\classic\tests\file.test.ts,file.test.ts,.ts,2641,2.58 KB,2026-06-06 16:54:24,node_modules,node_modules\zod,6
node_modules\zod\src\v4\classic\tests\firstparty.test.ts,C:\Users\Luis\Desktop\das4navy\node_modules\zod\src\v4\classic\tests\firstparty.test.ts,firstparty.test.ts,.ts,3045,2.97 KB,2026-06-06 16:54:24,node_modules,node_modules\zod,6
node_modules\zod\src\v4\classic\tests\fix-json-issue.test.ts,C:\Users\Luis\Desktop\das4navy\node_modules\zod\src\v4\classic\tests\fix-json-issue.test.ts,fix-json-issue.test.ts,.ts,771,771.00 B,2026-06-06 16:54:24,node_modules,node_modules\zod,6
node_modules\zod\src\v4\classic\tests\from-json-schema.test.ts,C:\Users\Luis\Desktop\das4navy\node_modules\zod\src\v4\classic\tests\from-json-schema.test.ts,from-json-schema.test.ts,.ts,26472,25.85 KB,2026-06-06 16:54:24,node_modules,node_modules\zod,6
node_modules\zod\src\v4\classic\tests\function.test.ts,C:\Users\Luis\Desktop\das4navy\node_modules\zod\src\v4\classic\tests\function.test.ts,function.test.ts,.ts,8358,8.16 KB,2026-06-06 16:54:24,node_modules,node_modules\zod,6
node_modules\zod\src\v4\classic\tests\generics.test.ts,C:\Users\Luis\Desktop\das4navy\node_modules\zod\src\v4\classic\tests\generics.test.ts,generics.test.ts,.ts,2162,2.11 KB,2026-06-06 16:54:24,node_modules,node_modules\zod,6
node_modules\zod\src\v4\classic\tests\global-config.test.ts,C:\Users\Luis\Desktop\das4navy\node_modules\zod\src\v4\classic\tests\global-config.test.ts,global-config.test.ts,.ts,1715,1.67 KB,2026-06-06 16:54:24,node_modules,node_modules\zod,6
node_modules\zod\src\v4\classic\tests\hash.test.ts,C:\Users\Luis\Desktop\das4navy\node_modules\zod\src\v4\classic\tests\hash.test.ts,hash.test.ts,.ts,3204,3.13 KB,2026-06-06 16:54:24,node_modules,node_modules\zod,6
node_modules\zod\src\v4\classic\tests\index.test.ts,C:\Users\Luis\Desktop\das4navy\node_modules\zod\src\v4\classic\tests\index.test.ts,index.test.ts,.ts,31219,30.49 KB,2026-06-06 16:54:24,node_modules,node_modules\zod,6
node_modules\zod\src\v4\classic\tests\instanceof.test.ts,C:\Users\Luis\Desktop\das4navy\node_modules\zod\src\v4\classic\tests\instanceof.test.ts,instanceof.test.ts,.ts,1658,1.62 KB,2026-06-06 16:54:24,node_modules,node_modules\zod,6
node_modules\zod\src\v4\classic\tests\intersection.test.ts,C:\Users\Luis\Desktop\das4navy\node_modules\zod\src\v4\classic\tests\intersection.test.ts,intersection.test.ts,.ts,5555,5.42 KB,2026-06-06 16:54:24,node_modules,node_modules\zod,6
node_modules\zod\src\v4\classic\tests\jitless-allows-eval.test.ts,C:\Users\Luis\Desktop\das4navy\node_modules\zod\src\v4\classic\tests\jitless-allows-eval.test.ts,jitless-allows-eval.test.ts,.ts,1896,1.85 KB,2026-06-06 16:54:24,node_modules,node_modules\zod,6
node_modules\zod\src\v4\classic\tests\json.test.ts,C:\Users\Luis\Desktop\das4navy\node_modules\zod\src\v4\classic\tests\json.test.ts,json.test.ts,.ts,3327,3.25 KB,2026-06-06 16:54:24,node_modules,node_modules\zod,6
node_modules\zod\src\v4\classic\tests\lazy.test.ts,C:\Users\Luis\Desktop\das4navy\node_modules\zod\src\v4\classic\tests\lazy.test.ts,lazy.test.ts,.ts,4756,4.64 KB,2026-06-06 16:54:24,node_modules,node_modules\zod,6
node_modules\zod\src\v4\classic\tests\literal.test.ts,C:\Users\Luis\Desktop\das4navy\node_modules\zod\src\v4\classic\tests\literal.test.ts,literal.test.ts,.ts,3095,3.02 KB,2026-06-06 16:54:24,node_modules,node_modules\zod,6
node_modules\zod\src\v4\classic\tests\locales_ka.test.ts,C:\Users\Luis\Desktop\das4navy\node_modules\zod\src\v4\classic\tests\locales_ka.test.ts,locales_ka.test.ts,.ts,1639,1.60 KB,2026-06-06 16:54:24,node_modules,node_modules\zod,6
node_modules\zod\src\v4\classic\tests\locales_ro.test.ts,C:\Users\Luis\Desktop\das4navy\node_modules\zod\src\v4\classic\tests\locales_ro.test.ts,locales_ro.test.ts,.ts,944,944.00 B,2026-06-06 16:54:24,node_modules,node_modules\zod,6
node_modules\zod\src\v4\classic\tests\map.test.ts,C:\Users\Luis\Desktop\das4navy\node_modules\zod\src\v4\classic\tests\map.test.ts,map.test.ts,.ts,7622,7.44 KB,2026-06-06 16:54:24,node_modules,node_modules\zod,6
node_modules\zod\src\v4\classic\tests\nan.test.ts,C:\Users\Luis\Desktop\das4navy\node_modules\zod\src\v4\classic\tests\nan.test.ts,nan.test.ts,.ts,645,645.00 B,2026-06-06 16:54:24,node_modules,node_modules\zod,6
node_modules\zod\src\v4\classic\tests\nested-refine.test.ts,C:\Users\Luis\Desktop\das4navy\node_modules\zod\src\v4\classic\tests\nested-refine.test.ts,nested-refine.test.ts,.ts,3623,3.54 KB,2026-06-06 16:54:25,node_modules,node_modules\zod,6
node_modules\zod\src\v4\classic\tests\nonoptional.test.ts,C:\Users\Luis\Desktop\das4navy\node_modules\zod\src\v4\classic\tests\nonoptional.test.ts,nonoptional.test.ts,.ts,2841,2.77 KB,2026-06-06 16:54:25,node_modules,node_modules\zod,6
node_modules\zod\src\v4\classic\tests\nullable.test.ts,C:\Users\Luis\Desktop\das4navy\node_modules\zod\src\v4\classic\tests\nullable.test.ts,nullable.test.ts,.ts,591,591.00 B,2026-06-06 16:54:25,node_modules,node_modules\zod,6
node_modules\zod\src\v4\classic\tests\number.test.ts,C:\Users\Luis\Desktop\das4navy\node_modules\zod\src\v4\classic\tests\number.test.ts,number.test.ts,.ts,10953,10.70 KB,2026-06-06 16:54:25,node_modules,node_modules\zod,6
node_modules\zod\src\v4\classic\tests\object.test.ts,C:\Users\Luis\Desktop\das4navy\node_modules\zod\src\v4\classic\tests\object.test.ts,object.test.ts,.ts,21570,21.06 KB,2026-06-06 16:54:25,node_modules,node_modules\zod,6
node_modules\zod\src\v4\classic\tests\optional.test.ts,C:\Users\Luis\Desktop\das4navy\node_modules\zod\src\v4\classic\tests\optional.test.ts,optional.test.ts,.ts,11794,11.52 KB,2026-06-06 16:54:25,node_modules,node_modules\zod,6
node_modules\zod\src\v4\classic\tests\partial.test.ts,C:\Users\Luis\Desktop\das4navy\node_modules\zod\src\v4\classic\tests\partial.test.ts,partial.test.ts,.ts,13742,13.42 KB,2026-06-06 16:54:25,node_modules,node_modules\zod,6
node_modules\zod\src\v4\classic\tests\pickomit.test.ts,C:\Users\Luis\Desktop\das4navy\node_modules\zod\src\v4\classic\tests\pickomit.test.ts,pickomit.test.ts,.ts,6885,6.72 KB,2026-06-06 16:54:25,node_modules,node_modules\zod,6
node_modules\zod\src\v4\classic\tests\pipe.test.ts,C:\Users\Luis\Desktop\das4navy\node_modules\zod\src\v4\classic\tests\pipe.test.ts,pipe.test.ts,.ts,2338,2.28 KB,2026-06-06 16:54:25,node_modules,node_modules\zod,6
node_modules\zod\src\v4\classic\tests\prefault.test.ts,C:\Users\Luis\Desktop\das4navy\node_modules\zod\src\v4\classic\tests\prefault.test.ts,prefault.test.ts,.ts,2064,2.02 KB,2026-06-06 16:54:25,node_modules,node_modules\zod,6
node_modules\zod\src\v4\classic\tests\preprocess-types.test.ts,C:\Users\Luis\Desktop\das4navy\node_modules\zod\src\v4\classic\tests\preprocess-types.test.ts,preprocess-types.test.ts,.ts,1317,1.29 KB,2026-06-06 16:54:25,node_modules,node_modules\zod,6
node_modules\zod\src\v4\classic\tests\preprocess.test.ts,C:\Users\Luis\Desktop\das4navy\node_modules\zod\src\v4\classic\tests\preprocess.test.ts,preprocess.test.ts,.ts,9304,9.09 KB,2026-06-06 16:54:25,node_modules,node_modules\zod,6
node_modules\zod\src\v4\classic\tests\primitive.test.ts,C:\Users\Luis\Desktop\das4navy\node_modules\zod\src\v4\classic\tests\primitive.test.ts,primitive.test.ts,.ts,7649,7.47 KB,2026-06-06 16:54:25,node_modules,node_modules\zod,6
node_modules\zod\src\v4\classic\tests\promise.test.ts,C:\Users\Luis\Desktop\das4navy\node_modules\zod\src\v4\classic\tests\promise.test.ts,promise.test.ts,.ts,2324,2.27 KB,2026-06-06 16:54:25,node_modules,node_modules\zod,6
node_modules\zod\src\v4\classic\tests\prototypes.test.ts,C:\Users\Luis\Desktop\das4navy\node_modules\zod\src\v4\classic\tests\prototypes.test.ts,prototypes.test.ts,.ts,498,498.00 B,2026-06-06 16:54:25,node_modules,node_modules\zod,6
node_modules\zod\src\v4\classic\tests\readonly.test.ts,C:\Users\Luis\Desktop\das4navy\node_modules\zod\src\v4\classic\tests\readonly.test.ts,readonly.test.ts,.ts,11786,11.51 KB,2026-06-06 16:54:25,node_modules,node_modules\zod,6
node_modules\zod\src\v4\classic\tests\record.test.ts,C:\Users\Luis\Desktop\das4navy\node_modules\zod\src\v4\classic\tests\record.test.ts,record.test.ts,.ts,19935,19.47 KB,2026-06-06 16:54:25,node_modules,node_modules\zod,6
node_modules\zod\src\v4\classic\tests\recursive-types.test.ts,C:\Users\Luis\Desktop\das4navy\node_modules\zod\src\v4\classic\tests\recursive-types.test.ts,recursive-types.test.ts,.ts,14377,14.04 KB,2026-06-06 16:54:25,node_modules,node_modules\zod,6
node_modules\zod\src\v4\classic\tests\refine.test.ts,C:\Users\Luis\Desktop\das4navy\node_modules\zod\src\v4\classic\tests\refine.test.ts,refine.test.ts,.ts,17409,17.00 KB,2026-06-06 16:54:25,node_modules,node_modules\zod,6
node_modules\zod\src\v4\classic\tests\registries.test.ts,C:\Users\Luis\Desktop\das4navy\node_modules\zod\src\v4\classic\tests\registries.test.ts,registries.test.ts,.ts,7391,7.22 KB,2026-06-06 16:54:25,node_modules,node_modules\zod,6
node_modules\zod\src\v4\classic\tests\set.test.ts,C:\Users\Luis\Desktop\das4navy\node_modules\zod\src\v4\classic\tests\set.test.ts,set.test.ts,.ts,5622,5.49 KB,2026-06-06 16:54:25,node_modules,node_modules\zod,6
node_modules\zod\src\v4\classic\tests\standard-schema.test.ts,C:\Users\Luis\Desktop\das4navy\node_modules\zod\src\v4\classic\tests\standard-schema.test.ts,standard-schema.test.ts,.ts,3770,3.68 KB,2026-06-06 16:54:25,node_modules,node_modules\zod,6
node_modules\zod\src\v4\classic\tests\string-formats.test.ts,C:\Users\Luis\Desktop\das4navy\node_modules\zod\src\v4\classic\tests\string-formats.test.ts,string-formats.test.ts,.ts,3700,3.61 KB,2026-06-06 16:54:25,node_modules,node_modules\zod,6
node_modules\zod\src\v4\classic\tests\string.test.ts,C:\Users\Luis\Desktop\das4navy\node_modules\zod\src\v4\classic\tests\string.test.ts,string.test.ts,.ts,80260,78.38 KB,2026-06-06 16:54:25,node_modules,node_modules\zod,6
node_modules\zod\src\v4\classic\tests\stringbool.test.ts,C:\Users\Luis\Desktop\das4navy\node_modules\zod\src\v4\classic\tests\stringbool.test.ts,stringbool.test.ts,.ts,3536,3.45 KB,2026-06-06 16:54:25,node_modules,node_modules\zod,6
node_modules\zod\src\v4\classic\tests\template-literal.test.ts,C:\Users\Luis\Desktop\das4navy\node_modules\zod\src\v4\classic\tests\template-literal.test.ts,template-literal.test.ts,.ts,35892,35.05 KB,2026-06-06 16:54:25,node_modules,node_modules\zod,6
node_modules\zod\src\v4\classic\tests\to-json-schema-methods.test.ts,C:\Users\Luis\Desktop\das4navy\node_modules\zod\src\v4\classic\tests\to-json-schema-methods.test.ts,to-json-schema-methods.test.ts,.ts,10100,9.86 KB,2026-06-06 16:54:25,node_modules,node_modules\zod,6
node_modules\zod\src\v4\classic\tests\to-json-schema.test.ts,C:\Users\Luis\Desktop\das4navy\node_modules\zod\src\v4\classic\tests\to-json-schema.test.ts,to-json-schema.test.ts,.ts,83479,81.52 KB,2026-06-06 16:54:25,node_modules,node_modules\zod,6
node_modules\zod\src\v4\classic\tests\transform.test.ts,C:\Users\Luis\Desktop\das4navy\node_modules\zod\src\v4\classic\tests\transform.test.ts,transform.test.ts,.ts,8676,8.47 KB,2026-06-06 16:54:25,node_modules,node_modules\zod,6
node_modules\zod\src\v4\classic\tests\tuple.test.ts,C:\Users\Luis\Desktop\das4navy\node_modules\zod\src\v4\classic\tests\tuple.test.ts,tuple.test.ts,.ts,17898,17.48 KB,2026-06-06 16:54:25,node_modules,node_modules\zod,6
node_modules\zod\src\v4\classic\tests\union.test.ts,C:\Users\Luis\Desktop\das4navy\node_modules\zod\src\v4\classic\tests\union.test.ts,union.test.ts,.ts,7551,7.37 KB,2026-06-06 16:54:25,node_modules,node_modules\zod,6
node_modules\zod\src\v4\classic\tests\url.test.ts,C:\Users\Luis\Desktop\das4navy\node_modules\zod\src\v4\classic\tests\url.test.ts,url.test.ts,.ts,402,402.00 B,2026-06-06 16:54:25,node_modules,node_modules\zod,6
node_modules\zod\src\v4\classic\tests\validations.test.ts,C:\Users\Luis\Desktop\das4navy\node_modules\zod\src\v4\classic\tests\validations.test.ts,validations.test.ts,.ts,6736,6.58 KB,2026-06-06 16:54:25,node_modules,node_modules\zod,6
node_modules\zod\src\v4\classic\tests\void.test.ts,C:\Users\Luis\Desktop\das4navy\node_modules\zod\src\v4\classic\tests\void.test.ts,void.test.ts,.ts,306,306.00 B,2026-06-06 16:54:25,node_modules,node_modules\zod,6
node_modules\zod\src\v4\core\api.ts,C:\Users\Luis\Desktop\das4navy\node_modules\zod\src\v4\core\api.ts,api.ts,.ts,54893,53.61 KB,2026-06-06 16:54:23,node_modules,node_modules\zod,5
node_modules\zod\src\v4\core\checks.ts,C:\Users\Luis\Desktop\das4navy\node_modules\zod\src\v4\core\checks.ts,checks.ts,.ts,37708,36.82 KB,2026-06-06 16:54:23,node_modules,node_modules\zod,5
node_modules\zod\src\v4\core\config.ts,C:\Users\Luis\Desktop\das4navy\node_modules\zod\src\v4\core\config.ts,config.ts,.ts,472,472.00 B,2026-06-06 16:54:23,node_modules,node_modules\zod,5
node_modules\zod\src\v4\core\core.ts,C:\Users\Luis\Desktop\das4navy\node_modules\zod\src\v4\core\core.ts,core.ts,.ts,5223,5.10 KB,2026-06-06 16:54:23,node_modules,node_modules\zod,5
node_modules\zod\src\v4\core\doc.ts,C:\Users\Luis\Desktop\das4navy\node_modules\zod\src\v4\core\doc.ts,doc.ts,.ts,1204,1.18 KB,2026-06-06 16:54:23,node_modules,node_modules\zod,5
node_modules\zod\src\v4\core\errors.ts,C:\Users\Luis\Desktop\das4navy\node_modules\zod\src\v4\core\errors.ts,errors.ts,.ts,14334,14.00 KB,2026-06-06 16:54:23,node_modules,node_modules\zod,5
node_modules\zod\src\v4\core\index.ts,C:\Users\Luis\Desktop\das4navy\node_modules\zod\src\v4\core\index.ts,index.ts,.ts,594,594.00 B,2026-06-06 16:54:24,node_modules,node_modules\zod,5
node_modules\zod\src\v4\core\json-schema-generator.ts,C:\Users\Luis\Desktop\das4navy\node_modules\zod\src\v4\core\json-schema-generator.ts,json-schema-generator.ts,.ts,3981,3.89 KB,2026-06-06 16:54:24,node_modules,node_modules\zod,5
node_modules\zod\src\v4\core\json-schema-processors.ts,C:\Users\Luis\Desktop\das4navy\node_modules\zod\src\v4\core\json-schema-processors.ts,json-schema-processors.ts,.ts,22673,22.14 KB,2026-06-06 16:54:24,node_modules,node_modules\zod,5
node_modules\zod\src\v4\core\json-schema.ts,C:\Users\Luis\Desktop\das4navy\node_modules\zod\src\v4\core\json-schema.ts,json-schema.ts,.ts,3809,3.72 KB,2026-06-06 16:54:24,node_modules,node_modules\zod,5
node_modules\zod\src\v4\core\parse.ts,C:\Users\Luis\Desktop\das4navy\node_modules\zod\src\v4\core\parse.ts,parse.ts,.ts,7709,7.53 KB,2026-06-06 16:54:25,node_modules,node_modules\zod,5
node_modules\zod\src\v4\core\regexes.ts,C:\Users\Luis\Desktop\das4navy\node_modules\zod\src\v4\core\regexes.ts,regexes.ts,.ts,9832,9.60 KB,2026-06-06 16:54:25,node_modules,node_modules\zod,5
node_modules\zod\src\v4\core\registries.ts,C:\Users\Luis\Desktop\das4navy\node_modules\zod\src\v4\core\registries.ts,registries.ts,.ts,3345,3.27 KB,2026-06-06 16:54:25,node_modules,node_modules\zod,5
node_modules\zod\src\v4\core\schemas.ts,C:\Users\Luis\Desktop\das4navy\node_modules\zod\src\v4\core\schemas.ts,schemas.ts,.ts,148594,145.11 KB,2026-06-06 16:54:25,node_modules,node_modules\zod,5
node_modules\zod\src\v4\core\standard-schema.ts,C:\Users\Luis\Desktop\das4navy\node_modules\zod\src\v4\core\standard-schema.ts,standard-schema.ts,.ts,6324,6.18 KB,2026-06-06 16:54:25,node_modules,node_modules\zod,5
node_modules\zod\src\v4\core\tests\extend.test.ts,C:\Users\Luis\Desktop\das4navy\node_modules\zod\src\v4\core\tests\extend.test.ts,extend.test.ts,.ts,1407,1.37 KB,2026-06-06 16:54:23,node_modules,node_modules\zod,6
node_modules\zod\src\v4\core\tests\index.test.ts,C:\Users\Luis\Desktop\das4navy\node_modules\zod\src\v4\core\tests\index.test.ts,index.test.ts,.ts,1176,1.15 KB,2026-06-06 16:54:24,node_modules,node_modules\zod,6
node_modules\zod\src\v4\core\tests\locales\be.test.ts,C:\Users\Luis\Desktop\das4navy\node_modules\zod\src\v4\core\tests\locales\be.test.ts,be.test.ts,.ts,3778,3.69 KB,2026-06-06 16:54:23,node_modules,node_modules\zod,7
node_modules\zod\src\v4\core\tests\locales\el.test.ts,C:\Users\Luis\Desktop\das4navy\node_modules\zod\src\v4\core\tests\locales\el.test.ts,el.test.ts,.ts,9070,8.86 KB,2026-06-06 16:54:23,node_modules,node_modules\zod,7
node_modules\zod\src\v4\core\tests\locales\en.test.ts,C:\Users\Luis\Desktop\das4navy\node_modules\zod\src\v4\core\tests\locales\en.test.ts,en.test.ts,.ts,828,828.00 B,2026-06-06 16:54:23,node_modules,node_modules\zod,7
node_modules\zod\src\v4\core\tests\locales\es.test.ts,C:\Users\Luis\Desktop\das4navy\node_modules\zod\src\v4\core\tests\locales\es.test.ts,es.test.ts,.ts,6907,6.75 KB,2026-06-06 16:54:23,node_modules,node_modules\zod,7
node_modules\zod\src\v4\core\tests\locales\fr.test.ts,C:\Users\Luis\Desktop\das4navy\node_modules\zod\src\v4\core\tests\locales\fr.test.ts,fr.test.ts,.ts,2624,2.56 KB,2026-06-06 16:54:24,node_modules,node_modules\zod,7
node_modules\zod\src\v4\core\tests\locales\he.test.ts,C:\Users\Luis\Desktop\das4navy\node_modules\zod\src\v4\core\tests\locales\he.test.ts,he.test.ts,.ts,14310,13.97 KB,2026-06-06 16:54:24,node_modules,node_modules\zod,7
node_modules\zod\src\v4\core\tests\locales\hr.test.ts,C:\Users\Luis\Desktop\das4navy\node_modules\zod\src\v4\core\tests\locales\hr.test.ts,hr.test.ts,.ts,6233,6.09 KB,2026-06-06 16:54:24,node_modules,node_modules\zod,7
node_modules\zod\src\v4\core\tests\locales\nl.test.ts,C:\Users\Luis\Desktop\das4navy\node_modules\zod\src\v4\core\tests\locales\nl.test.ts,nl.test.ts,.ts,1032,1.01 KB,2026-06-06 16:54:25,node_modules,node_modules\zod,7
node_modules\zod\src\v4\core\tests\locales\ru.test.ts,C:\Users\Luis\Desktop\das4navy\node_modules\zod\src\v4\core\tests\locales\ru.test.ts,ru.test.ts,.ts,3759,3.67 KB,2026-06-06 16:54:25,node_modules,node_modules\zod,7
node_modules\zod\src\v4\core\tests\locales\tr.test.ts,C:\Users\Luis\Desktop\das4navy\node_modules\zod\src\v4\core\tests\locales\tr.test.ts,tr.test.ts,.ts,3326,3.25 KB,2026-06-06 16:54:25,node_modules,node_modules\zod,7
node_modules\zod\src\v4\core\tests\locales\uz.test.ts,C:\Users\Luis\Desktop\das4navy\node_modules\zod\src\v4\core\tests\locales\uz.test.ts,uz.test.ts,.ts,5287,5.16 KB,2026-06-06 16:54:25,node_modules,node_modules\zod,7
node_modules\zod\src\v4\core\tests\record-constructor.test.ts,C:\Users\Luis\Desktop\das4navy\node_modules\zod\src\v4\core\tests\record-constructor.test.ts,record-constructor.test.ts,.ts,4574,4.47 KB,2026-06-06 16:54:25,node_modules,node_modules\zod,6
node_modules\zod\src\v4\core\tests\recursive-tuples.test.ts,C:\Users\Luis\Desktop\das4navy\node_modules\zod\src\v4\core\tests\recursive-tuples.test.ts,recursive-tuples.test.ts,.ts,1418,1.38 KB,2026-06-06 16:54:25,node_modules,node_modules\zod,6
node_modules\zod\src\v4\core\to-json-schema.ts,C:\Users\Luis\Desktop\das4navy\node_modules\zod\src\v4\core\to-json-schema.ts,to-json-schema.ts,.ts,20532,20.05 KB,2026-06-06 16:54:25,node_modules,node_modules\zod,5
node_modules\zod\src\v4\core\util.ts,C:\Users\Luis\Desktop\das4navy\node_modules\zod\src\v4\core\util.ts,util.ts,.ts,29681,28.99 KB,2026-06-06 16:54:25,node_modules,node_modules\zod,5
node_modules\zod\src\v4\core\versions.ts,C:\Users\Luis\Desktop\das4navy\node_modules\zod\src\v4\core\versions.ts,versions.ts,.ts,83,83.00 B,2026-06-06 16:54:25,node_modules,node_modules\zod,5
node_modules\zod\src\v4\core\zsf.ts,C:\Users\Luis\Desktop\das4navy\node_modules\zod\src\v4\core\zsf.ts,zsf.ts,.ts,6677,6.52 KB,2026-06-06 16:54:26,node_modules,node_modules\zod,5
node_modules\zod\src\v4\index.ts,C:\Users\Luis\Desktop\das4navy\node_modules\zod\src\v4\index.ts,index.ts,.ts,93,93.00 B,2026-06-06 16:54:24,node_modules,node_modules\zod,4
node_modules\zod\src\v4\locales\ar.ts,C:\Users\Luis\Desktop\das4navy\node_modules\zod\src\v4\locales\ar.ts,ar.ts,.ts,5021,4.90 KB,2026-06-06 16:54:23,node_modules,node_modules\zod,5
node_modules\zod\src\v4\locales\az.ts,C:\Users\Luis\Desktop\das4navy\node_modules\zod\src\v4\locales\az.ts,az.ts,.ts,4331,4.23 KB,2026-06-06 16:54:23,node_modules,node_modules\zod,5
node_modules\zod\src\v4\locales\be.ts,C:\Users\Luis\Desktop\das4navy\node_modules\zod\src\v4\locales\be.ts,be.ts,.ts,6303,6.16 KB,2026-06-06 16:54:23,node_modules,node_modules\zod,5
node_modules\zod\src\v4\locales\bg.ts,C:\Users\Luis\Desktop\das4navy\node_modules\zod\src\v4\locales\bg.ts,bg.ts,.ts,5458,5.33 KB,2026-06-06 16:54:23,node_modules,node_modules\zod,5
node_modules\zod\src\v4\locales\ca.ts,C:\Users\Luis\Desktop\das4navy\node_modules\zod\src\v4\locales\ca.ts,ca.ts,.ts,4535,4.43 KB,2026-06-06 16:54:23,node_modules,node_modules\zod,5
node_modules\zod\src\v4\locales\cs.ts,C:\Users\Luis\Desktop\das4navy\node_modules\zod\src\v4\locales\cs.ts,cs.ts,.ts,4570,4.46 KB,2026-06-06 16:54:23,node_modules,node_modules\zod,5
node_modules\zod\src\v4\locales\da.ts,C:\Users\Luis\Desktop\das4navy\node_modules\zod\src\v4\locales\da.ts,da.ts,.ts,4583,4.48 KB,2026-06-06 16:54:23,node_modules,node_modules\zod,5
node_modules\zod\src\v4\locales\de.ts,C:\Users\Luis\Desktop\das4navy\node_modules\zod\src\v4\locales\de.ts,de.ts,.ts,4403,4.30 KB,2026-06-06 16:54:23,node_modules,node_modules\zod,5
node_modules\zod\src\v4\locales\el.ts,C:\Users\Luis\Desktop\das4navy\node_modules\zod\src\v4\locales\el.ts,el.ts,.ts,5382,5.26 KB,2026-06-06 16:54:23,node_modules,node_modules\zod,5
node_modules\zod\src\v4\locales\en.ts,C:\Users\Luis\Desktop\das4navy\node_modules\zod\src\v4\locales\en.ts,en.ts,.ts,4603,4.50 KB,2026-06-06 16:54:23,node_modules,node_modules\zod,5
node_modules\zod\src\v4\locales\eo.ts,C:\Users\Luis\Desktop\das4navy\node_modules\zod\src\v4\locales\eo.ts,eo.ts,.ts,4415,4.31 KB,2026-06-06 16:54:23,node_modules,node_modules\zod,5
node_modules\zod\src\v4\locales\es.ts,C:\Users\Luis\Desktop\das4navy\node_modules\zod\src\v4\locales\es.ts,es.ts,.ts,5160,5.04 KB,2026-06-06 16:54:23,node_modules,node_modules\zod,5
node_modules\zod\src\v4\locales\fa.ts,C:\Users\Luis\Desktop\das4navy\node_modules\zod\src\v4\locales\fa.ts,fa.ts,.ts,4947,4.83 KB,2026-06-06 16:54:24,node_modules,node_modules\zod,5
node_modules\zod\src\v4\locales\fi.ts,C:\Users\Luis\Desktop\das4navy\node_modules\zod\src\v4\locales\fi.ts,fi.ts,.ts,4634,4.53 KB,2026-06-06 16:54:24,node_modules,node_modules\zod,5
node_modules\zod\src\v4\locales\fr-CA.ts,C:\Users\Luis\Desktop\das4navy\node_modules\zod\src\v4\locales\fr-CA.ts,fr-CA.ts,.ts,4379,4.28 KB,2026-06-06 16:54:24,node_modules,node_modules\zod,5
node_modules\zod\src\v4\locales\fr.ts,C:\Users\Luis\Desktop\das4navy\node_modules\zod\src\v4\locales\fr.ts,fr.ts,.ts,4887,4.77 KB,2026-06-06 16:54:24,node_modules,node_modules\zod,5
node_modules\zod\src\v4\locales\he.ts,C:\Users\Luis\Desktop\das4navy\node_modules\zod\src\v4\locales\he.ts,he.ts,.ts,11284,11.02 KB,2026-06-06 16:54:24,node_modules,node_modules\zod,5
node_modules\zod\src\v4\locales\hr.ts,C:\Users\Luis\Desktop\das4navy\node_modules\zod\src\v4\locales\hr.ts,hr.ts,.ts,4813,4.70 KB,2026-06-06 16:54:24,node_modules,node_modules\zod,5
node_modules\zod\src\v4\locales\hu.ts,C:\Users\Luis\Desktop\das4navy\node_modules\zod\src\v4\locales\hu.ts,hu.ts,.ts,4521,4.42 KB,2026-06-06 16:54:24,node_modules,node_modules\zod,5
node_modules\zod\src\v4\locales\hy.ts,C:\Users\Luis\Desktop\das4navy\node_modules\zod\src\v4\locales\hy.ts,hy.ts,.ts,6125,5.98 KB,2026-06-06 16:54:24,node_modules,node_modules\zod,5
node_modules\zod\src\v4\locales\id.ts,C:\Users\Luis\Desktop\das4navy\node_modules\zod\src\v4\locales\id.ts,id.ts,.ts,4410,4.31 KB,2026-06-06 16:54:24,node_modules,node_modules\zod,5
node_modules\zod\src\v4\locales\index.ts,C:\Users\Luis\Desktop\das4navy\node_modules\zod\src\v4\locales\index.ts,index.ts,.ts,2149,2.10 KB,2026-06-06 16:54:24,node_modules,node_modules\zod,5
node_modules\zod\src\v4\locales\is.ts,C:\Users\Luis\Desktop\das4navy\node_modules\zod\src\v4\locales\is.ts,is.ts,.ts,4453,4.35 KB,2026-06-06 16:54:24,node_modules,node_modules\zod,5
node_modules\zod\src\v4\locales\it.ts,C:\Users\Luis\Desktop\das4navy\node_modules\zod\src\v4\locales\it.ts,it.ts,.ts,4397,4.29 KB,2026-06-06 16:54:24,node_modules,node_modules\zod,5
node_modules\zod\src\v4\locales\ja.ts,C:\Users\Luis\Desktop\das4navy\node_modules\zod\src\v4\locales\ja.ts,ja.ts,.ts,4673,4.56 KB,2026-06-06 16:54:24,node_modules,node_modules\zod,5
node_modules\zod\src\v4\locales\ka.ts,C:\Users\Luis\Desktop\das4navy\node_modules\zod\src\v4\locales\ka.ts,ka.ts,.ts,6018,5.88 KB,2026-06-06 16:54:24,node_modules,node_modules\zod,5
node_modules\zod\src\v4\locales\kh.ts,C:\Users\Luis\Desktop\das4navy\node_modules\zod\src\v4\locales\kh.ts,kh.ts,.ts,198,198.00 B,2026-06-06 16:54:24,node_modules,node_modules\zod,5
node_modules\zod\src\v4\locales\km.ts,C:\Users\Luis\Desktop\das4navy\node_modules\zod\src\v4\locales\km.ts,km.ts,.ts,6055,5.91 KB,2026-06-06 16:54:24,node_modules,node_modules\zod,5
node_modules\zod\src\v4\locales\ko.ts,C:\Users\Luis\Desktop\das4navy\node_modules\zod\src\v4\locales\ko.ts,ko.ts,.ts,4723,4.61 KB,2026-06-06 16:54:24,node_modules,node_modules\zod,5
node_modules\zod\src\v4\locales\lt.ts,C:\Users\Luis\Desktop\das4navy\node_modules\zod\src\v4\locales\lt.ts,lt.ts,.ts,7703,7.52 KB,2026-06-06 16:54:24,node_modules,node_modules\zod,5
node_modules\zod\src\v4\locales\mk.ts,C:\Users\Luis\Desktop\das4navy\node_modules\zod\src\v4\locales\mk.ts,mk.ts,.ts,4974,4.86 KB,2026-06-06 16:54:24,node_modules,node_modules\zod,5
node_modules\zod\src\v4\locales\ms.ts,C:\Users\Luis\Desktop\das4navy\node_modules\zod\src\v4\locales\ms.ts,ms.ts,.ts,4310,4.21 KB,2026-06-06 16:54:24,node_modules,node_modules\zod,5
node_modules\zod\src\v4\locales\nl.ts,C:\Users\Luis\Desktop\das4navy\node_modules\zod\src\v4\locales\nl.ts,nl.ts,.ts,4569,4.46 KB,2026-06-06 16:54:25,node_modules,node_modules\zod,5
node_modules\zod\src\v4\locales\no.ts,C:\Users\Luis\Desktop\das4navy\node_modules\zod\src\v4\locales\no.ts,no.ts,.ts,4321,4.22 KB,2026-06-06 16:54:25,node_modules,node_modules\zod,5
node_modules\zod\src\v4\locales\ota.ts,C:\Users\Luis\Desktop\das4navy\node_modules\zod\src\v4\locales\ota.ts,ota.ts,.ts,4336,4.23 KB,2026-06-06 16:54:25,node_modules,node_modules\zod,5
node_modules\zod\src\v4\locales\pl.ts,C:\Users\Luis\Desktop\das4navy\node_modules\zod\src\v4\locales\pl.ts,pl.ts,.ts,4792,4.68 KB,2026-06-06 16:54:25,node_modules,node_modules\zod,5
node_modules\zod\src\v4\locales\ps.ts,C:\Users\Luis\Desktop\das4navy\node_modules\zod\src\v4\locales\ps.ts,ps.ts,.ts,4725,4.61 KB,2026-06-06 16:54:25,node_modules,node_modules\zod,5
node_modules\zod\src\v4\locales\pt.ts,C:\Users\Luis\Desktop\das4navy\node_modules\zod\src\v4\locales\pt.ts,pt.ts,.ts,4383,4.28 KB,2026-06-06 16:54:25,node_modules,node_modules\zod,5
node_modules\zod\src\v4\locales\ro.ts,C:\Users\Luis\Desktop\das4navy\node_modules\zod\src\v4\locales\ro.ts,ro.ts,.ts,4566,4.46 KB,2026-06-06 16:54:25,node_modules,node_modules\zod,5
node_modules\zod\src\v4\locales\ru.ts,C:\Users\Luis\Desktop\das4navy\node_modules\zod\src\v4\locales\ru.ts,ru.ts,.ts,6389,6.24 KB,2026-06-06 16:54:25,node_modules,node_modules\zod,5
node_modules\zod\src\v4\locales\sl.ts,C:\Users\Luis\Desktop\das4navy\node_modules\zod\src\v4\locales\sl.ts,sl.ts,.ts,4393,4.29 KB,2026-06-06 16:54:25,node_modules,node_modules\zod,5
node_modules\zod\src\v4\locales\sv.ts,C:\Users\Luis\Desktop\das4navy\node_modules\zod\src\v4\locales\sv.ts,sv.ts,.ts,4481,4.38 KB,2026-06-06 16:54:25,node_modules,node_modules\zod,5
node_modules\zod\src\v4\locales\ta.ts,C:\Users\Luis\Desktop\das4navy\node_modules\zod\src\v4\locales\ta.ts,ta.ts,.ts,6172,6.03 KB,2026-06-06 16:54:25,node_modules,node_modules\zod,5
node_modules\zod\src\v4\locales\th.ts,C:\Users\Luis\Desktop\das4navy\node_modules\zod\src\v4\locales\th.ts,th.ts,.ts,6103,5.96 KB,2026-06-06 16:54:25,node_modules,node_modules\zod,5
node_modules\zod\src\v4\locales\tr.ts,C:\Users\Luis\Desktop\das4navy\node_modules\zod\src\v4\locales\tr.ts,tr.ts,.ts,4274,4.17 KB,2026-06-06 16:54:25,node_modules,node_modules\zod,5
node_modules\zod\src\v4\locales\ua.ts,C:\Users\Luis\Desktop\das4navy\node_modules\zod\src\v4\locales\ua.ts,ua.ts,.ts,198,198.00 B,2026-06-06 16:54:25,node_modules,node_modules\zod,5
node_modules\zod\src\v4\locales\uk.ts,C:\Users\Luis\Desktop\das4navy\node_modules\zod\src\v4\locales\uk.ts,uk.ts,.ts,5255,5.13 KB,2026-06-06 16:54:25,node_modules,node_modules\zod,5
node_modules\zod\src\v4\locales\ur.ts,C:\Users\Luis\Desktop\das4navy\node_modules\zod\src\v4\locales\ur.ts,ur.ts,.ts,5084,4.96 KB,2026-06-06 16:54:25,node_modules,node_modules\zod,5
node_modules\zod\src\v4\locales\uz.ts,C:\Users\Luis\Desktop\das4navy\node_modules\zod\src\v4\locales\uz.ts,uz.ts,.ts,4545,4.44 KB,2026-06-06 16:54:25,node_modules,node_modules\zod,5
node_modules\zod\src\v4\locales\vi.ts,C:\Users\Luis\Desktop\das4navy\node_modules\zod\src\v4\locales\vi.ts,vi.ts,.ts,4597,4.49 KB,2026-06-06 16:54:25,node_modules,node_modules\zod,5
node_modules\zod\src\v4\locales\yo.ts,C:\Users\Luis\Desktop\das4navy\node_modules\zod\src\v4\locales\yo.ts,yo.ts,.ts,4497,4.39 KB,2026-06-06 16:54:25,node_modules,node_modules\zod,5
node_modules\zod\src\v4\locales\zh-CN.ts,C:\Users\Luis\Desktop\das4navy\node_modules\zod\src\v4\locales\zh-CN.ts,zh-CN.ts,.ts,4262,4.16 KB,2026-06-06 16:54:25,node_modules,node_modules\zod,5
node_modules\zod\src\v4\locales\zh-TW.ts,C:\Users\Luis\Desktop\das4navy\node_modules\zod\src\v4\locales\zh-TW.ts,zh-TW.ts,.ts,4322,4.22 KB,2026-06-06 16:54:26,node_modules,node_modules\zod,5
node_modules\zod\src\v4\mini\checks.ts,C:\Users\Luis\Desktop\das4navy\node_modules\zod\src\v4\mini\checks.ts,checks.ts,.ts,736,736.00 B,2026-06-06 16:54:23,node_modules,node_modules\zod,5
node_modules\zod\src\v4\mini\coerce.ts,C:\Users\Luis\Desktop\das4navy\node_modules\zod\src\v4\mini\coerce.ts,coerce.ts,.ts,1182,1.15 KB,2026-06-06 16:54:23,node_modules,node_modules\zod,5
node_modules\zod\src\v4\mini\external.ts,C:\Users\Luis\Desktop\das4navy\node_modules\zod\src\v4\mini\external.ts,external.ts,.ts,861,861.00 B,2026-06-06 16:54:24,node_modules,node_modules\zod,5
node_modules\zod\src\v4\mini\index.ts,C:\Users\Luis\Desktop\das4navy\node_modules\zod\src\v4\mini\index.ts,index.ts,.ts,81,81.00 B,2026-06-06 16:54:24,node_modules,node_modules\zod,5
node_modules\zod\src\v4\mini\iso.ts,C:\Users\Luis\Desktop\das4navy\node_modules\zod\src\v4\mini\iso.ts,iso.ts,.ts,2239,2.19 KB,2026-06-06 16:54:24,node_modules,node_modules\zod,5
node_modules\zod\src\v4\mini\parse.ts,C:\Users\Luis\Desktop\das4navy\node_modules\zod\src\v4\mini\parse.ts,parse.ts,.ts,206,206.00 B,2026-06-06 16:54:25,node_modules,node_modules\zod,5
node_modules\zod\src\v4\mini\schemas.ts,C:\Users\Luis\Desktop\das4navy\node_modules\zod\src\v4\mini\schemas.ts,schemas.ts,.ts,61288,59.85 KB,2026-06-06 16:54:25,node_modules,node_modules\zod,5
node_modules\zod\src\v4\mini\tests\apply.test.ts,C:\Users\Luis\Desktop\das4navy\node_modules\zod\src\v4\mini\tests\apply.test.ts,apply.test.ts,.ts,845,845.00 B,2026-06-06 16:54:23,node_modules,node_modules\zod,6
node_modules\zod\src\v4\mini\tests\assignability.test.ts,C:\Users\Luis\Desktop\das4navy\node_modules\zod\src\v4\mini\tests\assignability.test.ts,assignability.test.ts,.ts,3298,3.22 KB,2026-06-06 16:54:23,node_modules,node_modules\zod,6
node_modules\zod\src\v4\mini\tests\brand.test.ts,C:\Users\Luis\Desktop\das4navy\node_modules\zod\src\v4\mini\tests\brand.test.ts,brand.test.ts,.ts,3209,3.13 KB,2026-06-06 16:54:23,node_modules,node_modules\zod,6
node_modules\zod\src\v4\mini\tests\checks.test.ts,C:\Users\Luis\Desktop\das4navy\node_modules\zod\src\v4\mini\tests\checks.test.ts,checks.test.ts,.ts,4071,3.98 KB,2026-06-06 16:54:23,node_modules,node_modules\zod,6
node_modules\zod\src\v4\mini\tests\codec.test.ts,C:\Users\Luis\Desktop\das4navy\node_modules\zod\src\v4\mini\tests\codec.test.ts,codec.test.ts,.ts,18780,18.34 KB,2026-06-06 16:54:23,node_modules,node_modules\zod,6
node_modules\zod\src\v4\mini\tests\computed.test.ts,C:\Users\Luis\Desktop\das4navy\node_modules\zod\src\v4\mini\tests\computed.test.ts,computed.test.ts,.ts,1165,1.14 KB,2026-06-06 16:54:23,node_modules,node_modules\zod,6
node_modules\zod\src\v4\mini\tests\error.test.ts,C:\Users\Luis\Desktop\das4navy\node_modules\zod\src\v4\mini\tests\error.test.ts,error.test.ts,.ts,641,641.00 B,2026-06-06 16:54:23,node_modules,node_modules\zod,6
node_modules\zod\src\v4\mini\tests\functions.test.ts,C:\Users\Luis\Desktop\das4navy\node_modules\zod\src\v4\mini\tests\functions.test.ts,functions.test.ts,.ts,101,101.00 B,2026-06-06 16:54:24,node_modules,node_modules\zod,6
node_modules\zod\src\v4\mini\tests\index.test.ts,C:\Users\Luis\Desktop\das4navy\node_modules\zod\src\v4\mini\tests\index.test.ts,index.test.ts,.ts,32741,31.97 KB,2026-06-06 16:54:24,node_modules,node_modules\zod,6
node_modules\zod\src\v4\mini\tests\number.test.ts,C:\Users\Luis\Desktop\das4navy\node_modules\zod\src\v4\mini\tests\number.test.ts,number.test.ts,.ts,3662,3.58 KB,2026-06-06 16:54:25,node_modules,node_modules\zod,6
node_modules\zod\src\v4\mini\tests\object.test.ts,C:\Users\Luis\Desktop\das4navy\node_modules\zod\src\v4\mini\tests\object.test.ts,object.test.ts,.ts,6922,6.76 KB,2026-06-06 16:54:25,node_modules,node_modules\zod,6
node_modules\zod\src\v4\mini\tests\prototypes.test.ts,C:\Users\Luis\Desktop\das4navy\node_modules\zod\src\v4\mini\tests\prototypes.test.ts,prototypes.test.ts,.ts,867,867.00 B,2026-06-06 16:54:25,node_modules,node_modules\zod,6
node_modules\zod\src\v4\mini\tests\recursive-types.test.ts,C:\Users\Luis\Desktop\das4navy\node_modules\zod\src\v4\mini\tests\recursive-types.test.ts,recursive-types.test.ts,.ts,7077,6.91 KB,2026-06-06 16:54:25,node_modules,node_modules\zod,6
node_modules\zod\src\v4\mini\tests\standard-schema.test.ts,C:\Users\Luis\Desktop\das4navy\node_modules\zod\src\v4\mini\tests\standard-schema.test.ts,standard-schema.test.ts,.ts,1395,1.36 KB,2026-06-06 16:54:25,node_modules,node_modules\zod,6
node_modules\zod\src\v4\mini\tests\string.test.ts,C:\Users\Luis\Desktop\das4navy\node_modules\zod\src\v4\mini\tests\string.test.ts,string.test.ts,.ts,13433,13.12 KB,2026-06-06 16:54:25,node_modules,node_modules\zod,6
node_modules\zod\v3\ZodError.cjs,C:\Users\Luis\Desktop\das4navy\node_modules\zod\v3\ZodError.cjs,ZodError.cjs,.cjs,4593,4.49 KB,2026-06-06 16:54:22,node_modules,node_modules\zod,3
node_modules\zod\v3\ZodError.d.cts,C:\Users\Luis\Desktop\das4navy\node_modules\zod\v3\ZodError.d.cts,ZodError.d.cts,.cts,6415,6.26 KB,2026-06-06 16:54:23,node_modules,node_modules\zod,3
node_modules\zod\v3\ZodError.d.ts,C:\Users\Luis\Desktop\das4navy\node_modules\zod\v3\ZodError.d.ts,ZodError.d.ts,.ts,6412,6.26 KB,2026-06-06 16:54:26,node_modules,node_modules\zod,3
node_modules\zod\v3\ZodError.js,C:\Users\Luis\Desktop\das4navy\node_modules\zod\v3\ZodError.js,ZodError.js,.js,4366,4.26 KB,2026-06-06 16:54:23,node_modules,node_modules\zod,3
node_modules\zod\v3\errors.cjs,C:\Users\Luis\Desktop\das4navy\node_modules\zod\v3\errors.cjs,errors.cjs,.cjs,579,579.00 B,2026-06-06 16:54:22,node_modules,node_modules\zod,3
node_modules\zod\v3\errors.d.cts,C:\Users\Luis\Desktop\das4navy\node_modules\zod\v3\errors.d.cts,errors.d.cts,.cts,240,240.00 B,2026-06-06 16:54:22,node_modules,node_modules\zod,3
node_modules\zod\v3\errors.d.ts,C:\Users\Luis\Desktop\das4navy\node_modules\zod\v3\errors.d.ts,errors.d.ts,.ts,238,238.00 B,2026-06-06 16:54:23,node_modules,node_modules\zod,3
node_modules\zod\v3\errors.js,C:\Users\Luis\Desktop\das4navy\node_modules\zod\v3\errors.js,errors.js,.js,243,243.00 B,2026-06-06 16:54:23,node_modules,node_modules\zod,3
node_modules\zod\v3\external.cjs,C:\Users\Luis\Desktop\das4navy\node_modules\zod\v3\external.cjs,external.cjs,.cjs,1076,1.05 KB,2026-06-06 16:54:22,node_modules,node_modules\zod,3
node_modules\zod\v3\external.d.cts,C:\Users\Luis\Desktop\das4navy\node_modules\zod\v3\external.d.cts,external.d.cts,.cts,211,211.00 B,2026-06-06 16:54:22,node_modules,node_modules\zod,3
node_modules\zod\v3\external.d.ts,C:\Users\Luis\Desktop\das4navy\node_modules\zod\v3\external.d.ts,external.d.ts,.ts,205,205.00 B,2026-06-06 16:54:23,node_modules,node_modules\zod,3
node_modules\zod\v3\external.js,C:\Users\Luis\Desktop\das4navy\node_modules\zod\v3\external.js,external.js,.js,205,205.00 B,2026-06-06 16:54:23,node_modules,node_modules\zod,3
node_modules\zod\v3\helpers\enumUtil.cjs,C:\Users\Luis\Desktop\das4navy\node_modules\zod\v3\helpers\enumUtil.cjs,enumUtil.cjs,.cjs,77,77.00 B,2026-06-06 16:54:22,node_modules,node_modules\zod,4
node_modules\zod\v3\helpers\enumUtil.d.cts,C:\Users\Luis\Desktop\das4navy\node_modules\zod\v3\helpers\enumUtil.d.cts,enumUtil.d.cts,.cts,609,609.00 B,2026-06-06 16:54:22,node_modules,node_modules\zod,4
node_modules\zod\v3\helpers\enumUtil.d.ts,C:\Users\Luis\Desktop\das4navy\node_modules\zod\v3\helpers\enumUtil.d.ts,enumUtil.d.ts,.ts,609,609.00 B,2026-06-06 16:54:23,node_modules,node_modules\zod,4
node_modules\zod\v3\helpers\enumUtil.js,C:\Users\Luis\Desktop\das4navy\node_modules\zod\v3\helpers\enumUtil.js,enumUtil.js,.js,11,11.00 B,2026-06-06 16:54:23,node_modules,node_modules\zod,4
node_modules\zod\v3\helpers\errorUtil.cjs,C:\Users\Luis\Desktop\das4navy\node_modules\zod\v3\helpers\errorUtil.cjs,errorUtil.cjs,.cjs,418,418.00 B,2026-06-06 16:54:22,node_modules,node_modules\zod,4
node_modules\zod\v3\helpers\errorUtil.d.cts,C:\Users\Luis\Desktop\das4navy\node_modules\zod\v3\helpers\errorUtil.d.cts,errorUtil.d.cts,.cts,276,276.00 B,2026-06-06 16:54:22,node_modules,node_modules\zod,4
node_modules\zod\v3\helpers\errorUtil.d.ts,C:\Users\Luis\Desktop\das4navy\node_modules\zod\v3\helpers\errorUtil.d.ts,errorUtil.d.ts,.ts,276,276.00 B,2026-06-06 16:54:23,node_modules,node_modules\zod,4
node_modules\zod\v3\helpers\errorUtil.js,C:\Users\Luis\Desktop\das4navy\node_modules\zod\v3\helpers\errorUtil.js,errorUtil.js,.js,300,300.00 B,2026-06-06 16:54:23,node_modules,node_modules\zod,4
node_modules\zod\v3\helpers\parseUtil.cjs,C:\Users\Luis\Desktop\das4navy\node_modules\zod\v3\helpers\parseUtil.cjs,parseUtil.cjs,.cjs,4272,4.17 KB,2026-06-06 16:54:22,node_modules,node_modules\zod,4
node_modules\zod\v3\helpers\parseUtil.d.cts,C:\Users\Luis\Desktop\das4navy\node_modules\zod\v3\helpers\parseUtil.d.cts,parseUtil.d.cts,.cts,2757,2.69 KB,2026-06-06 16:54:22,node_modules,node_modules\zod,4
node_modules\zod\v3\helpers\parseUtil.d.ts,C:\Users\Luis\Desktop\das4navy\node_modules\zod\v3\helpers\parseUtil.d.ts,parseUtil.d.ts,.ts,2755,2.69 KB,2026-06-06 16:54:25,node_modules,node_modules\zod,4
node_modules\zod\v3\helpers\parseUtil.js,C:\Users\Luis\Desktop\das4navy\node_modules\zod\v3\helpers\parseUtil.js,parseUtil.js,.js,3601,3.52 KB,2026-06-06 16:54:23,node_modules,node_modules\zod,4
node_modules\zod\v3\helpers\partialUtil.cjs,C:\Users\Luis\Desktop\das4navy\node_modules\zod\v3\helpers\partialUtil.cjs,partialUtil.cjs,.cjs,77,77.00 B,2026-06-06 16:54:22,node_modules,node_modules\zod,4
node_modules\zod\v3\helpers\partialUtil.d.cts,C:\Users\Luis\Desktop\das4navy\node_modules\zod\v3\helpers\partialUtil.d.cts,partialUtil.d.cts,.cts,828,828.00 B,2026-06-06 16:54:22,node_modules,node_modules\zod,4
node_modules\zod\v3\helpers\partialUtil.d.ts,C:\Users\Luis\Desktop\das4navy\node_modules\zod\v3\helpers\partialUtil.d.ts,partialUtil.d.ts,.ts,827,827.00 B,2026-06-06 16:54:25,node_modules,node_modules\zod,4
node_modules\zod\v3\helpers\partialUtil.js,C:\Users\Luis\Desktop\das4navy\node_modules\zod\v3\helpers\partialUtil.js,partialUtil.js,.js,11,11.00 B,2026-06-06 16:54:23,node_modules,node_modules\zod,4
node_modules\zod\v3\helpers\typeAliases.cjs,C:\Users\Luis\Desktop\das4navy\node_modules\zod\v3\helpers\typeAliases.cjs,typeAliases.cjs,.cjs,77,77.00 B,2026-06-06 16:54:22,node_modules,node_modules\zod,4
node_modules\zod\v3\helpers\typeAliases.d.cts,C:\Users\Luis\Desktop\das4navy\node_modules\zod\v3\helpers\typeAliases.d.cts,typeAliases.d.cts,.cts,135,135.00 B,2026-06-06 16:54:23,node_modules,node_modules\zod,4
node_modules\zod\v3\helpers\typeAliases.d.ts,C:\Users\Luis\Desktop\das4navy\node_modules\zod\v3\helpers\typeAliases.d.ts,typeAliases.d.ts,.ts,135,135.00 B,2026-06-06 16:54:25,node_modules,node_modules\zod,4
node_modules\zod\v3\helpers\typeAliases.js,C:\Users\Luis\Desktop\das4navy\node_modules\zod\v3\helpers\typeAliases.js,typeAliases.js,.js,11,11.00 B,2026-06-06 16:54:23,node_modules,node_modules\zod,4
node_modules\zod\v3\helpers\util.cjs,C:\Users\Luis\Desktop\das4navy\node_modules\zod\v3\helpers\util.cjs,util.cjs,.cjs,4401,4.30 KB,2026-06-06 16:54:22,node_modules,node_modules\zod,4
node_modules\zod\v3\helpers\util.d.cts,C:\Users\Luis\Desktop\das4navy\node_modules\zod\v3\helpers\util.d.cts,util.d.cts,.cts,3387,3.31 KB,2026-06-06 16:54:23,node_modules,node_modules\zod,4
node_modules\zod\v3\helpers\util.d.ts,C:\Users\Luis\Desktop\das4navy\node_modules\zod\v3\helpers\util.d.ts,util.d.ts,.ts,3387,3.31 KB,2026-06-06 16:54:25,node_modules,node_modules\zod,4
node_modules\zod\v3\helpers\util.js,C:\Users\Luis\Desktop\das4navy\node_modules\zod\v3\helpers\util.js,util.js,.js,4055,3.96 KB,2026-06-06 16:54:23,node_modules,node_modules\zod,4
node_modules\zod\v3\index.cjs,C:\Users\Luis\Desktop\das4navy\node_modules\zod\v3\index.cjs,index.cjs,.cjs,1464,1.43 KB,2026-06-06 16:54:22,node_modules,node_modules\zod,3
node_modules\zod\v3\index.d.cts,C:\Users\Luis\Desktop\das4navy\node_modules\zod\v3\index.d.cts,index.d.cts,.cts,101,101.00 B,2026-06-06 16:54:22,node_modules,node_modules\zod,3
node_modules\zod\v3\index.d.ts,C:\Users\Luis\Desktop\das4navy\node_modules\zod\v3\index.d.ts,index.d.ts,.ts,99,99.00 B,2026-06-06 16:54:24,node_modules,node_modules\zod,3
node_modules\zod\v3\index.js,C:\Users\Luis\Desktop\das4navy\node_modules\zod\v3\index.js,index.js,.js,99,99.00 B,2026-06-06 16:54:23,node_modules,node_modules\zod,3
node_modules\zod\v3\locales\en.cjs,C:\Users\Luis\Desktop\das4navy\node_modules\zod\v3\locales\en.cjs,en.cjs,.cjs,6005,5.86 KB,2026-06-06 16:54:22,node_modules,node_modules\zod,4
node_modules\zod\v3\locales\en.d.cts,C:\Users\Luis\Desktop\das4navy\node_modules\zod\v3\locales\en.d.cts,en.d.cts,.cts,108,108.00 B,2026-06-06 16:54:22,node_modules,node_modules\zod,4
node_modules\zod\v3\locales\en.d.ts,C:\Users\Luis\Desktop\das4navy\node_modules\zod\v3\locales\en.d.ts,en.d.ts,.ts,113,113.00 B,2026-06-06 16:54:23,node_modules,node_modules\zod,4
node_modules\zod\v3\locales\en.js,C:\Users\Luis\Desktop\das4navy\node_modules\zod\v3\locales\en.js,en.js,.js,5602,5.47 KB,2026-06-06 16:54:23,node_modules,node_modules\zod,4
node_modules\zod\v3\package.json,C:\Users\Luis\Desktop\das4navy\node_modules\zod\v3\package.json,package.json,.json,127,127.00 B,2026-06-06 16:54:23,node_modules,node_modules\zod,3
node_modules\zod\v3\standard-schema.cjs,C:\Users\Luis\Desktop\das4navy\node_modules\zod\v3\standard-schema.cjs,standard-schema.cjs,.cjs,77,77.00 B,2026-06-06 16:54:22,node_modules,node_modules\zod,3
node_modules\zod\v3\standard-schema.d.cts,C:\Users\Luis\Desktop\das4navy\node_modules\zod\v3\standard-schema.d.cts,standard-schema.d.cts,.cts,2843,2.78 KB,2026-06-06 16:54:22,node_modules,node_modules\zod,3
node_modules\zod\v3\standard-schema.d.ts,C:\Users\Luis\Desktop\das4navy\node_modules\zod\v3\standard-schema.d.ts,standard-schema.d.ts,.ts,2843,2.78 KB,2026-06-06 16:54:25,node_modules,node_modules\zod,3
node_modules\zod\v3\standard-schema.js,C:\Users\Luis\Desktop\das4navy\node_modules\zod\v3\standard-schema.js,standard-schema.js,.js,11,11.00 B,2026-06-06 16:54:23,node_modules,node_modules\zod,3
node_modules\zod\v3\types.cjs,C:\Users\Luis\Desktop\das4navy\node_modules\zod\v3\types.cjs,types.cjs,.cjs,140156,136.87 KB,2026-06-06 16:54:22,node_modules,node_modules\zod,3
node_modules\zod\v3\types.d.cts,C:\Users\Luis\Desktop\das4navy\node_modules\zod\v3\types.d.cts,types.d.cts,.cts,52035,50.82 KB,2026-06-06 16:54:23,node_modules,node_modules\zod,3
node_modules\zod\v3\types.d.ts,C:\Users\Luis\Desktop\das4navy\node_modules\zod\v3\types.d.ts,types.d.ts,.ts,52027,50.81 KB,2026-06-06 16:54:25,node_modules,node_modules\zod,3
node_modules\zod\v3\types.js,C:\Users\Luis\Desktop\das4navy\node_modules\zod\v3\types.js,types.js,.js,131268,128.19 KB,2026-06-06 16:54:23,node_modules,node_modules\zod,3
node_modules\zod\v4-mini\index.cjs,C:\Users\Luis\Desktop\das4navy\node_modules\zod\v4-mini\index.cjs,index.cjs,.cjs,1461,1.43 KB,2026-06-06 16:54:22,node_modules,node_modules\zod,3
node_modules\zod\v4-mini\index.d.cts,C:\Users\Luis\Desktop\das4navy\node_modules\zod\v4-mini\index.d.cts,index.d.cts,.cts,101,101.00 B,2026-06-06 16:54:22,node_modules,node_modules\zod,3
node_modules\zod\v4-mini\index.d.ts,C:\Users\Luis\Desktop\das4navy\node_modules\zod\v4-mini\index.d.ts,index.d.ts,.ts,99,99.00 B,2026-06-06 16:54:24,node_modules,node_modules\zod,3
node_modules\zod\v4-mini\index.js,C:\Users\Luis\Desktop\das4navy\node_modules\zod\v4-mini\index.js,index.js,.js,99,99.00 B,2026-06-06 16:54:23,node_modules,node_modules\zod,3
node_modules\zod\v4-mini\package.json,C:\Users\Luis\Desktop\das4navy\node_modules\zod\v4-mini\package.json,package.json,.json,127,127.00 B,2026-06-06 16:54:23,node_modules,node_modules\zod,3
node_modules\zod\v4\classic\checks.cjs,C:\Users\Luis\Desktop\das4navy\node_modules\zod\v4\classic\checks.cjs,checks.cjs,.cjs,4016,3.92 KB,2026-06-06 16:54:21,node_modules,node_modules\zod,4
node_modules\zod\v4\classic\checks.d.cts,C:\Users\Luis\Desktop\das4navy\node_modules\zod\v4\classic\checks.d.cts,checks.d.cts,.cts,702,702.00 B,2026-06-06 16:54:22,node_modules,node_modules\zod,4
node_modules\zod\v4\classic\checks.d.ts,C:\Users\Luis\Desktop\das4navy\node_modules\zod\v4\classic\checks.d.ts,checks.d.ts,.ts,701,701.00 B,2026-06-06 16:54:23,node_modules,node_modules\zod,4
node_modules\zod\v4\classic\checks.js,C:\Users\Luis\Desktop\das4navy\node_modules\zod\v4\classic\checks.js,checks.js,.js,663,663.00 B,2026-06-06 16:54:23,node_modules,node_modules\zod,4
node_modules\zod\v4\classic\coerce.cjs,C:\Users\Luis\Desktop\das4navy\node_modules\zod\v4\classic\coerce.cjs,coerce.cjs,.cjs,1772,1.73 KB,2026-06-06 16:54:21,node_modules,node_modules\zod,4
node_modules\zod\v4\classic\coerce.d.cts,C:\Users\Luis\Desktop\das4navy\node_modules\zod\v4\classic\coerce.d.cts,coerce.d.cts,.cts,1149,1.12 KB,2026-06-06 16:54:22,node_modules,node_modules\zod,4
node_modules\zod\v4\classic\coerce.d.ts,C:\Users\Luis\Desktop\das4navy\node_modules\zod\v4\classic\coerce.d.ts,coerce.d.ts,.ts,1147,1.12 KB,2026-06-06 16:54:23,node_modules,node_modules\zod,4
node_modules\zod\v4\classic\coerce.js,C:\Users\Luis\Desktop\das4navy\node_modules\zod\v4\classic\coerce.js,coerce.js,.js,550,550.00 B,2026-06-06 16:54:23,node_modules,node_modules\zod,4
node_modules\zod\v4\classic\compat.cjs,C:\Users\Luis\Desktop\das4navy\node_modules\zod\v4\classic\compat.cjs,compat.cjs,.cjs,2602,2.54 KB,2026-06-06 16:54:22,node_modules,node_modules\zod,4
node_modules\zod\v4\classic\compat.d.cts,C:\Users\Luis\Desktop\das4navy\node_modules\zod\v4\classic\compat.d.cts,compat.d.cts,.cts,2203,2.15 KB,2026-06-06 16:54:22,node_modules,node_modules\zod,4
node_modules\zod\v4\classic\compat.d.ts,C:\Users\Luis\Desktop\das4navy\node_modules\zod\v4\classic\compat.d.ts,compat.d.ts,.ts,2199,2.15 KB,2026-06-06 16:54:23,node_modules,node_modules\zod,4
node_modules\zod\v4\classic\compat.js,C:\Users\Luis\Desktop\das4navy\node_modules\zod\v4\classic\compat.js,compat.js,.js,1090,1.06 KB,2026-06-06 16:54:23,node_modules,node_modules\zod,4
node_modules\zod\v4\classic\errors.cjs,C:\Users\Luis\Desktop\das4navy\node_modules\zod\v4\classic\errors.cjs,errors.cjs,.cjs,2769,2.70 KB,2026-06-06 16:54:22,node_modules,node_modules\zod,4
node_modules\zod\v4\classic\errors.d.cts,C:\Users\Luis\Desktop\das4navy\node_modules\zod\v4\classic\errors.d.cts,errors.d.cts,.cts,1623,1.58 KB,2026-06-06 16:54:22,node_modules,node_modules\zod,4
node_modules\zod\v4\classic\errors.d.ts,C:\Users\Luis\Desktop\das4navy\node_modules\zod\v4\classic\errors.d.ts,errors.d.ts,.ts,1620,1.58 KB,2026-06-06 16:54:23,node_modules,node_modules\zod,4
node_modules\zod\v4\classic\errors.js,C:\Users\Luis\Desktop\das4navy\node_modules\zod\v4\classic\errors.js,errors.js,.js,1609,1.57 KB,2026-06-06 16:54:23,node_modules,node_modules\zod,4
node_modules\zod\v4\classic\external.cjs,C:\Users\Luis\Desktop\das4navy\node_modules\zod\v4\classic\external.cjs,external.cjs,.cjs,5444,5.32 KB,2026-06-06 16:54:22,node_modules,node_modules\zod,4
node_modules\zod\v4\classic\external.d.cts,C:\Users\Luis\Desktop\das4navy\node_modules\zod\v4\classic\external.d.cts,external.d.cts,.cts,976,976.00 B,2026-06-06 16:54:22,node_modules,node_modules\zod,4
node_modules\zod\v4\classic\external.d.ts,C:\Users\Luis\Desktop\das4navy\node_modules\zod\v4\classic\external.d.ts,external.d.ts,.ts,960,960.00 B,2026-06-06 16:54:24,node_modules,node_modules\zod,4
node_modules\zod\v4\classic\external.js,C:\Users\Luis\Desktop\das4navy\node_modules\zod\v4\classic\external.js,external.js,.js,907,907.00 B,2026-06-06 16:54:23,node_modules,node_modules\zod,4
node_modules\zod\v4\classic\from-json-schema.cjs,C:\Users\Luis\Desktop\das4navy\node_modules\zod\v4\classic\from-json-schema.cjs,from-json-schema.cjs,.cjs,25363,24.77 KB,2026-06-06 16:54:22,node_modules,node_modules\zod,4
node_modules\zod\v4\classic\from-json-schema.d.cts,C:\Users\Luis\Desktop\das4navy\node_modules\zod\v4\classic\from-json-schema.d.cts,from-json-schema.d.cts,.cts,627,627.00 B,2026-06-06 16:54:22,node_modules,node_modules\zod,4
node_modules\zod\v4\classic\from-json-schema.d.ts,C:\Users\Luis\Desktop\das4navy\node_modules\zod\v4\classic\from-json-schema.d.ts,from-json-schema.d.ts,.ts,624,624.00 B,2026-06-06 16:54:24,node_modules,node_modules\zod,4
node_modules\zod\v4\classic\from-json-schema.js,C:\Users\Luis\Desktop\das4navy\node_modules\zod\v4\classic\from-json-schema.js,from-json-schema.js,.js,24161,23.59 KB,2026-06-06 16:54:23,node_modules,node_modules\zod,4
node_modules\zod\v4\classic\index.cjs,C:\Users\Luis\Desktop\das4navy\node_modules\zod\v4\classic\index.cjs,index.cjs,.cjs,1464,1.43 KB,2026-06-06 16:54:22,node_modules,node_modules\zod,4
node_modules\zod\v4\classic\index.d.cts,C:\Users\Luis\Desktop\das4navy\node_modules\zod\v4\classic\index.d.cts,index.d.cts,.cts,101,101.00 B,2026-06-06 16:54:22,node_modules,node_modules\zod,4
node_modules\zod\v4\classic\index.d.ts,C:\Users\Luis\Desktop\das4navy\node_modules\zod\v4\classic\index.d.ts,index.d.ts,.ts,99,99.00 B,2026-06-06 16:54:24,node_modules,node_modules\zod,4
node_modules\zod\v4\classic\index.js,C:\Users\Luis\Desktop\das4navy\node_modules\zod\v4\classic\index.js,index.js,.js,99,99.00 B,2026-06-06 16:54:23,node_modules,node_modules\zod,4
node_modules\zod\v4\classic\iso.cjs,C:\Users\Luis\Desktop\das4navy\node_modules\zod\v4\classic\iso.cjs,iso.cjs,.cjs,2413,2.36 KB,2026-06-06 16:54:22,node_modules,node_modules\zod,4
node_modules\zod\v4\classic\iso.d.cts,C:\Users\Luis\Desktop\das4navy\node_modules\zod\v4\classic\iso.d.cts,iso.d.cts,.cts,1137,1.11 KB,2026-06-06 16:54:22,node_modules,node_modules\zod,4
node_modules\zod\v4\classic\iso.d.ts,C:\Users\Luis\Desktop\das4navy\node_modules\zod\v4\classic\iso.d.ts,iso.d.ts,.ts,1135,1.11 KB,2026-06-06 16:54:24,node_modules,node_modules\zod,4
node_modules\zod\v4\classic\iso.js,C:\Users\Luis\Desktop\das4navy\node_modules\zod\v4\classic\iso.js,iso.js,.js,1151,1.12 KB,2026-06-06 16:54:23,node_modules,node_modules\zod,4
node_modules\zod\v4\classic\package.json,C:\Users\Luis\Desktop\das4navy\node_modules\zod\v4\classic\package.json,package.json,.json,127,127.00 B,2026-06-06 16:54:23,node_modules,node_modules\zod,4
node_modules\zod\v4\classic\parse.cjs,C:\Users\Luis\Desktop\das4navy\node_modules\zod\v4\classic\parse.cjs,parse.cjs,.cjs,2271,2.22 KB,2026-06-06 16:54:22,node_modules,node_modules\zod,4
node_modules\zod\v4\classic\parse.d.cts,C:\Users\Luis\Desktop\das4navy\node_modules\zod\v4\classic\parse.d.cts,parse.d.cts,.cts,2511,2.45 KB,2026-06-06 16:54:22,node_modules,node_modules\zod,4
node_modules\zod\v4\classic\parse.d.ts,C:\Users\Luis\Desktop\das4navy\node_modules\zod\v4\classic\parse.d.ts,parse.d.ts,.ts,2509,2.45 KB,2026-06-06 16:54:25,node_modules,node_modules\zod,4
node_modules\zod\v4\classic\parse.js,C:\Users\Luis\Desktop\das4navy\node_modules\zod\v4\classic\parse.js,parse.js,.js,997,997.00 B,2026-06-06 16:54:23,node_modules,node_modules\zod,4
node_modules\zod\v4\classic\schemas.cjs,C:\Users\Luis\Desktop\das4navy\node_modules\zod\v4\classic\schemas.cjs,schemas.cjs,.cjs,56344,55.02 KB,2026-06-06 16:54:22,node_modules,node_modules\zod,4
node_modules\zod\v4\classic\schemas.d.cts,C:\Users\Luis\Desktop\das4navy\node_modules\zod\v4\classic\schemas.d.cts,schemas.d.cts,.cts,48774,47.63 KB,2026-06-06 16:54:22,node_modules,node_modules\zod,4
node_modules\zod\v4\classic\schemas.d.ts,C:\Users\Luis\Desktop\das4navy\node_modules\zod\v4\classic\schemas.d.ts,schemas.d.ts,.ts,48770,47.63 KB,2026-06-06 16:54:25,node_modules,node_modules\zod,4
node_modules\zod\v4\classic\schemas.js,C:\Users\Luis\Desktop\das4navy\node_modules\zod\v4\classic\schemas.js,schemas.js,.js,51378,50.17 KB,2026-06-06 16:54:23,node_modules,node_modules\zod,4
node_modules\zod\v4\core\api.cjs,C:\Users\Luis\Desktop\das4navy\node_modules\zod\v4\core\api.cjs,api.cjs,.cjs,31685,30.94 KB,2026-06-06 16:54:21,node_modules,node_modules\zod,4
node_modules\zod\v4\core\api.d.cts,C:\Users\Luis\Desktop\das4navy\node_modules\zod\v4\core\api.d.cts,api.d.cts,.cts,32838,32.07 KB,2026-06-06 16:54:22,node_modules,node_modules\zod,4
node_modules\zod\v4\core\api.d.ts,C:\Users\Luis\Desktop\das4navy\node_modules\zod\v4\core\api.d.ts,api.d.ts,.ts,32832,32.06 KB,2026-06-06 16:54:23,node_modules,node_modules\zod,4
node_modules\zod\v4\core\api.js,C:\Users\Luis\Desktop\das4navy\node_modules\zod\v4\core\api.js,api.js,.js,28054,27.40 KB,2026-06-06 16:54:23,node_modules,node_modules\zod,4
node_modules\zod\v4\core\checks.cjs,C:\Users\Luis\Desktop\das4navy\node_modules\zod\v4\core\checks.cjs,checks.cjs,.cjs,21559,21.05 KB,2026-06-06 16:54:21,node_modules,node_modules\zod,4
node_modules\zod\v4\core\checks.d.cts,C:\Users\Luis\Desktop\das4navy\node_modules\zod\v4\core\checks.d.cts,checks.d.cts,.cts,12812,12.51 KB,2026-06-06 16:54:22,node_modules,node_modules\zod,4
node_modules\zod\v4\core\checks.d.ts,C:\Users\Luis\Desktop\das4navy\node_modules\zod\v4\core\checks.d.ts,checks.d.ts,.ts,12808,12.51 KB,2026-06-06 16:54:23,node_modules,node_modules\zod,4
node_modules\zod\v4\core\checks.js,C:\Users\Luis\Desktop\das4navy\node_modules\zod\v4\core\checks.js,checks.js,.js,20005,19.54 KB,2026-06-06 16:54:23,node_modules,node_modules\zod,4
node_modules\zod\v4\core\core.cjs,C:\Users\Luis\Desktop\das4navy\node_modules\zod\v4\core\core.cjs,core.cjs,.cjs,2850,2.78 KB,2026-06-06 16:54:22,node_modules,node_modules\zod,4
node_modules\zod\v4\core\core.d.cts,C:\Users\Luis\Desktop\das4navy\node_modules\zod\v4\core\core.d.cts,core.d.cts,.cts,2252,2.20 KB,2026-06-06 16:54:22,node_modules,node_modules\zod,4
node_modules\zod\v4\core\core.d.ts,C:\Users\Luis\Desktop\das4navy\node_modules\zod\v4\core\core.d.ts,core.d.ts,.ts,2249,2.20 KB,2026-06-06 16:54:23,node_modules,node_modules\zod,4
node_modules\zod\v4\core\core.js,C:\Users\Luis\Desktop\das4navy\node_modules\zod\v4\core\core.js,core.js,.js,2578,2.52 KB,2026-06-06 16:54:23,node_modules,node_modules\zod,4
node_modules\zod\v4\core\doc.cjs,C:\Users\Luis\Desktop\das4navy\node_modules\zod\v4\core\doc.cjs,doc.cjs,.cjs,1199,1.17 KB,2026-06-06 16:54:22,node_modules,node_modules\zod,4
node_modules\zod\v4\core\doc.d.cts,C:\Users\Luis\Desktop\das4navy\node_modules\zod\v4\core\doc.d.cts,doc.d.cts,.cts,348,348.00 B,2026-06-06 16:54:22,node_modules,node_modules\zod,4
node_modules\zod\v4\core\doc.d.ts,C:\Users\Luis\Desktop\das4navy\node_modules\zod\v4\core\doc.d.ts,doc.d.ts,.ts,348,348.00 B,2026-06-06 16:54:23,node_modules,node_modules\zod,4
node_modules\zod\v4\core\doc.js,C:\Users\Luis\Desktop\das4navy\node_modules\zod\v4\core\doc.js,doc.js,.js,1088,1.06 KB,2026-06-06 16:54:23,node_modules,node_modules\zod,4
node_modules\zod\v4\core\errors.cjs,C:\Users\Luis\Desktop\das4navy\node_modules\zod\v4\core\errors.cjs,errors.cjs,.cjs,7747,7.57 KB,2026-06-06 16:54:22,node_modules,node_modules\zod,4
node_modules\zod\v4\core\errors.d.cts,C:\Users\Luis\Desktop\das4navy\node_modules\zod\v4\core\errors.d.cts,errors.d.cts,.cts,8849,8.64 KB,2026-06-06 16:54:22,node_modules,node_modules\zod,4
node_modules\zod\v4\core\errors.d.ts,C:\Users\Luis\Desktop\das4navy\node_modules\zod\v4\core\errors.d.ts,errors.d.ts,.ts,8844,8.64 KB,2026-06-06 16:54:23,node_modules,node_modules\zod,4
node_modules\zod\v4\core\errors.js,C:\Users\Luis\Desktop\das4navy\node_modules\zod\v4\core\errors.js,errors.js,.js,6413,6.26 KB,2026-06-06 16:54:23,node_modules,node_modules\zod,4
node_modules\zod\v4\core\index.cjs,C:\Users\Luis\Desktop\das4navy\node_modules\zod\v4\core\index.cjs,index.cjs,.cjs,2609,2.55 KB,2026-06-06 16:54:22,node_modules,node_modules\zod,4
node_modules\zod\v4\core\index.d.cts,C:\Users\Luis\Desktop\das4navy\node_modules\zod\v4\core\index.d.cts,index.d.cts,.cts,610,610.00 B,2026-06-06 16:54:22,node_modules,node_modules\zod,4
node_modules\zod\v4\core\index.d.ts,C:\Users\Luis\Desktop\das4navy\node_modules\zod\v4\core\index.d.ts,index.d.ts,.ts,594,594.00 B,2026-06-06 16:54:24,node_modules,node_modules\zod,4
node_modules\zod\v4\core\index.js,C:\Users\Luis\Desktop\das4navy\node_modules\zod\v4\core\index.js,index.js,.js,594,594.00 B,2026-06-06 16:54:23,node_modules,node_modules\zod,4
node_modules\zod\v4\core\json-schema-generator.cjs,C:\Users\Luis\Desktop\das4navy\node_modules\zod\v4\core\json-schema-generator.cjs,json-schema-generator.cjs,.cjs,3492,3.41 KB,2026-06-06 16:54:22,node_modules,node_modules\zod,4
node_modules\zod\v4\core\json-schema-generator.d.cts,C:\Users\Luis\Desktop\das4navy\node_modules\zod\v4\core\json-schema-generator.d.cts,json-schema-generator.d.cts,.cts,2587,2.53 KB,2026-06-06 16:54:22,node_modules,node_modules\zod,4
node_modules\zod\v4\core\json-schema-generator.d.ts,C:\Users\Luis\Desktop\das4navy\node_modules\zod\v4\core\json-schema-generator.d.ts,json-schema-generator.d.ts,.ts,2583,2.52 KB,2026-06-06 16:54:24,node_modules,node_modules\zod,4
node_modules\zod\v4\core\json-schema-generator.js,C:\Users\Luis\Desktop\das4navy\node_modules\zod\v4\core\json-schema-generator.js,json-schema-generator.js,.js,3218,3.14 KB,2026-06-06 16:54:23,node_modules,node_modules\zod,4
node_modules\zod\v4\core\json-schema-processors.cjs,C:\Users\Luis\Desktop\das4navy\node_modules\zod\v4\core\json-schema-processors.cjs,json-schema-processors.cjs,.cjs,24338,23.77 KB,2026-06-06 16:54:22,node_modules,node_modules\zod,4
node_modules\zod\v4\core\json-schema-processors.d.cts,C:\Users\Luis\Desktop\das4navy\node_modules\zod\v4\core\json-schema-processors.d.cts,json-schema-processors.d.cts,.cts,3384,3.30 KB,2026-06-06 16:54:22,node_modules,node_modules\zod,4
node_modules\zod\v4\core\json-schema-processors.d.ts,C:\Users\Luis\Desktop\das4navy\node_modules\zod\v4\core\json-schema-processors.d.ts,json-schema-processors.d.ts,.ts,3381,3.30 KB,2026-06-06 16:54:24,node_modules,node_modules\zod,4
node_modules\zod\v4\core\json-schema-processors.js,C:\Users\Luis\Desktop\das4navy\node_modules\zod\v4\core\json-schema-processors.js,json-schema-processors.js,.js,20716,20.23 KB,2026-06-06 16:54:23,node_modules,node_modules\zod,4
node_modules\zod\v4\core\json-schema.cjs,C:\Users\Luis\Desktop\das4navy\node_modules\zod\v4\core\json-schema.cjs,json-schema.cjs,.cjs,77,77.00 B,2026-06-06 16:54:22,node_modules,node_modules\zod,4
node_modules\zod\v4\core\json-schema.d.cts,C:\Users\Luis\Desktop\das4navy\node_modules\zod\v4\core\json-schema.d.cts,json-schema.d.cts,.cts,2764,2.70 KB,2026-06-06 16:54:22,node_modules,node_modules\zod,4
node_modules\zod\v4\core\json-schema.d.ts,C:\Users\Luis\Desktop\das4navy\node_modules\zod\v4\core\json-schema.d.ts,json-schema.d.ts,.ts,2764,2.70 KB,2026-06-06 16:54:24,node_modules,node_modules\zod,4
node_modules\zod\v4\core\json-schema.js,C:\Users\Luis\Desktop\das4navy\node_modules\zod\v4\core\json-schema.js,json-schema.js,.js,11,11.00 B,2026-06-06 16:54:23,node_modules,node_modules\zod,4
node_modules\zod\v4\core\package.json,C:\Users\Luis\Desktop\das4navy\node_modules\zod\v4\core\package.json,package.json,.json,127,127.00 B,2026-06-06 16:54:23,node_modules,node_modules\zod,4
node_modules\zod\v4\core\parse.cjs,C:\Users\Luis\Desktop\das4navy\node_modules\zod\v4\core\parse.cjs,parse.cjs,.cjs,6481,6.33 KB,2026-06-06 16:54:22,node_modules,node_modules\zod,4
node_modules\zod\v4\core\parse.d.cts,C:\Users\Luis\Desktop\das4navy\node_modules\zod\v4\core\parse.d.cts,parse.d.cts,.cts,3833,3.74 KB,2026-06-06 16:54:22,node_modules,node_modules\zod,4
node_modules\zod\v4\core\parse.d.ts,C:\Users\Luis\Desktop\das4navy\node_modules\zod\v4\core\parse.d.ts,parse.d.ts,.ts,3829,3.74 KB,2026-06-06 16:54:25,node_modules,node_modules\zod,4
node_modules\zod\v4\core\parse.js,C:\Users\Luis\Desktop\das4navy\node_modules\zod\v4\core\parse.js,parse.js,.js,4444,4.34 KB,2026-06-06 16:54:23,node_modules,node_modules\zod,4
node_modules\zod\v4\core\regexes.cjs,C:\Users\Luis\Desktop\das4navy\node_modules\zod\v4\core\regexes.cjs,regexes.cjs,.cjs,10964,10.71 KB,2026-06-06 16:54:22,node_modules,node_modules\zod,4
node_modules\zod\v4\core\regexes.d.cts,C:\Users\Luis\Desktop\das4navy\node_modules\zod\v4\core\regexes.d.cts,regexes.d.cts,.cts,3696,3.61 KB,2026-06-06 16:54:22,node_modules,node_modules\zod,4
node_modules\zod\v4\core\regexes.d.ts,C:\Users\Luis\Desktop\das4navy\node_modules\zod\v4\core\regexes.d.ts,regexes.d.ts,.ts,3696,3.61 KB,2026-06-06 16:54:25,node_modules,node_modules\zod,4
node_modules\zod\v4\core\regexes.js,C:\Users\Luis\Desktop\das4navy\node_modules\zod\v4\core\regexes.js,regexes.js,.js,9078,8.87 KB,2026-06-06 16:54:23,node_modules,node_modules\zod,4
node_modules\zod\v4\core\registries.cjs,C:\Users\Luis\Desktop\das4navy\node_modules\zod\v4\core\registries.cjs,registries.cjs,.cjs,1717,1.68 KB,2026-06-06 16:54:22,node_modules,node_modules\zod,4
node_modules\zod\v4\core\registries.d.cts,C:\Users\Luis\Desktop\das4navy\node_modules\zod\v4\core\registries.d.cts,registries.d.cts,.cts,1633,1.59 KB,2026-06-06 16:54:22,node_modules,node_modules\zod,4
node_modules\zod\v4\core\registries.d.ts,C:\Users\Luis\Desktop\das4navy\node_modules\zod\v4\core\registries.d.ts,registries.d.ts,.ts,1631,1.59 KB,2026-06-06 16:54:25,node_modules,node_modules\zod,4
node_modules\zod\v4\core\registries.js,C:\Users\Luis\Desktop\das4navy\node_modules\zod\v4\core\registries.js,registries.js,.js,1512,1.48 KB,2026-06-06 16:54:23,node_modules,node_modules\zod,4
node_modules\zod\v4\core\schemas.cjs,C:\Users\Luis\Desktop\das4navy\node_modules\zod\v4\core\schemas.cjs,schemas.cjs,.cjs,85629,83.62 KB,2026-06-06 16:54:22,node_modules,node_modules\zod,4
node_modules\zod\v4\core\schemas.d.cts,C:\Users\Luis\Desktop\das4navy\node_modules\zod\v4\core\schemas.d.cts,schemas.d.cts,.cts,53024,51.78 KB,2026-06-06 16:54:22,node_modules,node_modules\zod,4
node_modules\zod\v4\core\schemas.d.ts,C:\Users\Luis\Desktop\das4navy\node_modules\zod\v4\core\schemas.d.ts,schemas.d.ts,.ts,53015,51.77 KB,2026-06-06 16:54:25,node_modules,node_modules\zod,4
node_modules\zod\v4\core\schemas.js,C:\Users\Luis\Desktop\das4navy\node_modules\zod\v4\core\schemas.js,schemas.js,.js,83322,81.37 KB,2026-06-06 16:54:23,node_modules,node_modules\zod,4
node_modules\zod\v4\core\standard-schema.cjs,C:\Users\Luis\Desktop\das4navy\node_modules\zod\v4\core\standard-schema.cjs,standard-schema.cjs,.cjs,77,77.00 B,2026-06-06 16:54:22,node_modules,node_modules\zod,4
node_modules\zod\v4\core\standard-schema.d.cts,C:\Users\Luis\Desktop\das4navy\node_modules\zod\v4\core\standard-schema.d.cts,standard-schema.d.cts,.cts,6321,6.17 KB,2026-06-06 16:54:23,node_modules,node_modules\zod,4
node_modules\zod\v4\core\standard-schema.d.ts,C:\Users\Luis\Desktop\das4navy\node_modules\zod\v4\core\standard-schema.d.ts,standard-schema.d.ts,.ts,6321,6.17 KB,2026-06-06 16:54:25,node_modules,node_modules\zod,4
node_modules\zod\v4\core\standard-schema.js,C:\Users\Luis\Desktop\das4navy\node_modules\zod\v4\core\standard-schema.js,standard-schema.js,.js,11,11.00 B,2026-06-06 16:54:23,node_modules,node_modules\zod,4
node_modules\zod\v4\core\to-json-schema.cjs,C:\Users\Luis\Desktop\das4navy\node_modules\zod\v4\core\to-json-schema.cjs,to-json-schema.cjs,.cjs,17442,17.03 KB,2026-06-06 16:54:22,node_modules,node_modules\zod,4
node_modules\zod\v4\core\to-json-schema.d.cts,C:\Users\Luis\Desktop\das4navy\node_modules\zod\v4\core\to-json-schema.d.cts,to-json-schema.d.cts,.cts,5626,5.49 KB,2026-06-06 16:54:23,node_modules,node_modules\zod,4
node_modules\zod\v4\core\to-json-schema.d.ts,C:\Users\Luis\Desktop\das4navy\node_modules\zod\v4\core\to-json-schema.d.ts,to-json-schema.d.ts,.ts,5621,5.49 KB,2026-06-06 16:54:25,node_modules,node_modules\zod,4
node_modules\zod\v4\core\to-json-schema.js,C:\Users\Luis\Desktop\das4navy\node_modules\zod\v4\core\to-json-schema.js,to-json-schema.js,.js,17006,16.61 KB,2026-06-06 16:54:23,node_modules,node_modules\zod,4
node_modules\zod\v4\core\util.cjs,C:\Users\Luis\Desktop\das4navy\node_modules\zod\v4\core\util.cjs,util.cjs,.cjs,23884,23.32 KB,2026-06-06 16:54:22,node_modules,node_modules\zod,4
node_modules\zod\v4\core\util.d.cts,C:\Users\Luis\Desktop\das4navy\node_modules\zod\v4\core\util.d.cts,util.d.cts,.cts,12014,11.73 KB,2026-06-06 16:54:23,node_modules,node_modules\zod,4
node_modules\zod\v4\core\util.d.ts,C:\Users\Luis\Desktop\das4navy\node_modules\zod\v4\core\util.d.ts,util.d.ts,.ts,12010,11.73 KB,2026-06-06 16:54:25,node_modules,node_modules\zod,4
node_modules\zod\v4\core\util.js,C:\Users\Luis\Desktop\das4navy\node_modules\zod\v4\core\util.js,util.js,.js,22018,21.50 KB,2026-06-06 16:54:23,node_modules,node_modules\zod,4
node_modules\zod\v4\core\versions.cjs,C:\Users\Luis\Desktop\das4navy\node_modules\zod\v4\core\versions.cjs,versions.cjs,.cjs,168,168.00 B,2026-06-06 16:54:22,node_modules,node_modules\zod,4
node_modules\zod\v4\core\versions.d.cts,C:\Users\Luis\Desktop\das4navy\node_modules\zod\v4\core\versions.d.cts,versions.d.cts,.cts,109,109.00 B,2026-06-06 16:54:23,node_modules,node_modules\zod,4
node_modules\zod\v4\core\versions.d.ts,C:\Users\Luis\Desktop\das4navy\node_modules\zod\v4\core\versions.d.ts,versions.d.ts,.ts,109,109.00 B,2026-06-06 16:54:25,node_modules,node_modules\zod,4
node_modules\zod\v4\core\versions.js,C:\Users\Luis\Desktop\das4navy\node_modules\zod\v4\core\versions.js,versions.js,.js,70,70.00 B,2026-06-06 16:54:23,node_modules,node_modules\zod,4
node_modules\zod\v4\index.cjs,C:\Users\Luis\Desktop\das4navy\node_modules\zod\v4\index.cjs,index.cjs,.cjs,1057,1.03 KB,2026-06-06 16:54:22,node_modules,node_modules\zod,3
node_modules\zod\v4\index.d.cts,C:\Users\Luis\Desktop\das4navy\node_modules\zod\v4\index.d.cts,index.d.cts,.cts,94,94.00 B,2026-06-06 16:54:22,node_modules,node_modules\zod,3
node_modules\zod\v4\index.d.ts,C:\Users\Luis\Desktop\das4navy\node_modules\zod\v4\index.d.ts,index.d.ts,.ts,92,92.00 B,2026-06-06 16:54:24,node_modules,node_modules\zod,3
node_modules\zod\v4\index.js,C:\Users\Luis\Desktop\das4navy\node_modules\zod\v4\index.js,index.js,.js,92,92.00 B,2026-06-06 16:54:23,node_modules,node_modules\zod,3
node_modules\zod\v4\locales\ar.cjs,C:\Users\Luis\Desktop\das4navy\node_modules\zod\v4\locales\ar.cjs,ar.cjs,.cjs,6364,6.21 KB,2026-06-06 16:54:21,node_modules,node_modules\zod,4
node_modules\zod\v4\locales\ar.d.cts,C:\Users\Luis\Desktop\das4navy\node_modules\zod\v4\locales\ar.d.cts,ar.d.cts,.cts,142,142.00 B,2026-06-06 16:54:22,node_modules,node_modules\zod,4
node_modules\zod\v4\locales\ar.d.ts,C:\Users\Luis\Desktop\das4navy\node_modules\zod\v4\locales\ar.d.ts,ar.d.ts,.ts,121,121.00 B,2026-06-06 16:54:23,node_modules,node_modules\zod,4
node_modules\zod\v4\locales\ar.js,C:\Users\Luis\Desktop\das4navy\node_modules\zod\v4\locales\ar.js,ar.js,.js,5188,5.07 KB,2026-06-06 16:54:23,node_modules,node_modules\zod,4
node_modules\zod\v4\locales\az.cjs,C:\Users\Luis\Desktop\das4navy\node_modules\zod\v4\locales\az.cjs,az.cjs,.cjs,5687,5.55 KB,2026-06-06 16:54:21,node_modules,node_modules\zod,4
node_modules\zod\v4\locales\az.d.cts,C:\Users\Luis\Desktop\das4navy\node_modules\zod\v4\locales\az.d.cts,az.d.cts,.cts,142,142.00 B,2026-06-06 16:54:22,node_modules,node_modules\zod,4
node_modules\zod\v4\locales\az.d.ts,C:\Users\Luis\Desktop\das4navy\node_modules\zod\v4\locales\az.d.ts,az.d.ts,.ts,121,121.00 B,2026-06-06 16:54:23,node_modules,node_modules\zod,4
node_modules\zod\v4\locales\az.js,C:\Users\Luis\Desktop\das4navy\node_modules\zod\v4\locales\az.js,az.js,.js,4511,4.41 KB,2026-06-06 16:54:23,node_modules,node_modules\zod,4
node_modules\zod\v4\locales\be.cjs,C:\Users\Luis\Desktop\das4navy\node_modules\zod\v4\locales\be.cjs,be.cjs,.cjs,7795,7.61 KB,2026-06-06 16:54:21,node_modules,node_modules\zod,4
node_modules\zod\v4\locales\be.d.cts,C:\Users\Luis\Desktop\das4navy\node_modules\zod\v4\locales\be.d.cts,be.d.cts,.cts,142,142.00 B,2026-06-06 16:54:22,node_modules,node_modules\zod,4
node_modules\zod\v4\locales\be.d.ts,C:\Users\Luis\Desktop\das4navy\node_modules\zod\v4\locales\be.d.ts,be.d.ts,.ts,121,121.00 B,2026-06-06 16:54:23,node_modules,node_modules\zod,4
node_modules\zod\v4\locales\be.js,C:\Users\Luis\Desktop\das4navy\node_modules\zod\v4\locales\be.js,be.js,.js,6619,6.46 KB,2026-06-06 16:54:23,node_modules,node_modules\zod,4
node_modules\zod\v4\locales\bg.cjs,C:\Users\Luis\Desktop\das4navy\node_modules\zod\v4\locales\bg.cjs,bg.cjs,.cjs,6961,6.80 KB,2026-06-06 16:54:21,node_modules,node_modules\zod,4
node_modules\zod\v4\locales\bg.d.cts,C:\Users\Luis\Desktop\das4navy\node_modules\zod\v4\locales\bg.d.cts,bg.d.cts,.cts,142,142.00 B,2026-06-06 16:54:22,node_modules,node_modules\zod,4
node_modules\zod\v4\locales\bg.d.ts,C:\Users\Luis\Desktop\das4navy\node_modules\zod\v4\locales\bg.d.ts,bg.d.ts,.ts,121,121.00 B,2026-06-06 16:54:23,node_modules,node_modules\zod,4
node_modules\zod\v4\locales\bg.js,C:\Users\Luis\Desktop\das4navy\node_modules\zod\v4\locales\bg.js,bg.js,.js,5785,5.65 KB,2026-06-06 16:54:23,node_modules,node_modules\zod,4
node_modules\zod\v4\locales\ca.cjs,C:\Users\Luis\Desktop\das4navy\node_modules\zod\v4\locales\ca.cjs,ca.cjs,.cjs,5886,5.75 KB,2026-06-06 16:54:21,node_modules,node_modules\zod,4
node_modules\zod\v4\locales\ca.d.cts,C:\Users\Luis\Desktop\das4navy\node_modules\zod\v4\locales\ca.d.cts,ca.d.cts,.cts,142,142.00 B,2026-06-06 16:54:22,node_modules,node_modules\zod,4
node_modules\zod\v4\locales\ca.d.ts,C:\Users\Luis\Desktop\das4navy\node_modules\zod\v4\locales\ca.d.ts,ca.d.ts,.ts,121,121.00 B,2026-06-06 16:54:23,node_modules,node_modules\zod,4
node_modules\zod\v4\locales\ca.js,C:\Users\Luis\Desktop\das4navy\node_modules\zod\v4\locales\ca.js,ca.js,.js,4710,4.60 KB,2026-06-06 16:54:23,node_modules,node_modules\zod,4
node_modules\zod\v4\locales\cs.cjs,C:\Users\Luis\Desktop\das4navy\node_modules\zod\v4\locales\cs.cjs,cs.cjs,.cjs,5948,5.81 KB,2026-06-06 16:54:22,node_modules,node_modules\zod,4
node_modules\zod\v4\locales\cs.d.cts,C:\Users\Luis\Desktop\das4navy\node_modules\zod\v4\locales\cs.d.cts,cs.d.cts,.cts,142,142.00 B,2026-06-06 16:54:22,node_modules,node_modules\zod,4
node_modules\zod\v4\locales\cs.d.ts,C:\Users\Luis\Desktop\das4navy\node_modules\zod\v4\locales\cs.d.ts,cs.d.ts,.ts,121,121.00 B,2026-06-06 16:54:23,node_modules,node_modules\zod,4
node_modules\zod\v4\locales\cs.js,C:\Users\Luis\Desktop\das4navy\node_modules\zod\v4\locales\cs.js,cs.js,.js,4772,4.66 KB,2026-06-06 16:54:23,node_modules,node_modules\zod,4
node_modules\zod\v4\locales\da.cjs,C:\Users\Luis\Desktop\das4navy\node_modules\zod\v4\locales\da.cjs,da.cjs,.cjs,5980,5.84 KB,2026-06-06 16:54:22,node_modules,node_modules\zod,4
node_modules\zod\v4\locales\da.d.cts,C:\Users\Luis\Desktop\das4navy\node_modules\zod\v4\locales\da.d.cts,da.d.cts,.cts,142,142.00 B,2026-06-06 16:54:22,node_modules,node_modules\zod,4
node_modules\zod\v4\locales\da.d.ts,C:\Users\Luis\Desktop\das4navy\node_modules\zod\v4\locales\da.d.ts,da.d.ts,.ts,121,121.00 B,2026-06-06 16:54:23,node_modules,node_modules\zod,4
node_modules\zod\v4\locales\da.js,C:\Users\Luis\Desktop\das4navy\node_modules\zod\v4\locales\da.js,da.js,.js,4804,4.69 KB,2026-06-06 16:54:23,node_modules,node_modules\zod,4
node_modules\zod\v4\locales\de.cjs,C:\Users\Luis\Desktop\das4navy\node_modules\zod\v4\locales\de.cjs,de.cjs,.cjs,5764,5.63 KB,2026-06-06 16:54:22,node_modules,node_modules\zod,4
node_modules\zod\v4\locales\de.d.cts,C:\Users\Luis\Desktop\das4navy\node_modules\zod\v4\locales\de.d.cts,de.d.cts,.cts,142,142.00 B,2026-06-06 16:54:22,node_modules,node_modules\zod,4
node_modules\zod\v4\locales\de.d.ts,C:\Users\Luis\Desktop\das4navy\node_modules\zod\v4\locales\de.d.ts,de.d.ts,.ts,121,121.00 B,2026-06-06 16:54:23,node_modules,node_modules\zod,4
node_modules\zod\v4\locales\de.js,C:\Users\Luis\Desktop\das4navy\node_modules\zod\v4\locales\de.js,de.js,.js,4588,4.48 KB,2026-06-06 16:54:23,node_modules,node_modules\zod,4
node_modules\zod\v4\locales\el.cjs,C:\Users\Luis\Desktop\das4navy\node_modules\zod\v4\locales\el.cjs,el.cjs,.cjs,6720,6.56 KB,2026-06-06 16:54:22,node_modules,node_modules\zod,4
node_modules\zod\v4\locales\el.d.cts,C:\Users\Luis\Desktop\das4navy\node_modules\zod\v4\locales\el.d.cts,el.d.cts,.cts,142,142.00 B,2026-06-06 16:54:22,node_modules,node_modules\zod,4
node_modules\zod\v4\locales\el.d.ts,C:\Users\Luis\Desktop\das4navy\node_modules\zod\v4\locales\el.d.ts,el.d.ts,.ts,121,121.00 B,2026-06-06 16:54:23,node_modules,node_modules\zod,4
node_modules\zod\v4\locales\el.js,C:\Users\Luis\Desktop\das4navy\node_modules\zod\v4\locales\el.js,el.js,.js,5544,5.41 KB,2026-06-06 16:54:23,node_modules,node_modules\zod,4
node_modules\zod\v4\locales\en.cjs,C:\Users\Luis\Desktop\das4navy\node_modules\zod\v4\locales\en.cjs,en.cjs,.cjs,5981,5.84 KB,2026-06-06 16:54:22,node_modules,node_modules\zod,4
node_modules\zod\v4\locales\en.d.cts,C:\Users\Luis\Desktop\das4navy\node_modules\zod\v4\locales\en.d.cts,en.d.cts,.cts,142,142.00 B,2026-06-06 16:54:22,node_modules,node_modules\zod,4
node_modules\zod\v4\locales\en.d.ts,C:\Users\Luis\Desktop\das4navy\node_modules\zod\v4\locales\en.d.ts,en.d.ts,.ts,121,121.00 B,2026-06-06 16:54:23,node_modules,node_modules\zod,4
node_modules\zod\v4\locales\en.js,C:\Users\Luis\Desktop\das4navy\node_modules\zod\v4\locales\en.js,en.js,.js,4805,4.69 KB,2026-06-06 16:54:23,node_modules,node_modules\zod,4
node_modules\zod\v4\locales\eo.cjs,C:\Users\Luis\Desktop\das4navy\node_modules\zod\v4\locales\eo.cjs,eo.cjs,.cjs,5779,5.64 KB,2026-06-06 16:54:22,node_modules,node_modules\zod,4
node_modules\zod\v4\locales\eo.d.cts,C:\Users\Luis\Desktop\das4navy\node_modules\zod\v4\locales\eo.d.cts,eo.d.cts,.cts,142,142.00 B,2026-06-06 16:54:22,node_modules,node_modules\zod,4
node_modules\zod\v4\locales\eo.d.ts,C:\Users\Luis\Desktop\das4navy\node_modules\zod\v4\locales\eo.d.ts,eo.d.ts,.ts,121,121.00 B,2026-06-06 16:54:23,node_modules,node_modules\zod,4
node_modules\zod\v4\locales\eo.js,C:\Users\Luis\Desktop\das4navy\node_modules\zod\v4\locales\eo.js,eo.js,.js,4603,4.50 KB,2026-06-06 16:54:23,node_modules,node_modules\zod,4
node_modules\zod\v4\locales\es.cjs,C:\Users\Luis\Desktop\das4navy\node_modules\zod\v4\locales\es.cjs,es.cjs,.cjs,6615,6.46 KB,2026-06-06 16:54:22,node_modules,node_modules\zod,4
node_modules\zod\v4\locales\es.d.cts,C:\Users\Luis\Desktop\das4navy\node_modules\zod\v4\locales\es.d.cts,es.d.cts,.cts,142,142.00 B,2026-06-06 16:54:22,node_modules,node_modules\zod,4
node_modules\zod\v4\locales\es.d.ts,C:\Users\Luis\Desktop\das4navy\node_modules\zod\v4\locales\es.d.ts,es.d.ts,.ts,121,121.00 B,2026-06-06 16:54:23,node_modules,node_modules\zod,4
node_modules\zod\v4\locales\es.js,C:\Users\Luis\Desktop\das4navy\node_modules\zod\v4\locales\es.js,es.js,.js,5439,5.31 KB,2026-06-06 16:54:23,node_modules,node_modules\zod,4
node_modules\zod\v4\locales\fa.cjs,C:\Users\Luis\Desktop\das4navy\node_modules\zod\v4\locales\fa.cjs,fa.cjs,.cjs,6307,6.16 KB,2026-06-06 16:54:22,node_modules,node_modules\zod,4
node_modules\zod\v4\locales\fa.d.cts,C:\Users\Luis\Desktop\das4navy\node_modules\zod\v4\locales\fa.d.cts,fa.d.cts,.cts,142,142.00 B,2026-06-06 16:54:22,node_modules,node_modules\zod,4
node_modules\zod\v4\locales\fa.d.ts,C:\Users\Luis\Desktop\das4navy\node_modules\zod\v4\locales\fa.d.ts,fa.d.ts,.ts,121,121.00 B,2026-06-06 16:54:24,node_modules,node_modules\zod,4
node_modules\zod\v4\locales\fa.js,C:\Users\Luis\Desktop\das4navy\node_modules\zod\v4\locales\fa.js,fa.js,.js,5131,5.01 KB,2026-06-06 16:54:23,node_modules,node_modules\zod,4
node_modules\zod\v4\locales\fi.cjs,C:\Users\Luis\Desktop\das4navy\node_modules\zod\v4\locales\fi.cjs,fi.cjs,.cjs,5994,5.85 KB,2026-06-06 16:54:22,node_modules,node_modules\zod,4
node_modules\zod\v4\locales\fi.d.cts,C:\Users\Luis\Desktop\das4navy\node_modules\zod\v4\locales\fi.d.cts,fi.d.cts,.cts,142,142.00 B,2026-06-06 16:54:22,node_modules,node_modules\zod,4
node_modules\zod\v4\locales\fi.d.ts,C:\Users\Luis\Desktop\das4navy\node_modules\zod\v4\locales\fi.d.ts,fi.d.ts,.ts,121,121.00 B,2026-06-06 16:54:24,node_modules,node_modules\zod,4
node_modules\zod\v4\locales\fi.js,C:\Users\Luis\Desktop\das4navy\node_modules\zod\v4\locales\fi.js,fi.js,.js,4818,4.71 KB,2026-06-06 16:54:23,node_modules,node_modules\zod,4
node_modules\zod\v4\locales\fr-CA.cjs,C:\Users\Luis\Desktop\das4navy\node_modules\zod\v4\locales\fr-CA.cjs,fr-CA.cjs,.cjs,5730,5.60 KB,2026-06-06 16:54:22,node_modules,node_modules\zod,4
node_modules\zod\v4\locales\fr-CA.d.cts,C:\Users\Luis\Desktop\das4navy\node_modules\zod\v4\locales\fr-CA.d.cts,fr-CA.d.cts,.cts,142,142.00 B,2026-06-06 16:54:22,node_modules,node_modules\zod,4
node_modules\zod\v4\locales\fr-CA.d.ts,C:\Users\Luis\Desktop\das4navy\node_modules\zod\v4\locales\fr-CA.d.ts,fr-CA.d.ts,.ts,121,121.00 B,2026-06-06 16:54:24,node_modules,node_modules\zod,4
node_modules\zod\v4\locales\fr-CA.js,C:\Users\Luis\Desktop\das4navy\node_modules\zod\v4\locales\fr-CA.js,fr-CA.js,.js,4554,4.45 KB,2026-06-06 16:54:23,node_modules,node_modules\zod,4
node_modules\zod\v4\locales\fr.cjs,C:\Users\Luis\Desktop\das4navy\node_modules\zod\v4\locales\fr.cjs,fr.cjs,.cjs,6313,6.17 KB,2026-06-06 16:54:22,node_modules,node_modules\zod,4
node_modules\zod\v4\locales\fr.d.cts,C:\Users\Luis\Desktop\das4navy\node_modules\zod\v4\locales\fr.d.cts,fr.d.cts,.cts,142,142.00 B,2026-06-06 16:54:22,node_modules,node_modules\zod,4
node_modules\zod\v4\locales\fr.d.ts,C:\Users\Luis\Desktop\das4navy\node_modules\zod\v4\locales\fr.d.ts,fr.d.ts,.ts,121,121.00 B,2026-06-06 16:54:24,node_modules,node_modules\zod,4
node_modules\zod\v4\locales\fr.js,C:\Users\Luis\Desktop\das4navy\node_modules\zod\v4\locales\fr.js,fr.js,.js,5137,5.02 KB,2026-06-06 16:54:23,node_modules,node_modules\zod,4
node_modules\zod\v4\locales\he.cjs,C:\Users\Luis\Desktop\das4navy\node_modules\zod\v4\locales\he.cjs,he.cjs,.cjs,13181,12.87 KB,2026-06-06 16:54:22,node_modules,node_modules\zod,4
node_modules\zod\v4\locales\he.d.cts,C:\Users\Luis\Desktop\das4navy\node_modules\zod\v4\locales\he.d.cts,he.d.cts,.cts,142,142.00 B,2026-06-06 16:54:22,node_modules,node_modules\zod,4
node_modules\zod\v4\locales\he.d.ts,C:\Users\Luis\Desktop\das4navy\node_modules\zod\v4\locales\he.d.ts,he.d.ts,.ts,121,121.00 B,2026-06-06 16:54:24,node_modules,node_modules\zod,4
node_modules\zod\v4\locales\he.js,C:\Users\Luis\Desktop\das4navy\node_modules\zod\v4\locales\he.js,he.js,.js,12005,11.72 KB,2026-06-06 16:54:23,node_modules,node_modules\zod,4
node_modules\zod\v4\locales\hr.cjs,C:\Users\Luis\Desktop\das4navy\node_modules\zod\v4\locales\hr.cjs,hr.cjs,.cjs,6228,6.08 KB,2026-06-06 16:54:22,node_modules,node_modules\zod,4
node_modules\zod\v4\locales\hr.d.cts,C:\Users\Luis\Desktop\das4navy\node_modules\zod\v4\locales\hr.d.cts,hr.d.cts,.cts,142,142.00 B,2026-06-06 16:54:22,node_modules,node_modules\zod,4
node_modules\zod\v4\locales\hr.d.ts,C:\Users\Luis\Desktop\das4navy\node_modules\zod\v4\locales\hr.d.ts,hr.d.ts,.ts,121,121.00 B,2026-06-06 16:54:24,node_modules,node_modules\zod,4
node_modules\zod\v4\locales\hr.js,C:\Users\Luis\Desktop\das4navy\node_modules\zod\v4\locales\hr.js,hr.js,.js,5052,4.93 KB,2026-06-06 16:54:23,node_modules,node_modules\zod,4
node_modules\zod\v4\locales\hu.cjs,C:\Users\Luis\Desktop\das4navy\node_modules\zod\v4\locales\hu.cjs,hu.cjs,.cjs,5872,5.73 KB,2026-06-06 16:54:22,node_modules,node_modules\zod,4
node_modules\zod\v4\locales\hu.d.cts,C:\Users\Luis\Desktop\das4navy\node_modules\zod\v4\locales\hu.d.cts,hu.d.cts,.cts,142,142.00 B,2026-06-06 16:54:22,node_modules,node_modules\zod,4
node_modules\zod\v4\locales\hu.d.ts,C:\Users\Luis\Desktop\das4navy\node_modules\zod\v4\locales\hu.d.ts,hu.d.ts,.ts,121,121.00 B,2026-06-06 16:54:24,node_modules,node_modules\zod,4
node_modules\zod\v4\locales\hu.js,C:\Users\Luis\Desktop\das4navy\node_modules\zod\v4\locales\hu.js,hu.js,.js,4696,4.59 KB,2026-06-06 16:54:23,node_modules,node_modules\zod,4
node_modules\zod\v4\locales\hy.cjs,C:\Users\Luis\Desktop\das4navy\node_modules\zod\v4\locales\hy.cjs,hy.cjs,.cjs,7566,7.39 KB,2026-06-06 16:54:22,node_modules,node_modules\zod,4
node_modules\zod\v4\locales\hy.d.cts,C:\Users\Luis\Desktop\das4navy\node_modules\zod\v4\locales\hy.d.cts,hy.d.cts,.cts,142,142.00 B,2026-06-06 16:54:22,node_modules,node_modules\zod,4
node_modules\zod\v4\locales\hy.d.ts,C:\Users\Luis\Desktop\das4navy\node_modules\zod\v4\locales\hy.d.ts,hy.d.ts,.ts,121,121.00 B,2026-06-06 16:54:24,node_modules,node_modules\zod,4
node_modules\zod\v4\locales\hy.js,C:\Users\Luis\Desktop\das4navy\node_modules\zod\v4\locales\hy.js,hy.js,.js,6390,6.24 KB,2026-06-06 16:54:23,node_modules,node_modules\zod,4
node_modules\zod\v4\locales\id.cjs,C:\Users\Luis\Desktop\das4navy\node_modules\zod\v4\locales\id.cjs,id.cjs,.cjs,5753,5.62 KB,2026-06-06 16:54:22,node_modules,node_modules\zod,4
node_modules\zod\v4\locales\id.d.cts,C:\Users\Luis\Desktop\das4navy\node_modules\zod\v4\locales\id.d.cts,id.d.cts,.cts,142,142.00 B,2026-06-06 16:54:22,node_modules,node_modules\zod,4
node_modules\zod\v4\locales\id.d.ts,C:\Users\Luis\Desktop\das4navy\node_modules\zod\v4\locales\id.d.ts,id.d.ts,.ts,121,121.00 B,2026-06-06 16:54:24,node_modules,node_modules\zod,4
node_modules\zod\v4\locales\id.js,C:\Users\Luis\Desktop\das4navy\node_modules\zod\v4\locales\id.js,id.js,.js,4577,4.47 KB,2026-06-06 16:54:23,node_modules,node_modules\zod,4
node_modules\zod\v4\locales\index.cjs,C:\Users\Luis\Desktop\das4navy\node_modules\zod\v4\locales\index.cjs,index.cjs,.cjs,9168,8.95 KB,2026-06-06 16:54:22,node_modules,node_modules\zod,4
node_modules\zod\v4\locales\index.d.cts,C:\Users\Luis\Desktop\das4navy\node_modules\zod\v4\locales\index.d.cts,index.d.cts,.cts,2201,2.15 KB,2026-06-06 16:54:22,node_modules,node_modules\zod,4
node_modules\zod\v4\locales\index.d.ts,C:\Users\Luis\Desktop\das4navy\node_modules\zod\v4\locales\index.d.ts,index.d.ts,.ts,2149,2.10 KB,2026-06-06 16:54:24,node_modules,node_modules\zod,4
node_modules\zod\v4\locales\index.js,C:\Users\Luis\Desktop\das4navy\node_modules\zod\v4\locales\index.js,index.js,.js,2149,2.10 KB,2026-06-06 16:54:23,node_modules,node_modules\zod,4
node_modules\zod\v4\locales\is.cjs,C:\Users\Luis\Desktop\das4navy\node_modules\zod\v4\locales\is.cjs,is.cjs,.cjs,5811,5.67 KB,2026-06-06 16:54:22,node_modules,node_modules\zod,4
node_modules\zod\v4\locales\is.d.cts,C:\Users\Luis\Desktop\das4navy\node_modules\zod\v4\locales\is.d.cts,is.d.cts,.cts,142,142.00 B,2026-06-06 16:54:22,node_modules,node_modules\zod,4
node_modules\zod\v4\locales\is.d.ts,C:\Users\Luis\Desktop\das4navy\node_modules\zod\v4\locales\is.d.ts,is.d.ts,.ts,121,121.00 B,2026-06-06 16:54:24,node_modules,node_modules\zod,4
node_modules\zod\v4\locales\is.js,C:\Users\Luis\Desktop\das4navy\node_modules\zod\v4\locales\is.js,is.js,.js,4635,4.53 KB,2026-06-06 16:54:23,node_modules,node_modules\zod,4
node_modules\zod\v4\locales\it.cjs,C:\Users\Luis\Desktop\das4navy\node_modules\zod\v4\locales\it.cjs,it.cjs,.cjs,5758,5.62 KB,2026-06-06 16:54:22,node_modules,node_modules\zod,4
node_modules\zod\v4\locales\it.d.cts,C:\Users\Luis\Desktop\das4navy\node_modules\zod\v4\locales\it.d.cts,it.d.cts,.cts,142,142.00 B,2026-06-06 16:54:22,node_modules,node_modules\zod,4
node_modules\zod\v4\locales\it.d.ts,C:\Users\Luis\Desktop\das4navy\node_modules\zod\v4\locales\it.d.ts,it.d.ts,.ts,121,121.00 B,2026-06-06 16:54:24,node_modules,node_modules\zod,4
node_modules\zod\v4\locales\it.js,C:\Users\Luis\Desktop\das4navy\node_modules\zod\v4\locales\it.js,it.js,.js,4582,4.47 KB,2026-06-06 16:54:23,node_modules,node_modules\zod,4
node_modules\zod\v4\locales\ja.cjs,C:\Users\Luis\Desktop\das4navy\node_modules\zod\v4\locales\ja.cjs,ja.cjs,.cjs,6027,5.89 KB,2026-06-06 16:54:22,node_modules,node_modules\zod,4
node_modules\zod\v4\locales\ja.d.cts,C:\Users\Luis\Desktop\das4navy\node_modules\zod\v4\locales\ja.d.cts,ja.d.cts,.cts,142,142.00 B,2026-06-06 16:54:22,node_modules,node_modules\zod,4
node_modules\zod\v4\locales\ja.d.ts,C:\Users\Luis\Desktop\das4navy\node_modules\zod\v4\locales\ja.d.ts,ja.d.ts,.ts,121,121.00 B,2026-06-06 16:54:24,node_modules,node_modules\zod,4
node_modules\zod\v4\locales\ja.js,C:\Users\Luis\Desktop\das4navy\node_modules\zod\v4\locales\ja.js,ja.js,.js,4851,4.74 KB,2026-06-06 16:54:23,node_modules,node_modules\zod,4
node_modules\zod\v4\locales\ka.cjs,C:\Users\Luis\Desktop\das4navy\node_modules\zod\v4\locales\ka.cjs,ka.cjs,.cjs,7378,7.21 KB,2026-06-06 16:54:22,node_modules,node_modules\zod,4
node_modules\zod\v4\locales\ka.d.cts,C:\Users\Luis\Desktop\das4navy\node_modules\zod\v4\locales\ka.d.cts,ka.d.cts,.cts,142,142.00 B,2026-06-06 16:54:22,node_modules,node_modules\zod,4
node_modules\zod\v4\locales\ka.d.ts,C:\Users\Luis\Desktop\das4navy\node_modules\zod\v4\locales\ka.d.ts,ka.d.ts,.ts,121,121.00 B,2026-06-06 16:54:24,node_modules,node_modules\zod,4
node_modules\zod\v4\locales\ka.js,C:\Users\Luis\Desktop\das4navy\node_modules\zod\v4\locales\ka.js,ka.js,.js,6202,6.06 KB,2026-06-06 16:54:23,node_modules,node_modules\zod,4
node_modules\zod\v4\locales\kh.cjs,C:\Users\Luis\Desktop\das4navy\node_modules\zod\v4\locales\kh.cjs,kh.cjs,.cjs,430,430.00 B,2026-06-06 16:54:22,node_modules,node_modules\zod,4
node_modules\zod\v4\locales\kh.d.cts,C:\Users\Luis\Desktop\das4navy\node_modules\zod\v4\locales\kh.d.cts,kh.d.cts,.cts,142,142.00 B,2026-06-06 16:54:22,node_modules,node_modules\zod,4
node_modules\zod\v4\locales\kh.d.ts,C:\Users\Luis\Desktop\das4navy\node_modules\zod\v4\locales\kh.d.ts,kh.d.ts,.ts,158,158.00 B,2026-06-06 16:54:24,node_modules,node_modules\zod,4
node_modules\zod\v4\locales\kh.js,C:\Users\Luis\Desktop\das4navy\node_modules\zod\v4\locales\kh.js,kh.js,.js,111,111.00 B,2026-06-06 16:54:23,node_modules,node_modules\zod,4
node_modules\zod\v4\locales\km.cjs,C:\Users\Luis\Desktop\das4navy\node_modules\zod\v4\locales\km.cjs,km.cjs,.cjs,7418,7.24 KB,2026-06-06 16:54:22,node_modules,node_modules\zod,4
node_modules\zod\v4\locales\km.d.cts,C:\Users\Luis\Desktop\das4navy\node_modules\zod\v4\locales\km.d.cts,km.d.cts,.cts,142,142.00 B,2026-06-06 16:54:22,node_modules,node_modules\zod,4
node_modules\zod\v4\locales\km.d.ts,C:\Users\Luis\Desktop\das4navy\node_modules\zod\v4\locales\km.d.ts,km.d.ts,.ts,121,121.00 B,2026-06-06 16:54:24,node_modules,node_modules\zod,4
node_modules\zod\v4\locales\km.js,C:\Users\Luis\Desktop\das4navy\node_modules\zod\v4\locales\km.js,km.js,.js,6242,6.10 KB,2026-06-06 16:54:23,node_modules,node_modules\zod,4
node_modules\zod\v4\locales\ko.cjs,C:\Users\Luis\Desktop\das4navy\node_modules\zod\v4\locales\ko.cjs,ko.cjs,.cjs,6105,5.96 KB,2026-06-06 16:54:22,node_modules,node_modules\zod,4
node_modules\zod\v4\locales\ko.d.cts,C:\Users\Luis\Desktop\das4navy\node_modules\zod\v4\locales\ko.d.cts,ko.d.cts,.cts,142,142.00 B,2026-06-06 16:54:22,node_modules,node_modules\zod,4
node_modules\zod\v4\locales\ko.d.ts,C:\Users\Luis\Desktop\das4navy\node_modules\zod\v4\locales\ko.d.ts,ko.d.ts,.ts,121,121.00 B,2026-06-06 16:54:24,node_modules,node_modules\zod,4
node_modules\zod\v4\locales\ko.js,C:\Users\Luis\Desktop\das4navy\node_modules\zod\v4\locales\ko.js,ko.js,.js,4929,4.81 KB,2026-06-06 16:54:23,node_modules,node_modules\zod,4
node_modules\zod\v4\locales\lt.cjs,C:\Users\Luis\Desktop\das4navy\node_modules\zod\v4\locales\lt.cjs,lt.cjs,.cjs,9258,9.04 KB,2026-06-06 16:54:22,node_modules,node_modules\zod,4
node_modules\zod\v4\locales\lt.d.cts,C:\Users\Luis\Desktop\das4navy\node_modules\zod\v4\locales\lt.d.cts,lt.d.cts,.cts,142,142.00 B,2026-06-06 16:54:22,node_modules,node_modules\zod,4
node_modules\zod\v4\locales\lt.d.ts,C:\Users\Luis\Desktop\das4navy\node_modules\zod\v4\locales\lt.d.ts,lt.d.ts,.ts,121,121.00 B,2026-06-06 16:54:24,node_modules,node_modules\zod,4
node_modules\zod\v4\locales\lt.js,C:\Users\Luis\Desktop\das4navy\node_modules\zod\v4\locales\lt.js,lt.js,.js,8082,7.89 KB,2026-06-06 16:54:23,node_modules,node_modules\zod,4
node_modules\zod\v4\locales\mk.cjs,C:\Users\Luis\Desktop\das4navy\node_modules\zod\v4\locales\mk.cjs,mk.cjs,.cjs,6333,6.18 KB,2026-06-06 16:54:22,node_modules,node_modules\zod,4
node_modules\zod\v4\locales\mk.d.cts,C:\Users\Luis\Desktop\das4navy\node_modules\zod\v4\locales\mk.d.cts,mk.d.cts,.cts,142,142.00 B,2026-06-06 16:54:22,node_modules,node_modules\zod,4
node_modules\zod\v4\locales\mk.d.ts,C:\Users\Luis\Desktop\das4navy\node_modules\zod\v4\locales\mk.d.ts,mk.d.ts,.ts,121,121.00 B,2026-06-06 16:54:24,node_modules,node_modules\zod,4
node_modules\zod\v4\locales\mk.js,C:\Users\Luis\Desktop\das4navy\node_modules\zod\v4\locales\mk.js,mk.js,.js,5157,5.04 KB,2026-06-06 16:54:23,node_modules,node_modules\zod,4
node_modules\zod\v4\locales\ms.cjs,C:\Users\Luis\Desktop\das4navy\node_modules\zod\v4\locales\ms.cjs,ms.cjs,.cjs,5667,5.53 KB,2026-06-06 16:54:22,node_modules,node_modules\zod,4
node_modules\zod\v4\locales\ms.d.cts,C:\Users\Luis\Desktop\das4navy\node_modules\zod\v4\locales\ms.d.cts,ms.d.cts,.cts,142,142.00 B,2026-06-06 16:54:22,node_modules,node_modules\zod,4
node_modules\zod\v4\locales\ms.d.ts,C:\Users\Luis\Desktop\das4navy\node_modules\zod\v4\locales\ms.d.ts,ms.d.ts,.ts,121,121.00 B,2026-06-06 16:54:24,node_modules,node_modules\zod,4
node_modules\zod\v4\locales\ms.js,C:\Users\Luis\Desktop\das4navy\node_modules\zod\v4\locales\ms.js,ms.js,.js,4491,4.39 KB,2026-06-06 16:54:23,node_modules,node_modules\zod,4
node_modules\zod\v4\locales\nl.cjs,C:\Users\Luis\Desktop\das4navy\node_modules\zod\v4\locales\nl.cjs,nl.cjs,.cjs,5938,5.80 KB,2026-06-06 16:54:22,node_modules,node_modules\zod,4
node_modules\zod\v4\locales\nl.d.cts,C:\Users\Luis\Desktop\das4navy\node_modules\zod\v4\locales\nl.d.cts,nl.d.cts,.cts,142,142.00 B,2026-06-06 16:54:22,node_modules,node_modules\zod,4
node_modules\zod\v4\locales\nl.d.ts,C:\Users\Luis\Desktop\das4navy\node_modules\zod\v4\locales\nl.d.ts,nl.d.ts,.ts,121,121.00 B,2026-06-06 16:54:25,node_modules,node_modules\zod,4
node_modules\zod\v4\locales\nl.js,C:\Users\Luis\Desktop\das4navy\node_modules\zod\v4\locales\nl.js,nl.js,.js,4762,4.65 KB,2026-06-06 16:54:23,node_modules,node_modules\zod,4
node_modules\zod\v4\locales\no.cjs,C:\Users\Luis\Desktop\das4navy\node_modules\zod\v4\locales\no.cjs,no.cjs,.cjs,5682,5.55 KB,2026-06-06 16:54:22,node_modules,node_modules\zod,4
node_modules\zod\v4\locales\no.d.cts,C:\Users\Luis\Desktop\das4navy\node_modules\zod\v4\locales\no.d.cts,no.d.cts,.cts,142,142.00 B,2026-06-06 16:54:22,node_modules,node_modules\zod,4
node_modules\zod\v4\locales\no.d.ts,C:\Users\Luis\Desktop\das4navy\node_modules\zod\v4\locales\no.d.ts,no.d.ts,.ts,121,121.00 B,2026-06-06 16:54:25,node_modules,node_modules\zod,4
node_modules\zod\v4\locales\no.js,C:\Users\Luis\Desktop\das4navy\node_modules\zod\v4\locales\no.js,no.js,.js,4506,4.40 KB,2026-06-06 16:54:23,node_modules,node_modules\zod,4
node_modules\zod\v4\locales\ota.cjs,C:\Users\Luis\Desktop\das4navy\node_modules\zod\v4\locales\ota.cjs,ota.cjs,.cjs,5701,5.57 KB,2026-06-06 16:54:22,node_modules,node_modules\zod,4
node_modules\zod\v4\locales\ota.d.cts,C:\Users\Luis\Desktop\das4navy\node_modules\zod\v4\locales\ota.d.cts,ota.d.cts,.cts,142,142.00 B,2026-06-06 16:54:22,node_modules,node_modules\zod,4
node_modules\zod\v4\locales\ota.d.ts,C:\Users\Luis\Desktop\das4navy\node_modules\zod\v4\locales\ota.d.ts,ota.d.ts,.ts,121,121.00 B,2026-06-06 16:54:25,node_modules,node_modules\zod,4
node_modules\zod\v4\locales\ota.js,C:\Users\Luis\Desktop\das4navy\node_modules\zod\v4\locales\ota.js,ota.js,.js,4525,4.42 KB,2026-06-06 16:54:23,node_modules,node_modules\zod,4
node_modules\zod\v4\locales\package.json,C:\Users\Luis\Desktop\das4navy\node_modules\zod\v4\locales\package.json,package.json,.json,127,127.00 B,2026-06-06 16:54:23,node_modules,node_modules\zod,4
node_modules\zod\v4\locales\pl.cjs,C:\Users\Luis\Desktop\das4navy\node_modules\zod\v4\locales\pl.cjs,pl.cjs,.cjs,6142,6.00 KB,2026-06-06 16:54:22,node_modules,node_modules\zod,4
node_modules\zod\v4\locales\pl.d.cts,C:\Users\Luis\Desktop\das4navy\node_modules\zod\v4\locales\pl.d.cts,pl.d.cts,.cts,142,142.00 B,2026-06-06 16:54:22,node_modules,node_modules\zod,4
node_modules\zod\v4\locales\pl.d.ts,C:\Users\Luis\Desktop\das4navy\node_modules\zod\v4\locales\pl.d.ts,pl.d.ts,.ts,121,121.00 B,2026-06-06 16:54:25,node_modules,node_modules\zod,4
node_modules\zod\v4\locales\pl.js,C:\Users\Luis\Desktop\das4navy\node_modules\zod\v4\locales\pl.js,pl.js,.js,4966,4.85 KB,2026-06-06 16:54:23,node_modules,node_modules\zod,4
node_modules\zod\v4\locales\ps.cjs,C:\Users\Luis\Desktop\das4navy\node_modules\zod\v4\locales\ps.cjs,ps.cjs,.cjs,6085,5.94 KB,2026-06-06 16:54:22,node_modules,node_modules\zod,4
node_modules\zod\v4\locales\ps.d.cts,C:\Users\Luis\Desktop\das4navy\node_modules\zod\v4\locales\ps.d.cts,ps.d.cts,.cts,142,142.00 B,2026-06-06 16:54:22,node_modules,node_modules\zod,4
node_modules\zod\v4\locales\ps.d.ts,C:\Users\Luis\Desktop\das4navy\node_modules\zod\v4\locales\ps.d.ts,ps.d.ts,.ts,121,121.00 B,2026-06-06 16:54:25,node_modules,node_modules\zod,4
node_modules\zod\v4\locales\ps.js,C:\Users\Luis\Desktop\das4navy\node_modules\zod\v4\locales\ps.js,ps.js,.js,4909,4.79 KB,2026-06-06 16:54:23,node_modules,node_modules\zod,4
node_modules\zod\v4\locales\pt.cjs,C:\Users\Luis\Desktop\das4navy\node_modules\zod\v4\locales\pt.cjs,pt.cjs,.cjs,5744,5.61 KB,2026-06-06 16:54:22,node_modules,node_modules\zod,4
node_modules\zod\v4\locales\pt.d.cts,C:\Users\Luis\Desktop\das4navy\node_modules\zod\v4\locales\pt.d.cts,pt.d.cts,.cts,142,142.00 B,2026-06-06 16:54:22,node_modules,node_modules\zod,4
node_modules\zod\v4\locales\pt.d.ts,C:\Users\Luis\Desktop\das4navy\node_modules\zod\v4\locales\pt.d.ts,pt.d.ts,.ts,121,121.00 B,2026-06-06 16:54:25,node_modules,node_modules\zod,4
node_modules\zod\v4\locales\pt.js,C:\Users\Luis\Desktop\das4navy\node_modules\zod\v4\locales\pt.js,pt.js,.js,4568,4.46 KB,2026-06-06 16:54:23,node_modules,node_modules\zod,4
node_modules\zod\v4\locales\ro.cjs,C:\Users\Luis\Desktop\das4navy\node_modules\zod\v4\locales\ro.cjs,ro.cjs,.cjs,5950,5.81 KB,2026-06-06 16:54:22,node_modules,node_modules\zod,4
node_modules\zod\v4\locales\ro.d.cts,C:\Users\Luis\Desktop\das4navy\node_modules\zod\v4\locales\ro.d.cts,ro.d.cts,.cts,142,142.00 B,2026-06-06 16:54:22,node_modules,node_modules\zod,4
node_modules\zod\v4\locales\ro.d.ts,C:\Users\Luis\Desktop\das4navy\node_modules\zod\v4\locales\ro.d.ts,ro.d.ts,.ts,121,121.00 B,2026-06-06 16:54:25,node_modules,node_modules\zod,4
node_modules\zod\v4\locales\ro.js,C:\Users\Luis\Desktop\das4navy\node_modules\zod\v4\locales\ro.js,ro.js,.js,4774,4.66 KB,2026-06-06 16:54:23,node_modules,node_modules\zod,4
node_modules\zod\v4\locales\ru.cjs,C:\Users\Luis\Desktop\das4navy\node_modules\zod\v4\locales\ru.cjs,ru.cjs,.cjs,7890,7.71 KB,2026-06-06 16:54:22,node_modules,node_modules\zod,4
node_modules\zod\v4\locales\ru.d.cts,C:\Users\Luis\Desktop\das4navy\node_modules\zod\v4\locales\ru.d.cts,ru.d.cts,.cts,142,142.00 B,2026-06-06 16:54:22,node_modules,node_modules\zod,4
node_modules\zod\v4\locales\ru.d.ts,C:\Users\Luis\Desktop\das4navy\node_modules\zod\v4\locales\ru.d.ts,ru.d.ts,.ts,121,121.00 B,2026-06-06 16:54:25,node_modules,node_modules\zod,4
node_modules\zod\v4\locales\ru.js,C:\Users\Luis\Desktop\das4navy\node_modules\zod\v4\locales\ru.js,ru.js,.js,6714,6.56 KB,2026-06-06 16:54:23,node_modules,node_modules\zod,4
node_modules\zod\v4\locales\sl.cjs,C:\Users\Luis\Desktop\das4navy\node_modules\zod\v4\locales\sl.cjs,sl.cjs,.cjs,5743,5.61 KB,2026-06-06 16:54:22,node_modules,node_modules\zod,4
node_modules\zod\v4\locales\sl.d.cts,C:\Users\Luis\Desktop\das4navy\node_modules\zod\v4\locales\sl.d.cts,sl.d.cts,.cts,142,142.00 B,2026-06-06 16:54:22,node_modules,node_modules\zod,4
node_modules\zod\v4\locales\sl.d.ts,C:\Users\Luis\Desktop\das4navy\node_modules\zod\v4\locales\sl.d.ts,sl.d.ts,.ts,121,121.00 B,2026-06-06 16:54:25,node_modules,node_modules\zod,4
node_modules\zod\v4\locales\sl.js,C:\Users\Luis\Desktop\das4navy\node_modules\zod\v4\locales\sl.js,sl.js,.js,4567,4.46 KB,2026-06-06 16:54:23,node_modules,node_modules\zod,4
node_modules\zod\v4\locales\sv.cjs,C:\Users\Luis\Desktop\das4navy\node_modules\zod\v4\locales\sv.cjs,sv.cjs,.cjs,5839,5.70 KB,2026-06-06 16:54:22,node_modules,node_modules\zod,4
node_modules\zod\v4\locales\sv.d.cts,C:\Users\Luis\Desktop\das4navy\node_modules\zod\v4\locales\sv.d.cts,sv.d.cts,.cts,142,142.00 B,2026-06-06 16:54:23,node_modules,node_modules\zod,4
node_modules\zod\v4\locales\sv.d.ts,C:\Users\Luis\Desktop\das4navy\node_modules\zod\v4\locales\sv.d.ts,sv.d.ts,.ts,121,121.00 B,2026-06-06 16:54:25,node_modules,node_modules\zod,4
node_modules\zod\v4\locales\sv.js,C:\Users\Luis\Desktop\das4navy\node_modules\zod\v4\locales\sv.js,sv.js,.js,4663,4.55 KB,2026-06-06 16:54:23,node_modules,node_modules\zod,4
node_modules\zod\v4\locales\ta.cjs,C:\Users\Luis\Desktop\das4navy\node_modules\zod\v4\locales\ta.cjs,ta.cjs,.cjs,7545,7.37 KB,2026-06-06 16:54:22,node_modules,node_modules\zod,4
node_modules\zod\v4\locales\ta.d.cts,C:\Users\Luis\Desktop\das4navy\node_modules\zod\v4\locales\ta.d.cts,ta.d.cts,.cts,142,142.00 B,2026-06-06 16:54:23,node_modules,node_modules\zod,4
node_modules\zod\v4\locales\ta.d.ts,C:\Users\Luis\Desktop\das4navy\node_modules\zod\v4\locales\ta.d.ts,ta.d.ts,.ts,121,121.00 B,2026-06-06 16:54:25,node_modules,node_modules\zod,4
node_modules\zod\v4\locales\ta.js,C:\Users\Luis\Desktop\das4navy\node_modules\zod\v4\locales\ta.js,ta.js,.js,6369,6.22 KB,2026-06-06 16:54:23,node_modules,node_modules\zod,4
node_modules\zod\v4\locales\th.cjs,C:\Users\Luis\Desktop\das4navy\node_modules\zod\v4\locales\th.cjs,th.cjs,.cjs,7466,7.29 KB,2026-06-06 16:54:22,node_modules,node_modules\zod,4
node_modules\zod\v4\locales\th.d.cts,C:\Users\Luis\Desktop\das4navy\node_modules\zod\v4\locales\th.d.cts,th.d.cts,.cts,142,142.00 B,2026-06-06 16:54:23,node_modules,node_modules\zod,4
node_modules\zod\v4\locales\th.d.ts,C:\Users\Luis\Desktop\das4navy\node_modules\zod\v4\locales\th.d.ts,th.d.ts,.ts,121,121.00 B,2026-06-06 16:54:25,node_modules,node_modules\zod,4
node_modules\zod\v4\locales\th.js,C:\Users\Luis\Desktop\das4navy\node_modules\zod\v4\locales\th.js,th.js,.js,6290,6.14 KB,2026-06-06 16:54:23,node_modules,node_modules\zod,4
node_modules\zod\v4\locales\tr.cjs,C:\Users\Luis\Desktop\das4navy\node_modules\zod\v4\locales\tr.cjs,tr.cjs,.cjs,5630,5.50 KB,2026-06-06 16:54:22,node_modules,node_modules\zod,4
node_modules\zod\v4\locales\tr.d.cts,C:\Users\Luis\Desktop\das4navy\node_modules\zod\v4\locales\tr.d.cts,tr.d.cts,.cts,142,142.00 B,2026-06-06 16:54:23,node_modules,node_modules\zod,4
node_modules\zod\v4\locales\tr.d.ts,C:\Users\Luis\Desktop\das4navy\node_modules\zod\v4\locales\tr.d.ts,tr.d.ts,.ts,121,121.00 B,2026-06-06 16:54:25,node_modules,node_modules\zod,4
node_modules\zod\v4\locales\tr.js,C:\Users\Luis\Desktop\das4navy\node_modules\zod\v4\locales\tr.js,tr.js,.js,4454,4.35 KB,2026-06-06 16:54:23,node_modules,node_modules\zod,4
node_modules\zod\v4\locales\ua.cjs,C:\Users\Luis\Desktop\das4navy\node_modules\zod\v4\locales\ua.cjs,ua.cjs,.cjs,430,430.00 B,2026-06-06 16:54:22,node_modules,node_modules\zod,4
node_modules\zod\v4\locales\ua.d.cts,C:\Users\Luis\Desktop\das4navy\node_modules\zod\v4\locales\ua.d.cts,ua.d.cts,.cts,142,142.00 B,2026-06-06 16:54:23,node_modules,node_modules\zod,4
node_modules\zod\v4\locales\ua.d.ts,C:\Users\Luis\Desktop\das4navy\node_modules\zod\v4\locales\ua.d.ts,ua.d.ts,.ts,158,158.00 B,2026-06-06 16:54:25,node_modules,node_modules\zod,4
node_modules\zod\v4\locales\ua.js,C:\Users\Luis\Desktop\das4navy\node_modules\zod\v4\locales\ua.js,ua.js,.js,111,111.00 B,2026-06-06 16:54:23,node_modules,node_modules\zod,4
node_modules\zod\v4\locales\uk.cjs,C:\Users\Luis\Desktop\das4navy\node_modules\zod\v4\locales\uk.cjs,uk.cjs,.cjs,6606,6.45 KB,2026-06-06 16:54:22,node_modules,node_modules\zod,4
node_modules\zod\v4\locales\uk.d.cts,C:\Users\Luis\Desktop\das4navy\node_modules\zod\v4\locales\uk.d.cts,uk.d.cts,.cts,142,142.00 B,2026-06-06 16:54:23,node_modules,node_modules\zod,4
node_modules\zod\v4\locales\uk.d.ts,C:\Users\Luis\Desktop\das4navy\node_modules\zod\v4\locales\uk.d.ts,uk.d.ts,.ts,121,121.00 B,2026-06-06 16:54:25,node_modules,node_modules\zod,4
node_modules\zod\v4\locales\uk.js,C:\Users\Luis\Desktop\das4navy\node_modules\zod\v4\locales\uk.js,uk.js,.js,5430,5.30 KB,2026-06-06 16:54:23,node_modules,node_modules\zod,4
node_modules\zod\v4\locales\ur.cjs,C:\Users\Luis\Desktop\das4navy\node_modules\zod\v4\locales\ur.cjs,ur.cjs,.cjs,6447,6.30 KB,2026-06-06 16:54:22,node_modules,node_modules\zod,4
node_modules\zod\v4\locales\ur.d.cts,C:\Users\Luis\Desktop\das4navy\node_modules\zod\v4\locales\ur.d.cts,ur.d.cts,.cts,142,142.00 B,2026-06-06 16:54:23,node_modules,node_modules\zod,4
node_modules\zod\v4\locales\ur.d.ts,C:\Users\Luis\Desktop\das4navy\node_modules\zod\v4\locales\ur.d.ts,ur.d.ts,.ts,121,121.00 B,2026-06-06 16:54:25,node_modules,node_modules\zod,4
node_modules\zod\v4\locales\ur.js,C:\Users\Luis\Desktop\das4navy\node_modules\zod\v4\locales\ur.js,ur.js,.js,5271,5.15 KB,2026-06-06 16:54:23,node_modules,node_modules\zod,4
node_modules\zod\v4\locales\uz.cjs,C:\Users\Luis\Desktop\das4navy\node_modules\zod\v4\locales\uz.cjs,uz.cjs,.cjs,5915,5.78 KB,2026-06-06 16:54:22,node_modules,node_modules\zod,4
node_modules\zod\v4\locales\uz.d.cts,C:\Users\Luis\Desktop\das4navy\node_modules\zod\v4\locales\uz.d.cts,uz.d.cts,.cts,142,142.00 B,2026-06-06 16:54:23,node_modules,node_modules\zod,4
node_modules\zod\v4\locales\uz.d.ts,C:\Users\Luis\Desktop\das4navy\node_modules\zod\v4\locales\uz.d.ts,uz.d.ts,.ts,121,121.00 B,2026-06-06 16:54:25,node_modules,node_modules\zod,4
node_modules\zod\v4\locales\uz.js,C:\Users\Luis\Desktop\das4navy\node_modules\zod\v4\locales\uz.js,uz.js,.js,4739,4.63 KB,2026-06-06 16:54:23,node_modules,node_modules\zod,4
node_modules\zod\v4\locales\vi.cjs,C:\Users\Luis\Desktop\das4navy\node_modules\zod\v4\locales\vi.cjs,vi.cjs,.cjs,5948,5.81 KB,2026-06-06 16:54:22,node_modules,node_modules\zod,4
node_modules\zod\v4\locales\vi.d.cts,C:\Users\Luis\Desktop\das4navy\node_modules\zod\v4\locales\vi.d.cts,vi.d.cts,.cts,142,142.00 B,2026-06-06 16:54:23,node_modules,node_modules\zod,4
node_modules\zod\v4\locales\vi.d.ts,C:\Users\Luis\Desktop\das4navy\node_modules\zod\v4\locales\vi.d.ts,vi.d.ts,.ts,121,121.00 B,2026-06-06 16:54:25,node_modules,node_modules\zod,4
node_modules\zod\v4\locales\vi.js,C:\Users\Luis\Desktop\das4navy\node_modules\zod\v4\locales\vi.js,vi.js,.js,4772,4.66 KB,2026-06-06 16:54:23,node_modules,node_modules\zod,4
node_modules\zod\v4\locales\yo.cjs,C:\Users\Luis\Desktop\das4navy\node_modules\zod\v4\locales\yo.cjs,yo.cjs,.cjs,5841,5.70 KB,2026-06-06 16:54:22,node_modules,node_modules\zod,4
node_modules\zod\v4\locales\yo.d.cts,C:\Users\Luis\Desktop\das4navy\node_modules\zod\v4\locales\yo.d.cts,yo.d.cts,.cts,142,142.00 B,2026-06-06 16:54:23,node_modules,node_modules\zod,4
node_modules\zod\v4\locales\yo.d.ts,C:\Users\Luis\Desktop\das4navy\node_modules\zod\v4\locales\yo.d.ts,yo.d.ts,.ts,121,121.00 B,2026-06-06 16:54:25,node_modules,node_modules\zod,4
node_modules\zod\v4\locales\yo.js,C:\Users\Luis\Desktop\das4navy\node_modules\zod\v4\locales\yo.js,yo.js,.js,4665,4.56 KB,2026-06-06 16:54:23,node_modules,node_modules\zod,4
node_modules\zod\v4\locales\zh-CN.cjs,C:\Users\Luis\Desktop\das4navy\node_modules\zod\v4\locales\zh-CN.cjs,zh-CN.cjs,.cjs,5628,5.50 KB,2026-06-06 16:54:22,node_modules,node_modules\zod,4
node_modules\zod\v4\locales\zh-CN.d.cts,C:\Users\Luis\Desktop\das4navy\node_modules\zod\v4\locales\zh-CN.d.cts,zh-CN.d.cts,.cts,142,142.00 B,2026-06-06 16:54:23,node_modules,node_modules\zod,4
node_modules\zod\v4\locales\zh-CN.d.ts,C:\Users\Luis\Desktop\das4navy\node_modules\zod\v4\locales\zh-CN.d.ts,zh-CN.d.ts,.ts,121,121.00 B,2026-06-06 16:54:25,node_modules,node_modules\zod,4
node_modules\zod\v4\locales\zh-CN.js,C:\Users\Luis\Desktop\das4navy\node_modules\zod\v4\locales\zh-CN.js,zh-CN.js,.js,4452,4.35 KB,2026-06-06 16:54:23,node_modules,node_modules\zod,4
node_modules\zod\v4\locales\zh-TW.cjs,C:\Users\Luis\Desktop\das4navy\node_modules\zod\v4\locales\zh-TW.cjs,zh-TW.cjs,.cjs,5674,5.54 KB,2026-06-06 16:54:22,node_modules,node_modules\zod,4
node_modules\zod\v4\locales\zh-TW.d.cts,C:\Users\Luis\Desktop\das4navy\node_modules\zod\v4\locales\zh-TW.d.cts,zh-TW.d.cts,.cts,142,142.00 B,2026-06-06 16:54:23,node_modules,node_modules\zod,4
node_modules\zod\v4\locales\zh-TW.d.ts,C:\Users\Luis\Desktop\das4navy\node_modules\zod\v4\locales\zh-TW.d.ts,zh-TW.d.ts,.ts,121,121.00 B,2026-06-06 16:54:25,node_modules,node_modules\zod,4
node_modules\zod\v4\locales\zh-TW.js,C:\Users\Luis\Desktop\das4navy\node_modules\zod\v4\locales\zh-TW.js,zh-TW.js,.js,4498,4.39 KB,2026-06-06 16:54:23,node_modules,node_modules\zod,4
node_modules\zod\v4\mini\checks.cjs,C:\Users\Luis\Desktop\das4navy\node_modules\zod\v4\mini\checks.cjs,checks.cjs,.cjs,4141,4.04 KB,2026-06-06 16:54:21,node_modules,node_modules\zod,4
node_modules\zod\v4\mini\checks.d.cts,C:\Users\Luis\Desktop\das4navy\node_modules\zod\v4\mini\checks.d.cts,checks.d.cts,.cts,677,677.00 B,2026-06-06 16:54:22,node_modules,node_modules\zod,4
node_modules\zod\v4\mini\checks.d.ts,C:\Users\Luis\Desktop\das4navy\node_modules\zod\v4\mini\checks.d.ts,checks.d.ts,.ts,676,676.00 B,2026-06-06 16:54:23,node_modules,node_modules\zod,4
node_modules\zod\v4\mini\checks.js,C:\Users\Luis\Desktop\das4navy\node_modules\zod\v4\mini\checks.js,checks.js,.js,676,676.00 B,2026-06-06 16:54:23,node_modules,node_modules\zod,4
node_modules\zod\v4\mini\coerce.cjs,C:\Users\Luis\Desktop\das4navy\node_modules\zod\v4\mini\coerce.cjs,coerce.cjs,.cjs,1912,1.87 KB,2026-06-06 16:54:21,node_modules,node_modules\zod,4
node_modules\zod\v4\mini\coerce.d.cts,C:\Users\Luis\Desktop\das4navy\node_modules\zod\v4\mini\coerce.d.cts,coerce.d.cts,.cts,642,642.00 B,2026-06-06 16:54:22,node_modules,node_modules\zod,4
node_modules\zod\v4\mini\coerce.d.ts,C:\Users\Luis\Desktop\das4navy\node_modules\zod\v4\mini\coerce.d.ts,coerce.d.ts,.ts,640,640.00 B,2026-06-06 16:54:23,node_modules,node_modules\zod,4
node_modules\zod\v4\mini\coerce.js,C:\Users\Luis\Desktop\das4navy\node_modules\zod\v4\mini\coerce.js,coerce.js,.js,690,690.00 B,2026-06-06 16:54:23,node_modules,node_modules\zod,4
node_modules\zod\v4\mini\external.cjs,C:\Users\Luis\Desktop\das4navy\node_modules\zod\v4\mini\external.cjs,external.cjs,.cjs,4860,4.75 KB,2026-06-06 16:54:22,node_modules,node_modules\zod,4
node_modules\zod\v4\mini\external.d.cts,C:\Users\Luis\Desktop\das4navy\node_modules\zod\v4\mini\external.d.cts,external.d.cts,.cts,777,777.00 B,2026-06-06 16:54:22,node_modules,node_modules\zod,4
node_modules\zod\v4\mini\external.d.ts,C:\Users\Luis\Desktop\das4navy\node_modules\zod\v4\mini\external.d.ts,external.d.ts,.ts,765,765.00 B,2026-06-06 16:54:24,node_modules,node_modules\zod,4
node_modules\zod\v4\mini\external.js,C:\Users\Luis\Desktop\das4navy\node_modules\zod\v4\mini\external.js,external.js,.js,708,708.00 B,2026-06-06 16:54:23,node_modules,node_modules\zod,4
node_modules\zod\v4\mini\index.cjs,C:\Users\Luis\Desktop\das4navy\node_modules\zod\v4\mini\index.cjs,index.cjs,.cjs,1443,1.41 KB,2026-06-06 16:54:22,node_modules,node_modules\zod,4
node_modules\zod\v4\mini\index.d.cts,C:\Users\Luis\Desktop\das4navy\node_modules\zod\v4\mini\index.d.cts,index.d.cts,.cts,83,83.00 B,2026-06-06 16:54:22,node_modules,node_modules\zod,4
node_modules\zod\v4\mini\index.d.ts,C:\Users\Luis\Desktop\das4navy\node_modules\zod\v4\mini\index.d.ts,index.d.ts,.ts,81,81.00 B,2026-06-06 16:54:24,node_modules,node_modules\zod,4
node_modules\zod\v4\mini\index.js,C:\Users\Luis\Desktop\das4navy\node_modules\zod\v4\mini\index.js,index.js,.js,81,81.00 B,2026-06-06 16:54:23,node_modules,node_modules\zod,4
node_modules\zod\v4\mini\iso.cjs,C:\Users\Luis\Desktop\das4navy\node_modules\zod\v4\mini\iso.cjs,iso.cjs,.cjs,2589,2.53 KB,2026-06-06 16:54:22,node_modules,node_modules\zod,4
node_modules\zod\v4\mini\iso.d.cts,C:\Users\Luis\Desktop\das4navy\node_modules\zod\v4\mini\iso.d.cts,iso.d.cts,.cts,1257,1.23 KB,2026-06-06 16:54:22,node_modules,node_modules\zod,4
node_modules\zod\v4\mini\iso.d.ts,C:\Users\Luis\Desktop\das4navy\node_modules\zod\v4\mini\iso.d.ts,iso.d.ts,.ts,1255,1.23 KB,2026-06-06 16:54:24,node_modules,node_modules\zod,4
node_modules\zod\v4\mini\iso.js,C:\Users\Luis\Desktop\das4navy\node_modules\zod\v4\mini\iso.js,iso.js,.js,1311,1.28 KB,2026-06-06 16:54:23,node_modules,node_modules\zod,4
node_modules\zod\v4\mini\package.json,C:\Users\Luis\Desktop\das4navy\node_modules\zod\v4\mini\package.json,package.json,.json,127,127.00 B,2026-06-06 16:54:23,node_modules,node_modules\zod,4
node_modules\zod\v4\mini\parse.cjs,C:\Users\Luis\Desktop\das4navy\node_modules\zod\v4\mini\parse.cjs,parse.cjs,.cjs,1830,1.79 KB,2026-06-06 16:54:22,node_modules,node_modules\zod,4
node_modules\zod\v4\mini\parse.d.cts,C:\Users\Luis\Desktop\das4navy\node_modules\zod\v4\mini\parse.d.cts,parse.d.cts,.cts,183,183.00 B,2026-06-06 16:54:22,node_modules,node_modules\zod,4
node_modules\zod\v4\mini\parse.d.ts,C:\Users\Luis\Desktop\das4navy\node_modules\zod\v4\mini\parse.d.ts,parse.d.ts,.ts,182,182.00 B,2026-06-06 16:54:25,node_modules,node_modules\zod,4
node_modules\zod\v4\mini\parse.js,C:\Users\Luis\Desktop\das4navy\node_modules\zod\v4\mini\parse.js,parse.js,.js,182,182.00 B,2026-06-06 16:54:23,node_modules,node_modules\zod,4
node_modules\zod\v4\mini\schemas.cjs,C:\Users\Luis\Desktop\das4navy\node_modules\zod\v4\mini\schemas.cjs,schemas.cjs,.cjs,35504,34.67 KB,2026-06-06 16:54:22,node_modules,node_modules\zod,4
node_modules\zod\v4\mini\schemas.d.cts,C:\Users\Luis\Desktop\das4navy\node_modules\zod\v4\mini\schemas.d.cts,schemas.d.cts,.cts,32719,31.95 KB,2026-06-06 16:54:22,node_modules,node_modules\zod,4
node_modules\zod\v4\mini\schemas.d.ts,C:\Users\Luis\Desktop\das4navy\node_modules\zod\v4\mini\schemas.d.ts,schemas.d.ts,.ts,32717,31.95 KB,2026-06-06 16:54:25,node_modules,node_modules\zod,4
node_modules\zod\v4\mini\schemas.js,C:\Users\Luis\Desktop\das4navy\node_modules\zod\v4\mini\schemas.js,schemas.js,.js,30860,30.14 KB,2026-06-06 16:54:23,node_modules,node_modules\zod,4
node_modules\zod\v4\package.json,C:\Users\Luis\Desktop\das4navy\node_modules\zod\v4\package.json,package.json,.json,127,127.00 B,2026-06-06 16:54:23,node_modules,node_modules\zod,3
public\favicon.svg,C:\Users\Luis\Desktop\das4navy\public\favicon.svg,favicon.svg,.svg,9522,9.30 KB,2026-05-25 21:11:50,public,public,1
public\icons.svg,C:\Users\Luis\Desktop\das4navy\public\icons.svg,icons.svg,.svg,5031,4.91 KB,2026-05-25 21:11:50,public,public,1
src\App.css,C:\Users\Luis\Desktop\das4navy\src\App.css,App.css,.css,1910,1.87 KB,2026-06-06 17:15:01,src,src,1
src\App.jsx,C:\Users\Luis\Desktop\das4navy\src\App.jsx,App.jsx,.jsx,10284,10.04 KB,2026-06-06 17:14:57,src,src,1
src\assets\hero.png,C:\Users\Luis\Desktop\das4navy\src\assets\hero.png,hero.png,.png,13057,12.75 KB,2026-05-25 21:11:50,src,src\assets,2
src\assets\react.svg,C:\Users\Luis\Desktop\das4navy\src\assets\react.svg,react.svg,.svg,4126,4.03 KB,2026-05-25 21:11:50,src,src\assets,2
src\assets\vite.svg,C:\Users\Luis\Desktop\das4navy\src\assets\vite.svg,vite.svg,.svg,8709,8.50 KB,2026-05-25 21:11:50,src,src\assets,2
src\index.css,C:\Users\Luis\Desktop\das4navy\src\index.css,index.css,.css,2169,2.12 KB,2026-05-25 21:11:49,src,src,1
src\main.jsx,C:\Users\Luis\Desktop\das4navy\src\main.jsx,main.jsx,.jsx,241,241.00 B,2026-06-06 16:55:35,src,src,1
