path,filename,modified_time,time_col,lat_col,lon_col,channel_col,channel_min,channel_max,cable_col,cable_values,n_rows_window,n_matched_ais,csv_time_min,csv_time_max,median_km,mean_km,p90_km,min_km
D:\DAS\_ship_position_estimation_from_das_noais_3d\run_20260618_140657\tables\ais_groundtruth_raw.csv,ais_groundtruth_raw.csv,2026-06-18 17:48:20,time_utc,ais_lat,ais_lon,,,,,,3,3,2021-11-01 17:48:45+00:00,2021-11-01 18:12:04+00:00,0.0,0.0,0.0,0.0
D:\DAS\_ship_position_estimation_from_das_noais_3d\run_20260618_140657\tables\ais_groundtruth_raw.csv,ais_groundtruth_raw.csv,2026-06-18 17:48:20,time_utc,ais_lat,ais_lon,,,,,,3,3,2021-11-01 17:48:45+00:00,2021-11-01 18:12:04+00:00,0.0,0.0,0.0,0.0
D:\DAS\_ship_position_estimation_from_das_noais_3d\run_20260618_140657\tables\ais_groundtruth_raw.csv,ais_groundtruth_raw.csv,2026-06-18 17:48:20,time_utc,ais_lat,ais_lon,,,,,,3,3,2021-11-01 17:48:45+00:00,2021-11-01 18:12:04+00:00,0.0,0.0,0.0,0.0
D:\DAS\_ship_position_estimation_from_das_noais_3d\run_20260618_124039\tables\ais_groundtruth_raw.csv,ais_groundtruth_raw.csv,2026-06-18 16:23:28,time_utc,ais_lat,ais_lon,,,,,,3,3,2021-11-01 17:48:45+00:00,2021-11-01 18:12:04+00:00,0.0,0.0,0.0,0.0
D:\DAS\_ship_position_estimation_from_das_noais_3d\run_20260618_124039\tables\ais_groundtruth_raw.csv,ais_groundtruth_raw.csv,2026-06-18 16:23:28,time_utc,ais_lat,ais_lon,,,,,,3,3,2021-11-01 17:48:45+00:00,2021-11-01 18:12:04+00:00,0.0,0.0,0.0,0.0
D:\DAS\_ship_position_estimation_from_das_noais_3d\run_20260618_124039\tables\ais_groundtruth_raw.csv,ais_groundtruth_raw.csv,2026-06-18 16:23:28,time_utc,ais_lat,ais_lon,,,,,,3,3,2021-11-01 17:48:45+00:00,2021-11-01 18:12:04+00:00,0.0,0.0,0.0,0.0
D:\DAS\_ship_position_estimation_from_das\trajectory_cache\2021-11-01\mmsi_366959080.csv,mmsi_366959080.csv,2026-06-12 10:24:20,time_utc,lat,lon,,,,,,3,3,2021-11-01 17:48:45+00:00,2021-11-01 18:12:04+00:00,0.0,0.0,0.0,0.0
D:\DAS\_ship_position_estimation_from_das\trajectory_cache\2021-11-01\mmsi_366959080.csv,mmsi_366959080.csv,2026-06-12 10:24:20,time_utc,lat,lon,,,,,,3,3,2021-11-01 17:48:45+00:00,2021-11-01 18:12:04+00:00,0.0,0.0,0.0,0.0
D:\DAS\_ship_position_estimation_from_das\run_20260612_072332\tables\estimate_vs_groundtruth_joined.csv,estimate_vs_groundtruth_joined.csv,2026-06-12 14:30:58,time_utc,ais_lat,ais_lon,est_channel,19489.0,20231.0,est_cable,south,9110,9110,2021-11-01 17:48:00.339000+00:00,2021-11-01 18:12:48.839000+00:00,0.09705836665874396,0.11710299276511724,0.2599049814606376,0.0
D:\DAS\_ship_position_estimation_from_das\run_20260621_104743\tables\groundtruth_ais_projected_to_das.csv,groundtruth_ais_projected_to_das.csv,2026-06-21 13:49:50,time_utc,ais_lat,ais_lon,gt_channel,13952.0,14219.0,gt_cable,south,49,49,2021-11-01 17:48:45+00:00,2021-11-01 18:12:04+00:00,0.09705836665874396,0.11832393552621055,0.25066013318732155,0.0
D:\DAS\_ship_position_estimation_from_das\run_20260621_104743\tables\groundtruth_ais_projected_to_das.csv,groundtruth_ais_projected_to_das.csv,2026-06-21 13:49:50,time_utc,ais_lat,ais_lon,gt_channel,13952.0,14219.0,gt_cable,south,49,49,2021-11-01 17:48:45+00:00,2021-11-01 18:12:04+00:00,0.09705836665874396,0.11832393552621055,0.25066013318732155,0.0
D:\DAS\_ship_position_estimation_from_das\run_20260621_104743\tables\groundtruth_ais_projected_to_das.csv,groundtruth_ais_projected_to_das.csv,2026-06-21 13:49:50,time_utc,ais_lat,ais_lon,gt_channel,13952.0,14219.0,gt_cable,south,49,49,2021-11-01 17:48:45+00:00,2021-11-01 18:12:04+00:00,0.09705836665874396,0.11832393552621055,0.25066013318732155,0.0
D:\DAS\_ship_position_estimation_from_das\run_20260619_114653\tables\groundtruth_ais_projected_to_das.csv,groundtruth_ais_projected_to_das.csv,2026-06-19 14:48:50,time_utc,ais_lat,ais_lon,gt_channel,13952.0,14219.0,gt_cable,south,49,49,2021-11-01 17:48:45+00:00,2021-11-01 18:12:04+00:00,0.09705836665874396,0.11832393552621055,0.25066013318732155,0.0
D:\DAS\_ship_position_estimation_from_das\run_20260619_114653\tables\groundtruth_ais_projected_to_das.csv,groundtruth_ais_projected_to_das.csv,2026-06-19 14:48:50,time_utc,ais_lat,ais_lon,gt_channel,13952.0,14219.0,gt_cable,south,49,49,2021-11-01 17:48:45+00:00,2021-11-01 18:12:04+00:00,0.09705836665874396,0.11832393552621055,0.25066013318732155,0.0
D:\DAS\_ship_position_estimation_from_das\run_20260619_114653\tables\groundtruth_ais_projected_to_das.csv,groundtruth_ais_projected_to_das.csv,2026-06-19 14:48:50,time_utc,ais_lat,ais_lon,gt_channel,13952.0,14219.0,gt_cable,south,49,49,2021-11-01 17:48:45+00:00,2021-11-01 18:12:04+00:00,0.09705836665874396,0.11832393552621055,0.25066013318732155,0.0
D:\DAS\_ship_position_estimation_from_das\run_20260618_165041\tables\groundtruth_ais_projected_to_das.csv,groundtruth_ais_projected_to_das.csv,2026-06-18 19:52:36,time_utc,ais_lat,ais_lon,gt_channel,13952.0,14219.0,gt_cable,south,49,49,2021-11-01 17:48:45+00:00,2021-11-01 18:12:04+00:00,0.09705836665874396,0.11832393552621055,0.25066013318732155,0.0
D:\DAS\_ship_position_estimation_from_das\run_20260618_165041\tables\groundtruth_ais_projected_to_das.csv,groundtruth_ais_projected_to_das.csv,2026-06-18 19:52:36,time_utc,ais_lat,ais_lon,gt_channel,13952.0,14219.0,gt_cable,south,49,49,2021-11-01 17:48:45+00:00,2021-11-01 18:12:04+00:00,0.09705836665874396,0.11832393552621055,0.25066013318732155,0.0
D:\DAS\_ship_position_estimation_from_das\run_20260618_165041\tables\groundtruth_ais_projected_to_das.csv,groundtruth_ais_projected_to_das.csv,2026-06-18 19:52:36,time_utc,ais_lat,ais_lon,gt_channel,13952.0,14219.0,gt_cable,south,49,49,2021-11-01 17:48:45+00:00,2021-11-01 18:12:04+00:00,0.09705836665874396,0.11832393552621055,0.25066013318732155,0.0
D:\DAS\_ship_position_estimation_from_das\run_20260618_120347\tables\groundtruth_ais_projected_to_das.csv,groundtruth_ais_projected_to_das.csv,2026-06-18 15:04:06,time_utc,ais_lat,ais_lon,gt_channel,13949.0,14219.0,gt_cable,south,49,49,2021-11-01 17:48:45+00:00,2021-11-01 18:12:04+00:00,0.09705836665874396,0.11832393552621055,0.25066013318732155,0.0
D:\DAS\_ship_position_estimation_from_das\run_20260618_120347\tables\groundtruth_ais_projected_to_das.csv,groundtruth_ais_projected_to_das.csv,2026-06-18 15:04:06,time_utc,ais_lat,ais_lon,gt_channel,13949.0,14219.0,gt_cable,south,49,49,2021-11-01 17:48:45+00:00,2021-11-01 18:12:04+00:00,0.09705836665874396,0.11832393552621055,0.25066013318732155,0.0
D:\DAS\_ship_position_estimation_from_das\run_20260618_120347\tables\groundtruth_ais_projected_to_das.csv,groundtruth_ais_projected_to_das.csv,2026-06-18 15:04:06,time_utc,ais_lat,ais_lon,gt_channel,13949.0,14219.0,gt_cable,south,49,49,2021-11-01 17:48:45+00:00,2021-11-01 18:12:04+00:00,0.09705836665874396,0.11832393552621055,0.25066013318732155,0.0
D:\DAS\_ship_position_estimation_from_das_noais\run_20260613_222353\tables\ais_groundtruth_for_evaluation_only.csv,ais_groundtruth_for_evaluation_only.csv,2026-06-14 02:16:48,time_utc,ais_lat,ais_lon,,,,,,49,49,2021-11-01 17:48:45+00:00,2021-11-01 18:12:04+00:00,0.09705836665874396,0.11832393552621055,0.25066013318732155,0.0
D:\DAS\_ship_position_estimation_from_das_noais\run_20260613_222353\tables\ais_groundtruth_for_evaluation_only.csv,ais_groundtruth_for_evaluation_only.csv,2026-06-14 02:16:48,time_utc,ais_lat,ais_lon,,,,,,49,49,2021-11-01 17:48:45+00:00,2021-11-01 18:12:04+00:00,0.09705836665874396,0.11832393552621055,0.25066013318732155,0.0
D:\DAS\_ship_position_estimation_from_das_noais\run_20260613_222353\tables\ais_groundtruth_for_evaluation_only.csv,ais_groundtruth_for_evaluation_only.csv,2026-06-14 02:16:48,time_utc,ais_lat,ais_lon,,,,,,49,49,2021-11-01 17:48:45+00:00,2021-11-01 18:12:04+00:00,0.09705836665874396,0.11832393552621055,0.25066013318732155,0.0
D:\DAS\_ship_position_estimation_from_das\run_20260613_172525\tables\groundtruth_ais_projected_to_das.csv,groundtruth_ais_projected_to_das.csv,2026-06-13 20:25:48,time_utc,ais_lat,ais_lon,gt_channel,13949.0,14219.0,gt_cable,south,49,49,2021-11-01 17:48:45+00:00,2021-11-01 18:12:04+00:00,0.09705836665874396,0.11832393552621055,0.25066013318732155,0.0
D:\DAS\_ship_position_estimation_from_das\run_20260613_172525\tables\groundtruth_ais_projected_to_das.csv,groundtruth_ais_projected_to_das.csv,2026-06-13 20:25:48,time_utc,ais_lat,ais_lon,gt_channel,13949.0,14219.0,gt_cable,south,49,49,2021-11-01 17:48:45+00:00,2021-11-01 18:12:04+00:00,0.09705836665874396,0.11832393552621055,0.25066013318732155,0.0
D:\DAS\_ship_position_estimation_from_das\run_20260613_172525\tables\groundtruth_ais_projected_to_das.csv,groundtruth_ais_projected_to_das.csv,2026-06-13 20:25:48,time_utc,ais_lat,ais_lon,gt_channel,13949.0,14219.0,gt_cable,south,49,49,2021-11-01 17:48:45+00:00,2021-11-01 18:12:04+00:00,0.09705836665874396,0.11832393552621055,0.25066013318732155,0.0
D:\DAS\_ship_position_estimation_from_das\run_20260613_153917\tables\groundtruth_ais_projected_to_das.csv,groundtruth_ais_projected_to_das.csv,2026-06-13 18:39:40,time_utc,ais_lat,ais_lon,gt_channel,13949.0,14219.0,gt_cable,south,49,49,2021-11-01 17:48:45+00:00,2021-11-01 18:12:04+00:00,0.09705836665874396,0.11832393552621055,0.25066013318732155,0.0
D:\DAS\_ship_position_estimation_from_das\run_20260613_153917\tables\groundtruth_ais_projected_to_das.csv,groundtruth_ais_projected_to_das.csv,2026-06-13 18:39:40,time_utc,ais_lat,ais_lon,gt_channel,13949.0,14219.0,gt_cable,south,49,49,2021-11-01 17:48:45+00:00,2021-11-01 18:12:04+00:00,0.09705836665874396,0.11832393552621055,0.25066013318732155,0.0
D:\DAS\_ship_position_estimation_from_das\run_20260613_153917\tables\groundtruth_ais_projected_to_das.csv,groundtruth_ais_projected_to_das.csv,2026-06-13 18:39:40,time_utc,ais_lat,ais_lon,gt_channel,13949.0,14219.0,gt_cable,south,49,49,2021-11-01 17:48:45+00:00,2021-11-01 18:12:04+00:00,0.09705836665874396,0.11832393552621055,0.25066013318732155,0.0
D:\DAS\_ship_position_estimation_from_das\run_20260613_135420\tables\groundtruth_ais_projected_to_das.csv,groundtruth_ais_projected_to_das.csv,2026-06-13 16:54:44,time_utc,ais_lat,ais_lon,gt_channel,13949.0,14219.0,gt_cable,south,49,49,2021-11-01 17:48:45+00:00,2021-11-01 18:12:04+00:00,0.09705836665874396,0.11832393552621055,0.25066013318732155,0.0
D:\DAS\_ship_position_estimation_from_das\run_20260613_135420\tables\groundtruth_ais_projected_to_das.csv,groundtruth_ais_projected_to_das.csv,2026-06-13 16:54:44,time_utc,ais_lat,ais_lon,gt_channel,13949.0,14219.0,gt_cable,south,49,49,2021-11-01 17:48:45+00:00,2021-11-01 18:12:04+00:00,0.09705836665874396,0.11832393552621055,0.25066013318732155,0.0
D:\DAS\_ship_position_estimation_from_das\run_20260613_135420\tables\groundtruth_ais_projected_to_das.csv,groundtruth_ais_projected_to_das.csv,2026-06-13 16:54:44,time_utc,ais_lat,ais_lon,gt_channel,13949.0,14219.0,gt_cable,south,49,49,2021-11-01 17:48:45+00:00,2021-11-01 18:12:04+00:00,0.09705836665874396,0.11832393552621055,0.25066013318732155,0.0
D:\DAS\_ship_position_estimation_from_das\run_20260613_122903\tables\groundtruth_ais_projected_to_das.csv,groundtruth_ais_projected_to_das.csv,2026-06-13 15:29:34,time_utc,ais_lat,ais_lon,gt_channel,13949.0,14219.0,gt_cable,south,49,49,2021-11-01 17:48:45+00:00,2021-11-01 18:12:04+00:00,0.09705836665874396,0.11832393552621055,0.25066013318732155,0.0
D:\DAS\_ship_position_estimation_from_das\run_20260613_122903\tables\groundtruth_ais_projected_to_das.csv,groundtruth_ais_projected_to_das.csv,2026-06-13 15:29:34,time_utc,ais_lat,ais_lon,gt_channel,13949.0,14219.0,gt_cable,south,49,49,2021-11-01 17:48:45+00:00,2021-11-01 18:12:04+00:00,0.09705836665874396,0.11832393552621055,0.25066013318732155,0.0
D:\DAS\_ship_position_estimation_from_das\run_20260613_122903\tables\groundtruth_ais_projected_to_das.csv,groundtruth_ais_projected_to_das.csv,2026-06-13 15:29:34,time_utc,ais_lat,ais_lon,gt_channel,13949.0,14219.0,gt_cable,south,49,49,2021-11-01 17:48:45+00:00,2021-11-01 18:12:04+00:00,0.09705836665874396,0.11832393552621055,0.25066013318732155,0.0
D:\DAS\_ship_position_estimation_from_das\run_20260613_114709\tables\groundtruth_ais_projected_to_das.csv,groundtruth_ais_projected_to_das.csv,2026-06-13 14:47:32,time_utc,ais_lat,ais_lon,gt_channel,13949.0,14219.0,gt_cable,south,49,49,2021-11-01 17:48:45+00:00,2021-11-01 18:12:04+00:00,0.09705836665874396,0.11832393552621055,0.25066013318732155,0.0
D:\DAS\_ship_position_estimation_from_das\run_20260613_114709\tables\groundtruth_ais_projected_to_das.csv,groundtruth_ais_projected_to_das.csv,2026-06-13 14:47:32,time_utc,ais_lat,ais_lon,gt_channel,13949.0,14219.0,gt_cable,south,49,49,2021-11-01 17:48:45+00:00,2021-11-01 18:12:04+00:00,0.09705836665874396,0.11832393552621055,0.25066013318732155,0.0
D:\DAS\_ship_position_estimation_from_das\run_20260613_114709\tables\groundtruth_ais_projected_to_das.csv,groundtruth_ais_projected_to_das.csv,2026-06-13 14:47:32,time_utc,ais_lat,ais_lon,gt_channel,13949.0,14219.0,gt_cable,south,49,49,2021-11-01 17:48:45+00:00,2021-11-01 18:12:04+00:00,0.09705836665874396,0.11832393552621055,0.25066013318732155,0.0
D:\DAS\_ship_position_estimation_from_das\run_20260613_081226\tables\groundtruth_ais_projected_to_das.csv,groundtruth_ais_projected_to_das.csv,2026-06-13 11:12:46,time_utc,ais_lat,ais_lon,gt_channel,13949.0,14219.0,gt_cable,south,49,49,2021-11-01 17:48:45+00:00,2021-11-01 18:12:04+00:00,0.09705836665874396,0.11832393552621055,0.25066013318732155,0.0
D:\DAS\_ship_position_estimation_from_das\run_20260613_081226\tables\groundtruth_ais_projected_to_das.csv,groundtruth_ais_projected_to_das.csv,2026-06-13 11:12:46,time_utc,ais_lat,ais_lon,gt_channel,13949.0,14219.0,gt_cable,south,49,49,2021-11-01 17:48:45+00:00,2021-11-01 18:12:04+00:00,0.09705836665874396,0.11832393552621055,0.25066013318732155,0.0
D:\DAS\_ship_position_estimation_from_das\run_20260613_081226\tables\groundtruth_ais_projected_to_das.csv,groundtruth_ais_projected_to_das.csv,2026-06-13 11:12:46,time_utc,ais_lat,ais_lon,gt_channel,13949.0,14219.0,gt_cable,south,49,49,2021-11-01 17:48:45+00:00,2021-11-01 18:12:04+00:00,0.09705836665874396,0.11832393552621055,0.25066013318732155,0.0
D:\DAS\_ship_position_estimation_from_das\run_20260613_065307\tables\groundtruth_ais_projected_to_das.csv,groundtruth_ais_projected_to_das.csv,2026-06-13 09:53:52,time_utc,ais_lat,ais_lon,gt_channel,13949.0,14219.0,gt_cable,south,49,49,2021-11-01 17:48:45+00:00,2021-11-01 18:12:04+00:00,0.09705836665874396,0.11832393552621055,0.25066013318732155,0.0
D:\DAS\_ship_position_estimation_from_das\run_20260613_065307\tables\groundtruth_ais_projected_to_das.csv,groundtruth_ais_projected_to_das.csv,2026-06-13 09:53:52,time_utc,ais_lat,ais_lon,gt_channel,13949.0,14219.0,gt_cable,south,49,49,2021-11-01 17:48:45+00:00,2021-11-01 18:12:04+00:00,0.09705836665874396,0.11832393552621055,0.25066013318732155,0.0
D:\DAS\_ship_position_estimation_from_das\run_20260613_065307\tables\groundtruth_ais_projected_to_das.csv,groundtruth_ais_projected_to_das.csv,2026-06-13 09:53:52,time_utc,ais_lat,ais_lon,gt_channel,13949.0,14219.0,gt_cable,south,49,49,2021-11-01 17:48:45+00:00,2021-11-01 18:12:04+00:00,0.09705836665874396,0.11832393552621055,0.25066013318732155,0.0
D:\DAS\_ship_position_estimation_from_das\run_20260613_064830\tables\groundtruth_ais_projected_to_das.csv,groundtruth_ais_projected_to_das.csv,2026-06-13 09:49:02,time_utc,ais_lat,ais_lon,gt_channel,13949.0,14219.0,gt_cable,south,49,49,2021-11-01 17:48:45+00:00,2021-11-01 18:12:04+00:00,0.09705836665874396,0.11832393552621055,0.25066013318732155,0.0
D:\DAS\_ship_position_estimation_from_das\run_20260613_064830\tables\groundtruth_ais_projected_to_das.csv,groundtruth_ais_projected_to_das.csv,2026-06-13 09:49:02,time_utc,ais_lat,ais_lon,gt_channel,13949.0,14219.0,gt_cable,south,49,49,2021-11-01 17:48:45+00:00,2021-11-01 18:12:04+00:00,0.09705836665874396,0.11832393552621055,0.25066013318732155,0.0
D:\DAS\_ship_position_estimation_from_das\run_20260613_064830\tables\groundtruth_ais_projected_to_das.csv,groundtruth_ais_projected_to_das.csv,2026-06-13 09:49:02,time_utc,ais_lat,ais_lon,gt_channel,13949.0,14219.0,gt_cable,south,49,49,2021-11-01 17:48:45+00:00,2021-11-01 18:12:04+00:00,0.09705836665874396,0.11832393552621055,0.25066013318732155,0.0
D:\DAS\_ship_position_estimation_from_das\run_20260613_061622\tables\groundtruth_ais_projected_to_das.csv,groundtruth_ais_projected_to_das.csv,2026-06-13 09:16:42,time_utc,ais_lat,ais_lon,gt_channel,13949.0,14219.0,gt_cable,south,49,49,2021-11-01 17:48:45+00:00,2021-11-01 18:12:04+00:00,0.09705836665874396,0.11832393552621055,0.25066013318732155,0.0
D:\DAS\_ship_position_estimation_from_das\run_20260613_061622\tables\groundtruth_ais_projected_to_das.csv,groundtruth_ais_projected_to_das.csv,2026-06-13 09:16:42,time_utc,ais_lat,ais_lon,gt_channel,13949.0,14219.0,gt_cable,south,49,49,2021-11-01 17:48:45+00:00,2021-11-01 18:12:04+00:00,0.09705836665874396,0.11832393552621055,0.25066013318732155,0.0
D:\DAS\_ship_position_estimation_from_das\run_20260613_061622\tables\groundtruth_ais_projected_to_das.csv,groundtruth_ais_projected_to_das.csv,2026-06-13 09:16:42,time_utc,ais_lat,ais_lon,gt_channel,13949.0,14219.0,gt_cable,south,49,49,2021-11-01 17:48:45+00:00,2021-11-01 18:12:04+00:00,0.09705836665874396,0.11832393552621055,0.25066013318732155,0.0
D:\DAS\_ship_position_estimation_from_das\run_20260612_161047\tables\groundtruth_ais_projected_to_das.csv,groundtruth_ais_projected_to_das.csv,2026-06-12 19:11:16,time_utc,ais_lat,ais_lon,gt_channel,13949.0,14219.0,gt_cable,south,49,49,2021-11-01 17:48:45+00:00,2021-11-01 18:12:04+00:00,0.09705836665874396,0.11832393552621055,0.25066013318732155,0.0
D:\DAS\_ship_position_estimation_from_das\run_20260612_161047\tables\groundtruth_ais_projected_to_das.csv,groundtruth_ais_projected_to_das.csv,2026-06-12 19:11:16,time_utc,ais_lat,ais_lon,gt_channel,13949.0,14219.0,gt_cable,south,49,49,2021-11-01 17:48:45+00:00,2021-11-01 18:12:04+00:00,0.09705836665874396,0.11832393552621055,0.25066013318732155,0.0
D:\DAS\_ship_position_estimation_from_das\run_20260612_161047\tables\groundtruth_ais_projected_to_das.csv,groundtruth_ais_projected_to_das.csv,2026-06-12 19:11:16,time_utc,ais_lat,ais_lon,gt_channel,13949.0,14219.0,gt_cable,south,49,49,2021-11-01 17:48:45+00:00,2021-11-01 18:12:04+00:00,0.09705836665874396,0.11832393552621055,0.25066013318732155,0.0
D:\DAS\_ship_position_estimation_from_das\run_20260612_141130\tables\groundtruth_ais_projected_to_das.csv,groundtruth_ais_projected_to_das.csv,2026-06-12 17:12:00,time_utc,ais_lat,ais_lon,gt_channel,13949.0,14219.0,gt_cable,south,49,49,2021-11-01 17:48:45+00:00,2021-11-01 18:12:04+00:00,0.09705836665874396,0.11832393552621055,0.25066013318732155,0.0
D:\DAS\_ship_position_estimation_from_das\run_20260612_141130\tables\groundtruth_ais_projected_to_das.csv,groundtruth_ais_projected_to_das.csv,2026-06-12 17:12:00,time_utc,ais_lat,ais_lon,gt_channel,13949.0,14219.0,gt_cable,south,49,49,2021-11-01 17:48:45+00:00,2021-11-01 18:12:04+00:00,0.09705836665874396,0.11832393552621055,0.25066013318732155,0.0
D:\DAS\_ship_position_estimation_from_das\run_20260612_141130\tables\groundtruth_ais_projected_to_das.csv,groundtruth_ais_projected_to_das.csv,2026-06-12 17:12:00,time_utc,ais_lat,ais_lon,gt_channel,13949.0,14219.0,gt_cable,south,49,49,2021-11-01 17:48:45+00:00,2021-11-01 18:12:04+00:00,0.09705836665874396,0.11832393552621055,0.25066013318732155,0.0
D:\DAS\_ship_position_estimation_from_das\run_20260612_072332\tables\groundtruth_ais_projected_to_das.csv,groundtruth_ais_projected_to_das.csv,2026-06-12 10:24:26,time_utc,ais_lat,ais_lon,gt_channel,13949.0,14219.0,gt_cable,south,49,49,2021-11-01 17:48:45+00:00,2021-11-01 18:12:04+00:00,0.09705836665874396,0.11832393552621055,0.25066013318732155,0.0
D:\DAS\_ship_position_estimation_from_das\run_20260612_072332\tables\groundtruth_ais_projected_to_das.csv,groundtruth_ais_projected_to_das.csv,2026-06-12 10:24:26,time_utc,ais_lat,ais_lon,gt_channel,13949.0,14219.0,gt_cable,south,49,49,2021-11-01 17:48:45+00:00,2021-11-01 18:12:04+00:00,0.09705836665874396,0.11832393552621055,0.25066013318732155,0.0
D:\DAS\_ship_position_estimation_from_das\run_20260612_072332\tables\groundtruth_ais_projected_to_das.csv,groundtruth_ais_projected_to_das.csv,2026-06-12 10:24:26,time_utc,ais_lat,ais_lon,gt_channel,13949.0,14219.0,gt_cable,south,49,49,2021-11-01 17:48:45+00:00,2021-11-01 18:12:04+00:00,0.09705836665874396,0.11832393552621055,0.25066013318732155,0.0
D:\DAS\_ship_position_estimation_from_das\run_20260621_104743\tables\groundtruth_ais_projected_to_das.csv,groundtruth_ais_projected_to_das.csv,2026-06-21 13:49:50,time_utc,ais_lat,gt_cable_lon,gt_channel,13952.0,14219.0,gt_cable,south,49,49,2021-11-01 17:48:45+00:00,2021-11-01 18:12:04+00:00,0.09925408466250801,0.1197074599718609,0.25056165559577925,0.0031356101981104157
D:\DAS\_ship_position_estimation_from_das\run_20260619_114653\tables\groundtruth_ais_projected_to_das.csv,groundtruth_ais_projected_to_das.csv,2026-06-19 14:48:50,time_utc,ais_lat,gt_cable_lon,gt_channel,13952.0,14219.0,gt_cable,south,49,49,2021-11-01 17:48:45+00:00,2021-11-01 18:12:04+00:00,0.09925408466250801,0.1197074599718609,0.25056165559577925,0.0031356101981104157
D:\DAS\_ship_position_estimation_from_das\run_20260618_165041\tables\groundtruth_ais_projected_to_das.csv,groundtruth_ais_projected_to_das.csv,2026-06-18 19:52:36,time_utc,ais_lat,gt_cable_lon,gt_channel,13952.0,14219.0,gt_cable,south,49,49,2021-11-01 17:48:45+00:00,2021-11-01 18:12:04+00:00,0.09925408466250801,0.1197074599718609,0.25056165559577925,0.0031356101981104157
D:\DAS\_ship_position_estimation_from_das\run_20260612_072332\tables\estimate_vs_groundtruth_joined.csv,estimate_vs_groundtruth_joined.csv,2026-06-12 14:30:58,time_utc,ais_lat,gt_cable_lon,est_channel,19489.0,20231.0,est_cable,south,9110,9110,2021-11-01 17:48:00.339000+00:00,2021-11-01 18:12:48.839000+00:00,0.10321145045261093,0.12056260878191681,0.25683844772477626,0.0031356101981104157
D:\DAS\_ship_position_estimation_from_das\run_20260618_120347\tables\groundtruth_ais_projected_to_das.csv,groundtruth_ais_projected_to_das.csv,2026-06-18 15:04:06,time_utc,ais_lat,gt_cable_lon,gt_channel,13949.0,14219.0,gt_cable,south,49,49,2021-11-01 17:48:45+00:00,2021-11-01 18:12:04+00:00,0.10321145045261093,0.12167888382573394,0.2557238235479626,0.0031356101981104157
D:\DAS\_ship_position_estimation_from_das\run_20260613_172525\tables\groundtruth_ais_projected_to_das.csv,groundtruth_ais_projected_to_das.csv,2026-06-13 20:25:48,time_utc,ais_lat,gt_cable_lon,gt_channel,13949.0,14219.0,gt_cable,south,49,49,2021-11-01 17:48:45+00:00,2021-11-01 18:12:04+00:00,0.10321145045261093,0.12167888382573394,0.2557238235479626,0.0031356101981104157
D:\DAS\_ship_position_estimation_from_das\run_20260613_153917\tables\groundtruth_ais_projected_to_das.csv,groundtruth_ais_projected_to_das.csv,2026-06-13 18:39:40,time_utc,ais_lat,gt_cable_lon,gt_channel,13949.0,14219.0,gt_cable,south,49,49,2021-11-01 17:48:45+00:00,2021-11-01 18:12:04+00:00,0.10321145045261093,0.12167888382573394,0.2557238235479626,0.0031356101981104157
D:\DAS\_ship_position_estimation_from_das\run_20260613_135420\tables\groundtruth_ais_projected_to_das.csv,groundtruth_ais_projected_to_das.csv,2026-06-13 16:54:44,time_utc,ais_lat,gt_cable_lon,gt_channel,13949.0,14219.0,gt_cable,south,49,49,2021-11-01 17:48:45+00:00,2021-11-01 18:12:04+00:00,0.10321145045261093,0.12167888382573394,0.2557238235479626,0.0031356101981104157
D:\DAS\_ship_position_estimation_from_das\run_20260613_122903\tables\groundtruth_ais_projected_to_das.csv,groundtruth_ais_projected_to_das.csv,2026-06-13 15:29:34,time_utc,ais_lat,gt_cable_lon,gt_channel,13949.0,14219.0,gt_cable,south,49,49,2021-11-01 17:48:45+00:00,2021-11-01 18:12:04+00:00,0.10321145045261093,0.12167888382573394,0.2557238235479626,0.0031356101981104157
D:\DAS\_ship_position_estimation_from_das\run_20260613_114709\tables\groundtruth_ais_projected_to_das.csv,groundtruth_ais_projected_to_das.csv,2026-06-13 14:47:32,time_utc,ais_lat,gt_cable_lon,gt_channel,13949.0,14219.0,gt_cable,south,49,49,2021-11-01 17:48:45+00:00,2021-11-01 18:12:04+00:00,0.10321145045261093,0.12167888382573394,0.2557238235479626,0.0031356101981104157
D:\DAS\_ship_position_estimation_from_das\run_20260613_081226\tables\groundtruth_ais_projected_to_das.csv,groundtruth_ais_projected_to_das.csv,2026-06-13 11:12:46,time_utc,ais_lat,gt_cable_lon,gt_channel,13949.0,14219.0,gt_cable,south,49,49,2021-11-01 17:48:45+00:00,2021-11-01 18:12:04+00:00,0.10321145045261093,0.12167888382573394,0.2557238235479626,0.0031356101981104157
D:\DAS\_ship_position_estimation_from_das\run_20260613_065307\tables\groundtruth_ais_projected_to_das.csv,groundtruth_ais_projected_to_das.csv,2026-06-13 09:53:52,time_utc,ais_lat,gt_cable_lon,gt_channel,13949.0,14219.0,gt_cable,south,49,49,2021-11-01 17:48:45+00:00,2021-11-01 18:12:04+00:00,0.10321145045261093,0.12167888382573394,0.2557238235479626,0.0031356101981104157
D:\DAS\_ship_position_estimation_from_das\run_20260613_064830\tables\groundtruth_ais_projected_to_das.csv,groundtruth_ais_projected_to_das.csv,2026-06-13 09:49:02,time_utc,ais_lat,gt_cable_lon,gt_channel,13949.0,14219.0,gt_cable,south,49,49,2021-11-01 17:48:45+00:00,2021-11-01 18:12:04+00:00,0.10321145045261093,0.12167888382573394,0.2557238235479626,0.0031356101981104157
D:\DAS\_ship_position_estimation_from_das\run_20260613_061622\tables\groundtruth_ais_projected_to_das.csv,groundtruth_ais_projected_to_das.csv,2026-06-13 09:16:42,time_utc,ais_lat,gt_cable_lon,gt_channel,13949.0,14219.0,gt_cable,south,49,49,2021-11-01 17:48:45+00:00,2021-11-01 18:12:04+00:00,0.10321145045261093,0.12167888382573394,0.2557238235479626,0.0031356101981104157
D:\DAS\_ship_position_estimation_from_das\run_20260612_161047\tables\groundtruth_ais_projected_to_das.csv,groundtruth_ais_projected_to_das.csv,2026-06-12 19:11:16,time_utc,ais_lat,gt_cable_lon,gt_channel,13949.0,14219.0,gt_cable,south,49,49,2021-11-01 17:48:45+00:00,2021-11-01 18:12:04+00:00,0.10321145045261093,0.12167888382573394,0.2557238235479626,0.0031356101981104157
D:\DAS\_ship_position_estimation_from_das\run_20260612_141130\tables\groundtruth_ais_projected_to_das.csv,groundtruth_ais_projected_to_das.csv,2026-06-12 17:12:00,time_utc,ais_lat,gt_cable_lon,gt_channel,13949.0,14219.0,gt_cable,south,49,49,2021-11-01 17:48:45+00:00,2021-11-01 18:12:04+00:00,0.10321145045261093,0.12167888382573394,0.2557238235479626,0.0031356101981104157
D:\DAS\_ship_position_estimation_from_das\run_20260612_072332\tables\groundtruth_ais_projected_to_das.csv,groundtruth_ais_projected_to_das.csv,2026-06-12 10:24:26,time_utc,ais_lat,gt_cable_lon,gt_channel,13949.0,14219.0,gt_cable,south,49,49,2021-11-01 17:48:45+00:00,2021-11-01 18:12:04+00:00,0.10321145045261093,0.12167888382573394,0.2557238235479626,0.0031356101981104157
D:\DAS\_ship_position_estimation_from_das_noais_3d\run_20260618_140657\tables\ais_groundtruth_densified.csv,ais_groundtruth_densified.csv,2026-06-18 17:48:20,time_utc,ais_lat,ais_lon,,,,,,47,47,2021-11-01 17:48:45+00:00,2021-11-01 18:12:04+00:00,0.10396244542892165,0.12311922268937804,0.25297134525488596,0.0
D:\DAS\_ship_position_estimation_from_das_noais_3d\run_20260618_140657\tables\ais_groundtruth_densified.csv,ais_groundtruth_densified.csv,2026-06-18 17:48:20,time_utc,ais_lat,ais_lon,,,,,,47,47,2021-11-01 17:48:45+00:00,2021-11-01 18:12:04+00:00,0.10396244542892165,0.12311922268937804,0.25297134525488596,0.0
D:\DAS\_ship_position_estimation_from_das_noais_3d\run_20260618_140657\tables\ais_groundtruth_densified.csv,ais_groundtruth_densified.csv,2026-06-18 17:48:20,time_utc,ais_lat,ais_lon,,,,,,47,47,2021-11-01 17:48:45+00:00,2021-11-01 18:12:04+00:00,0.10396244542892165,0.12311922268937804,0.25297134525488596,0.0
D:\DAS\_ship_position_estimation_from_das_noais_3d\run_20260618_124039\tables\ais_groundtruth_densified.csv,ais_groundtruth_densified.csv,2026-06-18 16:23:28,time_utc,ais_lat,ais_lon,,,,,,47,47,2021-11-01 17:48:45+00:00,2021-11-01 18:12:04+00:00,0.10396244542892165,0.12311922268937804,0.25297134525488596,0.0
D:\DAS\_ship_position_estimation_from_das_noais_3d\run_20260618_124039\tables\ais_groundtruth_densified.csv,ais_groundtruth_densified.csv,2026-06-18 16:23:28,time_utc,ais_lat,ais_lon,,,,,,47,47,2021-11-01 17:48:45+00:00,2021-11-01 18:12:04+00:00,0.10396244542892165,0.12311922268937804,0.25297134525488596,0.0
D:\DAS\_ship_position_estimation_from_das_noais_3d\run_20260618_124039\tables\ais_groundtruth_densified.csv,ais_groundtruth_densified.csv,2026-06-18 16:23:28,time_utc,ais_lat,ais_lon,,,,,,47,47,2021-11-01 17:48:45+00:00,2021-11-01 18:12:04+00:00,0.10396244542892165,0.12311922268937804,0.25297134525488596,0.0
D:\DAS\_ship_position_estimation_from_das\run_20260613_153917\tables\estimate_vs_groundtruth_joined.csv,estimate_vs_groundtruth_joined.csv,2026-06-13 19:01:24,time_utc,ais_lat,est_cable_lon,est_channel,13912.0,14228.0,est_cable,south,7844,7844,2021-11-01 17:51:30.339000+00:00,2021-11-01 18:12:48.839000+00:00,0.11281056140529971,0.13904211913896541,0.28885729280386463,0.0007839025485303136
D:\DAS\_ship_position_estimation_from_das\run_20260613_122903\tables\estimate_vs_groundtruth_joined.csv,estimate_vs_groundtruth_joined.csv,2026-06-13 15:51:08,time_utc,ais_lat,est_lon,est_channel,13912.0,14228.0,est_cable,south,7844,7844,2021-11-01 17:51:30.339000+00:00,2021-11-01 18:12:48.839000+00:00,0.11281056140529971,0.13904211913896541,0.28885729280386463,0.0007839025485303136
D:\DAS\_ship_position_estimation_from_das\run_20260621_104743\tables\groundtruth_signed_cross_track_offset_v12.csv,groundtruth_signed_cross_track_offset_v12.csv,2026-06-21 14:09:10,time_utc,ais_lat,gt_cable_lon,gt_channel,13985.0,14219.0,gt_cable,south,42,42,2021-11-01 17:52:15+00:00,2021-11-01 18:12:04+00:00,0.11300687386101807,0.1281952720174008,0.2548347285152617,0.0031356101981104157
D:\DAS\_ship_position_estimation_from_das\run_20260621_104743\tables\groundtruth_event_focused_for_das.csv,groundtruth_event_focused_for_das.csv,2026-06-21 13:49:50,time_utc,ais_lat,gt_cable_lon,gt_channel,13985.0,14219.0,gt_cable,south,42,42,2021-11-01 17:52:15+00:00,2021-11-01 18:12:04+00:00,0.11300687386101807,0.1281952720174008,0.2548347285152617,0.0031356101981104157
D:\DAS\_ship_position_estimation_from_das\run_20260621_104743\tables\groundtruth_event_focused_with_cross_track_v12.csv,groundtruth_event_focused_with_cross_track_v12.csv,2026-06-21 13:49:50,time_utc,ais_lat,gt_cable_lon,gt_channel,13985.0,14219.0,gt_cable,south,42,42,2021-11-01 17:52:15+00:00,2021-11-01 18:12:04+00:00,0.11300687386101807,0.1281952720174008,0.2548347285152617,0.0031356101981104157
D:\DAS\_ship_position_estimation_from_das\run_20260619_114653\tables\groundtruth_signed_cross_track_offset_v12.csv,groundtruth_signed_cross_track_offset_v12.csv,2026-06-19 15:07:16,time_utc,ais_lat,gt_cable_lon,gt_channel,13985.0,14219.0,gt_cable,south,42,42,2021-11-01 17:52:15+00:00,2021-11-01 18:12:04+00:00,0.11300687386101807,0.1281952720174008,0.2548347285152617,0.0031356101981104157
D:\DAS\_ship_position_estimation_from_das\run_20260619_114653\tables\groundtruth_event_focused_for_das.csv,groundtruth_event_focused_for_das.csv,2026-06-19 14:48:50,time_utc,ais_lat,gt_cable_lon,gt_channel,13985.0,14219.0,gt_cable,south,42,42,2021-11-01 17:52:15+00:00,2021-11-01 18:12:04+00:00,0.11300687386101807,0.1281952720174008,0.2548347285152617,0.0031356101981104157
D:\DAS\_ship_position_estimation_from_das\run_20260619_114653\tables\groundtruth_event_focused_with_cross_track_v12.csv,groundtruth_event_focused_with_cross_track_v12.csv,2026-06-19 14:48:50,time_utc,ais_lat,gt_cable_lon,gt_channel,13985.0,14219.0,gt_cable,south,42,42,2021-11-01 17:52:15+00:00,2021-11-01 18:12:04+00:00,0.11300687386101807,0.1281952720174008,0.2548347285152617,0.0031356101981104157
D:\DAS\_ship_position_estimation_from_das\run_20260618_165041\tables\groundtruth_event_focused_for_das.csv,groundtruth_event_focused_for_das.csv,2026-06-18 19:52:36,time_utc,ais_lat,gt_cable_lon,gt_channel,13985.0,14219.0,gt_cable,south,42,42,2021-11-01 17:52:15+00:00,2021-11-01 18:12:04+00:00,0.11300687386101807,0.1281952720174008,0.2548347285152617,0.0031356101981104157
D:\DAS\_ship_position_estimation_from_das\run_20260618_165041\tables\groundtruth_event_focused_with_cross_track_v12.csv,groundtruth_event_focused_with_cross_track_v12.csv,2026-06-18 19:52:36,time_utc,ais_lat,gt_cable_lon,gt_channel,13985.0,14219.0,gt_cable,south,42,42,2021-11-01 17:52:15+00:00,2021-11-01 18:12:04+00:00,0.11300687386101807,0.1281952720174008,0.2548347285152617,0.0031356101981104157
D:\DAS\_ship_position_estimation_from_das\run_20260618_120347\tables\estimate_vs_groundtruth_joined.csv,estimate_vs_groundtruth_joined.csv,2026-06-18 15:20:14,time_utc,est_lat,ais_lon,est_channel,14176.0,14257.0,est_cable,south,7844,7844,2021-11-01 17:51:30.339000+00:00,2021-11-01 18:12:48.839000+00:00,0.11355305200302149,0.13047363022241415,0.25697434519601925,9.36471076277888e-05
D:\DAS\_ship_position_estimation_from_das\run_20260618_120347\tables\estimate_vs_groundtruth_joined.csv,estimate_vs_groundtruth_joined.csv,2026-06-18 15:20:14,time_utc,est_ship_lat,ais_lon,est_channel,14176.0,14257.0,est_cable,south,7844,7844,2021-11-01 17:51:30.339000+00:00,2021-11-01 18:12:48.839000+00:00,0.11355305200302149,0.13047363022241415,0.25697434519601925,9.36471076277888e-05
D:\DAS\_ship_position_estimation_from_das\run_20260613_172525\tables\estimate_vs_groundtruth_joined.csv,estimate_vs_groundtruth_joined.csv,2026-06-13 20:47:30,time_utc,est_lat,ais_lon,est_channel,14176.0,14257.0,est_cable,south,7844,7844,2021-11-01 17:51:30.339000+00:00,2021-11-01 18:12:48.839000+00:00,0.11355305200302149,0.13047363022241415,0.25697434519601925,9.36471076277888e-05
D:\DAS\_ship_position_estimation_from_das\run_20260613_172525\tables\estimate_vs_groundtruth_joined.csv,estimate_vs_groundtruth_joined.csv,2026-06-13 20:47:30,time_utc,est_ship_lat,ais_lon,est_channel,14176.0,14257.0,est_cable,south,7844,7844,2021-11-01 17:51:30.339000+00:00,2021-11-01 18:12:48.839000+00:00,0.11355305200302149,0.13047363022241415,0.25697434519601925,9.36471076277888e-05
D:\DAS\_ship_position_estimation_from_das\run_20260621_104743\tables\estimate_vs_groundtruth_joined.csv,estimate_vs_groundtruth_joined.csv,2026-06-21 14:09:16,time_utc,est_lat,ais_lon,est_channel,14176.0,14257.0,est_cable,south,7844,7844,2021-11-01 17:51:30.339000+00:00,2021-11-01 18:12:48.839000+00:00,0.1135569516353475,0.13047587483055234,0.25697434519601925,8.671134247340415e-05
D:\DAS\_ship_position_estimation_from_das\run_20260621_104743\tables\estimate_vs_groundtruth_joined.csv,estimate_vs_groundtruth_joined.csv,2026-06-21 14:09:16,time_utc,est_ship_lat,ais_lon,est_channel,14176.0,14257.0,est_cable,south,7844,7844,2021-11-01 17:51:30.339000+00:00,2021-11-01 18:12:48.839000+00:00,0.1135569516353475,0.13047587483055234,0.25697434519601925,8.671134247340415e-05
D:\DAS\_ship_position_estimation_from_das\run_20260619_114653\tables\estimate_vs_groundtruth_joined.csv,estimate_vs_groundtruth_joined.csv,2026-06-19 15:07:20,time_utc,est_lat,ais_lon,est_channel,14176.0,14257.0,est_cable,south,7844,7844,2021-11-01 17:51:30.339000+00:00,2021-11-01 18:12:48.839000+00:00,0.1135569516353475,0.13047587483055234,0.25697434519601925,8.671134247340415e-05
D:\DAS\_ship_position_estimation_from_das\run_20260619_114653\tables\estimate_vs_groundtruth_joined.csv,estimate_vs_groundtruth_joined.csv,2026-06-19 15:07:20,time_utc,est_ship_lat,ais_lon,est_channel,14176.0,14257.0,est_cable,south,7844,7844,2021-11-01 17:51:30.339000+00:00,2021-11-01 18:12:48.839000+00:00,0.1135569516353475,0.13047587483055234,0.25697434519601925,8.671134247340415e-05
D:\DAS\_ship_position_estimation_from_das\run_20260613_153917\tables\estimated_ship_track_offcable_v12.csv,estimated_ship_track_offcable_v12.csv,2026-06-13 19:01:22,time_utc,est_lat,est_cable_lon,est_channel,13865.0,14283.0,est_cable,south,10304,10304,2021-11-01 17:48:10.339000+00:00,2021-11-01 18:16:40.839000+00:00,0.11542237304372245,0.13176902054961587,0.25627971275049977,0.0012610268295141546
D:\DAS\_ship_position_estimation_from_das\run_20260613_153917\tables\estimated_ship_track_offcable_v12.csv,estimated_ship_track_offcable_v12.csv,2026-06-13 19:01:22,time_utc,est_ship_lat,est_cable_lon,est_channel,13865.0,14283.0,est_cable,south,10304,10304,2021-11-01 17:48:10.339000+00:00,2021-11-01 18:16:40.839000+00:00,0.11542237304372245,0.13176902054961587,0.25627971275049977,0.0012610268295141546
D:\DAS\_ship_position_estimation_from_das\run_20260613_153917\tables\estimated_ship_track_offcable_diagnostics_v12.csv,estimated_ship_track_offcable_diagnostics_v12.csv,2026-06-13 19:01:20,time_utc,est_ship_lat,est_cable_lon,est_channel,13865.0,14283.0,est_cable_lat,45.172698,10304,10304,2021-11-01 17:48:10.339000+00:00,2021-11-01 18:16:40.839000+00:00,0.11542237304372245,0.13176902054961587,0.25627971275049977,0.0012610268295141546
D:\DAS\_ship_position_estimation_from_das\run_20260621_104743\tables\groundtruth_signed_cross_track_offset_v12.csv,groundtruth_signed_cross_track_offset_v12.csv,2026-06-21 14:09:10,time_utc,ais_lat,ais_lon,gt_channel,13985.0,14219.0,gt_cable,south,42,42,2021-11-01 17:52:15+00:00,2021-11-01 18:12:04+00:00,0.11558376367626888,0.12938104733982517,0.2587493754264731,0.0
D:\DAS\_ship_position_estimation_from_das\run_20260621_104743\tables\groundtruth_signed_cross_track_offset_v12.csv,groundtruth_signed_cross_track_offset_v12.csv,2026-06-21 14:09:10,time_utc,ais_lat,ais_lon,gt_channel,13985.0,14219.0,gt_cable,south,42,42,2021-11-01 17:52:15+00:00,2021-11-01 18:12:04+00:00,0.11558376367626888,0.12938104733982517,0.2587493754264731,0.0
D:\DAS\_ship_position_estimation_from_das\run_20260621_104743\tables\groundtruth_signed_cross_track_offset_v12.csv,groundtruth_signed_cross_track_offset_v12.csv,2026-06-21 14:09:10,time_utc,ais_lat,ais_lon,gt_channel,13985.0,14219.0,gt_cable,south,42,42,2021-11-01 17:52:15+00:00,2021-11-01 18:12:04+00:00,0.11558376367626888,0.12938104733982517,0.2587493754264731,0.0
D:\DAS\_ship_position_estimation_from_das\run_20260621_104743\tables\groundtruth_event_focused_for_das.csv,groundtruth_event_focused_for_das.csv,2026-06-21 13:49:50,time_utc,ais_lat,ais_lon,gt_channel,13985.0,14219.0,gt_cable,south,42,42,2021-11-01 17:52:15+00:00,2021-11-01 18:12:04+00:00,0.11558376367626888,0.12938104733982517,0.2587493754264731,0.0
D:\DAS\_ship_position_estimation_from_das\run_20260621_104743\tables\groundtruth_event_focused_for_das.csv,groundtruth_event_focused_for_das.csv,2026-06-21 13:49:50,time_utc,ais_lat,ais_lon,gt_channel,13985.0,14219.0,gt_cable,south,42,42,2021-11-01 17:52:15+00:00,2021-11-01 18:12:04+00:00,0.11558376367626888,0.12938104733982517,0.2587493754264731,0.0
D:\DAS\_ship_position_estimation_from_das\run_20260621_104743\tables\groundtruth_event_focused_for_das.csv,groundtruth_event_focused_for_das.csv,2026-06-21 13:49:50,time_utc,ais_lat,ais_lon,gt_channel,13985.0,14219.0,gt_cable,south,42,42,2021-11-01 17:52:15+00:00,2021-11-01 18:12:04+00:00,0.11558376367626888,0.12938104733982517,0.2587493754264731,0.0
D:\DAS\_ship_position_estimation_from_das\run_20260621_104743\tables\groundtruth_event_focused_with_cross_track_v12.csv,groundtruth_event_focused_with_cross_track_v12.csv,2026-06-21 13:49:50,time_utc,ais_lat,ais_lon,gt_channel,13985.0,14219.0,gt_cable,south,42,42,2021-11-01 17:52:15+00:00,2021-11-01 18:12:04+00:00,0.11558376367626888,0.12938104733982517,0.2587493754264731,0.0
D:\DAS\_ship_position_estimation_from_das\run_20260621_104743\tables\groundtruth_event_focused_with_cross_track_v12.csv,groundtruth_event_focused_with_cross_track_v12.csv,2026-06-21 13:49:50,time_utc,ais_lat,ais_lon,gt_channel,13985.0,14219.0,gt_cable,south,42,42,2021-11-01 17:52:15+00:00,2021-11-01 18:12:04+00:00,0.11558376367626888,0.12938104733982517,0.2587493754264731,0.0
D:\DAS\_ship_position_estimation_from_das\run_20260621_104743\tables\groundtruth_event_focused_with_cross_track_v12.csv,groundtruth_event_focused_with_cross_track_v12.csv,2026-06-21 13:49:50,time_utc,ais_lat,ais_lon,gt_channel,13985.0,14219.0,gt_cable,south,42,42,2021-11-01 17:52:15+00:00,2021-11-01 18:12:04+00:00,0.11558376367626888,0.12938104733982517,0.2587493754264731,0.0
D:\DAS\_ship_position_estimation_from_das\run_20260619_114653\tables\groundtruth_signed_cross_track_offset_v12.csv,groundtruth_signed_cross_track_offset_v12.csv,2026-06-19 15:07:16,time_utc,ais_lat,ais_lon,gt_channel,13985.0,14219.0,gt_cable,south,42,42,2021-11-01 17:52:15+00:00,2021-11-01 18:12:04+00:00,0.11558376367626888,0.12938104733982517,0.2587493754264731,0.0
D:\DAS\_ship_position_estimation_from_das\run_20260619_114653\tables\groundtruth_signed_cross_track_offset_v12.csv,groundtruth_signed_cross_track_offset_v12.csv,2026-06-19 15:07:16,time_utc,ais_lat,ais_lon,gt_channel,13985.0,14219.0,gt_cable,south,42,42,2021-11-01 17:52:15+00:00,2021-11-01 18:12:04+00:00,0.11558376367626888,0.12938104733982517,0.2587493754264731,0.0
D:\DAS\_ship_position_estimation_from_das\run_20260619_114653\tables\groundtruth_signed_cross_track_offset_v12.csv,groundtruth_signed_cross_track_offset_v12.csv,2026-06-19 15:07:16,time_utc,ais_lat,ais_lon,gt_channel,13985.0,14219.0,gt_cable,south,42,42,2021-11-01 17:52:15+00:00,2021-11-01 18:12:04+00:00,0.11558376367626888,0.12938104733982517,0.2587493754264731,0.0
D:\DAS\_ship_position_estimation_from_das\run_20260619_114653\tables\groundtruth_event_focused_for_das.csv,groundtruth_event_focused_for_das.csv,2026-06-19 14:48:50,time_utc,ais_lat,ais_lon,gt_channel,13985.0,14219.0,gt_cable,south,42,42,2021-11-01 17:52:15+00:00,2021-11-01 18:12:04+00:00,0.11558376367626888,0.12938104733982517,0.2587493754264731,0.0
D:\DAS\_ship_position_estimation_from_das\run_20260619_114653\tables\groundtruth_event_focused_for_das.csv,groundtruth_event_focused_for_das.csv,2026-06-19 14:48:50,time_utc,ais_lat,ais_lon,gt_channel,13985.0,14219.0,gt_cable,south,42,42,2021-11-01 17:52:15+00:00,2021-11-01 18:12:04+00:00,0.11558376367626888,0.12938104733982517,0.2587493754264731,0.0
D:\DAS\_ship_position_estimation_from_das\run_20260619_114653\tables\groundtruth_event_focused_for_das.csv,groundtruth_event_focused_for_das.csv,2026-06-19 14:48:50,time_utc,ais_lat,ais_lon,gt_channel,13985.0,14219.0,gt_cable,south,42,42,2021-11-01 17:52:15+00:00,2021-11-01 18:12:04+00:00,0.11558376367626888,0.12938104733982517,0.2587493754264731,0.0
D:\DAS\_ship_position_estimation_from_das\run_20260619_114653\tables\groundtruth_event_focused_with_cross_track_v12.csv,groundtruth_event_focused_with_cross_track_v12.csv,2026-06-19 14:48:50,time_utc,ais_lat,ais_lon,gt_channel,13985.0,14219.0,gt_cable,south,42,42,2021-11-01 17:52:15+00:00,2021-11-01 18:12:04+00:00,0.11558376367626888,0.12938104733982517,0.2587493754264731,0.0
D:\DAS\_ship_position_estimation_from_das\run_20260619_114653\tables\groundtruth_event_focused_with_cross_track_v12.csv,groundtruth_event_focused_with_cross_track_v12.csv,2026-06-19 14:48:50,time_utc,ais_lat,ais_lon,gt_channel,13985.0,14219.0,gt_cable,south,42,42,2021-11-01 17:52:15+00:00,2021-11-01 18:12:04+00:00,0.11558376367626888,0.12938104733982517,0.2587493754264731,0.0
D:\DAS\_ship_position_estimation_from_das\run_20260619_114653\tables\groundtruth_event_focused_with_cross_track_v12.csv,groundtruth_event_focused_with_cross_track_v12.csv,2026-06-19 14:48:50,time_utc,ais_lat,ais_lon,gt_channel,13985.0,14219.0,gt_cable,south,42,42,2021-11-01 17:52:15+00:00,2021-11-01 18:12:04+00:00,0.11558376367626888,0.12938104733982517,0.2587493754264731,0.0
D:\DAS\_ship_position_estimation_from_das\run_20260618_165041\tables\groundtruth_event_focused_for_das.csv,groundtruth_event_focused_for_das.csv,2026-06-18 19:52:36,time_utc,ais_lat,ais_lon,gt_channel,13985.0,14219.0,gt_cable,south,42,42,2021-11-01 17:52:15+00:00,2021-11-01 18:12:04+00:00,0.11558376367626888,0.12938104733982517,0.2587493754264731,0.0
D:\DAS\_ship_position_estimation_from_das\run_20260618_165041\tables\groundtruth_event_focused_for_das.csv,groundtruth_event_focused_for_das.csv,2026-06-18 19:52:36,time_utc,ais_lat,ais_lon,gt_channel,13985.0,14219.0,gt_cable,south,42,42,2021-11-01 17:52:15+00:00,2021-11-01 18:12:04+00:00,0.11558376367626888,0.12938104733982517,0.2587493754264731,0.0
D:\DAS\_ship_position_estimation_from_das\run_20260618_165041\tables\groundtruth_event_focused_for_das.csv,groundtruth_event_focused_for_das.csv,2026-06-18 19:52:36,time_utc,ais_lat,ais_lon,gt_channel,13985.0,14219.0,gt_cable,south,42,42,2021-11-01 17:52:15+00:00,2021-11-01 18:12:04+00:00,0.11558376367626888,0.12938104733982517,0.2587493754264731,0.0
D:\DAS\_ship_position_estimation_from_das\run_20260618_165041\tables\groundtruth_event_focused_with_cross_track_v12.csv,groundtruth_event_focused_with_cross_track_v12.csv,2026-06-18 19:52:36,time_utc,ais_lat,ais_lon,gt_channel,13985.0,14219.0,gt_cable,south,42,42,2021-11-01 17:52:15+00:00,2021-11-01 18:12:04+00:00,0.11558376367626888,0.12938104733982517,0.2587493754264731,0.0
D:\DAS\_ship_position_estimation_from_das\run_20260618_165041\tables\groundtruth_event_focused_with_cross_track_v12.csv,groundtruth_event_focused_with_cross_track_v12.csv,2026-06-18 19:52:36,time_utc,ais_lat,ais_lon,gt_channel,13985.0,14219.0,gt_cable,south,42,42,2021-11-01 17:52:15+00:00,2021-11-01 18:12:04+00:00,0.11558376367626888,0.12938104733982517,0.2587493754264731,0.0
D:\DAS\_ship_position_estimation_from_das\run_20260618_165041\tables\groundtruth_event_focused_with_cross_track_v12.csv,groundtruth_event_focused_with_cross_track_v12.csv,2026-06-18 19:52:36,time_utc,ais_lat,ais_lon,gt_channel,13985.0,14219.0,gt_cable,south,42,42,2021-11-01 17:52:15+00:00,2021-11-01 18:12:04+00:00,0.11558376367626888,0.12938104733982517,0.2587493754264731,0.0
D:\DAS\_ship_position_estimation_from_das\run_20260618_120347\tables\groundtruth_signed_cross_track_offset_v12.csv,groundtruth_signed_cross_track_offset_v12.csv,2026-06-18 15:20:12,time_utc,ais_lat,ais_lon,gt_channel,13990.0,14219.0,gt_cable,south,42,42,2021-11-01 17:52:15+00:00,2021-11-01 18:12:04+00:00,0.11558376367626888,0.12938104733982517,0.2587493754264731,0.0
D:\DAS\_ship_position_estimation_from_das\run_20260618_120347\tables\groundtruth_signed_cross_track_offset_v12.csv,groundtruth_signed_cross_track_offset_v12.csv,2026-06-18 15:20:12,time_utc,ais_lat,ais_lon,gt_channel,13990.0,14219.0,gt_cable,south,42,42,2021-11-01 17:52:15+00:00,2021-11-01 18:12:04+00:00,0.11558376367626888,0.12938104733982517,0.2587493754264731,0.0
D:\DAS\_ship_position_estimation_from_das\run_20260618_120347\tables\groundtruth_signed_cross_track_offset_v12.csv,groundtruth_signed_cross_track_offset_v12.csv,2026-06-18 15:20:12,time_utc,ais_lat,ais_lon,gt_channel,13990.0,14219.0,gt_cable,south,42,42,2021-11-01 17:52:15+00:00,2021-11-01 18:12:04+00:00,0.11558376367626888,0.12938104733982517,0.2587493754264731,0.0
D:\DAS\_ship_position_estimation_from_das\run_20260618_120347\tables\groundtruth_event_focused_for_das.csv,groundtruth_event_focused_for_das.csv,2026-06-18 15:04:06,time_utc,ais_lat,ais_lon,gt_channel,13990.0,14219.0,gt_cable,south,42,42,2021-11-01 17:52:15+00:00,2021-11-01 18:12:04+00:00,0.11558376367626888,0.12938104733982517,0.2587493754264731,0.0
D:\DAS\_ship_position_estimation_from_das\run_20260618_120347\tables\groundtruth_event_focused_for_das.csv,groundtruth_event_focused_for_das.csv,2026-06-18 15:04:06,time_utc,ais_lat,ais_lon,gt_channel,13990.0,14219.0,gt_cable,south,42,42,2021-11-01 17:52:15+00:00,2021-11-01 18:12:04+00:00,0.11558376367626888,0.12938104733982517,0.2587493754264731,0.0
D:\DAS\_ship_position_estimation_from_das\run_20260618_120347\tables\groundtruth_event_focused_for_das.csv,groundtruth_event_focused_for_das.csv,2026-06-18 15:04:06,time_utc,ais_lat,ais_lon,gt_channel,13990.0,14219.0,gt_cable,south,42,42,2021-11-01 17:52:15+00:00,2021-11-01 18:12:04+00:00,0.11558376367626888,0.12938104733982517,0.2587493754264731,0.0
D:\DAS\_ship_position_estimation_from_das\run_20260618_120347\tables\groundtruth_event_focused_with_cross_track_v12.csv,groundtruth_event_focused_with_cross_track_v12.csv,2026-06-18 15:04:06,time_utc,ais_lat,ais_lon,gt_channel,13990.0,14219.0,gt_cable,south,42,42,2021-11-01 17:52:15+00:00,2021-11-01 18:12:04+00:00,0.11558376367626888,0.12938104733982517,0.2587493754264731,0.0
D:\DAS\_ship_position_estimation_from_das\run_20260618_120347\tables\groundtruth_event_focused_with_cross_track_v12.csv,groundtruth_event_focused_with_cross_track_v12.csv,2026-06-18 15:04:06,time_utc,ais_lat,ais_lon,gt_channel,13990.0,14219.0,gt_cable,south,42,42,2021-11-01 17:52:15+00:00,2021-11-01 18:12:04+00:00,0.11558376367626888,0.12938104733982517,0.2587493754264731,0.0
D:\DAS\_ship_position_estimation_from_das\run_20260618_120347\tables\groundtruth_event_focused_with_cross_track_v12.csv,groundtruth_event_focused_with_cross_track_v12.csv,2026-06-18 15:04:06,time_utc,ais_lat,ais_lon,gt_channel,13990.0,14219.0,gt_cable,south,42,42,2021-11-01 17:52:15+00:00,2021-11-01 18:12:04+00:00,0.11558376367626888,0.12938104733982517,0.2587493754264731,0.0
D:\DAS\_ship_position_estimation_from_das\run_20260613_172525\tables\groundtruth_signed_cross_track_offset_v12.csv,groundtruth_signed_cross_track_offset_v12.csv,2026-06-13 20:47:28,time_utc,ais_lat,ais_lon,gt_channel,13990.0,14219.0,gt_cable,south,42,42,2021-11-01 17:52:15+00:00,2021-11-01 18:12:04+00:00,0.11558376367626888,0.12938104733982517,0.2587493754264731,0.0
D:\DAS\_ship_position_estimation_from_das\run_20260613_172525\tables\groundtruth_signed_cross_track_offset_v12.csv,groundtruth_signed_cross_track_offset_v12.csv,2026-06-13 20:47:28,time_utc,ais_lat,ais_lon,gt_channel,13990.0,14219.0,gt_cable,south,42,42,2021-11-01 17:52:15+00:00,2021-11-01 18:12:04+00:00,0.11558376367626888,0.12938104733982517,0.2587493754264731,0.0
D:\DAS\_ship_position_estimation_from_das\run_20260613_172525\tables\groundtruth_signed_cross_track_offset_v12.csv,groundtruth_signed_cross_track_offset_v12.csv,2026-06-13 20:47:28,time_utc,ais_lat,ais_lon,gt_channel,13990.0,14219.0,gt_cable,south,42,42,2021-11-01 17:52:15+00:00,2021-11-01 18:12:04+00:00,0.11558376367626888,0.12938104733982517,0.2587493754264731,0.0
D:\DAS\_ship_position_estimation_from_das\run_20260613_172525\tables\groundtruth_event_focused_for_das.csv,groundtruth_event_focused_for_das.csv,2026-06-13 20:25:48,time_utc,ais_lat,ais_lon,gt_channel,13990.0,14219.0,gt_cable,south,42,42,2021-11-01 17:52:15+00:00,2021-11-01 18:12:04+00:00,0.11558376367626888,0.12938104733982517,0.2587493754264731,0.0
D:\DAS\_ship_position_estimation_from_das\run_20260613_172525\tables\groundtruth_event_focused_for_das.csv,groundtruth_event_focused_for_das.csv,2026-06-13 20:25:48,time_utc,ais_lat,ais_lon,gt_channel,13990.0,14219.0,gt_cable,south,42,42,2021-11-01 17:52:15+00:00,2021-11-01 18:12:04+00:00,0.11558376367626888,0.12938104733982517,0.2587493754264731,0.0
D:\DAS\_ship_position_estimation_from_das\run_20260613_172525\tables\groundtruth_event_focused_for_das.csv,groundtruth_event_focused_for_das.csv,2026-06-13 20:25:48,time_utc,ais_lat,ais_lon,gt_channel,13990.0,14219.0,gt_cable,south,42,42,2021-11-01 17:52:15+00:00,2021-11-01 18:12:04+00:00,0.11558376367626888,0.12938104733982517,0.2587493754264731,0.0
D:\DAS\_ship_position_estimation_from_das\run_20260613_172525\tables\groundtruth_event_focused_with_cross_track_v12.csv,groundtruth_event_focused_with_cross_track_v12.csv,2026-06-13 20:25:48,time_utc,ais_lat,ais_lon,gt_channel,13990.0,14219.0,gt_cable,south,42,42,2021-11-01 17:52:15+00:00,2021-11-01 18:12:04+00:00,0.11558376367626888,0.12938104733982517,0.2587493754264731,0.0
D:\DAS\_ship_position_estimation_from_das\run_20260613_172525\tables\groundtruth_event_focused_with_cross_track_v12.csv,groundtruth_event_focused_with_cross_track_v12.csv,2026-06-13 20:25:48,time_utc,ais_lat,ais_lon,gt_channel,13990.0,14219.0,gt_cable,south,42,42,2021-11-01 17:52:15+00:00,2021-11-01 18:12:04+00:00,0.11558376367626888,0.12938104733982517,0.2587493754264731,0.0
D:\DAS\_ship_position_estimation_from_das\run_20260613_172525\tables\groundtruth_event_focused_with_cross_track_v12.csv,groundtruth_event_focused_with_cross_track_v12.csv,2026-06-13 20:25:48,time_utc,ais_lat,ais_lon,gt_channel,13990.0,14219.0,gt_cable,south,42,42,2021-11-01 17:52:15+00:00,2021-11-01 18:12:04+00:00,0.11558376367626888,0.12938104733982517,0.2587493754264731,0.0
D:\DAS\_ship_position_estimation_from_das\run_20260613_153917\tables\groundtruth_signed_cross_track_offset_v12.csv,groundtruth_signed_cross_track_offset_v12.csv,2026-06-13 19:01:20,time_utc,ais_lat,ais_lon,gt_channel,13990.0,14219.0,gt_cable,south,42,42,2021-11-01 17:52:15+00:00,2021-11-01 18:12:04+00:00,0.11558376367626888,0.12938104733982517,0.2587493754264731,0.0
D:\DAS\_ship_position_estimation_from_das\run_20260613_153917\tables\groundtruth_signed_cross_track_offset_v12.csv,groundtruth_signed_cross_track_offset_v12.csv,2026-06-13 19:01:20,time_utc,ais_lat,ais_lon,gt_channel,13990.0,14219.0,gt_cable,south,42,42,2021-11-01 17:52:15+00:00,2021-11-01 18:12:04+00:00,0.11558376367626888,0.12938104733982517,0.2587493754264731,0.0
D:\DAS\_ship_position_estimation_from_das\run_20260613_153917\tables\groundtruth_signed_cross_track_offset_v12.csv,groundtruth_signed_cross_track_offset_v12.csv,2026-06-13 19:01:20,time_utc,ais_lat,ais_lon,gt_channel,13990.0,14219.0,gt_cable,south,42,42,2021-11-01 17:52:15+00:00,2021-11-01 18:12:04+00:00,0.11558376367626888,0.12938104733982517,0.2587493754264731,0.0
D:\DAS\_ship_position_estimation_from_das\run_20260613_153917\tables\groundtruth_event_focused_for_das.csv,groundtruth_event_focused_for_das.csv,2026-06-13 18:39:40,time_utc,ais_lat,ais_lon,gt_channel,13990.0,14219.0,gt_cable,south,42,42,2021-11-01 17:52:15+00:00,2021-11-01 18:12:04+00:00,0.11558376367626888,0.12938104733982517,0.2587493754264731,0.0
D:\DAS\_ship_position_estimation_from_das\run_20260613_153917\tables\groundtruth_event_focused_for_das.csv,groundtruth_event_focused_for_das.csv,2026-06-13 18:39:40,time_utc,ais_lat,ais_lon,gt_channel,13990.0,14219.0,gt_cable,south,42,42,2021-11-01 17:52:15+00:00,2021-11-01 18:12:04+00:00,0.11558376367626888,0.12938104733982517,0.2587493754264731,0.0
D:\DAS\_ship_position_estimation_from_das\run_20260613_153917\tables\groundtruth_event_focused_for_das.csv,groundtruth_event_focused_for_das.csv,2026-06-13 18:39:40,time_utc,ais_lat,ais_lon,gt_channel,13990.0,14219.0,gt_cable,south,42,42,2021-11-01 17:52:15+00:00,2021-11-01 18:12:04+00:00,0.11558376367626888,0.12938104733982517,0.2587493754264731,0.0
D:\DAS\_ship_position_estimation_from_das\run_20260613_153917\tables\groundtruth_event_focused_with_cross_track_v12.csv,groundtruth_event_focused_with_cross_track_v12.csv,2026-06-13 18:39:40,time_utc,ais_lat,ais_lon,gt_channel,13990.0,14219.0,gt_cable,south,42,42,2021-11-01 17:52:15+00:00,2021-11-01 18:12:04+00:00,0.11558376367626888,0.12938104733982517,0.2587493754264731,0.0
D:\DAS\_ship_position_estimation_from_das\run_20260613_153917\tables\groundtruth_event_focused_with_cross_track_v12.csv,groundtruth_event_focused_with_cross_track_v12.csv,2026-06-13 18:39:40,time_utc,ais_lat,ais_lon,gt_channel,13990.0,14219.0,gt_cable,south,42,42,2021-11-01 17:52:15+00:00,2021-11-01 18:12:04+00:00,0.11558376367626888,0.12938104733982517,0.2587493754264731,0.0
D:\DAS\_ship_position_estimation_from_das\run_20260613_153917\tables\groundtruth_event_focused_with_cross_track_v12.csv,groundtruth_event_focused_with_cross_track_v12.csv,2026-06-13 18:39:40,time_utc,ais_lat,ais_lon,gt_channel,13990.0,14219.0,gt_cable,south,42,42,2021-11-01 17:52:15+00:00,2021-11-01 18:12:04+00:00,0.11558376367626888,0.12938104733982517,0.2587493754264731,0.0
D:\DAS\_ship_position_estimation_from_das\run_20260613_135420\tables\groundtruth_event_focused_for_das.csv,groundtruth_event_focused_for_das.csv,2026-06-13 16:54:44,time_utc,ais_lat,ais_lon,gt_channel,13990.0,14219.0,gt_cable,south,42,42,2021-11-01 17:52:15+00:00,2021-11-01 18:12:04+00:00,0.11558376367626888,0.12938104733982517,0.2587493754264731,0.0
D:\DAS\_ship_position_estimation_from_das\run_20260613_135420\tables\groundtruth_event_focused_for_das.csv,groundtruth_event_focused_for_das.csv,2026-06-13 16:54:44,time_utc,ais_lat,ais_lon,gt_channel,13990.0,14219.0,gt_cable,south,42,42,2021-11-01 17:52:15+00:00,2021-11-01 18:12:04+00:00,0.11558376367626888,0.12938104733982517,0.2587493754264731,0.0
D:\DAS\_ship_position_estimation_from_das\run_20260613_135420\tables\groundtruth_event_focused_for_das.csv,groundtruth_event_focused_for_das.csv,2026-06-13 16:54:44,time_utc,ais_lat,ais_lon,gt_channel,13990.0,14219.0,gt_cable,south,42,42,2021-11-01 17:52:15+00:00,2021-11-01 18:12:04+00:00,0.11558376367626888,0.12938104733982517,0.2587493754264731,0.0
D:\DAS\_ship_position_estimation_from_das\run_20260613_135420\tables\groundtruth_event_focused_with_cross_track_v12.csv,groundtruth_event_focused_with_cross_track_v12.csv,2026-06-13 16:54:44,time_utc,ais_lat,ais_lon,gt_channel,13990.0,14219.0,gt_cable,south,42,42,2021-11-01 17:52:15+00:00,2021-11-01 18:12:04+00:00,0.11558376367626888,0.12938104733982517,0.2587493754264731,0.0
D:\DAS\_ship_position_estimation_from_das\run_20260613_135420\tables\groundtruth_event_focused_with_cross_track_v12.csv,groundtruth_event_focused_with_cross_track_v12.csv,2026-06-13 16:54:44,time_utc,ais_lat,ais_lon,gt_channel,13990.0,14219.0,gt_cable,south,42,42,2021-11-01 17:52:15+00:00,2021-11-01 18:12:04+00:00,0.11558376367626888,0.12938104733982517,0.2587493754264731,0.0
D:\DAS\_ship_position_estimation_from_das\run_20260613_135420\tables\groundtruth_event_focused_with_cross_track_v12.csv,groundtruth_event_focused_with_cross_track_v12.csv,2026-06-13 16:54:44,time_utc,ais_lat,ais_lon,gt_channel,13990.0,14219.0,gt_cable,south,42,42,2021-11-01 17:52:15+00:00,2021-11-01 18:12:04+00:00,0.11558376367626888,0.12938104733982517,0.2587493754264731,0.0
D:\DAS\_ship_position_estimation_from_das\run_20260613_122903\tables\groundtruth_event_focused_for_das.csv,groundtruth_event_focused_for_das.csv,2026-06-13 15:29:36,time_utc,ais_lat,ais_lon,gt_channel,13990.0,14219.0,gt_cable,south,42,42,2021-11-01 17:52:15+00:00,2021-11-01 18:12:04+00:00,0.11558376367626888,0.12938104733982517,0.2587493754264731,0.0
D:\DAS\_ship_position_estimation_from_das\run_20260613_122903\tables\groundtruth_event_focused_for_das.csv,groundtruth_event_focused_for_das.csv,2026-06-13 15:29:36,time_utc,ais_lat,ais_lon,gt_channel,13990.0,14219.0,gt_cable,south,42,42,2021-11-01 17:52:15+00:00,2021-11-01 18:12:04+00:00,0.11558376367626888,0.12938104733982517,0.2587493754264731,0.0
D:\DAS\_ship_position_estimation_from_das\run_20260613_122903\tables\groundtruth_event_focused_for_das.csv,groundtruth_event_focused_for_das.csv,2026-06-13 15:29:36,time_utc,ais_lat,ais_lon,gt_channel,13990.0,14219.0,gt_cable,south,42,42,2021-11-01 17:52:15+00:00,2021-11-01 18:12:04+00:00,0.11558376367626888,0.12938104733982517,0.2587493754264731,0.0
D:\DAS\_ship_position_estimation_from_das\run_20260613_114709\tables\groundtruth_event_focused_for_das.csv,groundtruth_event_focused_for_das.csv,2026-06-13 14:47:32,time_utc,ais_lat,ais_lon,gt_channel,13990.0,14219.0,gt_cable,south,42,42,2021-11-01 17:52:15+00:00,2021-11-01 18:12:04+00:00,0.11558376367626888,0.12938104733982517,0.2587493754264731,0.0
D:\DAS\_ship_position_estimation_from_das\run_20260613_114709\tables\groundtruth_event_focused_for_das.csv,groundtruth_event_focused_for_das.csv,2026-06-13 14:47:32,time_utc,ais_lat,ais_lon,gt_channel,13990.0,14219.0,gt_cable,south,42,42,2021-11-01 17:52:15+00:00,2021-11-01 18:12:04+00:00,0.11558376367626888,0.12938104733982517,0.2587493754264731,0.0
D:\DAS\_ship_position_estimation_from_das\run_20260613_114709\tables\groundtruth_event_focused_for_das.csv,groundtruth_event_focused_for_das.csv,2026-06-13 14:47:32,time_utc,ais_lat,ais_lon,gt_channel,13990.0,14219.0,gt_cable,south,42,42,2021-11-01 17:52:15+00:00,2021-11-01 18:12:04+00:00,0.11558376367626888,0.12938104733982517,0.2587493754264731,0.0
D:\DAS\_ship_position_estimation_from_das\run_20260613_081226\tables\groundtruth_event_focused_for_das.csv,groundtruth_event_focused_for_das.csv,2026-06-13 11:12:46,time_utc,ais_lat,ais_lon,gt_channel,13990.0,14219.0,gt_cable,south,42,42,2021-11-01 17:52:15+00:00,2021-11-01 18:12:04+00:00,0.11558376367626888,0.12938104733982517,0.2587493754264731,0.0
D:\DAS\_ship_position_estimation_from_das\run_20260613_081226\tables\groundtruth_event_focused_for_das.csv,groundtruth_event_focused_for_das.csv,2026-06-13 11:12:46,time_utc,ais_lat,ais_lon,gt_channel,13990.0,14219.0,gt_cable,south,42,42,2021-11-01 17:52:15+00:00,2021-11-01 18:12:04+00:00,0.11558376367626888,0.12938104733982517,0.2587493754264731,0.0
D:\DAS\_ship_position_estimation_from_das\run_20260613_081226\tables\groundtruth_event_focused_for_das.csv,groundtruth_event_focused_for_das.csv,2026-06-13 11:12:46,time_utc,ais_lat,ais_lon,gt_channel,13990.0,14219.0,gt_cable,south,42,42,2021-11-01 17:52:15+00:00,2021-11-01 18:12:04+00:00,0.11558376367626888,0.12938104733982517,0.2587493754264731,0.0
D:\DAS\_ship_position_estimation_from_das\run_20260613_065307\tables\groundtruth_event_focused_for_das.csv,groundtruth_event_focused_for_das.csv,2026-06-13 09:53:56,time_utc,ais_lat,ais_lon,gt_channel,13990.0,14219.0,gt_cable,south,42,42,2021-11-01 17:52:15+00:00,2021-11-01 18:12:04+00:00,0.11558376367626888,0.12938104733982517,0.2587493754264731,0.0
D:\DAS\_ship_position_estimation_from_das\run_20260613_065307\tables\groundtruth_event_focused_for_das.csv,groundtruth_event_focused_for_das.csv,2026-06-13 09:53:56,time_utc,ais_lat,ais_lon,gt_channel,13990.0,14219.0,gt_cable,south,42,42,2021-11-01 17:52:15+00:00,2021-11-01 18:12:04+00:00,0.11558376367626888,0.12938104733982517,0.2587493754264731,0.0
D:\DAS\_ship_position_estimation_from_das\run_20260613_065307\tables\groundtruth_event_focused_for_das.csv,groundtruth_event_focused_for_das.csv,2026-06-13 09:53:56,time_utc,ais_lat,ais_lon,gt_channel,13990.0,14219.0,gt_cable,south,42,42,2021-11-01 17:52:15+00:00,2021-11-01 18:12:04+00:00,0.11558376367626888,0.12938104733982517,0.2587493754264731,0.0
D:\DAS\_ship_position_estimation_from_das\run_20260613_064830\tables\groundtruth_event_focused_for_das.csv,groundtruth_event_focused_for_das.csv,2026-06-13 09:49:02,time_utc,ais_lat,ais_lon,gt_channel,13990.0,14219.0,gt_cable,south,42,42,2021-11-01 17:52:15+00:00,2021-11-01 18:12:04+00:00,0.11558376367626888,0.12938104733982517,0.2587493754264731,0.0
D:\DAS\_ship_position_estimation_from_das\run_20260613_064830\tables\groundtruth_event_focused_for_das.csv,groundtruth_event_focused_for_das.csv,2026-06-13 09:49:02,time_utc,ais_lat,ais_lon,gt_channel,13990.0,14219.0,gt_cable,south,42,42,2021-11-01 17:52:15+00:00,2021-11-01 18:12:04+00:00,0.11558376367626888,0.12938104733982517,0.2587493754264731,0.0
D:\DAS\_ship_position_estimation_from_das\run_20260613_064830\tables\groundtruth_event_focused_for_das.csv,groundtruth_event_focused_for_das.csv,2026-06-13 09:49:02,time_utc,ais_lat,ais_lon,gt_channel,13990.0,14219.0,gt_cable,south,42,42,2021-11-01 17:52:15+00:00,2021-11-01 18:12:04+00:00,0.11558376367626888,0.12938104733982517,0.2587493754264731,0.0
D:\DAS\_ship_position_estimation_from_das\run_20260613_061622\tables\groundtruth_event_focused_for_das.csv,groundtruth_event_focused_for_das.csv,2026-06-13 09:16:42,time_utc,ais_lat,ais_lon,gt_channel,13990.0,14219.0,gt_cable,south,42,42,2021-11-01 17:52:15+00:00,2021-11-01 18:12:04+00:00,0.11558376367626888,0.12938104733982517,0.2587493754264731,0.0
D:\DAS\_ship_position_estimation_from_das\run_20260613_061622\tables\groundtruth_event_focused_for_das.csv,groundtruth_event_focused_for_das.csv,2026-06-13 09:16:42,time_utc,ais_lat,ais_lon,gt_channel,13990.0,14219.0,gt_cable,south,42,42,2021-11-01 17:52:15+00:00,2021-11-01 18:12:04+00:00,0.11558376367626888,0.12938104733982517,0.2587493754264731,0.0
D:\DAS\_ship_position_estimation_from_das\run_20260613_061622\tables\groundtruth_event_focused_for_das.csv,groundtruth_event_focused_for_das.csv,2026-06-13 09:16:42,time_utc,ais_lat,ais_lon,gt_channel,13990.0,14219.0,gt_cable,south,42,42,2021-11-01 17:52:15+00:00,2021-11-01 18:12:04+00:00,0.11558376367626888,0.12938104733982517,0.2587493754264731,0.0
D:\DAS\_ship_position_estimation_from_das\run_20260612_161047\tables\groundtruth_event_focused_for_das.csv,groundtruth_event_focused_for_das.csv,2026-06-12 19:11:16,time_utc,ais_lat,ais_lon,gt_channel,13990.0,14219.0,gt_cable,south,42,42,2021-11-01 17:52:15+00:00,2021-11-01 18:12:04+00:00,0.11558376367626888,0.12938104733982517,0.2587493754264731,0.0
D:\DAS\_ship_position_estimation_from_das\run_20260612_161047\tables\groundtruth_event_focused_for_das.csv,groundtruth_event_focused_for_das.csv,2026-06-12 19:11:16,time_utc,ais_lat,ais_lon,gt_channel,13990.0,14219.0,gt_cable,south,42,42,2021-11-01 17:52:15+00:00,2021-11-01 18:12:04+00:00,0.11558376367626888,0.12938104733982517,0.2587493754264731,0.0
D:\DAS\_ship_position_estimation_from_das\run_20260612_161047\tables\groundtruth_event_focused_for_das.csv,groundtruth_event_focused_for_das.csv,2026-06-12 19:11:16,time_utc,ais_lat,ais_lon,gt_channel,13990.0,14219.0,gt_cable,south,42,42,2021-11-01 17:52:15+00:00,2021-11-01 18:12:04+00:00,0.11558376367626888,0.12938104733982517,0.2587493754264731,0.0
D:\DAS\_ship_position_estimation_from_das\run_20260612_141130\tables\groundtruth_event_focused_for_das.csv,groundtruth_event_focused_for_das.csv,2026-06-12 17:12:00,time_utc,ais_lat,ais_lon,gt_channel,13990.0,14219.0,gt_cable,south,42,42,2021-11-01 17:52:15+00:00,2021-11-01 18:12:04+00:00,0.11558376367626888,0.12938104733982517,0.2587493754264731,0.0
D:\DAS\_ship_position_estimation_from_das\run_20260612_141130\tables\groundtruth_event_focused_for_das.csv,groundtruth_event_focused_for_das.csv,2026-06-12 17:12:00,time_utc,ais_lat,ais_lon,gt_channel,13990.0,14219.0,gt_cable,south,42,42,2021-11-01 17:52:15+00:00,2021-11-01 18:12:04+00:00,0.11558376367626888,0.12938104733982517,0.2587493754264731,0.0
D:\DAS\_ship_position_estimation_from_das\run_20260612_141130\tables\groundtruth_event_focused_for_das.csv,groundtruth_event_focused_for_das.csv,2026-06-12 17:12:00,time_utc,ais_lat,ais_lon,gt_channel,13990.0,14219.0,gt_cable,south,42,42,2021-11-01 17:52:15+00:00,2021-11-01 18:12:04+00:00,0.11558376367626888,0.12938104733982517,0.2587493754264731,0.0
D:\DAS\_ship_position_estimation_from_das\run_20260618_120347\tables\groundtruth_signed_cross_track_offset_v12.csv,groundtruth_signed_cross_track_offset_v12.csv,2026-06-18 15:20:12,time_utc,ais_lat,gt_cable_lon,gt_channel,13990.0,14219.0,gt_cable,south,42,42,2021-11-01 17:52:15+00:00,2021-11-01 18:12:04+00:00,0.11626954369202523,0.13026740649939372,0.25669911970267456,0.0031356101981104157
D:\DAS\_ship_position_estimation_from_das\run_20260618_120347\tables\groundtruth_event_focused_for_das.csv,groundtruth_event_focused_for_das.csv,2026-06-18 15:04:06,time_utc,ais_lat,gt_cable_lon,gt_channel,13990.0,14219.0,gt_cable,south,42,42,2021-11-01 17:52:15+00:00,2021-11-01 18:12:04+00:00,0.11626954369202523,0.13026740649939372,0.25669911970267456,0.0031356101981104157
D:\DAS\_ship_position_estimation_from_das\run_20260618_120347\tables\groundtruth_event_focused_with_cross_track_v12.csv,groundtruth_event_focused_with_cross_track_v12.csv,2026-06-18 15:04:06,time_utc,ais_lat,gt_cable_lon,gt_channel,13990.0,14219.0,gt_cable,south,42,42,2021-11-01 17:52:15+00:00,2021-11-01 18:12:04+00:00,0.11626954369202523,0.13026740649939372,0.25669911970267456,0.0031356101981104157
D:\DAS\_ship_position_estimation_from_das\run_20260613_172525\tables\groundtruth_signed_cross_track_offset_v12.csv,groundtruth_signed_cross_track_offset_v12.csv,2026-06-13 20:47:28,time_utc,ais_lat,gt_cable_lon,gt_channel,13990.0,14219.0,gt_cable,south,42,42,2021-11-01 17:52:15+00:00,2021-11-01 18:12:04+00:00,0.11626954369202523,0.13026740649939372,0.25669911970267456,0.0031356101981104157
D:\DAS\_ship_position_estimation_from_das\run_20260613_172525\tables\groundtruth_event_focused_for_das.csv,groundtruth_event_focused_for_das.csv,2026-06-13 20:25:48,time_utc,ais_lat,gt_cable_lon,gt_channel,13990.0,14219.0,gt_cable,south,42,42,2021-11-01 17:52:15+00:00,2021-11-01 18:12:04+00:00,0.11626954369202523,0.13026740649939372,0.25669911970267456,0.0031356101981104157
D:\DAS\_ship_position_estimation_from_das\run_20260613_172525\tables\groundtruth_event_focused_with_cross_track_v12.csv,groundtruth_event_focused_with_cross_track_v12.csv,2026-06-13 20:25:48,time_utc,ais_lat,gt_cable_lon,gt_channel,13990.0,14219.0,gt_cable,south,42,42,2021-11-01 17:52:15+00:00,2021-11-01 18:12:04+00:00,0.11626954369202523,0.13026740649939372,0.25669911970267456,0.0031356101981104157
D:\DAS\_ship_position_estimation_from_das\run_20260613_153917\tables\groundtruth_signed_cross_track_offset_v12.csv,groundtruth_signed_cross_track_offset_v12.csv,2026-06-13 19:01:20,time_utc,ais_lat,gt_cable_lon,gt_channel,13990.0,14219.0,gt_cable,south,42,42,2021-11-01 17:52:15+00:00,2021-11-01 18:12:04+00:00,0.11626954369202523,0.13026740649939372,0.25669911970267456,0.0031356101981104157
D:\DAS\_ship_position_estimation_from_das\run_20260613_153917\tables\groundtruth_event_focused_for_das.csv,groundtruth_event_focused_for_das.csv,2026-06-13 18:39:40,time_utc,ais_lat,gt_cable_lon,gt_channel,13990.0,14219.0,gt_cable,south,42,42,2021-11-01 17:52:15+00:00,2021-11-01 18:12:04+00:00,0.11626954369202523,0.13026740649939372,0.25669911970267456,0.0031356101981104157
D:\DAS\_ship_position_estimation_from_das\run_20260613_153917\tables\groundtruth_event_focused_with_cross_track_v12.csv,groundtruth_event_focused_with_cross_track_v12.csv,2026-06-13 18:39:40,time_utc,ais_lat,gt_cable_lon,gt_channel,13990.0,14219.0,gt_cable,south,42,42,2021-11-01 17:52:15+00:00,2021-11-01 18:12:04+00:00,0.11626954369202523,0.13026740649939372,0.25669911970267456,0.0031356101981104157
D:\DAS\_ship_position_estimation_from_das\run_20260613_135420\tables\groundtruth_event_focused_for_das.csv,groundtruth_event_focused_for_das.csv,2026-06-13 16:54:44,time_utc,ais_lat,gt_cable_lon,gt_channel,13990.0,14219.0,gt_cable,south,42,42,2021-11-01 17:52:15+00:00,2021-11-01 18:12:04+00:00,0.11626954369202523,0.13026740649939372,0.25669911970267456,0.0031356101981104157
D:\DAS\_ship_position_estimation_from_das\run_20260613_135420\tables\groundtruth_event_focused_with_cross_track_v12.csv,groundtruth_event_focused_with_cross_track_v12.csv,2026-06-13 16:54:44,time_utc,ais_lat,gt_cable_lon,gt_channel,13990.0,14219.0,gt_cable,south,42,42,2021-11-01 17:52:15+00:00,2021-11-01 18:12:04+00:00,0.11626954369202523,0.13026740649939372,0.25669911970267456,0.0031356101981104157
D:\DAS\_ship_position_estimation_from_das\run_20260613_122903\tables\groundtruth_event_focused_for_das.csv,groundtruth_event_focused_for_das.csv,2026-06-13 15:29:36,time_utc,ais_lat,gt_cable_lon,gt_channel,13990.0,14219.0,gt_cable,south,42,42,2021-11-01 17:52:15+00:00,2021-11-01 18:12:04+00:00,0.11626954369202523,0.13026740649939372,0.25669911970267456,0.0031356101981104157
D:\DAS\_ship_position_estimation_from_das\run_20260613_114709\tables\groundtruth_event_focused_for_das.csv,groundtruth_event_focused_for_das.csv,2026-06-13 14:47:32,time_utc,ais_lat,gt_cable_lon,gt_channel,13990.0,14219.0,gt_cable,south,42,42,2021-11-01 17:52:15+00:00,2021-11-01 18:12:04+00:00,0.11626954369202523,0.13026740649939372,0.25669911970267456,0.0031356101981104157
D:\DAS\_ship_position_estimation_from_das\run_20260613_081226\tables\groundtruth_event_focused_for_das.csv,groundtruth_event_focused_for_das.csv,2026-06-13 11:12:46,time_utc,ais_lat,gt_cable_lon,gt_channel,13990.0,14219.0,gt_cable,south,42,42,2021-11-01 17:52:15+00:00,2021-11-01 18:12:04+00:00,0.11626954369202523,0.13026740649939372,0.25669911970267456,0.0031356101981104157
D:\DAS\_ship_position_estimation_from_das\run_20260613_065307\tables\groundtruth_event_focused_for_das.csv,groundtruth_event_focused_for_das.csv,2026-06-13 09:53:56,time_utc,ais_lat,gt_cable_lon,gt_channel,13990.0,14219.0,gt_cable,south,42,42,2021-11-01 17:52:15+00:00,2021-11-01 18:12:04+00:00,0.11626954369202523,0.13026740649939372,0.25669911970267456,0.0031356101981104157
D:\DAS\_ship_position_estimation_from_das\run_20260613_064830\tables\groundtruth_event_focused_for_das.csv,groundtruth_event_focused_for_das.csv,2026-06-13 09:49:02,time_utc,ais_lat,gt_cable_lon,gt_channel,13990.0,14219.0,gt_cable,south,42,42,2021-11-01 17:52:15+00:00,2021-11-01 18:12:04+00:00,0.11626954369202523,0.13026740649939372,0.25669911970267456,0.0031356101981104157
D:\DAS\_ship_position_estimation_from_das\run_20260613_061622\tables\groundtruth_event_focused_for_das.csv,groundtruth_event_focused_for_das.csv,2026-06-13 09:16:42,time_utc,ais_lat,gt_cable_lon,gt_channel,13990.0,14219.0,gt_cable,south,42,42,2021-11-01 17:52:15+00:00,2021-11-01 18:12:04+00:00,0.11626954369202523,0.13026740649939372,0.25669911970267456,0.0031356101981104157
D:\DAS\_ship_position_estimation_from_das\run_20260612_161047\tables\groundtruth_event_focused_for_das.csv,groundtruth_event_focused_for_das.csv,2026-06-12 19:11:16,time_utc,ais_lat,gt_cable_lon,gt_channel,13990.0,14219.0,gt_cable,south,42,42,2021-11-01 17:52:15+00:00,2021-11-01 18:12:04+00:00,0.11626954369202523,0.13026740649939372,0.25669911970267456,0.0031356101981104157
D:\DAS\_ship_position_estimation_from_das\run_20260612_141130\tables\groundtruth_event_focused_for_das.csv,groundtruth_event_focused_for_das.csv,2026-06-12 17:12:00,time_utc,ais_lat,gt_cable_lon,gt_channel,13990.0,14219.0,gt_cable,south,42,42,2021-11-01 17:52:15+00:00,2021-11-01 18:12:04+00:00,0.11626954369202523,0.13026740649939372,0.25669911970267456,0.0031356101981104157
D:\DAS\_ship_position_estimation_from_das\run_20260613_153917\tables\estimate_vs_groundtruth_joined.csv,estimate_vs_groundtruth_joined.csv,2026-06-13 19:01:24,time_utc,est_lat,est_cable_lon,est_channel,13912.0,14228.0,est_cable,south,7844,7844,2021-11-01 17:51:30.339000+00:00,2021-11-01 18:12:48.839000+00:00,0.1167343000185236,0.13965515276221493,0.28420977238916806,0.0012610268295141546
D:\DAS\_ship_position_estimation_from_das\run_20260613_153917\tables\estimate_vs_groundtruth_joined.csv,estimate_vs_groundtruth_joined.csv,2026-06-13 19:01:24,time_utc,est_ship_lat,est_cable_lon,est_channel,13912.0,14228.0,est_cable,south,7844,7844,2021-11-01 17:51:30.339000+00:00,2021-11-01 18:12:48.839000+00:00,0.1167343000185236,0.13965515276221493,0.28420977238916806,0.0012610268295141546
D:\DAS\_ship_position_estimation_from_das\run_20260621_104743\tables\estimate_vs_groundtruth_joined.csv,estimate_vs_groundtruth_joined.csv,2026-06-21 14:09:16,time_utc,est_lat,gt_cable_lon,est_channel,14176.0,14257.0,est_cable,south,7844,7844,2021-11-01 17:51:30.339000+00:00,2021-11-01 18:12:48.839000+00:00,0.11850813550089102,0.12938550574211258,0.26138606070843623,0.003944777026864879
D:\DAS\_ship_position_estimation_from_das\run_20260621_104743\tables\estimate_vs_groundtruth_joined.csv,estimate_vs_groundtruth_joined.csv,2026-06-21 14:09:16,time_utc,est_ship_lat,gt_cable_lon,est_channel,14176.0,14257.0,est_cable,south,7844,7844,2021-11-01 17:51:30.339000+00:00,2021-11-01 18:12:48.839000+00:00,0.11850813550089102,0.12938550574211258,0.26138606070843623,0.003944777026864879
D:\DAS\_ship_position_estimation_from_das\run_20260619_114653\tables\estimate_vs_groundtruth_joined.csv,estimate_vs_groundtruth_joined.csv,2026-06-19 15:07:20,time_utc,est_lat,gt_cable_lon,est_channel,14176.0,14257.0,est_cable,south,7844,7844,2021-11-01 17:51:30.339000+00:00,2021-11-01 18:12:48.839000+00:00,0.11850813550089102,0.12938550574211258,0.26138606070843623,0.003944777026864879
D:\DAS\_ship_position_estimation_from_das\run_20260619_114653\tables\estimate_vs_groundtruth_joined.csv,estimate_vs_groundtruth_joined.csv,2026-06-19 15:07:20,time_utc,est_ship_lat,gt_cable_lon,est_channel,14176.0,14257.0,est_cable,south,7844,7844,2021-11-01 17:51:30.339000+00:00,2021-11-01 18:12:48.839000+00:00,0.11850813550089102,0.12938550574211258,0.26138606070843623,0.003944777026864879
D:\DAS\_ship_position_estimation_from_das\run_20260613_153917\tables\estimate_vs_groundtruth_joined.csv,estimate_vs_groundtruth_joined.csv,2026-06-13 19:01:24,time_utc,est_lat,gt_cable_lon,est_channel,13912.0,14228.0,est_cable,south,7844,7844,2021-11-01 17:51:30.339000+00:00,2021-11-01 18:12:48.839000+00:00,0.11951046196729978,0.13131533849193994,0.2614615908553517,0.0016570067378958448
D:\DAS\_ship_position_estimation_from_das\run_20260613_153917\tables\estimate_vs_groundtruth_joined.csv,estimate_vs_groundtruth_joined.csv,2026-06-13 19:01:24,time_utc,est_ship_lat,gt_cable_lon,est_channel,13912.0,14228.0,est_cable,south,7844,7844,2021-11-01 17:51:30.339000+00:00,2021-11-01 18:12:48.839000+00:00,0.11951046196729978,0.13131533849193994,0.2614615908553517,0.0016570067378958448
D:\DAS\_ship_position_estimation_from_das\run_20260621_104743\tables\estimate_vs_groundtruth_joined.csv,estimate_vs_groundtruth_joined.csv,2026-06-21 14:09:16,time_utc,ais_lat,gt_cable_lon,est_channel,14176.0,14257.0,est_cable,south,7844,7844,2021-11-01 17:51:30.339000+00:00,2021-11-01 18:12:48.839000+00:00,0.11970297872085846,0.12911707334773825,0.2554451675037592,0.0031356101981104157
D:\DAS\_ship_position_estimation_from_das\run_20260619_114653\tables\estimate_vs_groundtruth_joined.csv,estimate_vs_groundtruth_joined.csv,2026-06-19 15:07:20,time_utc,ais_lat,gt_cable_lon,est_channel,14176.0,14257.0,est_cable,south,7844,7844,2021-11-01 17:51:30.339000+00:00,2021-11-01 18:12:48.839000+00:00,0.11970297872085846,0.12911707334773825,0.2554451675037592,0.0031356101981104157
D:\DAS\_ship_position_estimation_from_das\run_20260618_120347\tables\estimate_vs_groundtruth_joined.csv,estimate_vs_groundtruth_joined.csv,2026-06-18 15:20:14,time_utc,ais_lat,gt_cable_lon,est_channel,14176.0,14257.0,est_cable,south,7844,7844,2021-11-01 17:51:30.339000+00:00,2021-11-01 18:12:48.839000+00:00,0.11970297872085846,0.13123346287223836,0.25683844772477626,0.0031356101981104157
D:\DAS\_ship_position_estimation_from_das\run_20260613_172525\tables\estimate_vs_groundtruth_joined.csv,estimate_vs_groundtruth_joined.csv,2026-06-13 20:47:30,time_utc,ais_lat,gt_cable_lon,est_channel,14176.0,14257.0,est_cable,south,7844,7844,2021-11-01 17:51:30.339000+00:00,2021-11-01 18:12:48.839000+00:00,0.11970297872085846,0.13123346287223836,0.25683844772477626,0.0031356101981104157
D:\DAS\_ship_position_estimation_from_das\run_20260613_153917\tables\estimate_vs_groundtruth_joined.csv,estimate_vs_groundtruth_joined.csv,2026-06-13 19:01:24,time_utc,ais_lat,gt_cable_lon,est_channel,13912.0,14228.0,est_cable,south,7844,7844,2021-11-01 17:51:30.339000+00:00,2021-11-01 18:12:48.839000+00:00,0.11970297872085846,0.13123346287223836,0.25683844772477626,0.0031356101981104157
D:\DAS\_ship_position_estimation_from_das\run_20260613_122903\tables\estimate_vs_groundtruth_joined.csv,estimate_vs_groundtruth_joined.csv,2026-06-13 15:51:08,time_utc,ais_lat,gt_cable_lon,est_channel,13912.0,14228.0,est_cable,south,7844,7844,2021-11-01 17:51:30.339000+00:00,2021-11-01 18:12:48.839000+00:00,0.11970297872085846,0.13123346287223836,0.25683844772477626,0.0031356101981104157
D:\DAS\_ship_position_estimation_from_das\run_20260613_114709\tables\estimate_vs_groundtruth_joined.csv,estimate_vs_groundtruth_joined.csv,2026-06-13 15:15:20,time_utc,ais_lat,gt_cable_lon,est_channel,13650.0,14279.0,est_cable,south,7844,7844,2021-11-01 17:51:30.339000+00:00,2021-11-01 18:12:48.839000+00:00,0.11970297872085846,0.13123346287223836,0.25683844772477626,0.0031356101981104157
D:\DAS\_ship_position_estimation_from_das\run_20260613_081226\tables\estimate_vs_groundtruth_joined.csv,estimate_vs_groundtruth_joined.csv,2026-06-13 11:39:34,time_utc,ais_lat,gt_cable_lon,est_channel,13601.0,14799.0,est_cable,south,7844,7844,2021-11-01 17:51:30.339000+00:00,2021-11-01 18:12:48.839000+00:00,0.11970297872085846,0.13123346287223836,0.25683844772477626,0.0031356101981104157
D:\DAS\_ship_position_estimation_from_das\run_20260613_065307\tables\estimate_vs_groundtruth_joined.csv,estimate_vs_groundtruth_joined.csv,2026-06-13 10:28:10,time_utc,ais_lat,gt_cable_lon,est_channel,13601.0,14799.0,est_cable,south,7844,7844,2021-11-01 17:51:30.339000+00:00,2021-11-01 18:12:48.839000+00:00,0.11970297872085846,0.13123346287223836,0.25683844772477626,0.0031356101981104157
D:\DAS\_ship_position_estimation_from_das\run_20260613_064830\tables\estimate_vs_groundtruth_joined.csv,estimate_vs_groundtruth_joined.csv,2026-06-13 10:22:40,time_utc,ais_lat,gt_cable_lon,est_channel,13619.0,14818.0,est_cable,south,7844,7844,2021-11-01 17:51:30.339000+00:00,2021-11-01 18:12:48.839000+00:00,0.11970297872085846,0.13123346287223836,0.25683844772477626,0.0031356101981104157
D:\DAS\_ship_position_estimation_from_das\run_20260612_161047\tables\estimate_vs_groundtruth_joined.csv,estimate_vs_groundtruth_joined.csv,2026-06-12 19:42:02,time_utc,ais_lat,gt_cable_lon,est_channel,13619.0,14818.0,est_cable,south,7844,7844,2021-11-01 17:51:30.339000+00:00,2021-11-01 18:12:48.839000+00:00,0.11970297872085846,0.13123346287223836,0.25683844772477626,0.0031356101981104157
D:\DAS\_ship_position_estimation_from_das\run_20260612_141130\tables\estimate_vs_groundtruth_joined.csv,estimate_vs_groundtruth_joined.csv,2026-06-12 17:42:40,time_utc,ais_lat,gt_cable_lon,est_channel,13619.0,14818.0,est_cable,south,7844,7844,2021-11-01 17:51:30.339000+00:00,2021-11-01 18:12:48.839000+00:00,0.11970297872085846,0.13123346287223836,0.25683844772477626,0.0031356101981104157
D:\DAS\_ship_position_estimation_from_das\run_20260613_153917\tables\estimate_vs_groundtruth_joined.csv,estimate_vs_groundtruth_joined.csv,2026-06-13 19:01:24,time_utc,est_ship_lat,est_ship_lon,est_channel,13912.0,14228.0,est_cable,south,7844,7844,2021-11-01 17:51:30.339000+00:00,2021-11-01 18:12:48.839000+00:00,0.12025901608754302,0.14366776424548683,0.29483136001645915,0.0011655659957200567
D:\DAS\_ship_position_estimation_from_das\run_20260613_153917\tables\estimate_vs_groundtruth_joined.csv,estimate_vs_groundtruth_joined.csv,2026-06-13 19:01:24,time_utc,est_lat,est_lon,est_channel,13912.0,14228.0,est_cable,south,7844,7844,2021-11-01 17:51:30.339000+00:00,2021-11-01 18:12:48.839000+00:00,0.12025901608754302,0.14366776424548683,0.29483136001645915,0.0011655659957200567
D:\DAS\_ship_position_estimation_from_das\run_20260613_153917\tables\estimate_vs_groundtruth_joined.csv,estimate_vs_groundtruth_joined.csv,2026-06-13 19:01:24,time_utc,est_lat,est_lon,est_channel,13912.0,14228.0,est_cable,south,7844,7844,2021-11-01 17:51:30.339000+00:00,2021-11-01 18:12:48.839000+00:00,0.12025901608754302,0.14366776424548683,0.29483136001645915,0.0011655659957200567
D:\DAS\_ship_position_estimation_from_das\run_20260613_153917\tables\estimate_vs_groundtruth_joined.csv,estimate_vs_groundtruth_joined.csv,2026-06-13 19:01:24,time_utc,est_lat,est_lon,est_channel,13912.0,14228.0,est_cable,south,7844,7844,2021-11-01 17:51:30.339000+00:00,2021-11-01 18:12:48.839000+00:00,0.12025901608754302,0.14366776424548683,0.29483136001645915,0.0011655659957200567
D:\DAS\_ship_position_estimation_from_das\run_20260613_153917\tables\estimate_vs_groundtruth_joined.csv,estimate_vs_groundtruth_joined.csv,2026-06-13 19:01:24,time_utc,est_lat,est_ship_lon,est_channel,13912.0,14228.0,est_cable,south,7844,7844,2021-11-01 17:51:30.339000+00:00,2021-11-01 18:12:48.839000+00:00,0.12025901608754302,0.14366776424548683,0.29483136001645915,0.0011655659957200567
D:\DAS\_ship_position_estimation_from_das\run_20260613_153917\tables\estimate_vs_groundtruth_joined.csv,estimate_vs_groundtruth_joined.csv,2026-06-13 19:01:24,time_utc,est_ship_lat,est_lon,est_channel,13912.0,14228.0,est_cable,south,7844,7844,2021-11-01 17:51:30.339000+00:00,2021-11-01 18:12:48.839000+00:00,0.12025901608754302,0.14366776424548683,0.29483136001645915,0.0011655659957200567
D:\DAS\_ship_position_estimation_from_das\run_20260613_153917\tables\estimate_vs_groundtruth_joined.csv,estimate_vs_groundtruth_joined.csv,2026-06-13 19:01:24,time_utc,ais_lat,est_lon,est_channel,13912.0,14228.0,est_cable,south,7844,7844,2021-11-01 17:51:30.339000+00:00,2021-11-01 18:12:48.839000+00:00,0.12087163928164756,0.14304278003076232,0.2993140154825774,0.0006187557412642832
D:\DAS\_ship_position_estimation_from_das\run_20260613_153917\tables\estimate_vs_groundtruth_joined.csv,estimate_vs_groundtruth_joined.csv,2026-06-13 19:01:24,time_utc,ais_lat,est_ship_lon,est_channel,13912.0,14228.0,est_cable,south,7844,7844,2021-11-01 17:51:30.339000+00:00,2021-11-01 18:12:48.839000+00:00,0.12087163928164756,0.14304278003076232,0.2993140154825774,0.0006187557412642832
D:\DAS\_ship_position_estimation_from_das\run_20260621_104743\tables\estimate_vs_groundtruth_joined.csv,estimate_vs_groundtruth_joined.csv,2026-06-21 14:09:16,time_utc,ais_lat,ais_lon,est_channel,14176.0,14257.0,est_cable,south,7844,7844,2021-11-01 17:51:30.339000+00:00,2021-11-01 18:12:48.839000+00:00,0.12128946096565964,0.13031280673709258,0.2599049814606376,0.0
D:\DAS\_ship_position_estimation_from_das\run_20260619_114653\tables\estimate_vs_groundtruth_joined.csv,estimate_vs_groundtruth_joined.csv,2026-06-19 15:07:20,time_utc,ais_lat,ais_lon,est_channel,14176.0,14257.0,est_cable,south,7844,7844,2021-11-01 17:51:30.339000+00:00,2021-11-01 18:12:48.839000+00:00,0.12128946096565964,0.13031280673709258,0.2599049814606376,0.0
D:\DAS\_ship_position_estimation_from_das\run_20260618_120347\tables\estimate_vs_groundtruth_joined.csv,estimate_vs_groundtruth_joined.csv,2026-06-18 15:20:14,time_utc,ais_lat,ais_lon,est_channel,14176.0,14257.0,est_cable,south,7844,7844,2021-11-01 17:51:30.339000+00:00,2021-11-01 18:12:48.839000+00:00,0.12128946096565964,0.13031280673709258,0.2599049814606376,0.0
D:\DAS\_ship_position_estimation_from_das\run_20260613_172525\tables\estimate_vs_groundtruth_joined.csv,estimate_vs_groundtruth_joined.csv,2026-06-13 20:47:30,time_utc,ais_lat,ais_lon,est_channel,14176.0,14257.0,est_cable,south,7844,7844,2021-11-01 17:51:30.339000+00:00,2021-11-01 18:12:48.839000+00:00,0.12128946096565964,0.13031280673709258,0.2599049814606376,0.0
D:\DAS\_ship_position_estimation_from_das\run_20260613_153917\tables\estimate_vs_groundtruth_joined.csv,estimate_vs_groundtruth_joined.csv,2026-06-13 19:01:24,time_utc,ais_lat,ais_lon,est_channel,13912.0,14228.0,est_cable,south,7844,7844,2021-11-01 17:51:30.339000+00:00,2021-11-01 18:12:48.839000+00:00,0.12128946096565964,0.13031280673709258,0.2599049814606376,0.0
D:\DAS\_ship_position_estimation_from_das\run_20260613_122903\tables\estimate_vs_groundtruth_joined.csv,estimate_vs_groundtruth_joined.csv,2026-06-13 15:51:08,time_utc,ais_lat,ais_lon,est_channel,13912.0,14228.0,est_cable,south,7844,7844,2021-11-01 17:51:30.339000+00:00,2021-11-01 18:12:48.839000+00:00,0.12128946096565964,0.13031280673709258,0.2599049814606376,0.0
D:\DAS\_ship_position_estimation_from_das\run_20260613_114709\tables\estimate_vs_groundtruth_joined.csv,estimate_vs_groundtruth_joined.csv,2026-06-13 15:15:20,time_utc,ais_lat,ais_lon,est_channel,13650.0,14279.0,est_cable,south,7844,7844,2021-11-01 17:51:30.339000+00:00,2021-11-01 18:12:48.839000+00:00,0.12128946096565964,0.13031280673709258,0.2599049814606376,0.0
D:\DAS\_ship_position_estimation_from_das\run_20260613_081226\tables\estimate_vs_groundtruth_joined.csv,estimate_vs_groundtruth_joined.csv,2026-06-13 11:39:34,time_utc,ais_lat,ais_lon,est_channel,13601.0,14799.0,est_cable,south,7844,7844,2021-11-01 17:51:30.339000+00:00,2021-11-01 18:12:48.839000+00:00,0.12128946096565964,0.13031280673709258,0.2599049814606376,0.0
D:\DAS\_ship_position_estimation_from_das\run_20260613_065307\tables\estimate_vs_groundtruth_joined.csv,estimate_vs_groundtruth_joined.csv,2026-06-13 10:28:10,time_utc,ais_lat,ais_lon,est_channel,13601.0,14799.0,est_cable,south,7844,7844,2021-11-01 17:51:30.339000+00:00,2021-11-01 18:12:48.839000+00:00,0.12128946096565964,0.13031280673709258,0.2599049814606376,0.0
D:\DAS\_ship_position_estimation_from_das\run_20260613_064830\tables\estimate_vs_groundtruth_joined.csv,estimate_vs_groundtruth_joined.csv,2026-06-13 10:22:40,time_utc,ais_lat,ais_lon,est_channel,13619.0,14818.0,est_cable,south,7844,7844,2021-11-01 17:51:30.339000+00:00,2021-11-01 18:12:48.839000+00:00,0.12128946096565964,0.13031280673709258,0.2599049814606376,0.0
D:\DAS\_ship_position_estimation_from_das\run_20260612_161047\tables\estimate_vs_groundtruth_joined.csv,estimate_vs_groundtruth_joined.csv,2026-06-12 19:42:02,time_utc,ais_lat,ais_lon,est_channel,13619.0,14818.0,est_cable,south,7844,7844,2021-11-01 17:51:30.339000+00:00,2021-11-01 18:12:48.839000+00:00,0.12128946096565964,0.13031280673709258,0.2599049814606376,0.0
D:\DAS\_ship_position_estimation_from_das\run_20260612_141130\tables\estimate_vs_groundtruth_joined.csv,estimate_vs_groundtruth_joined.csv,2026-06-12 17:42:40,time_utc,ais_lat,ais_lon,est_channel,13619.0,14818.0,est_cable,south,7844,7844,2021-11-01 17:51:30.339000+00:00,2021-11-01 18:12:48.839000+00:00,0.12128946096565964,0.13031280673709258,0.2599049814606376,0.0
D:\DAS\_ship_position_estimation_from_das\run_20260613_153917\tables\estimated_ship_track_offcable_v12.csv,estimated_ship_track_offcable_v12.csv,2026-06-13 19:01:22,time_utc,est_ship_lat,est_ship_lon,est_channel,13865.0,14283.0,est_cable,south,10304,10304,2021-11-01 17:48:10.339000+00:00,2021-11-01 18:16:40.839000+00:00,0.12147153660169645,0.1361856446778943,0.2663959769473489,0.0011655659957200567
D:\DAS\_ship_position_estimation_from_das\run_20260613_153917\tables\estimated_ship_track_offcable_v12.csv,estimated_ship_track_offcable_v12.csv,2026-06-13 19:01:22,time_utc,est_lat,est_lon,est_channel,13865.0,14283.0,est_cable,south,10304,10304,2021-11-01 17:48:10.339000+00:00,2021-11-01 18:16:40.839000+00:00,0.12147153660169645,0.1361856446778943,0.2663959769473489,0.0011655659957200567
D:\DAS\_ship_position_estimation_from_das\run_20260613_153917\tables\estimated_ship_track_offcable_v12.csv,estimated_ship_track_offcable_v12.csv,2026-06-13 19:01:22,time_utc,est_lat,est_lon,est_channel,13865.0,14283.0,est_cable,south,10304,10304,2021-11-01 17:48:10.339000+00:00,2021-11-01 18:16:40.839000+00:00,0.12147153660169645,0.1361856446778943,0.2663959769473489,0.0011655659957200567
D:\DAS\_ship_position_estimation_from_das\run_20260613_153917\tables\estimated_ship_track_offcable_v12.csv,estimated_ship_track_offcable_v12.csv,2026-06-13 19:01:22,time_utc,est_lat,est_lon,est_channel,13865.0,14283.0,est_cable,south,10304,10304,2021-11-01 17:48:10.339000+00:00,2021-11-01 18:16:40.839000+00:00,0.12147153660169645,0.1361856446778943,0.2663959769473489,0.0011655659957200567
D:\DAS\_ship_position_estimation_from_das\run_20260613_153917\tables\estimated_ship_track_offcable_v12.csv,estimated_ship_track_offcable_v12.csv,2026-06-13 19:01:22,time_utc,est_lat,est_ship_lon,est_channel,13865.0,14283.0,est_cable,south,10304,10304,2021-11-01 17:48:10.339000+00:00,2021-11-01 18:16:40.839000+00:00,0.12147153660169645,0.1361856446778943,0.2663959769473489,0.0011655659957200567
D:\DAS\_ship_position_estimation_from_das\run_20260613_153917\tables\estimated_ship_track_offcable_v12.csv,estimated_ship_track_offcable_v12.csv,2026-06-13 19:01:22,time_utc,est_ship_lat,est_lon,est_channel,13865.0,14283.0,est_cable,south,10304,10304,2021-11-01 17:48:10.339000+00:00,2021-11-01 18:16:40.839000+00:00,0.12147153660169645,0.1361856446778943,0.2663959769473489,0.0011655659957200567
D:\DAS\_ship_position_estimation_from_das\run_20260613_153917\tables\estimated_ship_track_offcable_diagnostics_v12.csv,estimated_ship_track_offcable_diagnostics_v12.csv,2026-06-13 19:01:20,time_utc,est_ship_lat,est_ship_lon,est_channel,13865.0,14283.0,est_cable_lat,45.172698,10304,10304,2021-11-01 17:48:10.339000+00:00,2021-11-01 18:16:40.839000+00:00,0.12147153660169645,0.1361856446778943,0.2663959769473489,0.0011655659957200567
D:\DAS\_ship_position_estimation_from_das\run_20260613_153917\tables\estimate_vs_groundtruth_joined.csv,estimate_vs_groundtruth_joined.csv,2026-06-13 19:01:24,time_utc,est_lat,ais_lon,est_channel,13912.0,14228.0,est_cable,south,7844,7844,2021-11-01 17:51:30.339000+00:00,2021-11-01 18:12:48.839000+00:00,0.12473372704209389,0.13056792353692293,0.2618393451775083,5.84802784703446e-05
D:\DAS\_ship_position_estimation_from_das\run_20260613_153917\tables\estimate_vs_groundtruth_joined.csv,estimate_vs_groundtruth_joined.csv,2026-06-13 19:01:24,time_utc,est_ship_lat,ais_lon,est_channel,13912.0,14228.0,est_cable,south,7844,7844,2021-11-01 17:51:30.339000+00:00,2021-11-01 18:12:48.839000+00:00,0.12473372704209389,0.13056792353692293,0.2618393451775083,5.84802784703446e-05
D:\DAS\_ship_position_estimation_from_das\run_20260618_120347\tables\estimate_vs_groundtruth_joined.csv,estimate_vs_groundtruth_joined.csv,2026-06-18 15:20:14,time_utc,est_lat,gt_cable_lon,est_channel,14176.0,14257.0,est_cable,south,7844,7844,2021-11-01 17:51:30.339000+00:00,2021-11-01 18:12:48.839000+00:00,0.12666843406407274,0.1316423973814646,0.261386060706491,0.003944777026864879
D:\DAS\_ship_position_estimation_from_das\run_20260618_120347\tables\estimate_vs_groundtruth_joined.csv,estimate_vs_groundtruth_joined.csv,2026-06-18 15:20:14,time_utc,est_ship_lat,gt_cable_lon,est_channel,14176.0,14257.0,est_cable,south,7844,7844,2021-11-01 17:51:30.339000+00:00,2021-11-01 18:12:48.839000+00:00,0.12666843406407274,0.1316423973814646,0.261386060706491,0.003944777026864879
D:\DAS\_ship_position_estimation_from_das\run_20260613_172525\tables\estimate_vs_groundtruth_joined.csv,estimate_vs_groundtruth_joined.csv,2026-06-13 20:47:30,time_utc,est_lat,gt_cable_lon,est_channel,14176.0,14257.0,est_cable,south,7844,7844,2021-11-01 17:51:30.339000+00:00,2021-11-01 18:12:48.839000+00:00,0.12666843406407274,0.1316423973814646,0.261386060706491,0.003944777026864879
D:\DAS\_ship_position_estimation_from_das\run_20260613_172525\tables\estimate_vs_groundtruth_joined.csv,estimate_vs_groundtruth_joined.csv,2026-06-13 20:47:30,time_utc,est_ship_lat,gt_cable_lon,est_channel,14176.0,14257.0,est_cable,south,7844,7844,2021-11-01 17:51:30.339000+00:00,2021-11-01 18:12:48.839000+00:00,0.12666843406407274,0.1316423973814646,0.261386060706491,0.003944777026864879
D:\DAS\_ship_position_estimation_from_das\run_20260618_120347\tables\estimate_vs_groundtruth_joined.csv,estimate_vs_groundtruth_joined.csv,2026-06-18 15:20:14,time_utc,ais_lat,est_lon,est_channel,14176.0,14257.0,est_cable,south,7844,7844,2021-11-01 17:51:30.339000+00:00,2021-11-01 18:12:48.839000+00:00,0.18313681134339052,0.25251531802106447,0.520294800851417,0.06846509348168114
D:\DAS\_ship_position_estimation_from_das\run_20260618_120347\tables\estimate_vs_groundtruth_joined.csv,estimate_vs_groundtruth_joined.csv,2026-06-18 15:20:14,time_utc,ais_lat,est_ship_lon,est_channel,14176.0,14257.0,est_cable,south,7844,7844,2021-11-01 17:51:30.339000+00:00,2021-11-01 18:12:48.839000+00:00,0.18313681134339052,0.25251531802106447,0.520294800851417,0.06846509348168114
D:\DAS\_ship_position_estimation_from_das\run_20260613_172525\tables\estimate_vs_groundtruth_joined.csv,estimate_vs_groundtruth_joined.csv,2026-06-13 20:47:30,time_utc,ais_lat,est_lon,est_channel,14176.0,14257.0,est_cable,south,7844,7844,2021-11-01 17:51:30.339000+00:00,2021-11-01 18:12:48.839000+00:00,0.18313681134339052,0.25251531802106447,0.520294800851417,0.06846509348168114
D:\DAS\_ship_position_estimation_from_das\run_20260613_172525\tables\estimate_vs_groundtruth_joined.csv,estimate_vs_groundtruth_joined.csv,2026-06-13 20:47:30,time_utc,ais_lat,est_ship_lon,est_channel,14176.0,14257.0,est_cable,south,7844,7844,2021-11-01 17:51:30.339000+00:00,2021-11-01 18:12:48.839000+00:00,0.18313681134339052,0.25251531802106447,0.520294800851417,0.06846509348168114
D:\DAS\_ship_position_estimation_from_das\run_20260621_104743\tables\estimate_vs_groundtruth_joined.csv,estimate_vs_groundtruth_joined.csv,2026-06-21 14:09:16,time_utc,ais_lat,est_lon,est_channel,14176.0,14257.0,est_cable,south,7844,7844,2021-11-01 17:51:30.339000+00:00,2021-11-01 18:12:48.839000+00:00,0.18313681134339052,0.2525154134124878,0.5202957152414334,0.06846509348168114
D:\DAS\_ship_position_estimation_from_das\run_20260621_104743\tables\estimate_vs_groundtruth_joined.csv,estimate_vs_groundtruth_joined.csv,2026-06-21 14:09:16,time_utc,ais_lat,est_ship_lon,est_channel,14176.0,14257.0,est_cable,south,7844,7844,2021-11-01 17:51:30.339000+00:00,2021-11-01 18:12:48.839000+00:00,0.18313681134339052,0.2525154134124878,0.5202957152414334,0.06846509348168114
D:\DAS\_ship_position_estimation_from_das\run_20260619_114653\tables\estimate_vs_groundtruth_joined.csv,estimate_vs_groundtruth_joined.csv,2026-06-19 15:07:20,time_utc,ais_lat,est_lon,est_channel,14176.0,14257.0,est_cable,south,7844,7844,2021-11-01 17:51:30.339000+00:00,2021-11-01 18:12:48.839000+00:00,0.18313681134339052,0.2525154134124878,0.5202957152414334,0.06846509348168114
D:\DAS\_ship_position_estimation_from_das\run_20260619_114653\tables\estimate_vs_groundtruth_joined.csv,estimate_vs_groundtruth_joined.csv,2026-06-19 15:07:20,time_utc,ais_lat,est_ship_lon,est_channel,14176.0,14257.0,est_cable,south,7844,7844,2021-11-01 17:51:30.339000+00:00,2021-11-01 18:12:48.839000+00:00,0.18313681134339052,0.2525154134124878,0.5202957152414334,0.06846509348168114
D:\DAS\_ship_position_estimation_from_das\run_20260618_120347\tables\estimated_ship_track_offcable_diagnostics_v12.csv,estimated_ship_track_offcable_diagnostics_v12.csv,2026-06-18 15:20:12,time_utc,est_ship_lat,est_ship_lon,est_channel,14164.0,14273.0,est_cable_lat,45.172517,10304,10304,2021-11-01 17:48:10.339000+00:00,2021-11-01 18:16:40.839000+00:00,0.18449107479966026,0.25589913077501003,0.507902895636819,0.07037084404786435
D:\DAS\_ship_position_estimation_from_das\run_20260618_120347\tables\estimated_ship_track_offcable_v12.csv,estimated_ship_track_offcable_v12.csv,2026-06-18 15:20:12,time_utc,est_ship_lat,est_ship_lon,est_channel,14164.0,14273.0,est_cable,south,10304,10304,2021-11-01 17:48:10.339000+00:00,2021-11-01 18:16:40.839000+00:00,0.18449107479966026,0.25589913077501003,0.507902895636819,0.07037084404786435
D:\DAS\_ship_position_estimation_from_das\run_20260618_120347\tables\estimated_ship_track_offcable_v12.csv,estimated_ship_track_offcable_v12.csv,2026-06-18 15:20:12,time_utc,est_lat,est_lon,est_channel,14164.0,14273.0,est_cable,south,10304,10304,2021-11-01 17:48:10.339000+00:00,2021-11-01 18:16:40.839000+00:00,0.18449107479966026,0.25589913077501003,0.507902895636819,0.07037084404786435
D:\DAS\_ship_position_estimation_from_das\run_20260618_120347\tables\estimated_ship_track_offcable_v12.csv,estimated_ship_track_offcable_v12.csv,2026-06-18 15:20:12,time_utc,est_lat,est_lon,est_channel,14164.0,14273.0,est_cable,south,10304,10304,2021-11-01 17:48:10.339000+00:00,2021-11-01 18:16:40.839000+00:00,0.18449107479966026,0.25589913077501003,0.507902895636819,0.07037084404786435
D:\DAS\_ship_position_estimation_from_das\run_20260618_120347\tables\estimated_ship_track_offcable_v12.csv,estimated_ship_track_offcable_v12.csv,2026-06-18 15:20:12,time_utc,est_lat,est_lon,est_channel,14164.0,14273.0,est_cable,south,10304,10304,2021-11-01 17:48:10.339000+00:00,2021-11-01 18:16:40.839000+00:00,0.18449107479966026,0.25589913077501003,0.507902895636819,0.07037084404786435
D:\DAS\_ship_position_estimation_from_das\run_20260618_120347\tables\estimated_ship_track_offcable_v12.csv,estimated_ship_track_offcable_v12.csv,2026-06-18 15:20:12,time_utc,est_lat,est_ship_lon,est_channel,14164.0,14273.0,est_cable,south,10304,10304,2021-11-01 17:48:10.339000+00:00,2021-11-01 18:16:40.839000+00:00,0.18449107479966026,0.25589913077501003,0.507902895636819,0.07037084404786435
D:\DAS\_ship_position_estimation_from_das\run_20260618_120347\tables\estimated_ship_track_offcable_v12.csv,estimated_ship_track_offcable_v12.csv,2026-06-18 15:20:12,time_utc,est_ship_lat,est_lon,est_channel,14164.0,14273.0,est_cable,south,10304,10304,2021-11-01 17:48:10.339000+00:00,2021-11-01 18:16:40.839000+00:00,0.18449107479966026,0.25589913077501003,0.507902895636819,0.07037084404786435
D:\DAS\_ship_position_estimation_from_das\run_20260613_172525\tables\estimated_ship_track_offcable_diagnostics_v12.csv,estimated_ship_track_offcable_diagnostics_v12.csv,2026-06-13 20:47:28,time_utc,est_ship_lat,est_ship_lon,est_channel,14164.0,14273.0,est_cable_lat,45.172517,10304,10304,2021-11-01 17:48:10.339000+00:00,2021-11-01 18:16:40.839000+00:00,0.18449107479966026,0.25589913077501003,0.507902895636819,0.07037084404786435
D:\DAS\_ship_position_estimation_from_das\run_20260613_172525\tables\estimated_ship_track_offcable_v12.csv,estimated_ship_track_offcable_v12.csv,2026-06-13 20:47:28,time_utc,est_ship_lat,est_ship_lon,est_channel,14164.0,14273.0,est_cable,south,10304,10304,2021-11-01 17:48:10.339000+00:00,2021-11-01 18:16:40.839000+00:00,0.18449107479966026,0.25589913077501003,0.507902895636819,0.07037084404786435
D:\DAS\_ship_position_estimation_from_das\run_20260613_172525\tables\estimated_ship_track_offcable_v12.csv,estimated_ship_track_offcable_v12.csv,2026-06-13 20:47:28,time_utc,est_lat,est_lon,est_channel,14164.0,14273.0,est_cable,south,10304,10304,2021-11-01 17:48:10.339000+00:00,2021-11-01 18:16:40.839000+00:00,0.18449107479966026,0.25589913077501003,0.507902895636819,0.07037084404786435
D:\DAS\_ship_position_estimation_from_das\run_20260613_172525\tables\estimated_ship_track_offcable_v12.csv,estimated_ship_track_offcable_v12.csv,2026-06-13 20:47:28,time_utc,est_lat,est_lon,est_channel,14164.0,14273.0,est_cable,south,10304,10304,2021-11-01 17:48:10.339000+00:00,2021-11-01 18:16:40.839000+00:00,0.18449107479966026,0.25589913077501003,0.507902895636819,0.07037084404786435
D:\DAS\_ship_position_estimation_from_das\run_20260613_172525\tables\estimated_ship_track_offcable_v12.csv,estimated_ship_track_offcable_v12.csv,2026-06-13 20:47:28,time_utc,est_lat,est_lon,est_channel,14164.0,14273.0,est_cable,south,10304,10304,2021-11-01 17:48:10.339000+00:00,2021-11-01 18:16:40.839000+00:00,0.18449107479966026,0.25589913077501003,0.507902895636819,0.07037084404786435
D:\DAS\_ship_position_estimation_from_das\run_20260613_172525\tables\estimated_ship_track_offcable_v12.csv,estimated_ship_track_offcable_v12.csv,2026-06-13 20:47:28,time_utc,est_lat,est_ship_lon,est_channel,14164.0,14273.0,est_cable,south,10304,10304,2021-11-01 17:48:10.339000+00:00,2021-11-01 18:16:40.839000+00:00,0.18449107479966026,0.25589913077501003,0.507902895636819,0.07037084404786435
D:\DAS\_ship_position_estimation_from_das\run_20260613_172525\tables\estimated_ship_track_offcable_v12.csv,estimated_ship_track_offcable_v12.csv,2026-06-13 20:47:28,time_utc,est_ship_lat,est_lon,est_channel,14164.0,14273.0,est_cable,south,10304,10304,2021-11-01 17:48:10.339000+00:00,2021-11-01 18:16:40.839000+00:00,0.18449107479966026,0.25589913077501003,0.507902895636819,0.07037084404786435
D:\DAS\_ship_position_estimation_from_das\run_20260621_104743\tables\estimated_ship_track_offcable_v15_3d.csv,estimated_ship_track_offcable_v15_3d.csv,2026-06-21 14:09:12,time_utc,est_ship_lat,est_ship_lon,est_channel,14164.0,14273.0,est_cable,south,10304,10304,2021-11-01 17:48:10.339000+00:00,2021-11-01 18:16:40.839000+00:00,0.18449371065091247,0.25590027265394477,0.5079055658981804,0.07037084404786435
D:\DAS\_ship_position_estimation_from_das\run_20260621_104743\tables\estimated_ship_track_offcable_v15_3d.csv,estimated_ship_track_offcable_v15_3d.csv,2026-06-21 14:09:12,time_utc,est_lat,est_lon,est_channel,14164.0,14273.0,est_cable,south,10304,10304,2021-11-01 17:48:10.339000+00:00,2021-11-01 18:16:40.839000+00:00,0.18449371065091247,0.25590027265394477,0.5079055658981804,0.07037084404786435
D:\DAS\_ship_position_estimation_from_das\run_20260621_104743\tables\estimated_ship_track_offcable_v15_3d.csv,estimated_ship_track_offcable_v15_3d.csv,2026-06-21 14:09:12,time_utc,est_lat,est_lon,est_channel,14164.0,14273.0,est_cable,south,10304,10304,2021-11-01 17:48:10.339000+00:00,2021-11-01 18:16:40.839000+00:00,0.18449371065091247,0.25590027265394477,0.5079055658981804,0.07037084404786435
D:\DAS\_ship_position_estimation_from_das\run_20260621_104743\tables\estimated_ship_track_offcable_v15_3d.csv,estimated_ship_track_offcable_v15_3d.csv,2026-06-21 14:09:12,time_utc,est_lat,est_lon,est_channel,14164.0,14273.0,est_cable,south,10304,10304,2021-11-01 17:48:10.339000+00:00,2021-11-01 18:16:40.839000+00:00,0.18449371065091247,0.25590027265394477,0.5079055658981804,0.07037084404786435
D:\DAS\_ship_position_estimation_from_das\run_20260621_104743\tables\estimated_ship_track_offcable_v15_3d.csv,estimated_ship_track_offcable_v15_3d.csv,2026-06-21 14:09:12,time_utc,est_lat,est_ship_lon,est_channel,14164.0,14273.0,est_cable,south,10304,10304,2021-11-01 17:48:10.339000+00:00,2021-11-01 18:16:40.839000+00:00,0.18449371065091247,0.25590027265394477,0.5079055658981804,0.07037084404786435
D:\DAS\_ship_position_estimation_from_das\run_20260621_104743\tables\estimated_ship_track_offcable_v15_3d.csv,estimated_ship_track_offcable_v15_3d.csv,2026-06-21 14:09:12,time_utc,est_ship_lat,est_lon,est_channel,14164.0,14273.0,est_cable,south,10304,10304,2021-11-01 17:48:10.339000+00:00,2021-11-01 18:16:40.839000+00:00,0.18449371065091247,0.25590027265394477,0.5079055658981804,0.07037084404786435
D:\DAS\_ship_position_estimation_from_das\run_20260621_104743\tables\estimated_ship_track_offcable_diagnostics_v12.csv,estimated_ship_track_offcable_diagnostics_v12.csv,2026-06-21 14:09:10,time_utc,est_ship_lat,est_ship_lon,est_channel,14164.0,14273.0,est_cable_lat,45.172517,10304,10304,2021-11-01 17:48:10.339000+00:00,2021-11-01 18:16:40.839000+00:00,0.18449371065091247,0.25590027265394477,0.5079055658981804,0.07037084404786435
D:\DAS\_ship_position_estimation_from_das\run_20260619_114653\tables\estimated_ship_track_offcable_v15_3d.csv,estimated_ship_track_offcable_v15_3d.csv,2026-06-19 15:07:18,time_utc,est_ship_lat,est_ship_lon,est_channel,14164.0,14273.0,est_cable,south,10304,10304,2021-11-01 17:48:10.339000+00:00,2021-11-01 18:16:40.839000+00:00,0.18449371065091247,0.25590027265394477,0.5079055658981804,0.07037084404786435
D:\DAS\_ship_position_estimation_from_das\run_20260619_114653\tables\estimated_ship_track_offcable_v15_3d.csv,estimated_ship_track_offcable_v15_3d.csv,2026-06-19 15:07:18,time_utc,est_lat,est_lon,est_channel,14164.0,14273.0,est_cable,south,10304,10304,2021-11-01 17:48:10.339000+00:00,2021-11-01 18:16:40.839000+00:00,0.18449371065091247,0.25590027265394477,0.5079055658981804,0.07037084404786435
D:\DAS\_ship_position_estimation_from_das\run_20260619_114653\tables\estimated_ship_track_offcable_v15_3d.csv,estimated_ship_track_offcable_v15_3d.csv,2026-06-19 15:07:18,time_utc,est_lat,est_lon,est_channel,14164.0,14273.0,est_cable,south,10304,10304,2021-11-01 17:48:10.339000+00:00,2021-11-01 18:16:40.839000+00:00,0.18449371065091247,0.25590027265394477,0.5079055658981804,0.07037084404786435
D:\DAS\_ship_position_estimation_from_das\run_20260619_114653\tables\estimated_ship_track_offcable_v15_3d.csv,estimated_ship_track_offcable_v15_3d.csv,2026-06-19 15:07:18,time_utc,est_lat,est_lon,est_channel,14164.0,14273.0,est_cable,south,10304,10304,2021-11-01 17:48:10.339000+00:00,2021-11-01 18:16:40.839000+00:00,0.18449371065091247,0.25590027265394477,0.5079055658981804,0.07037084404786435
D:\DAS\_ship_position_estimation_from_das\run_20260619_114653\tables\estimated_ship_track_offcable_v15_3d.csv,estimated_ship_track_offcable_v15_3d.csv,2026-06-19 15:07:18,time_utc,est_lat,est_ship_lon,est_channel,14164.0,14273.0,est_cable,south,10304,10304,2021-11-01 17:48:10.339000+00:00,2021-11-01 18:16:40.839000+00:00,0.18449371065091247,0.25590027265394477,0.5079055658981804,0.07037084404786435
D:\DAS\_ship_position_estimation_from_das\run_20260619_114653\tables\estimated_ship_track_offcable_v15_3d.csv,estimated_ship_track_offcable_v15_3d.csv,2026-06-19 15:07:18,time_utc,est_ship_lat,est_lon,est_channel,14164.0,14273.0,est_cable,south,10304,10304,2021-11-01 17:48:10.339000+00:00,2021-11-01 18:16:40.839000+00:00,0.18449371065091247,0.25590027265394477,0.5079055658981804,0.07037084404786435
D:\DAS\_ship_position_estimation_from_das\run_20260619_114653\tables\estimated_ship_track_offcable_diagnostics_v12.csv,estimated_ship_track_offcable_diagnostics_v12.csv,2026-06-19 15:07:16,time_utc,est_ship_lat,est_ship_lon,est_channel,14164.0,14273.0,est_cable_lat,45.172517,10304,10304,2021-11-01 17:48:10.339000+00:00,2021-11-01 18:16:40.839000+00:00,0.18449371065091247,0.25590027265394477,0.5079055658981804,0.07037084404786435
D:\DAS\_ship_position_estimation_from_das\run_20260618_120347\tables\estimate_vs_groundtruth_joined.csv,estimate_vs_groundtruth_joined.csv,2026-06-18 15:20:14,time_utc,est_ship_lat,est_ship_lon,est_channel,14176.0,14257.0,est_cable,south,7844,7844,2021-11-01 17:51:30.339000+00:00,2021-11-01 18:12:48.839000+00:00,0.18520899457974255,0.25372615756962014,0.5166023621992727,0.07037084404786435
D:\DAS\_ship_position_estimation_from_das\run_20260618_120347\tables\estimate_vs_groundtruth_joined.csv,estimate_vs_groundtruth_joined.csv,2026-06-18 15:20:14,time_utc,est_lat,est_lon,est_channel,14176.0,14257.0,est_cable,south,7844,7844,2021-11-01 17:51:30.339000+00:00,2021-11-01 18:12:48.839000+00:00,0.18520899457974255,0.25372615756962014,0.5166023621992727,0.07037084404786435
D:\DAS\_ship_position_estimation_from_das\run_20260618_120347\tables\estimate_vs_groundtruth_joined.csv,estimate_vs_groundtruth_joined.csv,2026-06-18 15:20:14,time_utc,est_lat,est_lon,est_channel,14176.0,14257.0,est_cable,south,7844,7844,2021-11-01 17:51:30.339000+00:00,2021-11-01 18:12:48.839000+00:00,0.18520899457974255,0.25372615756962014,0.5166023621992727,0.07037084404786435
D:\DAS\_ship_position_estimation_from_das\run_20260618_120347\tables\estimate_vs_groundtruth_joined.csv,estimate_vs_groundtruth_joined.csv,2026-06-18 15:20:14,time_utc,est_lat,est_lon,est_channel,14176.0,14257.0,est_cable,south,7844,7844,2021-11-01 17:51:30.339000+00:00,2021-11-01 18:12:48.839000+00:00,0.18520899457974255,0.25372615756962014,0.5166023621992727,0.07037084404786435
D:\DAS\_ship_position_estimation_from_das\run_20260618_120347\tables\estimate_vs_groundtruth_joined.csv,estimate_vs_groundtruth_joined.csv,2026-06-18 15:20:14,time_utc,est_lat,est_ship_lon,est_channel,14176.0,14257.0,est_cable,south,7844,7844,2021-11-01 17:51:30.339000+00:00,2021-11-01 18:12:48.839000+00:00,0.18520899457974255,0.25372615756962014,0.5166023621992727,0.07037084404786435
D:\DAS\_ship_position_estimation_from_das\run_20260618_120347\tables\estimate_vs_groundtruth_joined.csv,estimate_vs_groundtruth_joined.csv,2026-06-18 15:20:14,time_utc,est_ship_lat,est_lon,est_channel,14176.0,14257.0,est_cable,south,7844,7844,2021-11-01 17:51:30.339000+00:00,2021-11-01 18:12:48.839000+00:00,0.18520899457974255,0.25372615756962014,0.5166023621992727,0.07037084404786435
D:\DAS\_ship_position_estimation_from_das\run_20260613_172525\tables\estimate_vs_groundtruth_joined.csv,estimate_vs_groundtruth_joined.csv,2026-06-13 20:47:30,time_utc,est_ship_lat,est_ship_lon,est_channel,14176.0,14257.0,est_cable,south,7844,7844,2021-11-01 17:51:30.339000+00:00,2021-11-01 18:12:48.839000+00:00,0.18520899457974255,0.25372615756962014,0.5166023621992727,0.07037084404786435
D:\DAS\_ship_position_estimation_from_das\run_20260613_172525\tables\estimate_vs_groundtruth_joined.csv,estimate_vs_groundtruth_joined.csv,2026-06-13 20:47:30,time_utc,est_lat,est_lon,est_channel,14176.0,14257.0,est_cable,south,7844,7844,2021-11-01 17:51:30.339000+00:00,2021-11-01 18:12:48.839000+00:00,0.18520899457974255,0.25372615756962014,0.5166023621992727,0.07037084404786435
D:\DAS\_ship_position_estimation_from_das\run_20260613_172525\tables\estimate_vs_groundtruth_joined.csv,estimate_vs_groundtruth_joined.csv,2026-06-13 20:47:30,time_utc,est_lat,est_lon,est_channel,14176.0,14257.0,est_cable,south,7844,7844,2021-11-01 17:51:30.339000+00:00,2021-11-01 18:12:48.839000+00:00,0.18520899457974255,0.25372615756962014,0.5166023621992727,0.07037084404786435
D:\DAS\_ship_position_estimation_from_das\run_20260613_172525\tables\estimate_vs_groundtruth_joined.csv,estimate_vs_groundtruth_joined.csv,2026-06-13 20:47:30,time_utc,est_lat,est_lon,est_channel,14176.0,14257.0,est_cable,south,7844,7844,2021-11-01 17:51:30.339000+00:00,2021-11-01 18:12:48.839000+00:00,0.18520899457974255,0.25372615756962014,0.5166023621992727,0.07037084404786435
D:\DAS\_ship_position_estimation_from_das\run_20260613_172525\tables\estimate_vs_groundtruth_joined.csv,estimate_vs_groundtruth_joined.csv,2026-06-13 20:47:30,time_utc,est_lat,est_ship_lon,est_channel,14176.0,14257.0,est_cable,south,7844,7844,2021-11-01 17:51:30.339000+00:00,2021-11-01 18:12:48.839000+00:00,0.18520899457974255,0.25372615756962014,0.5166023621992727,0.07037084404786435
D:\DAS\_ship_position_estimation_from_das\run_20260613_172525\tables\estimate_vs_groundtruth_joined.csv,estimate_vs_groundtruth_joined.csv,2026-06-13 20:47:30,time_utc,est_ship_lat,est_lon,est_channel,14176.0,14257.0,est_cable,south,7844,7844,2021-11-01 17:51:30.339000+00:00,2021-11-01 18:12:48.839000+00:00,0.18520899457974255,0.25372615756962014,0.5166023621992727,0.07037084404786435
D:\DAS\_ship_position_estimation_from_das\run_20260621_104743\tables\estimate_vs_groundtruth_joined.csv,estimate_vs_groundtruth_joined.csv,2026-06-21 14:09:16,time_utc,est_ship_lat,est_ship_lon,est_channel,14176.0,14257.0,est_cable,south,7844,7844,2021-11-01 17:51:30.339000+00:00,2021-11-01 18:12:48.839000+00:00,0.18521206640431884,0.2537273379891453,0.5166113325682561,0.07037084404786435
D:\DAS\_ship_position_estimation_from_das\run_20260621_104743\tables\estimate_vs_groundtruth_joined.csv,estimate_vs_groundtruth_joined.csv,2026-06-21 14:09:16,time_utc,est_lat,est_lon,est_channel,14176.0,14257.0,est_cable,south,7844,7844,2021-11-01 17:51:30.339000+00:00,2021-11-01 18:12:48.839000+00:00,0.18521206640431884,0.2537273379891453,0.5166113325682561,0.07037084404786435
D:\DAS\_ship_position_estimation_from_das\run_20260621_104743\tables\estimate_vs_groundtruth_joined.csv,estimate_vs_groundtruth_joined.csv,2026-06-21 14:09:16,time_utc,est_lat,est_lon,est_channel,14176.0,14257.0,est_cable,south,7844,7844,2021-11-01 17:51:30.339000+00:00,2021-11-01 18:12:48.839000+00:00,0.18521206640431884,0.2537273379891453,0.5166113325682561,0.07037084404786435
D:\DAS\_ship_position_estimation_from_das\run_20260621_104743\tables\estimate_vs_groundtruth_joined.csv,estimate_vs_groundtruth_joined.csv,2026-06-21 14:09:16,time_utc,est_lat,est_lon,est_channel,14176.0,14257.0,est_cable,south,7844,7844,2021-11-01 17:51:30.339000+00:00,2021-11-01 18:12:48.839000+00:00,0.18521206640431884,0.2537273379891453,0.5166113325682561,0.07037084404786435
D:\DAS\_ship_position_estimation_from_das\run_20260621_104743\tables\estimate_vs_groundtruth_joined.csv,estimate_vs_groundtruth_joined.csv,2026-06-21 14:09:16,time_utc,est_lat,est_ship_lon,est_channel,14176.0,14257.0,est_cable,south,7844,7844,2021-11-01 17:51:30.339000+00:00,2021-11-01 18:12:48.839000+00:00,0.18521206640431884,0.2537273379891453,0.5166113325682561,0.07037084404786435
D:\DAS\_ship_position_estimation_from_das\run_20260621_104743\tables\estimate_vs_groundtruth_joined.csv,estimate_vs_groundtruth_joined.csv,2026-06-21 14:09:16,time_utc,est_ship_lat,est_lon,est_channel,14176.0,14257.0,est_cable,south,7844,7844,2021-11-01 17:51:30.339000+00:00,2021-11-01 18:12:48.839000+00:00,0.18521206640431884,0.2537273379891453,0.5166113325682561,0.07037084404786435
D:\DAS\_ship_position_estimation_from_das\run_20260619_114653\tables\estimate_vs_groundtruth_joined.csv,estimate_vs_groundtruth_joined.csv,2026-06-19 15:07:20,time_utc,est_ship_lat,est_ship_lon,est_channel,14176.0,14257.0,est_cable,south,7844,7844,2021-11-01 17:51:30.339000+00:00,2021-11-01 18:12:48.839000+00:00,0.18521206640431884,0.2537273379891453,0.5166113325682561,0.07037084404786435
D:\DAS\_ship_position_estimation_from_das\run_20260619_114653\tables\estimate_vs_groundtruth_joined.csv,estimate_vs_groundtruth_joined.csv,2026-06-19 15:07:20,time_utc,est_lat,est_lon,est_channel,14176.0,14257.0,est_cable,south,7844,7844,2021-11-01 17:51:30.339000+00:00,2021-11-01 18:12:48.839000+00:00,0.18521206640431884,0.2537273379891453,0.5166113325682561,0.07037084404786435
D:\DAS\_ship_position_estimation_from_das\run_20260619_114653\tables\estimate_vs_groundtruth_joined.csv,estimate_vs_groundtruth_joined.csv,2026-06-19 15:07:20,time_utc,est_lat,est_lon,est_channel,14176.0,14257.0,est_cable,south,7844,7844,2021-11-01 17:51:30.339000+00:00,2021-11-01 18:12:48.839000+00:00,0.18521206640431884,0.2537273379891453,0.5166113325682561,0.07037084404786435
D:\DAS\_ship_position_estimation_from_das\run_20260619_114653\tables\estimate_vs_groundtruth_joined.csv,estimate_vs_groundtruth_joined.csv,2026-06-19 15:07:20,time_utc,est_lat,est_lon,est_channel,14176.0,14257.0,est_cable,south,7844,7844,2021-11-01 17:51:30.339000+00:00,2021-11-01 18:12:48.839000+00:00,0.18521206640431884,0.2537273379891453,0.5166113325682561,0.07037084404786435
D:\DAS\_ship_position_estimation_from_das\run_20260619_114653\tables\estimate_vs_groundtruth_joined.csv,estimate_vs_groundtruth_joined.csv,2026-06-19 15:07:20,time_utc,est_lat,est_ship_lon,est_channel,14176.0,14257.0,est_cable,south,7844,7844,2021-11-01 17:51:30.339000+00:00,2021-11-01 18:12:48.839000+00:00,0.18521206640431884,0.2537273379891453,0.5166113325682561,0.07037084404786435
D:\DAS\_ship_position_estimation_from_das\run_20260619_114653\tables\estimate_vs_groundtruth_joined.csv,estimate_vs_groundtruth_joined.csv,2026-06-19 15:07:20,time_utc,est_ship_lat,est_lon,est_channel,14176.0,14257.0,est_cable,south,7844,7844,2021-11-01 17:51:30.339000+00:00,2021-11-01 18:12:48.839000+00:00,0.18521206640431884,0.2537273379891453,0.5166113325682561,0.07037084404786435
D:\DAS\_ship_position_estimation_from_das\run_20260621_104743\tables\estimate_vs_groundtruth_joined.csv,estimate_vs_groundtruth_joined.csv,2026-06-21 14:09:16,time_utc,ais_lat,est_cable_lon,est_channel,14176.0,14257.0,est_cable,south,7844,7844,2021-11-01 17:51:30.339000+00:00,2021-11-01 18:12:48.839000+00:00,0.18972118899702825,0.2613486627555062,0.5360976217045129,0.07059047116704098
D:\DAS\_ship_position_estimation_from_das\run_20260619_114653\tables\estimate_vs_groundtruth_joined.csv,estimate_vs_groundtruth_joined.csv,2026-06-19 15:07:20,time_utc,ais_lat,est_cable_lon,est_channel,14176.0,14257.0,est_cable,south,7844,7844,2021-11-01 17:51:30.339000+00:00,2021-11-01 18:12:48.839000+00:00,0.18972118899702825,0.2613486627555062,0.5360976217045129,0.07059047116704098
D:\DAS\_ship_position_estimation_from_das\run_20260618_120347\tables\estimate_vs_groundtruth_joined.csv,estimate_vs_groundtruth_joined.csv,2026-06-18 15:20:14,time_utc,ais_lat,est_cable_lon,est_channel,14176.0,14257.0,est_cable,south,7844,7844,2021-11-01 17:51:30.339000+00:00,2021-11-01 18:12:48.839000+00:00,0.18972118899702825,0.2613486627555062,0.5360976217045129,0.07059047116704098
D:\DAS\_ship_position_estimation_from_das\run_20260613_172525\tables\estimate_vs_groundtruth_joined.csv,estimate_vs_groundtruth_joined.csv,2026-06-13 20:47:30,time_utc,ais_lat,est_cable_lon,est_channel,14176.0,14257.0,est_cable,south,7844,7844,2021-11-01 17:51:30.339000+00:00,2021-11-01 18:12:48.839000+00:00,0.18972118899702825,0.2613486627555062,0.5360976217045129,0.07059047116704098
D:\DAS\_ship_position_estimation_from_das\run_20260618_120347\tables\estimated_ship_track_offcable_diagnostics_v12.csv,estimated_ship_track_offcable_diagnostics_v12.csv,2026-06-18 15:20:12,time_utc,est_ship_lat,est_cable_lon,est_channel,14164.0,14273.0,est_cable_lat,45.172517,10304,10304,2021-11-01 17:48:10.339000+00:00,2021-11-01 18:16:40.839000+00:00,0.1903331750478355,0.2647978810840301,0.5243865906642188,0.07232573836875858
D:\DAS\_ship_position_estimation_from_das\run_20260618_120347\tables\estimated_ship_track_offcable_v12.csv,estimated_ship_track_offcable_v12.csv,2026-06-18 15:20:12,time_utc,est_lat,est_cable_lon,est_channel,14164.0,14273.0,est_cable,south,10304,10304,2021-11-01 17:48:10.339000+00:00,2021-11-01 18:16:40.839000+00:00,0.1903331750478355,0.2647978810840301,0.5243865906642188,0.07232573836875858
D:\DAS\_ship_position_estimation_from_das\run_20260618_120347\tables\estimated_ship_track_offcable_v12.csv,estimated_ship_track_offcable_v12.csv,2026-06-18 15:20:12,time_utc,est_ship_lat,est_cable_lon,est_channel,14164.0,14273.0,est_cable,south,10304,10304,2021-11-01 17:48:10.339000+00:00,2021-11-01 18:16:40.839000+00:00,0.1903331750478355,0.2647978810840301,0.5243865906642188,0.07232573836875858
D:\DAS\_ship_position_estimation_from_das\run_20260613_172525\tables\estimated_ship_track_offcable_diagnostics_v12.csv,estimated_ship_track_offcable_diagnostics_v12.csv,2026-06-13 20:47:28,time_utc,est_ship_lat,est_cable_lon,est_channel,14164.0,14273.0,est_cable_lat,45.172517,10304,10304,2021-11-01 17:48:10.339000+00:00,2021-11-01 18:16:40.839000+00:00,0.1903331750478355,0.2647978810840301,0.5243865906642188,0.07232573836875858
D:\DAS\_ship_position_estimation_from_das\run_20260613_172525\tables\estimated_ship_track_offcable_v12.csv,estimated_ship_track_offcable_v12.csv,2026-06-13 20:47:28,time_utc,est_lat,est_cable_lon,est_channel,14164.0,14273.0,est_cable,south,10304,10304,2021-11-01 17:48:10.339000+00:00,2021-11-01 18:16:40.839000+00:00,0.1903331750478355,0.2647978810840301,0.5243865906642188,0.07232573836875858
D:\DAS\_ship_position_estimation_from_das\run_20260613_172525\tables\estimated_ship_track_offcable_v12.csv,estimated_ship_track_offcable_v12.csv,2026-06-13 20:47:28,time_utc,est_ship_lat,est_cable_lon,est_channel,14164.0,14273.0,est_cable,south,10304,10304,2021-11-01 17:48:10.339000+00:00,2021-11-01 18:16:40.839000+00:00,0.1903331750478355,0.2647978810840301,0.5243865906642188,0.07232573836875858
D:\DAS\_ship_position_estimation_from_das\run_20260621_104743\tables\estimated_ship_track_offcable_v15_3d.csv,estimated_ship_track_offcable_v15_3d.csv,2026-06-21 14:09:12,time_utc,est_lat,est_cable_lon,est_channel,14164.0,14273.0,est_cable,south,10304,10304,2021-11-01 17:48:10.339000+00:00,2021-11-01 18:16:40.839000+00:00,0.19033569965057454,0.26479887827440646,0.524388885380575,0.07232573836875858
D:\DAS\_ship_position_estimation_from_das\run_20260621_104743\tables\estimated_ship_track_offcable_v15_3d.csv,estimated_ship_track_offcable_v15_3d.csv,2026-06-21 14:09:12,time_utc,est_ship_lat,est_cable_lon,est_channel,14164.0,14273.0,est_cable,south,10304,10304,2021-11-01 17:48:10.339000+00:00,2021-11-01 18:16:40.839000+00:00,0.19033569965057454,0.26479887827440646,0.524388885380575,0.07232573836875858
D:\DAS\_ship_position_estimation_from_das\run_20260621_104743\tables\estimated_ship_track_offcable_diagnostics_v12.csv,estimated_ship_track_offcable_diagnostics_v12.csv,2026-06-21 14:09:10,time_utc,est_ship_lat,est_cable_lon,est_channel,14164.0,14273.0,est_cable_lat,45.172517,10304,10304,2021-11-01 17:48:10.339000+00:00,2021-11-01 18:16:40.839000+00:00,0.19033569965057454,0.26479887827440646,0.524388885380575,0.07232573836875858
D:\DAS\_ship_position_estimation_from_das\run_20260619_114653\tables\estimated_ship_track_offcable_v15_3d.csv,estimated_ship_track_offcable_v15_3d.csv,2026-06-19 15:07:18,time_utc,est_lat,est_cable_lon,est_channel,14164.0,14273.0,est_cable,south,10304,10304,2021-11-01 17:48:10.339000+00:00,2021-11-01 18:16:40.839000+00:00,0.19033569965057454,0.26479887827440646,0.524388885380575,0.07232573836875858
D:\DAS\_ship_position_estimation_from_das\run_20260619_114653\tables\estimated_ship_track_offcable_v15_3d.csv,estimated_ship_track_offcable_v15_3d.csv,2026-06-19 15:07:18,time_utc,est_ship_lat,est_cable_lon,est_channel,14164.0,14273.0,est_cable,south,10304,10304,2021-11-01 17:48:10.339000+00:00,2021-11-01 18:16:40.839000+00:00,0.19033569965057454,0.26479887827440646,0.524388885380575,0.07232573836875858
D:\DAS\_ship_position_estimation_from_das\run_20260619_114653\tables\estimated_ship_track_offcable_diagnostics_v12.csv,estimated_ship_track_offcable_diagnostics_v12.csv,2026-06-19 15:07:16,time_utc,est_ship_lat,est_cable_lon,est_channel,14164.0,14273.0,est_cable_lat,45.172517,10304,10304,2021-11-01 17:48:10.339000+00:00,2021-11-01 18:16:40.839000+00:00,0.19033569965057454,0.26479887827440646,0.524388885380575,0.07232573836875858
D:\DAS\_ship_position_estimation_from_das\run_20260618_120347\tables\estimate_vs_groundtruth_joined.csv,estimate_vs_groundtruth_joined.csv,2026-06-18 15:20:14,time_utc,est_lat,est_cable_lon,est_channel,14176.0,14257.0,est_cable,south,7844,7844,2021-11-01 17:51:30.339000+00:00,2021-11-01 18:12:48.839000+00:00,0.19114949392855762,0.2625059334154228,0.5325148015224833,0.07232573836875858
D:\DAS\_ship_position_estimation_from_das\run_20260618_120347\tables\estimate_vs_groundtruth_joined.csv,estimate_vs_groundtruth_joined.csv,2026-06-18 15:20:14,time_utc,est_ship_lat,est_cable_lon,est_channel,14176.0,14257.0,est_cable,south,7844,7844,2021-11-01 17:51:30.339000+00:00,2021-11-01 18:12:48.839000+00:00,0.19114949392855762,0.2625059334154228,0.5325148015224833,0.07232573836875858
D:\DAS\_ship_position_estimation_from_das\run_20260613_172525\tables\estimate_vs_groundtruth_joined.csv,estimate_vs_groundtruth_joined.csv,2026-06-13 20:47:30,time_utc,est_lat,est_cable_lon,est_channel,14176.0,14257.0,est_cable,south,7844,7844,2021-11-01 17:51:30.339000+00:00,2021-11-01 18:12:48.839000+00:00,0.19114949392855762,0.2625059334154228,0.5325148015224833,0.07232573836875858
D:\DAS\_ship_position_estimation_from_das\run_20260613_172525\tables\estimate_vs_groundtruth_joined.csv,estimate_vs_groundtruth_joined.csv,2026-06-13 20:47:30,time_utc,est_ship_lat,est_cable_lon,est_channel,14176.0,14257.0,est_cable,south,7844,7844,2021-11-01 17:51:30.339000+00:00,2021-11-01 18:12:48.839000+00:00,0.19114949392855762,0.2625059334154228,0.5325148015224833,0.07232573836875858
D:\DAS\_ship_position_estimation_from_das\run_20260621_104743\tables\estimate_vs_groundtruth_joined.csv,estimate_vs_groundtruth_joined.csv,2026-06-21 14:09:16,time_utc,est_lat,est_cable_lon,est_channel,14176.0,14257.0,est_cable,south,7844,7844,2021-11-01 17:51:30.339000+00:00,2021-11-01 18:12:48.839000+00:00,0.19115228290532035,0.26250698846230164,0.5325226103804437,0.07232573836875858
D:\DAS\_ship_position_estimation_from_das\run_20260621_104743\tables\estimate_vs_groundtruth_joined.csv,estimate_vs_groundtruth_joined.csv,2026-06-21 14:09:16,time_utc,est_ship_lat,est_cable_lon,est_channel,14176.0,14257.0,est_cable,south,7844,7844,2021-11-01 17:51:30.339000+00:00,2021-11-01 18:12:48.839000+00:00,0.19115228290532035,0.26250698846230164,0.5325226103804437,0.07232573836875858
D:\DAS\_ship_position_estimation_from_das\run_20260619_114653\tables\estimate_vs_groundtruth_joined.csv,estimate_vs_groundtruth_joined.csv,2026-06-19 15:07:20,time_utc,est_lat,est_cable_lon,est_channel,14176.0,14257.0,est_cable,south,7844,7844,2021-11-01 17:51:30.339000+00:00,2021-11-01 18:12:48.839000+00:00,0.19115228290532035,0.26250698846230164,0.5325226103804437,0.07232573836875858
D:\DAS\_ship_position_estimation_from_das\run_20260619_114653\tables\estimate_vs_groundtruth_joined.csv,estimate_vs_groundtruth_joined.csv,2026-06-19 15:07:20,time_utc,est_ship_lat,est_cable_lon,est_channel,14176.0,14257.0,est_cable,south,7844,7844,2021-11-01 17:51:30.339000+00:00,2021-11-01 18:12:48.839000+00:00,0.19115228290532035,0.26250698846230164,0.5325226103804437,0.07232573836875858
D:\DAS\_ship_position_estimation_from_das\run_20260613_114709\tables\estimate_vs_groundtruth_joined.csv,estimate_vs_groundtruth_joined.csv,2026-06-13 15:15:20,time_utc,ais_lat,est_lon,est_channel,13650.0,14279.0,est_cable,south,7844,7844,2021-11-01 17:51:30.339000+00:00,2021-11-01 18:12:48.839000+00:00,0.19134752107246722,0.40518574151691716,0.9632747212576247,0.0007839025485303136
D:\DAS\_ship_position_estimation_from_das_noais\run_20260613_222353\tables\estimate_vs_ais_groundtruth_evaluation_only.csv,estimate_vs_ais_groundtruth_evaluation_only.csv,2026-06-14 02:16:58,time_utc,ais_lat,gt_cable_lon,est_channel,4482.0,5173.0,est_cable,south,3036,3036,2021-11-01 17:51:25.339000+00:00,2021-11-01 18:00:10.839000+00:00,0.22363454767566773,0.22136425121764816,0.2855304983508524,0.10321145045261093
D:\DAS\_ship_position_estimation_from_das_noais_3d\run_20260618_140657\tables\ais_matched_evaluation_3d.csv,ais_matched_evaluation_3d.csv,2026-06-18 17:49:16,time_utc,ais_lat,ais_lon,est_channel,4382.0,5171.0,est_cable,south,3036,3036,2021-11-01 17:51:25.339000+00:00,2021-11-01 18:00:10.839000+00:00,0.22525120197074383,0.2159469551516172,0.2830025328878284,0.0866354131225793
D:\DAS\_ship_position_estimation_from_das_noais_3d\run_20260618_124039\tables\ais_matched_evaluation_3d.csv,ais_matched_evaluation_3d.csv,2026-06-18 16:24:26,time_utc,ais_lat,ais_lon,est_channel,4382.0,5171.0,est_cable,south,3036,3036,2021-11-01 17:51:25.339000+00:00,2021-11-01 18:00:10.839000+00:00,0.22525120197074383,0.2159469551516172,0.2830025328878284,0.0866354131225793
D:\DAS\_ship_position_estimation_from_das_noais\run_20260613_222353\tables\estimate_vs_ais_groundtruth_evaluation_only.csv,estimate_vs_ais_groundtruth_evaluation_only.csv,2026-06-14 02:16:58,time_utc,ais_lat,ais_lon,est_channel,4482.0,5173.0,est_cable,south,3036,3036,2021-11-01 17:51:25.339000+00:00,2021-11-01 18:00:10.839000+00:00,0.22525120197074383,0.21594695515187912,0.2830025328878284,0.0866354131225793
D:\DAS\_ship_position_estimation_from_das\run_20260621_104743\tables\estimate_vs_groundtruth_joined.csv,estimate_vs_groundtruth_joined.csv,2026-06-21 14:09:16,time_utc,est_cable_lat,gt_cable_lon,est_channel,14176.0,14257.0,est_cable,south,7844,7844,2021-11-01 17:51:30.339000+00:00,2021-11-01 18:12:48.839000+00:00,0.2281199584424016,0.31654422034363777,0.6560246573292615,0.03904438960612432
D:\DAS\_ship_position_estimation_from_das\run_20260619_114653\tables\estimate_vs_groundtruth_joined.csv,estimate_vs_groundtruth_joined.csv,2026-06-19 15:07:20,time_utc,est_cable_lat,gt_cable_lon,est_channel,14176.0,14257.0,est_cable,south,7844,7844,2021-11-01 17:51:30.339000+00:00,2021-11-01 18:12:48.839000+00:00,0.2281199584424016,0.31654422034363777,0.6560246573292615,0.03904438960612432
D:\DAS\_ship_position_estimation_from_das\run_20260618_120347\tables\estimate_vs_groundtruth_joined.csv,estimate_vs_groundtruth_joined.csv,2026-06-18 15:20:14,time_utc,est_cable_lat,gt_cable_lon,est_channel,14176.0,14257.0,est_cable,south,7844,7844,2021-11-01 17:51:30.339000+00:00,2021-11-01 18:12:48.839000+00:00,0.2281199584424016,0.31673402243110416,0.659623297304827,0.03904438960612432
D:\DAS\_ship_position_estimation_from_das\run_20260613_172525\tables\estimate_vs_groundtruth_joined.csv,estimate_vs_groundtruth_joined.csv,2026-06-13 20:47:30,time_utc,est_cable_lat,gt_cable_lon,est_channel,14176.0,14257.0,est_cable,south,7844,7844,2021-11-01 17:51:30.339000+00:00,2021-11-01 18:12:48.839000+00:00,0.2281199584424016,0.31673402243110416,0.659623297304827,0.03904438960612432
D:\DAS\_ship_position_estimation_from_das\run_20260621_104743\tables\estimate_vs_groundtruth_joined.csv,estimate_vs_groundtruth_joined.csv,2026-06-21 14:09:16,time_utc,est_cable_lat,ais_lon,est_channel,14176.0,14257.0,est_cable,south,7844,7844,2021-11-01 17:51:30.339000+00:00,2021-11-01 18:12:48.839000+00:00,0.23206578453891025,0.3178709666483037,0.6557051947215392,0.03891827808142287
D:\DAS\_ship_position_estimation_from_das\run_20260619_114653\tables\estimate_vs_groundtruth_joined.csv,estimate_vs_groundtruth_joined.csv,2026-06-19 15:07:20,time_utc,est_cable_lat,ais_lon,est_channel,14176.0,14257.0,est_cable,south,7844,7844,2021-11-01 17:51:30.339000+00:00,2021-11-01 18:12:48.839000+00:00,0.23206578453891025,0.3178709666483037,0.6557051947215392,0.03891827808142287
D:\DAS\_ship_position_estimation_from_das\run_20260618_120347\tables\estimate_vs_groundtruth_joined.csv,estimate_vs_groundtruth_joined.csv,2026-06-18 15:20:14,time_utc,est_cable_lat,ais_lon,est_channel,14176.0,14257.0,est_cable,south,7844,7844,2021-11-01 17:51:30.339000+00:00,2021-11-01 18:12:48.839000+00:00,0.23206578453891025,0.3178709666483037,0.6557051947215392,0.03891827808142287
D:\DAS\_ship_position_estimation_from_das\run_20260613_172525\tables\estimate_vs_groundtruth_joined.csv,estimate_vs_groundtruth_joined.csv,2026-06-13 20:47:30,time_utc,est_cable_lat,ais_lon,est_channel,14176.0,14257.0,est_cable,south,7844,7844,2021-11-01 17:51:30.339000+00:00,2021-11-01 18:12:48.839000+00:00,0.23206578453891025,0.3178709666483037,0.6557051947215392,0.03891827808142287
D:\DAS\_ship_position_estimation_from_das\run_20260621_104743\tables\groundtruth_signed_cross_track_offset_v12.csv,groundtruth_signed_cross_track_offset_v12.csv,2026-06-21 14:09:10,time_utc,gt_cable_lat,gt_cable_lon,gt_channel,13985.0,14219.0,gt_cable,south,42,42,2021-11-01 17:52:15+00:00,2021-11-01 18:12:04+00:00,0.2333453580856374,0.3202649144693374,0.6671449202601952,0.041594122939937625
D:\DAS\_ship_position_estimation_from_das\run_20260621_104743\tables\groundtruth_event_focused_for_das.csv,groundtruth_event_focused_for_das.csv,2026-06-21 13:49:50,time_utc,gt_cable_lat,gt_cable_lon,gt_channel,13985.0,14219.0,gt_cable,south,42,42,2021-11-01 17:52:15+00:00,2021-11-01 18:12:04+00:00,0.2333453580856374,0.3202649144693374,0.6671449202601952,0.041594122939937625
D:\DAS\_ship_position_estimation_from_das\run_20260621_104743\tables\groundtruth_event_focused_with_cross_track_v12.csv,groundtruth_event_focused_with_cross_track_v12.csv,2026-06-21 13:49:50,time_utc,gt_cable_lat,gt_cable_lon,gt_channel,13985.0,14219.0,gt_cable,south,42,42,2021-11-01 17:52:15+00:00,2021-11-01 18:12:04+00:00,0.2333453580856374,0.3202649144693374,0.6671449202601952,0.041594122939937625
D:\DAS\_ship_position_estimation_from_das\run_20260619_114653\tables\groundtruth_signed_cross_track_offset_v12.csv,groundtruth_signed_cross_track_offset_v12.csv,2026-06-19 15:07:16,time_utc,gt_cable_lat,gt_cable_lon,gt_channel,13985.0,14219.0,gt_cable,south,42,42,2021-11-01 17:52:15+00:00,2021-11-01 18:12:04+00:00,0.2333453580856374,0.3202649144693374,0.6671449202601952,0.041594122939937625
D:\DAS\_ship_position_estimation_from_das\run_20260619_114653\tables\groundtruth_event_focused_for_das.csv,groundtruth_event_focused_for_das.csv,2026-06-19 14:48:50,time_utc,gt_cable_lat,gt_cable_lon,gt_channel,13985.0,14219.0,gt_cable,south,42,42,2021-11-01 17:52:15+00:00,2021-11-01 18:12:04+00:00,0.2333453580856374,0.3202649144693374,0.6671449202601952,0.041594122939937625
D:\DAS\_ship_position_estimation_from_das\run_20260619_114653\tables\groundtruth_event_focused_with_cross_track_v12.csv,groundtruth_event_focused_with_cross_track_v12.csv,2026-06-19 14:48:50,time_utc,gt_cable_lat,gt_cable_lon,gt_channel,13985.0,14219.0,gt_cable,south,42,42,2021-11-01 17:52:15+00:00,2021-11-01 18:12:04+00:00,0.2333453580856374,0.3202649144693374,0.6671449202601952,0.041594122939937625
D:\DAS\_ship_position_estimation_from_das\run_20260618_165041\tables\groundtruth_event_focused_for_das.csv,groundtruth_event_focused_for_das.csv,2026-06-18 19:52:36,time_utc,gt_cable_lat,gt_cable_lon,gt_channel,13985.0,14219.0,gt_cable,south,42,42,2021-11-01 17:52:15+00:00,2021-11-01 18:12:04+00:00,0.2333453580856374,0.3202649144693374,0.6671449202601952,0.041594122939937625
D:\DAS\_ship_position_estimation_from_das\run_20260618_165041\tables\groundtruth_event_focused_with_cross_track_v12.csv,groundtruth_event_focused_with_cross_track_v12.csv,2026-06-18 19:52:36,time_utc,gt_cable_lat,gt_cable_lon,gt_channel,13985.0,14219.0,gt_cable,south,42,42,2021-11-01 17:52:15+00:00,2021-11-01 18:12:04+00:00,0.2333453580856374,0.3202649144693374,0.6671449202601952,0.041594122939937625
D:\DAS\_ship_position_estimation_from_das\run_20260618_120347\tables\groundtruth_signed_cross_track_offset_v12.csv,groundtruth_signed_cross_track_offset_v12.csv,2026-06-18 15:20:12,time_utc,gt_cable_lat,gt_cable_lon,gt_channel,13990.0,14219.0,gt_cable,south,42,42,2021-11-01 17:52:15+00:00,2021-11-01 18:12:04+00:00,0.2333453580856374,0.3204072585876675,0.6701481204839032,0.041594122939937625
D:\DAS\_ship_position_estimation_from_das\run_20260618_120347\tables\groundtruth_event_focused_for_das.csv,groundtruth_event_focused_for_das.csv,2026-06-18 15:04:06,time_utc,gt_cable_lat,gt_cable_lon,gt_channel,13990.0,14219.0,gt_cable,south,42,42,2021-11-01 17:52:15+00:00,2021-11-01 18:12:04+00:00,0.2333453580856374,0.3204072585876675,0.6701481204839032,0.041594122939937625
D:\DAS\_ship_position_estimation_from_das\run_20260618_120347\tables\groundtruth_event_focused_with_cross_track_v12.csv,groundtruth_event_focused_with_cross_track_v12.csv,2026-06-18 15:04:06,time_utc,gt_cable_lat,gt_cable_lon,gt_channel,13990.0,14219.0,gt_cable,south,42,42,2021-11-01 17:52:15+00:00,2021-11-01 18:12:04+00:00,0.2333453580856374,0.3204072585876675,0.6701481204839032,0.041594122939937625
D:\DAS\_ship_position_estimation_from_das\run_20260613_172525\tables\groundtruth_signed_cross_track_offset_v12.csv,groundtruth_signed_cross_track_offset_v12.csv,2026-06-13 20:47:28,time_utc,gt_cable_lat,gt_cable_lon,gt_channel,13990.0,14219.0,gt_cable,south,42,42,2021-11-01 17:52:15+00:00,2021-11-01 18:12:04+00:00,0.2333453580856374,0.3204072585876675,0.6701481204839032,0.041594122939937625
D:\DAS\_ship_position_estimation_from_das\run_20260613_172525\tables\groundtruth_event_focused_for_das.csv,groundtruth_event_focused_for_das.csv,2026-06-13 20:25:48,time_utc,gt_cable_lat,gt_cable_lon,gt_channel,13990.0,14219.0,gt_cable,south,42,42,2021-11-01 17:52:15+00:00,2021-11-01 18:12:04+00:00,0.2333453580856374,0.3204072585876675,0.6701481204839032,0.041594122939937625
D:\DAS\_ship_position_estimation_from_das\run_20260613_172525\tables\groundtruth_event_focused_with_cross_track_v12.csv,groundtruth_event_focused_with_cross_track_v12.csv,2026-06-13 20:25:48,time_utc,gt_cable_lat,gt_cable_lon,gt_channel,13990.0,14219.0,gt_cable,south,42,42,2021-11-01 17:52:15+00:00,2021-11-01 18:12:04+00:00,0.2333453580856374,0.3204072585876675,0.6701481204839032,0.041594122939937625
D:\DAS\_ship_position_estimation_from_das\run_20260613_153917\tables\groundtruth_signed_cross_track_offset_v12.csv,groundtruth_signed_cross_track_offset_v12.csv,2026-06-13 19:01:20,time_utc,gt_cable_lat,gt_cable_lon,gt_channel,13990.0,14219.0,gt_cable,south,42,42,2021-11-01 17:52:15+00:00,2021-11-01 18:12:04+00:00,0.2333453580856374,0.3204072585876675,0.6701481204839032,0.041594122939937625
D:\DAS\_ship_position_estimation_from_das\run_20260613_153917\tables\groundtruth_event_focused_for_das.csv,groundtruth_event_focused_for_das.csv,2026-06-13 18:39:40,time_utc,gt_cable_lat,gt_cable_lon,gt_channel,13990.0,14219.0,gt_cable,south,42,42,2021-11-01 17:52:15+00:00,2021-11-01 18:12:04+00:00,0.2333453580856374,0.3204072585876675,0.6701481204839032,0.041594122939937625
D:\DAS\_ship_position_estimation_from_das\run_20260613_153917\tables\groundtruth_event_focused_with_cross_track_v12.csv,groundtruth_event_focused_with_cross_track_v12.csv,2026-06-13 18:39:40,time_utc,gt_cable_lat,gt_cable_lon,gt_channel,13990.0,14219.0,gt_cable,south,42,42,2021-11-01 17:52:15+00:00,2021-11-01 18:12:04+00:00,0.2333453580856374,0.3204072585876675,0.6701481204839032,0.041594122939937625
D:\DAS\_ship_position_estimation_from_das\run_20260613_135420\tables\groundtruth_event_focused_for_das.csv,groundtruth_event_focused_for_das.csv,2026-06-13 16:54:44,time_utc,gt_cable_lat,gt_cable_lon,gt_channel,13990.0,14219.0,gt_cable,south,42,42,2021-11-01 17:52:15+00:00,2021-11-01 18:12:04+00:00,0.2333453580856374,0.3204072585876675,0.6701481204839032,0.041594122939937625
D:\DAS\_ship_position_estimation_from_das\run_20260613_135420\tables\groundtruth_event_focused_with_cross_track_v12.csv,groundtruth_event_focused_with_cross_track_v12.csv,2026-06-13 16:54:44,time_utc,gt_cable_lat,gt_cable_lon,gt_channel,13990.0,14219.0,gt_cable,south,42,42,2021-11-01 17:52:15+00:00,2021-11-01 18:12:04+00:00,0.2333453580856374,0.3204072585876675,0.6701481204839032,0.041594122939937625
D:\DAS\_ship_position_estimation_from_das\run_20260613_122903\tables\groundtruth_event_focused_for_das.csv,groundtruth_event_focused_for_das.csv,2026-06-13 15:29:36,time_utc,gt_cable_lat,gt_cable_lon,gt_channel,13990.0,14219.0,gt_cable,south,42,42,2021-11-01 17:52:15+00:00,2021-11-01 18:12:04+00:00,0.2333453580856374,0.3204072585876675,0.6701481204839032,0.041594122939937625
D:\DAS\_ship_position_estimation_from_das\run_20260613_114709\tables\groundtruth_event_focused_for_das.csv,groundtruth_event_focused_for_das.csv,2026-06-13 14:47:32,time_utc,gt_cable_lat,gt_cable_lon,gt_channel,13990.0,14219.0,gt_cable,south,42,42,2021-11-01 17:52:15+00:00,2021-11-01 18:12:04+00:00,0.2333453580856374,0.3204072585876675,0.6701481204839032,0.041594122939937625
D:\DAS\_ship_position_estimation_from_das\run_20260613_081226\tables\groundtruth_event_focused_for_das.csv,groundtruth_event_focused_for_das.csv,2026-06-13 11:12:46,time_utc,gt_cable_lat,gt_cable_lon,gt_channel,13990.0,14219.0,gt_cable,south,42,42,2021-11-01 17:52:15+00:00,2021-11-01 18:12:04+00:00,0.2333453580856374,0.3204072585876675,0.6701481204839032,0.041594122939937625
D:\DAS\_ship_position_estimation_from_das\run_20260613_065307\tables\groundtruth_event_focused_for_das.csv,groundtruth_event_focused_for_das.csv,2026-06-13 09:53:56,time_utc,gt_cable_lat,gt_cable_lon,gt_channel,13990.0,14219.0,gt_cable,south,42,42,2021-11-01 17:52:15+00:00,2021-11-01 18:12:04+00:00,0.2333453580856374,0.3204072585876675,0.6701481204839032,0.041594122939937625
D:\DAS\_ship_position_estimation_from_das\run_20260613_064830\tables\groundtruth_event_focused_for_das.csv,groundtruth_event_focused_for_das.csv,2026-06-13 09:49:02,time_utc,gt_cable_lat,gt_cable_lon,gt_channel,13990.0,14219.0,gt_cable,south,42,42,2021-11-01 17:52:15+00:00,2021-11-01 18:12:04+00:00,0.2333453580856374,0.3204072585876675,0.6701481204839032,0.041594122939937625
D:\DAS\_ship_position_estimation_from_das\run_20260613_061622\tables\groundtruth_event_focused_for_das.csv,groundtruth_event_focused_for_das.csv,2026-06-13 09:16:42,time_utc,gt_cable_lat,gt_cable_lon,gt_channel,13990.0,14219.0,gt_cable,south,42,42,2021-11-01 17:52:15+00:00,2021-11-01 18:12:04+00:00,0.2333453580856374,0.3204072585876675,0.6701481204839032,0.041594122939937625
D:\DAS\_ship_position_estimation_from_das\run_20260612_161047\tables\groundtruth_event_focused_for_das.csv,groundtruth_event_focused_for_das.csv,2026-06-12 19:11:16,time_utc,gt_cable_lat,gt_cable_lon,gt_channel,13990.0,14219.0,gt_cable,south,42,42,2021-11-01 17:52:15+00:00,2021-11-01 18:12:04+00:00,0.2333453580856374,0.3204072585876675,0.6701481204839032,0.041594122939937625
D:\DAS\_ship_position_estimation_from_das\run_20260612_141130\tables\groundtruth_event_focused_for_das.csv,groundtruth_event_focused_for_das.csv,2026-06-12 17:12:00,time_utc,gt_cable_lat,gt_cable_lon,gt_channel,13990.0,14219.0,gt_cable,south,42,42,2021-11-01 17:52:15+00:00,2021-11-01 18:12:04+00:00,0.2333453580856374,0.3204072585876675,0.6701481204839032,0.041594122939937625
D:\DAS\_ship_position_estimation_from_das\run_20260621_104743\tables\estimate_vs_groundtruth_joined.csv,estimate_vs_groundtruth_joined.csv,2026-06-21 14:09:16,time_utc,gt_cable_lat,gt_cable_lon,est_channel,14176.0,14257.0,est_cable,south,7844,7844,2021-11-01 17:51:30.339000+00:00,2021-11-01 18:12:48.839000+00:00,0.23512111306367572,0.3236245344056012,0.6673504870598568,0.041594122939937625
D:\DAS\_ship_position_estimation_from_das\run_20260619_114653\tables\estimate_vs_groundtruth_joined.csv,estimate_vs_groundtruth_joined.csv,2026-06-19 15:07:20,time_utc,gt_cable_lat,gt_cable_lon,est_channel,14176.0,14257.0,est_cable,south,7844,7844,2021-11-01 17:51:30.339000+00:00,2021-11-01 18:12:48.839000+00:00,0.23512111306367572,0.3236245344056012,0.6673504870598568,0.041594122939937625
D:\DAS\_ship_position_estimation_from_das\run_20260618_120347\tables\estimate_vs_groundtruth_joined.csv,estimate_vs_groundtruth_joined.csv,2026-06-18 15:20:14,time_utc,gt_cable_lat,gt_cable_lon,est_channel,14176.0,14257.0,est_cable,south,7844,7844,2021-11-01 17:51:30.339000+00:00,2021-11-01 18:12:48.839000+00:00,0.23512111306367572,0.3236982828003548,0.6704589686421305,0.041594122939937625
D:\DAS\_ship_position_estimation_from_das\run_20260613_172525\tables\estimate_vs_groundtruth_joined.csv,estimate_vs_groundtruth_joined.csv,2026-06-13 20:47:30,time_utc,gt_cable_lat,gt_cable_lon,est_channel,14176.0,14257.0,est_cable,south,7844,7844,2021-11-01 17:51:30.339000+00:00,2021-11-01 18:12:48.839000+00:00,0.23512111306367572,0.3236982828003548,0.6704589686421305,0.041594122939937625
D:\DAS\_ship_position_estimation_from_das\run_20260613_153917\tables\estimate_vs_groundtruth_joined.csv,estimate_vs_groundtruth_joined.csv,2026-06-13 19:01:24,time_utc,gt_cable_lat,gt_cable_lon,est_channel,13912.0,14228.0,est_cable,south,7844,7844,2021-11-01 17:51:30.339000+00:00,2021-11-01 18:12:48.839000+00:00,0.23512111306367572,0.3236982828003548,0.6704589686421305,0.041594122939937625
D:\DAS\_ship_position_estimation_from_das\run_20260613_122903\tables\estimate_vs_groundtruth_joined.csv,estimate_vs_groundtruth_joined.csv,2026-06-13 15:51:08,time_utc,gt_cable_lat,gt_cable_lon,est_channel,13912.0,14228.0,est_cable,south,7844,7844,2021-11-01 17:51:30.339000+00:00,2021-11-01 18:12:48.839000+00:00,0.23512111306367572,0.3236982828003548,0.6704589686421305,0.041594122939937625
D:\DAS\_ship_position_estimation_from_das\run_20260613_114709\tables\estimate_vs_groundtruth_joined.csv,estimate_vs_groundtruth_joined.csv,2026-06-13 15:15:20,time_utc,gt_cable_lat,gt_cable_lon,est_channel,13650.0,14279.0,est_cable,south,7844,7844,2021-11-01 17:51:30.339000+00:00,2021-11-01 18:12:48.839000+00:00,0.23512111306367572,0.3236982828003548,0.6704589686421305,0.041594122939937625
D:\DAS\_ship_position_estimation_from_das\run_20260613_081226\tables\estimate_vs_groundtruth_joined.csv,estimate_vs_groundtruth_joined.csv,2026-06-13 11:39:34,time_utc,gt_cable_lat,gt_cable_lon,est_channel,13601.0,14799.0,est_cable,south,7844,7844,2021-11-01 17:51:30.339000+00:00,2021-11-01 18:12:48.839000+00:00,0.23512111306367572,0.3236982828003548,0.6704589686421305,0.041594122939937625
D:\DAS\_ship_position_estimation_from_das\run_20260613_065307\tables\estimate_vs_groundtruth_joined.csv,estimate_vs_groundtruth_joined.csv,2026-06-13 10:28:10,time_utc,gt_cable_lat,gt_cable_lon,est_channel,13601.0,14799.0,est_cable,south,7844,7844,2021-11-01 17:51:30.339000+00:00,2021-11-01 18:12:48.839000+00:00,0.23512111306367572,0.3236982828003548,0.6704589686421305,0.041594122939937625
D:\DAS\_ship_position_estimation_from_das\run_20260613_064830\tables\estimate_vs_groundtruth_joined.csv,estimate_vs_groundtruth_joined.csv,2026-06-13 10:22:40,time_utc,gt_cable_lat,gt_cable_lon,est_channel,13619.0,14818.0,est_cable,south,7844,7844,2021-11-01 17:51:30.339000+00:00,2021-11-01 18:12:48.839000+00:00,0.23512111306367572,0.3236982828003548,0.6704589686421305,0.041594122939937625
D:\DAS\_ship_position_estimation_from_das\run_20260612_161047\tables\estimate_vs_groundtruth_joined.csv,estimate_vs_groundtruth_joined.csv,2026-06-12 19:42:02,time_utc,gt_cable_lat,gt_cable_lon,est_channel,13619.0,14818.0,est_cable,south,7844,7844,2021-11-01 17:51:30.339000+00:00,2021-11-01 18:12:48.839000+00:00,0.23512111306367572,0.3236982828003548,0.6704589686421305,0.041594122939937625
D:\DAS\_ship_position_estimation_from_das\run_20260612_141130\tables\estimate_vs_groundtruth_joined.csv,estimate_vs_groundtruth_joined.csv,2026-06-12 17:42:40,time_utc,gt_cable_lat,gt_cable_lon,est_channel,13619.0,14818.0,est_cable,south,7844,7844,2021-11-01 17:51:30.339000+00:00,2021-11-01 18:12:48.839000+00:00,0.23512111306367572,0.3236982828003548,0.6704589686421305,0.041594122939937625
D:\DAS\_ship_position_estimation_from_das\run_20260618_120347\tables\groundtruth_signed_cross_track_offset_v12.csv,groundtruth_signed_cross_track_offset_v12.csv,2026-06-18 15:20:12,time_utc,gt_cable_lat,ais_lon,gt_channel,13990.0,14219.0,gt_cable,south,42,42,2021-11-01 17:52:15+00:00,2021-11-01 18:12:04+00:00,0.23662475699901986,0.32138235919823493,0.6663654225052628,0.04147576492629658
D:\DAS\_ship_position_estimation_from_das\run_20260618_120347\tables\groundtruth_event_focused_for_das.csv,groundtruth_event_focused_for_das.csv,2026-06-18 15:04:06,time_utc,gt_cable_lat,ais_lon,gt_channel,13990.0,14219.0,gt_cable,south,42,42,2021-11-01 17:52:15+00:00,2021-11-01 18:12:04+00:00,0.23662475699901986,0.32138235919823493,0.6663654225052628,0.04147576492629658
D:\DAS\_ship_position_estimation_from_das\run_20260618_120347\tables\groundtruth_event_focused_with_cross_track_v12.csv,groundtruth_event_focused_with_cross_track_v12.csv,2026-06-18 15:04:06,time_utc,gt_cable_lat,ais_lon,gt_channel,13990.0,14219.0,gt_cable,south,42,42,2021-11-01 17:52:15+00:00,2021-11-01 18:12:04+00:00,0.23662475699901986,0.32138235919823493,0.6663654225052628,0.04147576492629658
D:\DAS\_ship_position_estimation_from_das\run_20260613_172525\tables\groundtruth_signed_cross_track_offset_v12.csv,groundtruth_signed_cross_track_offset_v12.csv,2026-06-13 20:47:28,time_utc,gt_cable_lat,ais_lon,gt_channel,13990.0,14219.0,gt_cable,south,42,42,2021-11-01 17:52:15+00:00,2021-11-01 18:12:04+00:00,0.23662475699901986,0.32138235919823493,0.6663654225052628,0.04147576492629658
D:\DAS\_ship_position_estimation_from_das\run_20260613_172525\tables\groundtruth_event_focused_for_das.csv,groundtruth_event_focused_for_das.csv,2026-06-13 20:25:48,time_utc,gt_cable_lat,ais_lon,gt_channel,13990.0,14219.0,gt_cable,south,42,42,2021-11-01 17:52:15+00:00,2021-11-01 18:12:04+00:00,0.23662475699901986,0.32138235919823493,0.6663654225052628,0.04147576492629658
D:\DAS\_ship_position_estimation_from_das\run_20260613_172525\tables\groundtruth_event_focused_with_cross_track_v12.csv,groundtruth_event_focused_with_cross_track_v12.csv,2026-06-13 20:25:48,time_utc,gt_cable_lat,ais_lon,gt_channel,13990.0,14219.0,gt_cable,south,42,42,2021-11-01 17:52:15+00:00,2021-11-01 18:12:04+00:00,0.23662475699901986,0.32138235919823493,0.6663654225052628,0.04147576492629658
D:\DAS\_ship_position_estimation_from_das\run_20260613_153917\tables\groundtruth_signed_cross_track_offset_v12.csv,groundtruth_signed_cross_track_offset_v12.csv,2026-06-13 19:01:20,time_utc,gt_cable_lat,ais_lon,gt_channel,13990.0,14219.0,gt_cable,south,42,42,2021-11-01 17:52:15+00:00,2021-11-01 18:12:04+00:00,0.23662475699901986,0.32138235919823493,0.6663654225052628,0.04147576492629658
D:\DAS\_ship_position_estimation_from_das\run_20260613_153917\tables\groundtruth_event_focused_for_das.csv,groundtruth_event_focused_for_das.csv,2026-06-13 18:39:40,time_utc,gt_cable_lat,ais_lon,gt_channel,13990.0,14219.0,gt_cable,south,42,42,2021-11-01 17:52:15+00:00,2021-11-01 18:12:04+00:00,0.23662475699901986,0.32138235919823493,0.6663654225052628,0.04147576492629658
D:\DAS\_ship_position_estimation_from_das\run_20260613_153917\tables\groundtruth_event_focused_with_cross_track_v12.csv,groundtruth_event_focused_with_cross_track_v12.csv,2026-06-13 18:39:40,time_utc,gt_cable_lat,ais_lon,gt_channel,13990.0,14219.0,gt_cable,south,42,42,2021-11-01 17:52:15+00:00,2021-11-01 18:12:04+00:00,0.23662475699901986,0.32138235919823493,0.6663654225052628,0.04147576492629658
D:\DAS\_ship_position_estimation_from_das\run_20260613_135420\tables\groundtruth_event_focused_for_das.csv,groundtruth_event_focused_for_das.csv,2026-06-13 16:54:44,time_utc,gt_cable_lat,ais_lon,gt_channel,13990.0,14219.0,gt_cable,south,42,42,2021-11-01 17:52:15+00:00,2021-11-01 18:12:04+00:00,0.23662475699901986,0.32138235919823493,0.6663654225052628,0.04147576492629658
D:\DAS\_ship_position_estimation_from_das\run_20260613_135420\tables\groundtruth_event_focused_with_cross_track_v12.csv,groundtruth_event_focused_with_cross_track_v12.csv,2026-06-13 16:54:44,time_utc,gt_cable_lat,ais_lon,gt_channel,13990.0,14219.0,gt_cable,south,42,42,2021-11-01 17:52:15+00:00,2021-11-01 18:12:04+00:00,0.23662475699901986,0.32138235919823493,0.6663654225052628,0.04147576492629658
D:\DAS\_ship_position_estimation_from_das\run_20260613_122903\tables\groundtruth_event_focused_for_das.csv,groundtruth_event_focused_for_das.csv,2026-06-13 15:29:36,time_utc,gt_cable_lat,ais_lon,gt_channel,13990.0,14219.0,gt_cable,south,42,42,2021-11-01 17:52:15+00:00,2021-11-01 18:12:04+00:00,0.23662475699901986,0.32138235919823493,0.6663654225052628,0.04147576492629658
D:\DAS\_ship_position_estimation_from_das\run_20260613_114709\tables\groundtruth_event_focused_for_das.csv,groundtruth_event_focused_for_das.csv,2026-06-13 14:47:32,time_utc,gt_cable_lat,ais_lon,gt_channel,13990.0,14219.0,gt_cable,south,42,42,2021-11-01 17:52:15+00:00,2021-11-01 18:12:04+00:00,0.23662475699901986,0.32138235919823493,0.6663654225052628,0.04147576492629658
D:\DAS\_ship_position_estimation_from_das\run_20260613_081226\tables\groundtruth_event_focused_for_das.csv,groundtruth_event_focused_for_das.csv,2026-06-13 11:12:46,time_utc,gt_cable_lat,ais_lon,gt_channel,13990.0,14219.0,gt_cable,south,42,42,2021-11-01 17:52:15+00:00,2021-11-01 18:12:04+00:00,0.23662475699901986,0.32138235919823493,0.6663654225052628,0.04147576492629658
D:\DAS\_ship_position_estimation_from_das\run_20260613_065307\tables\groundtruth_event_focused_for_das.csv,groundtruth_event_focused_for_das.csv,2026-06-13 09:53:56,time_utc,gt_cable_lat,ais_lon,gt_channel,13990.0,14219.0,gt_cable,south,42,42,2021-11-01 17:52:15+00:00,2021-11-01 18:12:04+00:00,0.23662475699901986,0.32138235919823493,0.6663654225052628,0.04147576492629658
D:\DAS\_ship_position_estimation_from_das\run_20260613_064830\tables\groundtruth_event_focused_for_das.csv,groundtruth_event_focused_for_das.csv,2026-06-13 09:49:02,time_utc,gt_cable_lat,ais_lon,gt_channel,13990.0,14219.0,gt_cable,south,42,42,2021-11-01 17:52:15+00:00,2021-11-01 18:12:04+00:00,0.23662475699901986,0.32138235919823493,0.6663654225052628,0.04147576492629658
D:\DAS\_ship_position_estimation_from_das\run_20260613_061622\tables\groundtruth_event_focused_for_das.csv,groundtruth_event_focused_for_das.csv,2026-06-13 09:16:42,time_utc,gt_cable_lat,ais_lon,gt_channel,13990.0,14219.0,gt_cable,south,42,42,2021-11-01 17:52:15+00:00,2021-11-01 18:12:04+00:00,0.23662475699901986,0.32138235919823493,0.6663654225052628,0.04147576492629658
D:\DAS\_ship_position_estimation_from_das\run_20260612_161047\tables\groundtruth_event_focused_for_das.csv,groundtruth_event_focused_for_das.csv,2026-06-12 19:11:16,time_utc,gt_cable_lat,ais_lon,gt_channel,13990.0,14219.0,gt_cable,south,42,42,2021-11-01 17:52:15+00:00,2021-11-01 18:12:04+00:00,0.23662475699901986,0.32138235919823493,0.6663654225052628,0.04147576492629658
D:\DAS\_ship_position_estimation_from_das\run_20260612_141130\tables\groundtruth_event_focused_for_das.csv,groundtruth_event_focused_for_das.csv,2026-06-12 17:12:00,time_utc,gt_cable_lat,ais_lon,gt_channel,13990.0,14219.0,gt_cable,south,42,42,2021-11-01 17:52:15+00:00,2021-11-01 18:12:04+00:00,0.23662475699901986,0.32138235919823493,0.6663654225052628,0.04147576492629658
D:\DAS\_ship_position_estimation_from_das\run_20260621_104743\tables\groundtruth_signed_cross_track_offset_v12.csv,groundtruth_signed_cross_track_offset_v12.csv,2026-06-21 14:09:10,time_utc,gt_cable_lat,ais_lon,gt_channel,13985.0,14219.0,gt_cable,south,42,42,2021-11-01 17:52:15+00:00,2021-11-01 18:12:04+00:00,0.23662475699901986,0.32149791760753493,0.6667866486545723,0.04147576492629658
D:\DAS\_ship_position_estimation_from_das\run_20260621_104743\tables\groundtruth_event_focused_for_das.csv,groundtruth_event_focused_for_das.csv,2026-06-21 13:49:50,time_utc,gt_cable_lat,ais_lon,gt_channel,13985.0,14219.0,gt_cable,south,42,42,2021-11-01 17:52:15+00:00,2021-11-01 18:12:04+00:00,0.23662475699901986,0.32149791760753493,0.6667866486545723,0.04147576492629658
D:\DAS\_ship_position_estimation_from_das\run_20260621_104743\tables\groundtruth_event_focused_with_cross_track_v12.csv,groundtruth_event_focused_with_cross_track_v12.csv,2026-06-21 13:49:50,time_utc,gt_cable_lat,ais_lon,gt_channel,13985.0,14219.0,gt_cable,south,42,42,2021-11-01 17:52:15+00:00,2021-11-01 18:12:04+00:00,0.23662475699901986,0.32149791760753493,0.6667866486545723,0.04147576492629658
D:\DAS\_ship_position_estimation_from_das\run_20260619_114653\tables\groundtruth_signed_cross_track_offset_v12.csv,groundtruth_signed_cross_track_offset_v12.csv,2026-06-19 15:07:16,time_utc,gt_cable_lat,ais_lon,gt_channel,13985.0,14219.0,gt_cable,south,42,42,2021-11-01 17:52:15+00:00,2021-11-01 18:12:04+00:00,0.23662475699901986,0.32149791760753493,0.6667866486545723,0.04147576492629658
D:\DAS\_ship_position_estimation_from_das\run_20260619_114653\tables\groundtruth_event_focused_for_das.csv,groundtruth_event_focused_for_das.csv,2026-06-19 14:48:50,time_utc,gt_cable_lat,ais_lon,gt_channel,13985.0,14219.0,gt_cable,south,42,42,2021-11-01 17:52:15+00:00,2021-11-01 18:12:04+00:00,0.23662475699901986,0.32149791760753493,0.6667866486545723,0.04147576492629658
D:\DAS\_ship_position_estimation_from_das\run_20260619_114653\tables\groundtruth_event_focused_with_cross_track_v12.csv,groundtruth_event_focused_with_cross_track_v12.csv,2026-06-19 14:48:50,time_utc,gt_cable_lat,ais_lon,gt_channel,13985.0,14219.0,gt_cable,south,42,42,2021-11-01 17:52:15+00:00,2021-11-01 18:12:04+00:00,0.23662475699901986,0.32149791760753493,0.6667866486545723,0.04147576492629658
D:\DAS\_ship_position_estimation_from_das\run_20260618_165041\tables\groundtruth_event_focused_for_das.csv,groundtruth_event_focused_for_das.csv,2026-06-18 19:52:36,time_utc,gt_cable_lat,ais_lon,gt_channel,13985.0,14219.0,gt_cable,south,42,42,2021-11-01 17:52:15+00:00,2021-11-01 18:12:04+00:00,0.23662475699901986,0.32149791760753493,0.6667866486545723,0.04147576492629658
D:\DAS\_ship_position_estimation_from_das\run_20260618_165041\tables\groundtruth_event_focused_with_cross_track_v12.csv,groundtruth_event_focused_with_cross_track_v12.csv,2026-06-18 19:52:36,time_utc,gt_cable_lat,ais_lon,gt_channel,13985.0,14219.0,gt_cable,south,42,42,2021-11-01 17:52:15+00:00,2021-11-01 18:12:04+00:00,0.23662475699901986,0.32149791760753493,0.6667866486545723,0.04147576492629658
D:\DAS\_ship_position_estimation_from_das\run_20260613_153917\tables\estimate_vs_groundtruth_joined.csv,estimate_vs_groundtruth_joined.csv,2026-06-13 19:01:24,time_utc,est_cable_lat,gt_cable_lon,est_channel,13912.0,14228.0,est_cable,south,7844,7844,2021-11-01 17:51:30.339000+00:00,2021-11-01 18:12:48.839000+00:00,0.23742595874402642,0.32594507198846806,0.6742169207206536,0.0410397510050806
D:\DAS\_ship_position_estimation_from_das\run_20260613_122903\tables\estimate_vs_groundtruth_joined.csv,estimate_vs_groundtruth_joined.csv,2026-06-13 15:51:08,time_utc,est_lat,gt_cable_lon,est_channel,13912.0,14228.0,est_cable,south,7844,7844,2021-11-01 17:51:30.339000+00:00,2021-11-01 18:12:48.839000+00:00,0.23742595874402642,0.32594507198846806,0.6742169207206536,0.0410397510050806
D:\DAS\_ship_position_estimation_from_das\run_20260613_114709\tables\estimate_vs_groundtruth_joined.csv,estimate_vs_groundtruth_joined.csv,2026-06-13 15:15:20,time_utc,est_lat,gt_cable_lon,est_channel,13650.0,14279.0,est_cable,south,7844,7844,2021-11-01 17:51:30.339000+00:00,2021-11-01 18:12:48.839000+00:00,0.23753079168003136,0.33559224949503574,0.6944277283355408,0.037603701799255866
D:\DAS\_ship_position_estimation_from_das\run_20260618_120347\tables\estimate_vs_groundtruth_joined.csv,estimate_vs_groundtruth_joined.csv,2026-06-18 15:20:14,time_utc,gt_cable_lat,ais_lon,est_channel,14176.0,14257.0,est_cable,south,7844,7844,2021-11-01 17:51:30.339000+00:00,2021-11-01 18:12:48.839000+00:00,0.23895135192344144,0.3247883798924905,0.6666045647979176,0.04147576492629658
D:\DAS\_ship_position_estimation_from_das\run_20260613_172525\tables\estimate_vs_groundtruth_joined.csv,estimate_vs_groundtruth_joined.csv,2026-06-13 20:47:30,time_utc,gt_cable_lat,ais_lon,est_channel,14176.0,14257.0,est_cable,south,7844,7844,2021-11-01 17:51:30.339000+00:00,2021-11-01 18:12:48.839000+00:00,0.23895135192344144,0.3247883798924905,0.6666045647979176,0.04147576492629658
D:\DAS\_ship_position_estimation_from_das\run_20260613_153917\tables\estimate_vs_groundtruth_joined.csv,estimate_vs_groundtruth_joined.csv,2026-06-13 19:01:24,time_utc,gt_cable_lat,ais_lon,est_channel,13912.0,14228.0,est_cable,south,7844,7844,2021-11-01 17:51:30.339000+00:00,2021-11-01 18:12:48.839000+00:00,0.23895135192344144,0.3247883798924905,0.6666045647979176,0.04147576492629658
D:\DAS\_ship_position_estimation_from_das\run_20260613_122903\tables\estimate_vs_groundtruth_joined.csv,estimate_vs_groundtruth_joined.csv,2026-06-13 15:51:08,time_utc,gt_cable_lat,ais_lon,est_channel,13912.0,14228.0,est_cable,south,7844,7844,2021-11-01 17:51:30.339000+00:00,2021-11-01 18:12:48.839000+00:00,0.23895135192344144,0.3247883798924905,0.6666045647979176,0.04147576492629658
D:\DAS\_ship_position_estimation_from_das\run_20260613_114709\tables\estimate_vs_groundtruth_joined.csv,estimate_vs_groundtruth_joined.csv,2026-06-13 15:15:20,time_utc,gt_cable_lat,ais_lon,est_channel,13650.0,14279.0,est_cable,south,7844,7844,2021-11-01 17:51:30.339000+00:00,2021-11-01 18:12:48.839000+00:00,0.23895135192344144,0.3247883798924905,0.6666045647979176,0.04147576492629658
D:\DAS\_ship_position_estimation_from_das\run_20260613_081226\tables\estimate_vs_groundtruth_joined.csv,estimate_vs_groundtruth_joined.csv,2026-06-13 11:39:34,time_utc,gt_cable_lat,ais_lon,est_channel,13601.0,14799.0,est_cable,south,7844,7844,2021-11-01 17:51:30.339000+00:00,2021-11-01 18:12:48.839000+00:00,0.23895135192344144,0.3247883798924905,0.6666045647979176,0.04147576492629658
D:\DAS\_ship_position_estimation_from_das\run_20260613_065307\tables\estimate_vs_groundtruth_joined.csv,estimate_vs_groundtruth_joined.csv,2026-06-13 10:28:10,time_utc,gt_cable_lat,ais_lon,est_channel,13601.0,14799.0,est_cable,south,7844,7844,2021-11-01 17:51:30.339000+00:00,2021-11-01 18:12:48.839000+00:00,0.23895135192344144,0.3247883798924905,0.6666045647979176,0.04147576492629658
D:\DAS\_ship_position_estimation_from_das\run_20260613_064830\tables\estimate_vs_groundtruth_joined.csv,estimate_vs_groundtruth_joined.csv,2026-06-13 10:22:40,time_utc,gt_cable_lat,ais_lon,est_channel,13619.0,14818.0,est_cable,south,7844,7844,2021-11-01 17:51:30.339000+00:00,2021-11-01 18:12:48.839000+00:00,0.23895135192344144,0.3247883798924905,0.6666045647979176,0.04147576492629658
D:\DAS\_ship_position_estimation_from_das\run_20260612_161047\tables\estimate_vs_groundtruth_joined.csv,estimate_vs_groundtruth_joined.csv,2026-06-12 19:42:02,time_utc,gt_cable_lat,ais_lon,est_channel,13619.0,14818.0,est_cable,south,7844,7844,2021-11-01 17:51:30.339000+00:00,2021-11-01 18:12:48.839000+00:00,0.23895135192344144,0.3247883798924905,0.6666045647979176,0.04147576492629658
D:\DAS\_ship_position_estimation_from_das\run_20260612_141130\tables\estimate_vs_groundtruth_joined.csv,estimate_vs_groundtruth_joined.csv,2026-06-12 17:42:40,time_utc,gt_cable_lat,ais_lon,est_channel,13619.0,14818.0,est_cable,south,7844,7844,2021-11-01 17:51:30.339000+00:00,2021-11-01 18:12:48.839000+00:00,0.23895135192344144,0.3247883798924905,0.6666045647979176,0.04147576492629658
D:\DAS\_ship_position_estimation_from_das\run_20260621_104743\tables\estimate_vs_groundtruth_joined.csv,estimate_vs_groundtruth_joined.csv,2026-06-21 14:09:16,time_utc,gt_cable_lat,ais_lon,est_channel,14176.0,14257.0,est_cable,south,7844,7844,2021-11-01 17:51:30.339000+00:00,2021-11-01 18:12:48.839000+00:00,0.23895135192344144,0.324908807891811,0.6670364493132473,0.04147576492629658
D:\DAS\_ship_position_estimation_from_das\run_20260619_114653\tables\estimate_vs_groundtruth_joined.csv,estimate_vs_groundtruth_joined.csv,2026-06-19 15:07:20,time_utc,gt_cable_lat,ais_lon,est_channel,14176.0,14257.0,est_cable,south,7844,7844,2021-11-01 17:51:30.339000+00:00,2021-11-01 18:12:48.839000+00:00,0.23895135192344144,0.324908807891811,0.6670364493132473,0.04147576492629658
D:\DAS\_ship_position_estimation_from_das\run_20260613_153917\tables\estimate_vs_groundtruth_joined.csv,estimate_vs_groundtruth_joined.csv,2026-06-13 19:01:24,time_utc,est_cable_lat,ais_lon,est_channel,13912.0,14228.0,est_cable,south,7844,7844,2021-11-01 17:51:30.339000+00:00,2021-11-01 18:12:48.839000+00:00,0.2412196011144891,0.3270220047808713,0.6703841261022335,0.04091978952505256
D:\DAS\_ship_position_estimation_from_das\run_20260613_122903\tables\estimate_vs_groundtruth_joined.csv,estimate_vs_groundtruth_joined.csv,2026-06-13 15:51:08,time_utc,est_lat,ais_lon,est_channel,13912.0,14228.0,est_cable,south,7844,7844,2021-11-01 17:51:30.339000+00:00,2021-11-01 18:12:48.839000+00:00,0.2412196011144891,0.3270220047808713,0.6703841261022335,0.04091978952505256
D:\DAS\_ship_position_estimation_from_das\run_20260613_114709\tables\estimate_vs_groundtruth_joined.csv,estimate_vs_groundtruth_joined.csv,2026-06-13 15:15:20,time_utc,est_lat,ais_lon,est_channel,13650.0,14279.0,est_cable,south,7844,7844,2021-11-01 17:51:30.339000+00:00,2021-11-01 18:12:48.839000+00:00,0.24132278599538123,0.33660352138194466,0.6907071066933879,0.037472742038329884
D:\DAS\_ship_position_estimation_from_das\run_20260613_064830\tables\estimate_vs_groundtruth_joined.csv,estimate_vs_groundtruth_joined.csv,2026-06-13 10:22:40,time_utc,est_lat,gt_cable_lon,est_channel,13619.0,14818.0,est_cable,south,7844,7844,2021-11-01 17:51:30.339000+00:00,2021-11-01 18:12:48.839000+00:00,0.24165769815416882,0.31650524712286066,0.6713130972612117,0.03778786242624489
D:\DAS\_ship_position_estimation_from_das\run_20260612_161047\tables\estimate_vs_groundtruth_joined.csv,estimate_vs_groundtruth_joined.csv,2026-06-12 19:42:02,time_utc,est_lat,gt_cable_lon,est_channel,13619.0,14818.0,est_cable,south,7844,7844,2021-11-01 17:51:30.339000+00:00,2021-11-01 18:12:48.839000+00:00,0.24165769815416882,0.31650524712286066,0.6713130972612117,0.03778786242624489
D:\DAS\_ship_position_estimation_from_das\run_20260612_141130\tables\estimate_vs_groundtruth_joined.csv,estimate_vs_groundtruth_joined.csv,2026-06-12 17:42:40,time_utc,est_lat,gt_cable_lon,est_channel,13619.0,14818.0,est_cable,south,7844,7844,2021-11-01 17:51:30.339000+00:00,2021-11-01 18:12:48.839000+00:00,0.24165769815416882,0.31650524712286066,0.6713130972612117,0.03778786242624489
D:\DAS\_ship_position_estimation_from_das\run_20260613_064830\tables\estimate_vs_groundtruth_joined.csv,estimate_vs_groundtruth_joined.csv,2026-06-13 10:22:40,time_utc,est_lat,ais_lon,est_channel,13619.0,14818.0,est_cable,south,7844,7844,2021-11-01 17:51:30.339000+00:00,2021-11-01 18:12:48.839000+00:00,0.24299471586047874,0.317795971466083,0.6681270340141581,0.038539120857109296
D:\DAS\_ship_position_estimation_from_das\run_20260612_161047\tables\estimate_vs_groundtruth_joined.csv,estimate_vs_groundtruth_joined.csv,2026-06-12 19:42:02,time_utc,est_lat,ais_lon,est_channel,13619.0,14818.0,est_cable,south,7844,7844,2021-11-01 17:51:30.339000+00:00,2021-11-01 18:12:48.839000+00:00,0.24299471586047874,0.317795971466083,0.6681270340141581,0.038539120857109296
D:\DAS\_ship_position_estimation_from_das\run_20260612_141130\tables\estimate_vs_groundtruth_joined.csv,estimate_vs_groundtruth_joined.csv,2026-06-12 17:42:40,time_utc,est_lat,ais_lon,est_channel,13619.0,14818.0,est_cable,south,7844,7844,2021-11-01 17:51:30.339000+00:00,2021-11-01 18:12:48.839000+00:00,0.24299471586047874,0.317795971466083,0.6681270340141581,0.038539120857109296
D:\DAS\_ship_position_estimation_from_das\run_20260613_081226\tables\estimate_vs_groundtruth_joined.csv,estimate_vs_groundtruth_joined.csv,2026-06-13 11:39:34,time_utc,est_lat,gt_cable_lon,est_channel,13601.0,14799.0,est_cable,south,7844,7844,2021-11-01 17:51:30.339000+00:00,2021-11-01 18:12:48.839000+00:00,0.24507578789140905,0.3183361166672713,0.6747996646169967,0.04015284813817286
D:\DAS\_ship_position_estimation_from_das\run_20260613_065307\tables\estimate_vs_groundtruth_joined.csv,estimate_vs_groundtruth_joined.csv,2026-06-13 10:28:10,time_utc,est_lat,gt_cable_lon,est_channel,13601.0,14799.0,est_cable,south,7844,7844,2021-11-01 17:51:30.339000+00:00,2021-11-01 18:12:48.839000+00:00,0.24507578789140905,0.3183361166672713,0.6747996646169967,0.04015284813817286
D:\DAS\_ship_position_estimation_from_das\run_20260613_081226\tables\estimate_vs_groundtruth_joined.csv,estimate_vs_groundtruth_joined.csv,2026-06-13 11:39:34,time_utc,est_lat,ais_lon,est_channel,13601.0,14799.0,est_cable,south,7844,7844,2021-11-01 17:51:30.339000+00:00,2021-11-01 18:12:48.839000+00:00,0.24664388547392238,0.3195697977032403,0.6713090366228246,0.040141423963876786
D:\DAS\_ship_position_estimation_from_das\run_20260613_065307\tables\estimate_vs_groundtruth_joined.csv,estimate_vs_groundtruth_joined.csv,2026-06-13 10:28:10,time_utc,est_lat,ais_lon,est_channel,13601.0,14799.0,est_cable,south,7844,7844,2021-11-01 17:51:30.339000+00:00,2021-11-01 18:12:48.839000+00:00,0.24664388547392238,0.3195697977032403,0.6713090366228246,0.040141423963876786
D:\DAS\_ship_position_estimation_from_das\run_20260621_104743\tables\groundtruth_ais_projected_to_das.csv,groundtruth_ais_projected_to_das.csv,2026-06-21 13:49:50,time_utc,gt_cable_lat,gt_cable_lon,gt_channel,13952.0,14219.0,gt_cable,south,49,49,2021-11-01 17:48:45+00:00,2021-11-01 18:12:04+00:00,0.2510312439440968,0.3679259230604383,0.6657059526625647,0.041594122939937625
D:\DAS\_ship_position_estimation_from_das\run_20260619_114653\tables\groundtruth_ais_projected_to_das.csv,groundtruth_ais_projected_to_das.csv,2026-06-19 14:48:50,time_utc,gt_cable_lat,gt_cable_lon,gt_channel,13952.0,14219.0,gt_cable,south,49,49,2021-11-01 17:48:45+00:00,2021-11-01 18:12:04+00:00,0.2510312439440968,0.3679259230604383,0.6657059526625647,0.041594122939937625
D:\DAS\_ship_position_estimation_from_das\run_20260618_165041\tables\groundtruth_ais_projected_to_das.csv,groundtruth_ais_projected_to_das.csv,2026-06-18 19:52:36,time_utc,gt_cable_lat,gt_cable_lon,gt_channel,13952.0,14219.0,gt_cable,south,49,49,2021-11-01 17:48:45+00:00,2021-11-01 18:12:04+00:00,0.2510312439440968,0.3679259230604383,0.6657059526625647,0.041594122939937625
D:\DAS\_ship_position_estimation_from_das\run_20260618_120347\tables\groundtruth_ais_projected_to_das.csv,groundtruth_ais_projected_to_das.csv,2026-06-18 15:04:06,time_utc,gt_cable_lat,gt_cable_lon,gt_channel,13949.0,14219.0,gt_cable,south,49,49,2021-11-01 17:48:45+00:00,2021-11-01 18:12:04+00:00,0.2510312439440968,0.36808707266711105,0.6679721833763115,0.041594122939937625
D:\DAS\_ship_position_estimation_from_das\run_20260613_172525\tables\groundtruth_ais_projected_to_das.csv,groundtruth_ais_projected_to_das.csv,2026-06-13 20:25:48,time_utc,gt_cable_lat,gt_cable_lon,gt_channel,13949.0,14219.0,gt_cable,south,49,49,2021-11-01 17:48:45+00:00,2021-11-01 18:12:04+00:00,0.2510312439440968,0.36808707266711105,0.6679721833763115,0.041594122939937625
D:\DAS\_ship_position_estimation_from_das\run_20260613_153917\tables\groundtruth_ais_projected_to_das.csv,groundtruth_ais_projected_to_das.csv,2026-06-13 18:39:40,time_utc,gt_cable_lat,gt_cable_lon,gt_channel,13949.0,14219.0,gt_cable,south,49,49,2021-11-01 17:48:45+00:00,2021-11-01 18:12:04+00:00,0.2510312439440968,0.36808707266711105,0.6679721833763115,0.041594122939937625
D:\DAS\_ship_position_estimation_from_das\run_20260613_135420\tables\groundtruth_ais_projected_to_das.csv,groundtruth_ais_projected_to_das.csv,2026-06-13 16:54:44,time_utc,gt_cable_lat,gt_cable_lon,gt_channel,13949.0,14219.0,gt_cable,south,49,49,2021-11-01 17:48:45+00:00,2021-11-01 18:12:04+00:00,0.2510312439440968,0.36808707266711105,0.6679721833763115,0.041594122939937625
D:\DAS\_ship_position_estimation_from_das\run_20260613_122903\tables\groundtruth_ais_projected_to_das.csv,groundtruth_ais_projected_to_das.csv,2026-06-13 15:29:34,time_utc,gt_cable_lat,gt_cable_lon,gt_channel,13949.0,14219.0,gt_cable,south,49,49,2021-11-01 17:48:45+00:00,2021-11-01 18:12:04+00:00,0.2510312439440968,0.36808707266711105,0.6679721833763115,0.041594122939937625
D:\DAS\_ship_position_estimation_from_das\run_20260613_114709\tables\groundtruth_ais_projected_to_das.csv,groundtruth_ais_projected_to_das.csv,2026-06-13 14:47:32,time_utc,gt_cable_lat,gt_cable_lon,gt_channel,13949.0,14219.0,gt_cable,south,49,49,2021-11-01 17:48:45+00:00,2021-11-01 18:12:04+00:00,0.2510312439440968,0.36808707266711105,0.6679721833763115,0.041594122939937625
D:\DAS\_ship_position_estimation_from_das\run_20260613_081226\tables\groundtruth_ais_projected_to_das.csv,groundtruth_ais_projected_to_das.csv,2026-06-13 11:12:46,time_utc,gt_cable_lat,gt_cable_lon,gt_channel,13949.0,14219.0,gt_cable,south,49,49,2021-11-01 17:48:45+00:00,2021-11-01 18:12:04+00:00,0.2510312439440968,0.36808707266711105,0.6679721833763115,0.041594122939937625
D:\DAS\_ship_position_estimation_from_das\run_20260613_065307\tables\groundtruth_ais_projected_to_das.csv,groundtruth_ais_projected_to_das.csv,2026-06-13 09:53:52,time_utc,gt_cable_lat,gt_cable_lon,gt_channel,13949.0,14219.0,gt_cable,south,49,49,2021-11-01 17:48:45+00:00,2021-11-01 18:12:04+00:00,0.2510312439440968,0.36808707266711105,0.6679721833763115,0.041594122939937625
D:\DAS\_ship_position_estimation_from_das\run_20260613_064830\tables\groundtruth_ais_projected_to_das.csv,groundtruth_ais_projected_to_das.csv,2026-06-13 09:49:02,time_utc,gt_cable_lat,gt_cable_lon,gt_channel,13949.0,14219.0,gt_cable,south,49,49,2021-11-01 17:48:45+00:00,2021-11-01 18:12:04+00:00,0.2510312439440968,0.36808707266711105,0.6679721833763115,0.041594122939937625
D:\DAS\_ship_position_estimation_from_das\run_20260613_061622\tables\groundtruth_ais_projected_to_das.csv,groundtruth_ais_projected_to_das.csv,2026-06-13 09:16:42,time_utc,gt_cable_lat,gt_cable_lon,gt_channel,13949.0,14219.0,gt_cable,south,49,49,2021-11-01 17:48:45+00:00,2021-11-01 18:12:04+00:00,0.2510312439440968,0.36808707266711105,0.6679721833763115,0.041594122939937625
D:\DAS\_ship_position_estimation_from_das\run_20260612_161047\tables\groundtruth_ais_projected_to_das.csv,groundtruth_ais_projected_to_das.csv,2026-06-12 19:11:16,time_utc,gt_cable_lat,gt_cable_lon,gt_channel,13949.0,14219.0,gt_cable,south,49,49,2021-11-01 17:48:45+00:00,2021-11-01 18:12:04+00:00,0.2510312439440968,0.36808707266711105,0.6679721833763115,0.041594122939937625
D:\DAS\_ship_position_estimation_from_das\run_20260612_141130\tables\groundtruth_ais_projected_to_das.csv,groundtruth_ais_projected_to_das.csv,2026-06-12 17:12:00,time_utc,gt_cable_lat,gt_cable_lon,gt_channel,13949.0,14219.0,gt_cable,south,49,49,2021-11-01 17:48:45+00:00,2021-11-01 18:12:04+00:00,0.2510312439440968,0.36808707266711105,0.6679721833763115,0.041594122939937625
D:\DAS\_ship_position_estimation_from_das\run_20260612_072332\tables\groundtruth_ais_projected_to_das.csv,groundtruth_ais_projected_to_das.csv,2026-06-12 10:24:26,time_utc,gt_cable_lat,gt_cable_lon,gt_channel,13949.0,14219.0,gt_cable,south,49,49,2021-11-01 17:48:45+00:00,2021-11-01 18:12:04+00:00,0.2510312439440968,0.36808707266711105,0.6679721833763115,0.041594122939937625
D:\DAS\_ship_position_estimation_from_das\run_20260618_120347\tables\groundtruth_ais_projected_to_das.csv,groundtruth_ais_projected_to_das.csv,2026-06-18 15:04:06,time_utc,gt_cable_lat,ais_lon,gt_channel,13949.0,14219.0,gt_cable,south,49,49,2021-11-01 17:48:45+00:00,2021-11-01 18:12:04+00:00,0.25614132896508107,0.36869605503450414,0.6646914264566784,0.04147576492629658
D:\DAS\_ship_position_estimation_from_das\run_20260613_172525\tables\groundtruth_ais_projected_to_das.csv,groundtruth_ais_projected_to_das.csv,2026-06-13 20:25:48,time_utc,gt_cable_lat,ais_lon,gt_channel,13949.0,14219.0,gt_cable,south,49,49,2021-11-01 17:48:45+00:00,2021-11-01 18:12:04+00:00,0.25614132896508107,0.36869605503450414,0.6646914264566784,0.04147576492629658
D:\DAS\_ship_position_estimation_from_das\run_20260613_153917\tables\groundtruth_ais_projected_to_das.csv,groundtruth_ais_projected_to_das.csv,2026-06-13 18:39:40,time_utc,gt_cable_lat,ais_lon,gt_channel,13949.0,14219.0,gt_cable,south,49,49,2021-11-01 17:48:45+00:00,2021-11-01 18:12:04+00:00,0.25614132896508107,0.36869605503450414,0.6646914264566784,0.04147576492629658
D:\DAS\_ship_position_estimation_from_das\run_20260613_135420\tables\groundtruth_ais_projected_to_das.csv,groundtruth_ais_projected_to_das.csv,2026-06-13 16:54:44,time_utc,gt_cable_lat,ais_lon,gt_channel,13949.0,14219.0,gt_cable,south,49,49,2021-11-01 17:48:45+00:00,2021-11-01 18:12:04+00:00,0.25614132896508107,0.36869605503450414,0.6646914264566784,0.04147576492629658
D:\DAS\_ship_position_estimation_from_das\run_20260613_122903\tables\groundtruth_ais_projected_to_das.csv,groundtruth_ais_projected_to_das.csv,2026-06-13 15:29:34,time_utc,gt_cable_lat,ais_lon,gt_channel,13949.0,14219.0,gt_cable,south,49,49,2021-11-01 17:48:45+00:00,2021-11-01 18:12:04+00:00,0.25614132896508107,0.36869605503450414,0.6646914264566784,0.04147576492629658
D:\DAS\_ship_position_estimation_from_das\run_20260613_114709\tables\groundtruth_ais_projected_to_das.csv,groundtruth_ais_projected_to_das.csv,2026-06-13 14:47:32,time_utc,gt_cable_lat,ais_lon,gt_channel,13949.0,14219.0,gt_cable,south,49,49,2021-11-01 17:48:45+00:00,2021-11-01 18:12:04+00:00,0.25614132896508107,0.36869605503450414,0.6646914264566784,0.04147576492629658
D:\DAS\_ship_position_estimation_from_das\run_20260613_081226\tables\groundtruth_ais_projected_to_das.csv,groundtruth_ais_projected_to_das.csv,2026-06-13 11:12:46,time_utc,gt_cable_lat,ais_lon,gt_channel,13949.0,14219.0,gt_cable,south,49,49,2021-11-01 17:48:45+00:00,2021-11-01 18:12:04+00:00,0.25614132896508107,0.36869605503450414,0.6646914264566784,0.04147576492629658
D:\DAS\_ship_position_estimation_from_das\run_20260613_065307\tables\groundtruth_ais_projected_to_das.csv,groundtruth_ais_projected_to_das.csv,2026-06-13 09:53:52,time_utc,gt_cable_lat,ais_lon,gt_channel,13949.0,14219.0,gt_cable,south,49,49,2021-11-01 17:48:45+00:00,2021-11-01 18:12:04+00:00,0.25614132896508107,0.36869605503450414,0.6646914264566784,0.04147576492629658
D:\DAS\_ship_position_estimation_from_das\run_20260613_064830\tables\groundtruth_ais_projected_to_das.csv,groundtruth_ais_projected_to_das.csv,2026-06-13 09:49:02,time_utc,gt_cable_lat,ais_lon,gt_channel,13949.0,14219.0,gt_cable,south,49,49,2021-11-01 17:48:45+00:00,2021-11-01 18:12:04+00:00,0.25614132896508107,0.36869605503450414,0.6646914264566784,0.04147576492629658
D:\DAS\_ship_position_estimation_from_das\run_20260613_061622\tables\groundtruth_ais_projected_to_das.csv,groundtruth_ais_projected_to_das.csv,2026-06-13 09:16:42,time_utc,gt_cable_lat,ais_lon,gt_channel,13949.0,14219.0,gt_cable,south,49,49,2021-11-01 17:48:45+00:00,2021-11-01 18:12:04+00:00,0.25614132896508107,0.36869605503450414,0.6646914264566784,0.04147576492629658
D:\DAS\_ship_position_estimation_from_das\run_20260612_161047\tables\groundtruth_ais_projected_to_das.csv,groundtruth_ais_projected_to_das.csv,2026-06-12 19:11:16,time_utc,gt_cable_lat,ais_lon,gt_channel,13949.0,14219.0,gt_cable,south,49,49,2021-11-01 17:48:45+00:00,2021-11-01 18:12:04+00:00,0.25614132896508107,0.36869605503450414,0.6646914264566784,0.04147576492629658
D:\DAS\_ship_position_estimation_from_das\run_20260612_141130\tables\groundtruth_ais_projected_to_das.csv,groundtruth_ais_projected_to_das.csv,2026-06-12 17:12:00,time_utc,gt_cable_lat,ais_lon,gt_channel,13949.0,14219.0,gt_cable,south,49,49,2021-11-01 17:48:45+00:00,2021-11-01 18:12:04+00:00,0.25614132896508107,0.36869605503450414,0.6646914264566784,0.04147576492629658
D:\DAS\_ship_position_estimation_from_das\run_20260612_072332\tables\groundtruth_ais_projected_to_das.csv,groundtruth_ais_projected_to_das.csv,2026-06-12 10:24:26,time_utc,gt_cable_lat,ais_lon,gt_channel,13949.0,14219.0,gt_cable,south,49,49,2021-11-01 17:48:45+00:00,2021-11-01 18:12:04+00:00,0.25614132896508107,0.36869605503450414,0.6646914264566784,0.04147576492629658
D:\DAS\_ship_position_estimation_from_das\run_20260621_104743\tables\groundtruth_ais_projected_to_das.csv,groundtruth_ais_projected_to_das.csv,2026-06-21 13:49:50,time_utc,gt_cable_lat,ais_lon,gt_channel,13952.0,14219.0,gt_cable,south,49,49,2021-11-01 17:48:45+00:00,2021-11-01 18:12:04+00:00,0.25614132896508107,0.36880410902414223,0.665038044043847,0.04147576492629658
D:\DAS\_ship_position_estimation_from_das\run_20260619_114653\tables\groundtruth_ais_projected_to_das.csv,groundtruth_ais_projected_to_das.csv,2026-06-19 14:48:50,time_utc,gt_cable_lat,ais_lon,gt_channel,13952.0,14219.0,gt_cable,south,49,49,2021-11-01 17:48:45+00:00,2021-11-01 18:12:04+00:00,0.25614132896508107,0.36880410902414223,0.665038044043847,0.04147576492629658
D:\DAS\_ship_position_estimation_from_das\run_20260618_165041\tables\groundtruth_ais_projected_to_das.csv,groundtruth_ais_projected_to_das.csv,2026-06-18 19:52:36,time_utc,gt_cable_lat,ais_lon,gt_channel,13952.0,14219.0,gt_cable,south,49,49,2021-11-01 17:48:45+00:00,2021-11-01 18:12:04+00:00,0.25614132896508107,0.36880410902414223,0.665038044043847,0.04147576492629658
D:\DAS\_ship_position_estimation_from_das\run_20260612_072332\tables\estimate_vs_groundtruth_joined.csv,estimate_vs_groundtruth_joined.csv,2026-06-12 14:30:58,time_utc,gt_cable_lat,gt_cable_lon,est_channel,19489.0,20231.0,est_cable,south,9110,9110,2021-11-01 17:48:00.339000+00:00,2021-11-01 18:12:48.839000+00:00,0.25619099002405704,0.36952346115264734,0.6673504870598568,0.041594122939937625
D:\DAS\_ship_position_estimation_from_das\run_20260618_120347\tables\estimated_ship_track_offcable_diagnostics_v12.csv,estimated_ship_track_offcable_diagnostics_v12.csv,2026-06-18 15:20:12,time_utc,est_cable_lat,est_ship_lon,est_channel,14164.0,14273.0,est_cable_lat,45.172517,10304,10304,2021-11-01 17:48:10.339000+00:00,2021-11-01 18:16:40.839000+00:00,0.25937012033879825,0.3845900289720085,0.8036570789262413,0.06080681638685698
D:\DAS\_ship_position_estimation_from_das\run_20260618_120347\tables\estimated_ship_track_offcable_v12.csv,estimated_ship_track_offcable_v12.csv,2026-06-18 15:20:12,time_utc,est_cable_lat,est_lon,est_channel,14164.0,14273.0,est_cable,south,10304,10304,2021-11-01 17:48:10.339000+00:00,2021-11-01 18:16:40.839000+00:00,0.25937012033879825,0.3845900289720085,0.8036570789262413,0.06080681638685698
D:\DAS\_ship_position_estimation_from_das\run_20260618_120347\tables\estimated_ship_track_offcable_v12.csv,estimated_ship_track_offcable_v12.csv,2026-06-18 15:20:12,time_utc,est_cable_lat,est_ship_lon,est_channel,14164.0,14273.0,est_cable,south,10304,10304,2021-11-01 17:48:10.339000+00:00,2021-11-01 18:16:40.839000+00:00,0.25937012033879825,0.3845900289720085,0.8036570789262413,0.06080681638685698
D:\DAS\_ship_position_estimation_from_das\run_20260613_172525\tables\estimated_ship_track_offcable_diagnostics_v12.csv,estimated_ship_track_offcable_diagnostics_v12.csv,2026-06-13 20:47:28,time_utc,est_cable_lat,est_ship_lon,est_channel,14164.0,14273.0,est_cable_lat,45.172517,10304,10304,2021-11-01 17:48:10.339000+00:00,2021-11-01 18:16:40.839000+00:00,0.25937012033879825,0.3845900289720085,0.8036570789262413,0.06080681638685698
D:\DAS\_ship_position_estimation_from_das\run_20260613_172525\tables\estimated_ship_track_offcable_v12.csv,estimated_ship_track_offcable_v12.csv,2026-06-13 20:47:28,time_utc,est_cable_lat,est_lon,est_channel,14164.0,14273.0,est_cable,south,10304,10304,2021-11-01 17:48:10.339000+00:00,2021-11-01 18:16:40.839000+00:00,0.25937012033879825,0.3845900289720085,0.8036570789262413,0.06080681638685698
D:\DAS\_ship_position_estimation_from_das\run_20260613_172525\tables\estimated_ship_track_offcable_v12.csv,estimated_ship_track_offcable_v12.csv,2026-06-13 20:47:28,time_utc,est_cable_lat,est_ship_lon,est_channel,14164.0,14273.0,est_cable,south,10304,10304,2021-11-01 17:48:10.339000+00:00,2021-11-01 18:16:40.839000+00:00,0.25937012033879825,0.3845900289720085,0.8036570789262413,0.06080681638685698
D:\DAS\_ship_position_estimation_from_das\run_20260621_104743\tables\estimated_ship_track_offcable_v15_3d.csv,estimated_ship_track_offcable_v15_3d.csv,2026-06-21 14:09:12,time_utc,est_cable_lat,est_lon,est_channel,14164.0,14273.0,est_cable,south,10304,10304,2021-11-01 17:48:10.339000+00:00,2021-11-01 18:16:40.839000+00:00,0.25937065528413106,0.38459009694083646,0.8036572691706317,0.06080699039261965
D:\DAS\_ship_position_estimation_from_das\run_20260621_104743\tables\estimated_ship_track_offcable_v15_3d.csv,estimated_ship_track_offcable_v15_3d.csv,2026-06-21 14:09:12,time_utc,est_cable_lat,est_ship_lon,est_channel,14164.0,14273.0,est_cable,south,10304,10304,2021-11-01 17:48:10.339000+00:00,2021-11-01 18:16:40.839000+00:00,0.25937065528413106,0.38459009694083646,0.8036572691706317,0.06080699039261965
D:\DAS\_ship_position_estimation_from_das\run_20260621_104743\tables\estimated_ship_track_offcable_diagnostics_v12.csv,estimated_ship_track_offcable_diagnostics_v12.csv,2026-06-21 14:09:10,time_utc,est_cable_lat,est_ship_lon,est_channel,14164.0,14273.0,est_cable_lat,45.172517,10304,10304,2021-11-01 17:48:10.339000+00:00,2021-11-01 18:16:40.839000+00:00,0.25937065528413106,0.38459009694083646,0.8036572691706317,0.06080699039261965
D:\DAS\_ship_position_estimation_from_das\run_20260619_114653\tables\estimated_ship_track_offcable_v15_3d.csv,estimated_ship_track_offcable_v15_3d.csv,2026-06-19 15:07:18,time_utc,est_cable_lat,est_lon,est_channel,14164.0,14273.0,est_cable,south,10304,10304,2021-11-01 17:48:10.339000+00:00,2021-11-01 18:16:40.839000+00:00,0.25937065528413106,0.38459009694083646,0.8036572691706317,0.06080699039261965
D:\DAS\_ship_position_estimation_from_das\run_20260619_114653\tables\estimated_ship_track_offcable_v15_3d.csv,estimated_ship_track_offcable_v15_3d.csv,2026-06-19 15:07:18,time_utc,est_cable_lat,est_ship_lon,est_channel,14164.0,14273.0,est_cable,south,10304,10304,2021-11-01 17:48:10.339000+00:00,2021-11-01 18:16:40.839000+00:00,0.25937065528413106,0.38459009694083646,0.8036572691706317,0.06080699039261965
D:\DAS\_ship_position_estimation_from_das\run_20260619_114653\tables\estimated_ship_track_offcable_diagnostics_v12.csv,estimated_ship_track_offcable_diagnostics_v12.csv,2026-06-19 15:07:16,time_utc,est_cable_lat,est_ship_lon,est_channel,14164.0,14273.0,est_cable_lat,45.172517,10304,10304,2021-11-01 17:48:10.339000+00:00,2021-11-01 18:16:40.839000+00:00,0.25937065528413106,0.38459009694083646,0.8036572691706317,0.06080699039261965
D:\DAS\_ship_position_estimation_from_das\run_20260618_120347\tables\estimate_vs_groundtruth_joined.csv,estimate_vs_groundtruth_joined.csv,2026-06-18 15:20:14,time_utc,est_cable_lat,est_lon,est_channel,14176.0,14257.0,est_cable,south,7844,7844,2021-11-01 17:51:30.339000+00:00,2021-11-01 18:12:48.839000+00:00,0.26064307528586095,0.37489677706281055,0.8061645711220026,0.06080681638685698
D:\DAS\_ship_position_estimation_from_das\run_20260618_120347\tables\estimate_vs_groundtruth_joined.csv,estimate_vs_groundtruth_joined.csv,2026-06-18 15:20:14,time_utc,est_cable_lat,est_ship_lon,est_channel,14176.0,14257.0,est_cable,south,7844,7844,2021-11-01 17:51:30.339000+00:00,2021-11-01 18:12:48.839000+00:00,0.26064307528586095,0.37489677706281055,0.8061645711220026,0.06080681638685698
D:\DAS\_ship_position_estimation_from_das\run_20260613_172525\tables\estimate_vs_groundtruth_joined.csv,estimate_vs_groundtruth_joined.csv,2026-06-13 20:47:30,time_utc,est_cable_lat,est_lon,est_channel,14176.0,14257.0,est_cable,south,7844,7844,2021-11-01 17:51:30.339000+00:00,2021-11-01 18:12:48.839000+00:00,0.26064307528586095,0.37489677706281055,0.8061645711220026,0.06080681638685698
D:\DAS\_ship_position_estimation_from_das\run_20260613_172525\tables\estimate_vs_groundtruth_joined.csv,estimate_vs_groundtruth_joined.csv,2026-06-13 20:47:30,time_utc,est_cable_lat,est_ship_lon,est_channel,14176.0,14257.0,est_cable,south,7844,7844,2021-11-01 17:51:30.339000+00:00,2021-11-01 18:12:48.839000+00:00,0.26064307528586095,0.37489677706281055,0.8061645711220026,0.06080681638685698
D:\DAS\_ship_position_estimation_from_das\run_20260621_104743\tables\estimate_vs_groundtruth_joined.csv,estimate_vs_groundtruth_joined.csv,2026-06-21 14:09:16,time_utc,est_cable_lat,est_lon,est_channel,14176.0,14257.0,est_cable,south,7844,7844,2021-11-01 17:51:30.339000+00:00,2021-11-01 18:12:48.839000+00:00,0.26064319991262536,0.37489683442861427,0.8061651612208618,0.06080699039261965
D:\DAS\_ship_position_estimation_from_das\run_20260621_104743\tables\estimate_vs_groundtruth_joined.csv,estimate_vs_groundtruth_joined.csv,2026-06-21 14:09:16,time_utc,est_cable_lat,est_ship_lon,est_channel,14176.0,14257.0,est_cable,south,7844,7844,2021-11-01 17:51:30.339000+00:00,2021-11-01 18:12:48.839000+00:00,0.26064319991262536,0.37489683442861427,0.8061651612208618,0.06080699039261965
D:\DAS\_ship_position_estimation_from_das\run_20260619_114653\tables\estimate_vs_groundtruth_joined.csv,estimate_vs_groundtruth_joined.csv,2026-06-19 15:07:20,time_utc,est_cable_lat,est_lon,est_channel,14176.0,14257.0,est_cable,south,7844,7844,2021-11-01 17:51:30.339000+00:00,2021-11-01 18:12:48.839000+00:00,0.26064319991262536,0.37489683442861427,0.8061651612208618,0.06080699039261965
D:\DAS\_ship_position_estimation_from_das\run_20260619_114653\tables\estimate_vs_groundtruth_joined.csv,estimate_vs_groundtruth_joined.csv,2026-06-19 15:07:20,time_utc,est_cable_lat,est_ship_lon,est_channel,14176.0,14257.0,est_cable,south,7844,7844,2021-11-01 17:51:30.339000+00:00,2021-11-01 18:12:48.839000+00:00,0.26064319991262536,0.37489683442861427,0.8061651612208618,0.06080699039261965
D:\DAS\_ship_position_estimation_from_das\run_20260612_072332\tables\estimate_vs_groundtruth_joined.csv,estimate_vs_groundtruth_joined.csv,2026-06-12 14:30:58,time_utc,gt_cable_lat,ais_lon,est_channel,19489.0,20231.0,est_cable,south,9110,9110,2021-11-01 17:48:00.339000+00:00,2021-11-01 18:12:48.839000+00:00,0.2627055146728192,0.37028332794553004,0.6642131418713686,0.04147576492629658
D:\DAS\_ship_position_estimation_from_das\run_20260621_104743\tables\estimated_ship_track_offcable_v15_3d.csv,estimated_ship_track_offcable_v15_3d.csv,2026-06-21 14:09:12,time_utc,est_cable_lat,est_cable_lon,est_channel,14164.0,14273.0,est_cable,south,10304,10304,2021-11-01 17:48:10.339000+00:00,2021-11-01 18:16:40.839000+00:00,0.2645049362833022,0.39057896648598006,0.8141739897160677,0.06418261797400714
D:\DAS\_ship_position_estimation_from_das\run_20260621_104743\tables\estimated_ship_track_offcable_diagnostics_v12.csv,estimated_ship_track_offcable_diagnostics_v12.csv,2026-06-21 14:09:10,time_utc,est_cable_lat,est_cable_lon,est_channel,14164.0,14273.0,est_cable_lat,45.172517,10304,10304,2021-11-01 17:48:10.339000+00:00,2021-11-01 18:16:40.839000+00:00,0.2645049362833022,0.39057896648598006,0.8141739897160677,0.06418261797400714
D:\DAS\_ship_position_estimation_from_das\run_20260621_104743\tables\estimated_ship_track_offcable_diagnostics_v12.csv,estimated_ship_track_offcable_diagnostics_v12.csv,2026-06-21 14:09:10,time_utc,est_cable_lat,est_cable_lon,est_channel,14164.0,14273.0,est_cable_lat,45.172517,10304,10304,2021-11-01 17:48:10.339000+00:00,2021-11-01 18:16:40.839000+00:00,0.2645049362833022,0.39057896648598006,0.8141739897160677,0.06418261797400714
D:\DAS\_ship_position_estimation_from_das\run_20260621_104743\tables\estimated_ship_track_projected_on_cable_v12.csv,estimated_ship_track_projected_on_cable_v12.csv,2026-06-21 14:08:58,time_utc,est_lat,est_lon,est_channel,14164.0,14273.0,est_cable,south,10304,10304,2021-11-01 17:48:10.339000+00:00,2021-11-01 18:16:40.839000+00:00,0.2645049362833022,0.39057896648598006,0.8141739897160677,0.06418261797400714
D:\DAS\_ship_position_estimation_from_das\run_20260621_104743\tables\estimated_ship_track_projected_on_cable_v12.csv,estimated_ship_track_projected_on_cable_v12.csv,2026-06-21 14:08:58,time_utc,est_lat,est_lon,est_channel,14164.0,14273.0,est_cable,south,10304,10304,2021-11-01 17:48:10.339000+00:00,2021-11-01 18:16:40.839000+00:00,0.2645049362833022,0.39057896648598006,0.8141739897160677,0.06418261797400714
D:\DAS\_ship_position_estimation_from_das\run_20260621_104743\tables\estimated_ship_track_projected_on_cable_v12.csv,estimated_ship_track_projected_on_cable_v12.csv,2026-06-21 14:08:58,time_utc,est_lat,est_lon,est_channel,14164.0,14273.0,est_cable,south,10304,10304,2021-11-01 17:48:10.339000+00:00,2021-11-01 18:16:40.839000+00:00,0.2645049362833022,0.39057896648598006,0.8141739897160677,0.06418261797400714
D:\DAS\_ship_position_estimation_from_das\run_20260619_114653\tables\estimated_ship_track_offcable_v15_3d.csv,estimated_ship_track_offcable_v15_3d.csv,2026-06-19 15:07:18,time_utc,est_cable_lat,est_cable_lon,est_channel,14164.0,14273.0,est_cable,south,10304,10304,2021-11-01 17:48:10.339000+00:00,2021-11-01 18:16:40.839000+00:00,0.2645049362833022,0.39057896648598006,0.8141739897160677,0.06418261797400714
D:\DAS\_ship_position_estimation_from_das\run_20260619_114653\tables\estimated_ship_track_offcable_diagnostics_v12.csv,estimated_ship_track_offcable_diagnostics_v12.csv,2026-06-19 15:07:16,time_utc,est_cable_lat,est_cable_lon,est_channel,14164.0,14273.0,est_cable_lat,45.172517,10304,10304,2021-11-01 17:48:10.339000+00:00,2021-11-01 18:16:40.839000+00:00,0.2645049362833022,0.39057896648598006,0.8141739897160677,0.06418261797400714
D:\DAS\_ship_position_estimation_from_das\run_20260619_114653\tables\estimated_ship_track_offcable_diagnostics_v12.csv,estimated_ship_track_offcable_diagnostics_v12.csv,2026-06-19 15:07:16,time_utc,est_cable_lat,est_cable_lon,est_channel,14164.0,14273.0,est_cable_lat,45.172517,10304,10304,2021-11-01 17:48:10.339000+00:00,2021-11-01 18:16:40.839000+00:00,0.2645049362833022,0.39057896648598006,0.8141739897160677,0.06418261797400714
D:\DAS\_ship_position_estimation_from_das\run_20260619_114653\tables\estimated_ship_track_projected_on_cable_v12.csv,estimated_ship_track_projected_on_cable_v12.csv,2026-06-19 15:07:04,time_utc,est_lat,est_lon,est_channel,14164.0,14273.0,est_cable,south,10304,10304,2021-11-01 17:48:10.339000+00:00,2021-11-01 18:16:40.839000+00:00,0.2645049362833022,0.39057896648598006,0.8141739897160677,0.06418261797400714
D:\DAS\_ship_position_estimation_from_das\run_20260619_114653\tables\estimated_ship_track_projected_on_cable_v12.csv,estimated_ship_track_projected_on_cable_v12.csv,2026-06-19 15:07:04,time_utc,est_lat,est_lon,est_channel,14164.0,14273.0,est_cable,south,10304,10304,2021-11-01 17:48:10.339000+00:00,2021-11-01 18:16:40.839000+00:00,0.2645049362833022,0.39057896648598006,0.8141739897160677,0.06418261797400714
D:\DAS\_ship_position_estimation_from_das\run_20260619_114653\tables\estimated_ship_track_projected_on_cable_v12.csv,estimated_ship_track_projected_on_cable_v12.csv,2026-06-19 15:07:04,time_utc,est_lat,est_lon,est_channel,14164.0,14273.0,est_cable,south,10304,10304,2021-11-01 17:48:10.339000+00:00,2021-11-01 18:16:40.839000+00:00,0.2645049362833022,0.39057896648598006,0.8141739897160677,0.06418261797400714
D:\DAS\_ship_position_estimation_from_das\run_20260618_120347\tables\estimated_ship_track_offcable_diagnostics_v12.csv,estimated_ship_track_offcable_diagnostics_v12.csv,2026-06-18 15:20:12,time_utc,est_cable_lat,est_cable_lon,est_channel,14164.0,14273.0,est_cable_lat,45.172517,10304,10304,2021-11-01 17:48:10.339000+00:00,2021-11-01 18:16:40.839000+00:00,0.2645049362833022,0.39057896648598006,0.8141739897160677,0.06418261797400714
D:\DAS\_ship_position_estimation_from_das\run_20260618_120347\tables\estimated_ship_track_offcable_diagnostics_v12.csv,estimated_ship_track_offcable_diagnostics_v12.csv,2026-06-18 15:20:12,time_utc,est_cable_lat,est_cable_lon,est_channel,14164.0,14273.0,est_cable_lat,45.172517,10304,10304,2021-11-01 17:48:10.339000+00:00,2021-11-01 18:16:40.839000+00:00,0.2645049362833022,0.39057896648598006,0.8141739897160677,0.06418261797400714
D:\DAS\_ship_position_estimation_from_das\run_20260618_120347\tables\estimated_ship_track_offcable_v12.csv,estimated_ship_track_offcable_v12.csv,2026-06-18 15:20:12,time_utc,est_cable_lat,est_cable_lon,est_channel,14164.0,14273.0,est_cable,south,10304,10304,2021-11-01 17:48:10.339000+00:00,2021-11-01 18:16:40.839000+00:00,0.2645049362833022,0.39057896648598006,0.8141739897160677,0.06418261797400714
D:\DAS\_ship_position_estimation_from_das\run_20260618_120347\tables\estimated_ship_track_projected_on_cable_v12.csv,estimated_ship_track_projected_on_cable_v12.csv,2026-06-18 15:20:00,time_utc,est_lat,est_lon,est_channel,14164.0,14273.0,est_cable,south,10304,10304,2021-11-01 17:48:10.339000+00:00,2021-11-01 18:16:40.839000+00:00,0.2645049362833022,0.39057896648598006,0.8141739897160677,0.06418261797400714
D:\DAS\_ship_position_estimation_from_das\run_20260618_120347\tables\estimated_ship_track_projected_on_cable_v12.csv,estimated_ship_track_projected_on_cable_v12.csv,2026-06-18 15:20:00,time_utc,est_lat,est_lon,est_channel,14164.0,14273.0,est_cable,south,10304,10304,2021-11-01 17:48:10.339000+00:00,2021-11-01 18:16:40.839000+00:00,0.2645049362833022,0.39057896648598006,0.8141739897160677,0.06418261797400714
D:\DAS\_ship_position_estimation_from_das\run_20260618_120347\tables\estimated_ship_track_projected_on_cable_v12.csv,estimated_ship_track_projected_on_cable_v12.csv,2026-06-18 15:20:00,time_utc,est_lat,est_lon,est_channel,14164.0,14273.0,est_cable,south,10304,10304,2021-11-01 17:48:10.339000+00:00,2021-11-01 18:16:40.839000+00:00,0.2645049362833022,0.39057896648598006,0.8141739897160677,0.06418261797400714
D:\DAS\_ship_position_estimation_from_das\run_20260613_172525\tables\estimated_ship_track_offcable_diagnostics_v12.csv,estimated_ship_track_offcable_diagnostics_v12.csv,2026-06-13 20:47:28,time_utc,est_cable_lat,est_cable_lon,est_channel,14164.0,14273.0,est_cable_lat,45.172517,10304,10304,2021-11-01 17:48:10.339000+00:00,2021-11-01 18:16:40.839000+00:00,0.2645049362833022,0.39057896648598006,0.8141739897160677,0.06418261797400714
D:\DAS\_ship_position_estimation_from_das\run_20260613_172525\tables\estimated_ship_track_offcable_diagnostics_v12.csv,estimated_ship_track_offcable_diagnostics_v12.csv,2026-06-13 20:47:28,time_utc,est_cable_lat,est_cable_lon,est_channel,14164.0,14273.0,est_cable_lat,45.172517,10304,10304,2021-11-01 17:48:10.339000+00:00,2021-11-01 18:16:40.839000+00:00,0.2645049362833022,0.39057896648598006,0.8141739897160677,0.06418261797400714
D:\DAS\_ship_position_estimation_from_das\run_20260613_172525\tables\estimated_ship_track_offcable_v12.csv,estimated_ship_track_offcable_v12.csv,2026-06-13 20:47:28,time_utc,est_cable_lat,est_cable_lon,est_channel,14164.0,14273.0,est_cable,south,10304,10304,2021-11-01 17:48:10.339000+00:00,2021-11-01 18:16:40.839000+00:00,0.2645049362833022,0.39057896648598006,0.8141739897160677,0.06418261797400714
D:\DAS\_ship_position_estimation_from_das\run_20260613_172525\tables\estimated_ship_track_projected_on_cable_v12.csv,estimated_ship_track_projected_on_cable_v12.csv,2026-06-13 20:47:14,time_utc,est_lat,est_lon,est_channel,14164.0,14273.0,est_cable,south,10304,10304,2021-11-01 17:48:10.339000+00:00,2021-11-01 18:16:40.839000+00:00,0.2645049362833022,0.39057896648598006,0.8141739897160677,0.06418261797400714
D:\DAS\_ship_position_estimation_from_das\run_20260613_172525\tables\estimated_ship_track_projected_on_cable_v12.csv,estimated_ship_track_projected_on_cable_v12.csv,2026-06-13 20:47:14,time_utc,est_lat,est_lon,est_channel,14164.0,14273.0,est_cable,south,10304,10304,2021-11-01 17:48:10.339000+00:00,2021-11-01 18:16:40.839000+00:00,0.2645049362833022,0.39057896648598006,0.8141739897160677,0.06418261797400714
D:\DAS\_ship_position_estimation_from_das\run_20260613_172525\tables\estimated_ship_track_projected_on_cable_v12.csv,estimated_ship_track_projected_on_cable_v12.csv,2026-06-13 20:47:14,time_utc,est_lat,est_lon,est_channel,14164.0,14273.0,est_cable,south,10304,10304,2021-11-01 17:48:10.339000+00:00,2021-11-01 18:16:40.839000+00:00,0.2645049362833022,0.39057896648598006,0.8141739897160677,0.06418261797400714
D:\DAS\_ship_position_estimation_from_das\run_20260621_104743\tables\estimate_vs_groundtruth_joined.csv,estimate_vs_groundtruth_joined.csv,2026-06-21 14:09:16,time_utc,est_cable_lat,est_cable_lon,est_channel,14176.0,14257.0,est_cable,south,7844,7844,2021-11-01 17:51:30.339000+00:00,2021-11-01 18:12:48.839000+00:00,0.2658093921735858,0.3809561397143767,0.8164521045163621,0.06418261797400714
D:\DAS\_ship_position_estimation_from_das\run_20260619_114653\tables\estimate_vs_groundtruth_joined.csv,estimate_vs_groundtruth_joined.csv,2026-06-19 15:07:20,time_utc,est_cable_lat,est_cable_lon,est_channel,14176.0,14257.0,est_cable,south,7844,7844,2021-11-01 17:51:30.339000+00:00,2021-11-01 18:12:48.839000+00:00,0.2658093921735858,0.3809561397143767,0.8164521045163621,0.06418261797400714
D:\DAS\_ship_position_estimation_from_das\run_20260618_120347\tables\estimate_vs_groundtruth_joined.csv,estimate_vs_groundtruth_joined.csv,2026-06-18 15:20:14,time_utc,est_cable_lat,est_cable_lon,est_channel,14176.0,14257.0,est_cable,south,7844,7844,2021-11-01 17:51:30.339000+00:00,2021-11-01 18:12:48.839000+00:00,0.2658093921735858,0.3809561397143767,0.8164521045163621,0.06418261797400714
D:\DAS\_ship_position_estimation_from_das\run_20260613_172525\tables\estimate_vs_groundtruth_joined.csv,estimate_vs_groundtruth_joined.csv,2026-06-13 20:47:30,time_utc,est_cable_lat,est_cable_lon,est_channel,14176.0,14257.0,est_cable,south,7844,7844,2021-11-01 17:51:30.339000+00:00,2021-11-01 18:12:48.839000+00:00,0.2658093921735858,0.3809561397143767,0.8164521045163621,0.06418261797400714
D:\DAS\_ship_position_estimation_from_das\run_20260618_120347\tables\estimate_vs_groundtruth_joined.csv,estimate_vs_groundtruth_joined.csv,2026-06-18 15:20:14,time_utc,gt_cable_lat,est_lon,est_channel,14176.0,14257.0,est_cable,south,7844,7844,2021-11-01 17:51:30.339000+00:00,2021-11-01 18:12:48.839000+00:00,0.26585949316208174,0.38093580380202463,0.8148253413073894,0.06343654681011646
D:\DAS\_ship_position_estimation_from_das\run_20260618_120347\tables\estimate_vs_groundtruth_joined.csv,estimate_vs_groundtruth_joined.csv,2026-06-18 15:20:14,time_utc,gt_cable_lat,est_ship_lon,est_channel,14176.0,14257.0,est_cable,south,7844,7844,2021-11-01 17:51:30.339000+00:00,2021-11-01 18:12:48.839000+00:00,0.26585949316208174,0.38093580380202463,0.8148253413073894,0.06343654681011646
D:\DAS\_ship_position_estimation_from_das\run_20260613_172525\tables\estimate_vs_groundtruth_joined.csv,estimate_vs_groundtruth_joined.csv,2026-06-13 20:47:30,time_utc,gt_cable_lat,est_lon,est_channel,14176.0,14257.0,est_cable,south,7844,7844,2021-11-01 17:51:30.339000+00:00,2021-11-01 18:12:48.839000+00:00,0.26585949316208174,0.38093580380202463,0.8148253413073894,0.06343654681011646
D:\DAS\_ship_position_estimation_from_das\run_20260613_172525\tables\estimate_vs_groundtruth_joined.csv,estimate_vs_groundtruth_joined.csv,2026-06-13 20:47:30,time_utc,gt_cable_lat,est_ship_lon,est_channel,14176.0,14257.0,est_cable,south,7844,7844,2021-11-01 17:51:30.339000+00:00,2021-11-01 18:12:48.839000+00:00,0.26585949316208174,0.38093580380202463,0.8148253413073894,0.06343654681011646
D:\DAS\_ship_position_estimation_from_das\run_20260621_104743\tables\estimate_vs_groundtruth_joined.csv,estimate_vs_groundtruth_joined.csv,2026-06-21 14:09:16,time_utc,gt_cable_lat,est_lon,est_channel,14176.0,14257.0,est_cable,south,7844,7844,2021-11-01 17:51:30.339000+00:00,2021-11-01 18:12:48.839000+00:00,0.26585961534342845,0.3810350444626605,0.8150903005614403,0.06366813411066817
D:\DAS\_ship_position_estimation_from_das\run_20260621_104743\tables\estimate_vs_groundtruth_joined.csv,estimate_vs_groundtruth_joined.csv,2026-06-21 14:09:16,time_utc,gt_cable_lat,est_ship_lon,est_channel,14176.0,14257.0,est_cable,south,7844,7844,2021-11-01 17:51:30.339000+00:00,2021-11-01 18:12:48.839000+00:00,0.26585961534342845,0.3810350444626605,0.8150903005614403,0.06366813411066817
D:\DAS\_ship_position_estimation_from_das\run_20260619_114653\tables\estimate_vs_groundtruth_joined.csv,estimate_vs_groundtruth_joined.csv,2026-06-19 15:07:20,time_utc,gt_cable_lat,est_lon,est_channel,14176.0,14257.0,est_cable,south,7844,7844,2021-11-01 17:51:30.339000+00:00,2021-11-01 18:12:48.839000+00:00,0.26585961534342845,0.3810350444626605,0.8150903005614403,0.06366813411066817
D:\DAS\_ship_position_estimation_from_das\run_20260619_114653\tables\estimate_vs_groundtruth_joined.csv,estimate_vs_groundtruth_joined.csv,2026-06-19 15:07:20,time_utc,gt_cable_lat,est_ship_lon,est_channel,14176.0,14257.0,est_cable,south,7844,7844,2021-11-01 17:51:30.339000+00:00,2021-11-01 18:12:48.839000+00:00,0.26585961534342845,0.3810350444626605,0.8150903005614403,0.06366813411066817
D:\DAS\_ship_position_estimation_from_das\run_20260613_153917\tables\estimated_ship_track_offcable_v12.csv,estimated_ship_track_offcable_v12.csv,2026-06-13 19:01:22,time_utc,est_cable_lat,est_cable_lon,est_channel,13865.0,14283.0,est_cable,south,10304,10304,2021-11-01 17:48:10.339000+00:00,2021-11-01 18:16:40.839000+00:00,0.26609759328328764,0.3418750892452572,0.659143425051661,0.041594122939937625
D:\DAS\_ship_position_estimation_from_das\run_20260613_153917\tables\estimated_ship_track_offcable_diagnostics_v12.csv,estimated_ship_track_offcable_diagnostics_v12.csv,2026-06-13 19:01:20,time_utc,est_cable_lat,est_cable_lon,est_channel,13865.0,14283.0,est_cable_lat,45.172698,10304,10304,2021-11-01 17:48:10.339000+00:00,2021-11-01 18:16:40.839000+00:00,0.26609759328328764,0.3418750892452572,0.659143425051661,0.041594122939937625
D:\DAS\_ship_position_estimation_from_das\run_20260613_153917\tables\estimated_ship_track_offcable_diagnostics_v12.csv,estimated_ship_track_offcable_diagnostics_v12.csv,2026-06-13 19:01:20,time_utc,est_cable_lat,est_cable_lon,est_channel,13865.0,14283.0,est_cable_lat,45.172698,10304,10304,2021-11-01 17:48:10.339000+00:00,2021-11-01 18:16:40.839000+00:00,0.26609759328328764,0.3418750892452572,0.659143425051661,0.041594122939937625
D:\DAS\_ship_position_estimation_from_das\run_20260613_153917\tables\estimated_ship_track_projected_on_cable_v12.csv,estimated_ship_track_projected_on_cable_v12.csv,2026-06-13 19:01:04,time_utc,est_lat,est_lon,est_channel,13865.0,14283.0,est_cable,south,10304,10304,2021-11-01 17:48:10.339000+00:00,2021-11-01 18:16:40.839000+00:00,0.26609759328328764,0.3418750892452572,0.659143425051661,0.041594122939937625
D:\DAS\_ship_position_estimation_from_das\run_20260613_153917\tables\estimated_ship_track_projected_on_cable_v12.csv,estimated_ship_track_projected_on_cable_v12.csv,2026-06-13 19:01:04,time_utc,est_lat,est_lon,est_channel,13865.0,14283.0,est_cable,south,10304,10304,2021-11-01 17:48:10.339000+00:00,2021-11-01 18:16:40.839000+00:00,0.26609759328328764,0.3418750892452572,0.659143425051661,0.041594122939937625
D:\DAS\_ship_position_estimation_from_das\run_20260613_153917\tables\estimated_ship_track_projected_on_cable_v12.csv,estimated_ship_track_projected_on_cable_v12.csv,2026-06-13 19:01:04,time_utc,est_lat,est_lon,est_channel,13865.0,14283.0,est_cable,south,10304,10304,2021-11-01 17:48:10.339000+00:00,2021-11-01 18:16:40.839000+00:00,0.26609759328328764,0.3418750892452572,0.659143425051661,0.041594122939937625
D:\DAS\_ship_position_estimation_from_das\run_20260613_135420\tables\estimated_ship_track_projected_on_cable_v12.csv,estimated_ship_track_projected_on_cable_v12.csv,2026-06-13 17:15:38,time_utc,est_lat,est_lon,est_channel,13865.0,14283.0,est_cable,south,10304,10304,2021-11-01 17:48:10.339000+00:00,2021-11-01 18:16:40.839000+00:00,0.26609759328328764,0.3418750892452572,0.659143425051661,0.041594122939937625
D:\DAS\_ship_position_estimation_from_das\run_20260613_135420\tables\estimated_ship_track_projected_on_cable_v12.csv,estimated_ship_track_projected_on_cable_v12.csv,2026-06-13 17:15:38,time_utc,est_lat,est_lon,est_channel,13865.0,14283.0,est_cable,south,10304,10304,2021-11-01 17:48:10.339000+00:00,2021-11-01 18:16:40.839000+00:00,0.26609759328328764,0.3418750892452572,0.659143425051661,0.041594122939937625
D:\DAS\_ship_position_estimation_from_das\run_20260613_135420\tables\estimated_ship_track_projected_on_cable_v12.csv,estimated_ship_track_projected_on_cable_v12.csv,2026-06-13 17:15:38,time_utc,est_lat,est_lon,est_channel,13865.0,14283.0,est_cable,south,10304,10304,2021-11-01 17:48:10.339000+00:00,2021-11-01 18:16:40.839000+00:00,0.26609759328328764,0.3418750892452572,0.659143425051661,0.041594122939937625
D:\DAS\_ship_position_estimation_from_das\run_20260613_122903\tables\estimated_ship_track_from_das_kinematic_map_v11.csv,estimated_ship_track_from_das_kinematic_map_v11.csv,2026-06-13 15:51:06,time_utc,est_lat,est_lon,est_channel,13865.0,14283.0,est_cable,south,10304,10304,2021-11-01 17:48:10.339000+00:00,2021-11-01 18:16:40.839000+00:00,0.26609759328328764,0.3418750892452572,0.659143425051661,0.041594122939937625
D:\DAS\_ship_position_estimation_from_das\run_20260613_122903\tables\estimated_ship_track_from_das_kinematic_map_v11.csv,estimated_ship_track_from_das_kinematic_map_v11.csv,2026-06-13 15:51:06,time_utc,est_lat,est_lon,est_channel,13865.0,14283.0,est_cable,south,10304,10304,2021-11-01 17:48:10.339000+00:00,2021-11-01 18:16:40.839000+00:00,0.26609759328328764,0.3418750892452572,0.659143425051661,0.041594122939937625
D:\DAS\_ship_position_estimation_from_das\run_20260613_122903\tables\estimated_ship_track_from_das_kinematic_map_v11.csv,estimated_ship_track_from_das_kinematic_map_v11.csv,2026-06-13 15:51:06,time_utc,est_lat,est_lon,est_channel,13865.0,14283.0,est_cable,south,10304,10304,2021-11-01 17:48:10.339000+00:00,2021-11-01 18:16:40.839000+00:00,0.26609759328328764,0.3418750892452572,0.659143425051661,0.041594122939937625
D:\DAS\_ship_position_estimation_from_das\run_20260613_153917\tables\estimate_vs_groundtruth_joined.csv,estimate_vs_groundtruth_joined.csv,2026-06-13 19:01:24,time_utc,gt_cable_lat,est_cable_lon,est_channel,13912.0,14228.0,est_cable,south,7844,7844,2021-11-01 17:51:30.339000+00:00,2021-11-01 18:12:48.839000+00:00,0.26903570017444783,0.3357985559402417,0.6507363998021253,0.04148317219551112
D:\DAS\_ship_position_estimation_from_das\run_20260613_122903\tables\estimate_vs_groundtruth_joined.csv,estimate_vs_groundtruth_joined.csv,2026-06-13 15:51:08,time_utc,gt_cable_lat,est_lon,est_channel,13912.0,14228.0,est_cable,south,7844,7844,2021-11-01 17:51:30.339000+00:00,2021-11-01 18:12:48.839000+00:00,0.26903570017444783,0.3357985559402417,0.6507363998021253,0.04148317219551112
D:\DAS\_ship_position_estimation_from_das\run_20260613_114709\tables\estimate_vs_groundtruth_joined.csv,estimate_vs_groundtruth_joined.csv,2026-06-13 15:15:20,time_utc,gt_cable_lat,est_lon,est_channel,13650.0,14279.0,est_cable,south,7844,7844,2021-11-01 17:51:30.339000+00:00,2021-11-01 18:12:48.839000+00:00,0.27020326119720434,0.5270755376839298,0.9753468483504495,0.04148317219551112
D:\DAS\_ship_position_estimation_from_das\run_20260618_120347\tables\estimate_vs_groundtruth_joined.csv,estimate_vs_groundtruth_joined.csv,2026-06-18 15:20:14,time_utc,gt_cable_lat,est_cable_lon,est_channel,14176.0,14257.0,est_cable,south,7844,7844,2021-11-01 17:51:30.339000+00:00,2021-11-01 18:12:48.839000+00:00,0.27092635098035195,0.3868873183175792,0.8247948631484873,0.06667934269907266
D:\DAS\_ship_position_estimation_from_das\run_20260613_172525\tables\estimate_vs_groundtruth_joined.csv,estimate_vs_groundtruth_joined.csv,2026-06-13 20:47:30,time_utc,gt_cable_lat,est_cable_lon,est_channel,14176.0,14257.0,est_cable,south,7844,7844,2021-11-01 17:51:30.339000+00:00,2021-11-01 18:12:48.839000+00:00,0.27092635098035195,0.3868873183175792,0.8247948631484873,0.06667934269907266
D:\DAS\_ship_position_estimation_from_das\run_20260621_104743\tables\estimate_vs_groundtruth_joined.csv,estimate_vs_groundtruth_joined.csv,2026-06-21 14:09:16,time_utc,gt_cable_lat,est_cable_lon,est_channel,14176.0,14257.0,est_cable,south,7844,7844,2021-11-01 17:51:30.339000+00:00,2021-11-01 18:12:48.839000+00:00,0.27092635098035195,0.38698491343420893,0.8250564404724526,0.06689954700150932
D:\DAS\_ship_position_estimation_from_das\run_20260619_114653\tables\estimate_vs_groundtruth_joined.csv,estimate_vs_groundtruth_joined.csv,2026-06-19 15:07:20,time_utc,gt_cable_lat,est_cable_lon,est_channel,14176.0,14257.0,est_cable,south,7844,7844,2021-11-01 17:51:30.339000+00:00,2021-11-01 18:12:48.839000+00:00,0.27092635098035195,0.38698491343420893,0.8250564404724526,0.06689954700150932
D:\DAS\_ship_position_estimation_from_das\run_20260613_153917\tables\estimate_vs_groundtruth_joined.csv,estimate_vs_groundtruth_joined.csv,2026-06-13 19:01:24,time_utc,est_cable_lat,est_cable_lon,est_channel,13912.0,14228.0,est_cable,south,7844,7844,2021-11-01 17:51:30.339000+00:00,2021-11-01 18:12:48.839000+00:00,0.271052300194485,0.3379422139270135,0.6551046336584104,0.041594122939937625
D:\DAS\_ship_position_estimation_from_das\run_20260613_122903\tables\estimate_vs_groundtruth_joined.csv,estimate_vs_groundtruth_joined.csv,2026-06-13 15:51:08,time_utc,est_lat,est_lon,est_channel,13912.0,14228.0,est_cable,south,7844,7844,2021-11-01 17:51:30.339000+00:00,2021-11-01 18:12:48.839000+00:00,0.271052300194485,0.3379422139270135,0.6551046336584104,0.041594122939937625
D:\DAS\_ship_position_estimation_from_das\run_20260613_122903\tables\estimate_vs_groundtruth_joined.csv,estimate_vs_groundtruth_joined.csv,2026-06-13 15:51:08,time_utc,est_lat,est_lon,est_channel,13912.0,14228.0,est_cable,south,7844,7844,2021-11-01 17:51:30.339000+00:00,2021-11-01 18:12:48.839000+00:00,0.271052300194485,0.3379422139270135,0.6551046336584104,0.041594122939937625
D:\DAS\_ship_position_estimation_from_das\run_20260613_122903\tables\estimate_vs_groundtruth_joined.csv,estimate_vs_groundtruth_joined.csv,2026-06-13 15:51:08,time_utc,est_lat,est_lon,est_channel,13912.0,14228.0,est_cable,south,7844,7844,2021-11-01 17:51:30.339000+00:00,2021-11-01 18:12:48.839000+00:00,0.271052300194485,0.3379422139270135,0.6551046336584104,0.041594122939937625
D:\DAS\_ship_position_estimation_from_das\run_20260613_153917\tables\estimated_ship_track_offcable_v12.csv,estimated_ship_track_offcable_v12.csv,2026-06-13 19:01:22,time_utc,est_cable_lat,est_lon,est_channel,13865.0,14283.0,est_cable,south,10304,10304,2021-11-01 17:48:10.339000+00:00,2021-11-01 18:16:40.839000+00:00,0.27170800053898825,0.3441974777879892,0.6606395256825734,0.04151105629093446
D:\DAS\_ship_position_estimation_from_das\run_20260613_153917\tables\estimated_ship_track_offcable_v12.csv,estimated_ship_track_offcable_v12.csv,2026-06-13 19:01:22,time_utc,est_cable_lat,est_ship_lon,est_channel,13865.0,14283.0,est_cable,south,10304,10304,2021-11-01 17:48:10.339000+00:00,2021-11-01 18:16:40.839000+00:00,0.27170800053898825,0.3441974777879892,0.6606395256825734,0.04151105629093446
D:\DAS\_ship_position_estimation_from_das\run_20260613_153917\tables\estimated_ship_track_offcable_diagnostics_v12.csv,estimated_ship_track_offcable_diagnostics_v12.csv,2026-06-13 19:01:20,time_utc,est_cable_lat,est_ship_lon,est_channel,13865.0,14283.0,est_cable_lat,45.172698,10304,10304,2021-11-01 17:48:10.339000+00:00,2021-11-01 18:16:40.839000+00:00,0.27170800053898825,0.3441974777879892,0.6606395256825734,0.04151105629093446
D:\DAS\_ship_position_estimation_from_das\run_20260613_114709\tables\estimated_ship_track_from_das_physics_map_v9.csv,estimated_ship_track_from_das_physics_map_v9.csv,2026-06-13 15:15:20,time_utc,est_lat,est_lon,est_channel,13650.0,14280.0,est_cable,south,10304,10304,2021-11-01 17:48:10.339000+00:00,2021-11-01 18:16:40.839000+00:00,0.272031101073465,0.5218767486364942,0.9756365776781573,0.041594122939937625
D:\DAS\_ship_position_estimation_from_das\run_20260613_114709\tables\estimated_ship_track_from_das_physics_map_v9.csv,estimated_ship_track_from_das_physics_map_v9.csv,2026-06-13 15:15:20,time_utc,est_lat,est_lon,est_channel,13650.0,14280.0,est_cable,south,10304,10304,2021-11-01 17:48:10.339000+00:00,2021-11-01 18:16:40.839000+00:00,0.272031101073465,0.5218767486364942,0.9756365776781573,0.041594122939937625
D:\DAS\_ship_position_estimation_from_das\run_20260613_114709\tables\estimated_ship_track_from_das_physics_map_v9.csv,estimated_ship_track_from_das_physics_map_v9.csv,2026-06-13 15:15:20,time_utc,est_lat,est_lon,est_channel,13650.0,14280.0,est_cable,south,10304,10304,2021-11-01 17:48:10.339000+00:00,2021-11-01 18:16:40.839000+00:00,0.272031101073465,0.5218767486364942,0.9756365776781573,0.041594122939937625
D:\DAS\_ship_position_estimation_from_das\run_20260613_114709\tables\estimate_vs_groundtruth_joined.csv,estimate_vs_groundtruth_joined.csv,2026-06-13 15:15:20,time_utc,est_lat,est_lon,est_channel,13650.0,14279.0,est_cable,south,7844,7844,2021-11-01 17:51:30.339000+00:00,2021-11-01 18:12:48.839000+00:00,0.272031101073465,0.5343094256944081,0.981727969592564,0.041594122939937625
D:\DAS\_ship_position_estimation_from_das\run_20260613_114709\tables\estimate_vs_groundtruth_joined.csv,estimate_vs_groundtruth_joined.csv,2026-06-13 15:15:20,time_utc,est_lat,est_lon,est_channel,13650.0,14279.0,est_cable,south,7844,7844,2021-11-01 17:51:30.339000+00:00,2021-11-01 18:12:48.839000+00:00,0.272031101073465,0.5343094256944081,0.981727969592564,0.041594122939937625
D:\DAS\_ship_position_estimation_from_das\run_20260613_114709\tables\estimate_vs_groundtruth_joined.csv,estimate_vs_groundtruth_joined.csv,2026-06-13 15:15:20,time_utc,est_lat,est_lon,est_channel,13650.0,14279.0,est_cable,south,7844,7844,2021-11-01 17:51:30.339000+00:00,2021-11-01 18:12:48.839000+00:00,0.272031101073465,0.5343094256944081,0.981727969592564,0.041594122939937625
D:\DAS\_ship_position_estimation_from_das\run_20260613_153917\tables\estimate_vs_groundtruth_joined.csv,estimate_vs_groundtruth_joined.csv,2026-06-13 19:01:24,time_utc,gt_cable_lat,est_lon,est_channel,13912.0,14228.0,est_cable,south,7844,7844,2021-11-01 17:51:30.339000+00:00,2021-11-01 18:12:48.839000+00:00,0.2750328285416814,0.33861678310779375,0.6504680023167915,0.04148038008964355
D:\DAS\_ship_position_estimation_from_das\run_20260613_153917\tables\estimate_vs_groundtruth_joined.csv,estimate_vs_groundtruth_joined.csv,2026-06-13 19:01:24,time_utc,gt_cable_lat,est_ship_lon,est_channel,13912.0,14228.0,est_cable,south,7844,7844,2021-11-01 17:51:30.339000+00:00,2021-11-01 18:12:48.839000+00:00,0.2750328285416814,0.33861678310779375,0.6504680023167915,0.04148038008964355
D:\DAS\_ship_position_estimation_from_das\run_20260613_153917\tables\estimate_vs_groundtruth_joined.csv,estimate_vs_groundtruth_joined.csv,2026-06-13 19:01:24,time_utc,est_cable_lat,est_lon,est_channel,13912.0,14228.0,est_cable,south,7844,7844,2021-11-01 17:51:30.339000+00:00,2021-11-01 18:12:48.839000+00:00,0.27700577067563986,0.34074202979625695,0.6547084031181758,0.04151105629093446
D:\DAS\_ship_position_estimation_from_das\run_20260613_153917\tables\estimate_vs_groundtruth_joined.csv,estimate_vs_groundtruth_joined.csv,2026-06-13 19:01:24,time_utc,est_cable_lat,est_ship_lon,est_channel,13912.0,14228.0,est_cable,south,7844,7844,2021-11-01 17:51:30.339000+00:00,2021-11-01 18:12:48.839000+00:00,0.27700577067563986,0.34074202979625695,0.6547084031181758,0.04151105629093446
D:\DAS\_ship_position_estimation_from_das\run_20260613_081226\tables\estimate_vs_groundtruth_joined.csv,estimate_vs_groundtruth_joined.csv,2026-06-13 11:39:34,time_utc,ais_lat,est_lon,est_channel,13601.0,14799.0,est_cable,south,7844,7844,2021-11-01 17:51:30.339000+00:00,2021-11-01 18:12:48.839000+00:00,0.6056073564750171,0.6674488597343796,1.1716483394344053,0.0007839025485303136
D:\DAS\_ship_position_estimation_from_das\run_20260613_065307\tables\estimate_vs_groundtruth_joined.csv,estimate_vs_groundtruth_joined.csv,2026-06-13 10:28:10,time_utc,ais_lat,est_lon,est_channel,13601.0,14799.0,est_cable,south,7844,7844,2021-11-01 17:51:30.339000+00:00,2021-11-01 18:12:48.839000+00:00,0.6056073564750171,0.6674488597343796,1.1716483394344053,0.0007839025485303136
D:\DAS\_ship_position_estimation_from_das_noais\run_20260613_222353\tables\estimate_vs_ais_groundtruth_evaluation_only.csv,estimate_vs_ais_groundtruth_evaluation_only.csv,2026-06-14 02:16:58,time_utc,gt_cable_lat,ais_lon,est_channel,4482.0,5173.0,est_cable,south,3036,3036,2021-11-01 17:51:25.339000+00:00,2021-11-01 18:00:10.839000+00:00,0.6580311629070985,0.545647546452676,0.675280020662775,0.2627055146728192
D:\DAS\_ship_position_estimation_from_das_noais\run_20260613_222353\tables\estimate_vs_ais_groundtruth_evaluation_only.csv,estimate_vs_ais_groundtruth_evaluation_only.csv,2026-06-14 02:16:58,time_utc,gt_cable_lat,gt_cable_lon,est_channel,4482.0,5173.0,est_cable,south,3036,3036,2021-11-01 17:51:25.339000+00:00,2021-11-01 18:00:10.839000+00:00,0.6616359054538206,0.5454694217142539,0.6787289173971525,0.25619099002405704
D:\DAS\_ship_position_estimation_from_das\run_20260613_081226\tables\estimate_vs_groundtruth_joined.csv,estimate_vs_groundtruth_joined.csv,2026-06-13 11:39:34,time_utc,gt_cable_lat,est_lon,est_channel,13601.0,14799.0,est_cable,south,7844,7844,2021-11-01 17:51:30.339000+00:00,2021-11-01 18:12:48.839000+00:00,0.7048628514519888,0.7584690257919778,1.2344594789967376,0.04148317219551112
D:\DAS\_ship_position_estimation_from_das\run_20260613_065307\tables\estimate_vs_groundtruth_joined.csv,estimate_vs_groundtruth_joined.csv,2026-06-13 10:28:10,time_utc,gt_cable_lat,est_lon,est_channel,13601.0,14799.0,est_cable,south,7844,7844,2021-11-01 17:51:30.339000+00:00,2021-11-01 18:12:48.839000+00:00,0.7048628514519888,0.7584690257919778,1.2344594789967376,0.04148317219551112
D:\DAS\_ship_position_estimation_from_das\run_20260613_081226\tables\estimate_vs_groundtruth_joined.csv,estimate_vs_groundtruth_joined.csv,2026-06-13 11:39:34,time_utc,est_lat,est_lon,est_channel,13601.0,14799.0,est_cable,south,7844,7844,2021-11-01 17:51:30.339000+00:00,2021-11-01 18:12:48.839000+00:00,0.7107650693195715,0.7570646198416953,1.2188477110494775,0.041594122939937625
D:\DAS\_ship_position_estimation_from_das\run_20260613_081226\tables\estimate_vs_groundtruth_joined.csv,estimate_vs_groundtruth_joined.csv,2026-06-13 11:39:34,time_utc,est_lat,est_lon,est_channel,13601.0,14799.0,est_cable,south,7844,7844,2021-11-01 17:51:30.339000+00:00,2021-11-01 18:12:48.839000+00:00,0.7107650693195715,0.7570646198416953,1.2188477110494775,0.041594122939937625
D:\DAS\_ship_position_estimation_from_das\run_20260613_081226\tables\estimate_vs_groundtruth_joined.csv,estimate_vs_groundtruth_joined.csv,2026-06-13 11:39:34,time_utc,est_lat,est_lon,est_channel,13601.0,14799.0,est_cable,south,7844,7844,2021-11-01 17:51:30.339000+00:00,2021-11-01 18:12:48.839000+00:00,0.7107650693195715,0.7570646198416953,1.2188477110494775,0.041594122939937625
D:\DAS\_ship_position_estimation_from_das\run_20260613_065307\tables\estimate_vs_groundtruth_joined.csv,estimate_vs_groundtruth_joined.csv,2026-06-13 10:28:10,time_utc,est_lat,est_lon,est_channel,13601.0,14799.0,est_cable,south,7844,7844,2021-11-01 17:51:30.339000+00:00,2021-11-01 18:12:48.839000+00:00,0.7107650693195715,0.7570646198416953,1.2188477110494775,0.041594122939937625
D:\DAS\_ship_position_estimation_from_das\run_20260613_065307\tables\estimate_vs_groundtruth_joined.csv,estimate_vs_groundtruth_joined.csv,2026-06-13 10:28:10,time_utc,est_lat,est_lon,est_channel,13601.0,14799.0,est_cable,south,7844,7844,2021-11-01 17:51:30.339000+00:00,2021-11-01 18:12:48.839000+00:00,0.7107650693195715,0.7570646198416953,1.2188477110494775,0.041594122939937625
D:\DAS\_ship_position_estimation_from_das\run_20260613_065307\tables\estimate_vs_groundtruth_joined.csv,estimate_vs_groundtruth_joined.csv,2026-06-13 10:28:10,time_utc,est_lat,est_lon,est_channel,13601.0,14799.0,est_cable,south,7844,7844,2021-11-01 17:51:30.339000+00:00,2021-11-01 18:12:48.839000+00:00,0.7107650693195715,0.7570646198416953,1.2188477110494775,0.041594122939937625
D:\DAS\_ship_position_estimation_from_das\run_20260613_064830\tables\estimate_vs_groundtruth_joined.csv,estimate_vs_groundtruth_joined.csv,2026-06-13 10:22:40,time_utc,ais_lat,est_lon,est_channel,13619.0,14818.0,est_cable,south,7844,7844,2021-11-01 17:51:30.339000+00:00,2021-11-01 18:12:48.839000+00:00,0.7137335084135519,0.7479879289834034,1.3123239738854389,0.014099828478120626
D:\DAS\_ship_position_estimation_from_das\run_20260612_161047\tables\estimate_vs_groundtruth_joined.csv,estimate_vs_groundtruth_joined.csv,2026-06-12 19:42:02,time_utc,ais_lat,est_lon,est_channel,13619.0,14818.0,est_cable,south,7844,7844,2021-11-01 17:51:30.339000+00:00,2021-11-01 18:12:48.839000+00:00,0.7137335084135519,0.7479879289834034,1.3123239738854389,0.014099828478120626
D:\DAS\_ship_position_estimation_from_das\run_20260612_141130\tables\estimate_vs_groundtruth_joined.csv,estimate_vs_groundtruth_joined.csv,2026-06-12 17:42:40,time_utc,ais_lat,est_lon,est_channel,13619.0,14818.0,est_cable,south,7844,7844,2021-11-01 17:51:30.339000+00:00,2021-11-01 18:12:48.839000+00:00,0.7137335084135519,0.7479879289834034,1.3123239738854389,0.014099828478120626
D:\DAS\_ship_position_estimation_from_das\run_20260613_081226\tables\estimated_ship_track_from_das_physics_guided.csv,estimated_ship_track_from_das_physics_guided.csv,2026-06-13 11:39:34,time_utc,est_lat,est_lon,est_channel,13601.0,14799.0,est_cable,south,10304,10304,2021-11-01 17:48:10.339000+00:00,2021-11-01 18:16:40.839000+00:00,0.7264583538540701,0.7836933186837207,1.405791486341855,0.041594122939937625
D:\DAS\_ship_position_estimation_from_das\run_20260613_081226\tables\estimated_ship_track_from_das_physics_guided.csv,estimated_ship_track_from_das_physics_guided.csv,2026-06-13 11:39:34,time_utc,est_lat,est_lon,est_channel,13601.0,14799.0,est_cable,south,10304,10304,2021-11-01 17:48:10.339000+00:00,2021-11-01 18:16:40.839000+00:00,0.7264583538540701,0.7836933186837207,1.405791486341855,0.041594122939937625
D:\DAS\_ship_position_estimation_from_das\run_20260613_081226\tables\estimated_ship_track_from_das_physics_guided.csv,estimated_ship_track_from_das_physics_guided.csv,2026-06-13 11:39:34,time_utc,est_lat,est_lon,est_channel,13601.0,14799.0,est_cable,south,10304,10304,2021-11-01 17:48:10.339000+00:00,2021-11-01 18:16:40.839000+00:00,0.7264583538540701,0.7836933186837207,1.405791486341855,0.041594122939937625
D:\DAS\_ship_position_estimation_from_das\run_20260613_065307\tables\estimated_ship_track_from_das_physics_guided.csv,estimated_ship_track_from_das_physics_guided.csv,2026-06-13 10:28:10,time_utc,est_lat,est_lon,est_channel,13601.0,14799.0,est_cable,south,10304,10304,2021-11-01 17:48:10.339000+00:00,2021-11-01 18:16:40.839000+00:00,0.7264583538540701,0.7836933186837207,1.405791486341855,0.041594122939937625
D:\DAS\_ship_position_estimation_from_das\run_20260613_065307\tables\estimated_ship_track_from_das_physics_guided.csv,estimated_ship_track_from_das_physics_guided.csv,2026-06-13 10:28:10,time_utc,est_lat,est_lon,est_channel,13601.0,14799.0,est_cable,south,10304,10304,2021-11-01 17:48:10.339000+00:00,2021-11-01 18:16:40.839000+00:00,0.7264583538540701,0.7836933186837207,1.405791486341855,0.041594122939937625
D:\DAS\_ship_position_estimation_from_das\run_20260613_065307\tables\estimated_ship_track_from_das_physics_guided.csv,estimated_ship_track_from_das_physics_guided.csv,2026-06-13 10:28:10,time_utc,est_lat,est_lon,est_channel,13601.0,14799.0,est_cable,south,10304,10304,2021-11-01 17:48:10.339000+00:00,2021-11-01 18:16:40.839000+00:00,0.7264583538540701,0.7836933186837207,1.405791486341855,0.041594122939937625
D:\DAS\_ship_position_estimation_from_das\run_20260621_104743\tables\activated_channels_by_frame.csv,activated_channels_by_frame.csv,2026-06-21 14:07:58,time_utc,lat,lon,channel,13619.0,14818.0,cable_dist_km,"26.643688690371317,26.645256483706117,26.64761081375497,26.649965167687583,26.6538873992166,26.88771486317127,26.889287032973137,27.064311973615546,27.77740562321637,28.01281191830249",268078,268078,2021-11-01 17:48:10.339000+00:00,2021-11-01 18:16:40.839000+00:00,0.7612558192866373,0.803811036891168,1.423889433325882,0.041594122939937625
D:\DAS\_ship_position_estimation_from_das\run_20260621_104743\tables\activated_channels_by_frame.csv,activated_channels_by_frame.csv,2026-06-21 14:07:58,time_utc,lat,lon,channel,13619.0,14818.0,cable_dist_km,"26.643688690371317,26.645256483706117,26.64761081375497,26.649965167687583,26.6538873992166,26.88771486317127,26.889287032973137,27.064311973615546,27.77740562321637,28.01281191830249",268078,268078,2021-11-01 17:48:10.339000+00:00,2021-11-01 18:16:40.839000+00:00,0.7612558192866373,0.803811036891168,1.423889433325882,0.041594122939937625
D:\DAS\_ship_position_estimation_from_das\run_20260619_114653\tables\activated_channels_by_frame.csv,activated_channels_by_frame.csv,2026-06-19 15:05:58,time_utc,lat,lon,channel,13619.0,14818.0,cable_dist_km,"26.643688690371317,26.645256483706117,26.64761081375497,26.649965167687583,26.6538873992166,26.88771486317127,26.889287032973137,27.064311973615546,27.77740562321637,28.01281191830249",268078,268078,2021-11-01 17:48:10.339000+00:00,2021-11-01 18:16:40.839000+00:00,0.7612558192866373,0.803811036891168,1.423889433325882,0.041594122939937625
D:\DAS\_ship_position_estimation_from_das\run_20260619_114653\tables\activated_channels_by_frame.csv,activated_channels_by_frame.csv,2026-06-19 15:05:58,time_utc,lat,lon,channel,13619.0,14818.0,cable_dist_km,"26.643688690371317,26.645256483706117,26.64761081375497,26.649965167687583,26.6538873992166,26.88771486317127,26.889287032973137,27.064311973615546,27.77740562321637,28.01281191830249",268078,268078,2021-11-01 17:48:10.339000+00:00,2021-11-01 18:16:40.839000+00:00,0.7612558192866373,0.803811036891168,1.423889433325882,0.041594122939937625
D:\DAS\_ship_position_estimation_from_das\run_20260613_064830\tables\estimate_vs_groundtruth_joined.csv,estimate_vs_groundtruth_joined.csv,2026-06-13 10:22:40,time_utc,gt_cable_lat,est_lon,est_channel,13619.0,14818.0,est_cable,south,7844,7844,2021-11-01 17:51:30.339000+00:00,2021-11-01 18:12:48.839000+00:00,0.8210679665240004,0.8363880260077864,1.354334113969253,0.042372577330740624
D:\DAS\_ship_position_estimation_from_das\run_20260612_161047\tables\estimate_vs_groundtruth_joined.csv,estimate_vs_groundtruth_joined.csv,2026-06-12 19:42:02,time_utc,gt_cable_lat,est_lon,est_channel,13619.0,14818.0,est_cable,south,7844,7844,2021-11-01 17:51:30.339000+00:00,2021-11-01 18:12:48.839000+00:00,0.8210679665240004,0.8363880260077864,1.354334113969253,0.042372577330740624
D:\DAS\_ship_position_estimation_from_das\run_20260612_141130\tables\estimate_vs_groundtruth_joined.csv,estimate_vs_groundtruth_joined.csv,2026-06-12 17:42:40,time_utc,gt_cable_lat,est_lon,est_channel,13619.0,14818.0,est_cable,south,7844,7844,2021-11-01 17:51:30.339000+00:00,2021-11-01 18:12:48.839000+00:00,0.8210679665240004,0.8363880260077864,1.354334113969253,0.042372577330740624
D:\DAS\_ship_position_estimation_from_das\run_20260613_064830\tables\estimate_vs_groundtruth_joined.csv,estimate_vs_groundtruth_joined.csv,2026-06-13 10:22:40,time_utc,est_lat,est_lon,est_channel,13619.0,14818.0,est_cable,south,7844,7844,2021-11-01 17:51:30.339000+00:00,2021-11-01 18:12:48.839000+00:00,0.8251074750085762,0.8346039688982018,1.3424692882011855,0.041594122939937625
D:\DAS\_ship_position_estimation_from_das\run_20260613_064830\tables\estimate_vs_groundtruth_joined.csv,estimate_vs_groundtruth_joined.csv,2026-06-13 10:22:40,time_utc,est_lat,est_lon,est_channel,13619.0,14818.0,est_cable,south,7844,7844,2021-11-01 17:51:30.339000+00:00,2021-11-01 18:12:48.839000+00:00,0.8251074750085762,0.8346039688982018,1.3424692882011855,0.041594122939937625
D:\DAS\_ship_position_estimation_from_das\run_20260613_064830\tables\estimate_vs_groundtruth_joined.csv,estimate_vs_groundtruth_joined.csv,2026-06-13 10:22:40,time_utc,est_lat,est_lon,est_channel,13619.0,14818.0,est_cable,south,7844,7844,2021-11-01 17:51:30.339000+00:00,2021-11-01 18:12:48.839000+00:00,0.8251074750085762,0.8346039688982018,1.3424692882011855,0.041594122939937625
D:\DAS\_ship_position_estimation_from_das\run_20260612_161047\tables\estimate_vs_groundtruth_joined.csv,estimate_vs_groundtruth_joined.csv,2026-06-12 19:42:02,time_utc,est_lat,est_lon,est_channel,13619.0,14818.0,est_cable,south,7844,7844,2021-11-01 17:51:30.339000+00:00,2021-11-01 18:12:48.839000+00:00,0.8251074750085762,0.8346039688982018,1.3424692882011855,0.041594122939937625
D:\DAS\_ship_position_estimation_from_das\run_20260612_161047\tables\estimate_vs_groundtruth_joined.csv,estimate_vs_groundtruth_joined.csv,2026-06-12 19:42:02,time_utc,est_lat,est_lon,est_channel,13619.0,14818.0,est_cable,south,7844,7844,2021-11-01 17:51:30.339000+00:00,2021-11-01 18:12:48.839000+00:00,0.8251074750085762,0.8346039688982018,1.3424692882011855,0.041594122939937625
D:\DAS\_ship_position_estimation_from_das\run_20260612_161047\tables\estimate_vs_groundtruth_joined.csv,estimate_vs_groundtruth_joined.csv,2026-06-12 19:42:02,time_utc,est_lat,est_lon,est_channel,13619.0,14818.0,est_cable,south,7844,7844,2021-11-01 17:51:30.339000+00:00,2021-11-01 18:12:48.839000+00:00,0.8251074750085762,0.8346039688982018,1.3424692882011855,0.041594122939937625
D:\DAS\_ship_position_estimation_from_das\run_20260612_141130\tables\estimate_vs_groundtruth_joined.csv,estimate_vs_groundtruth_joined.csv,2026-06-12 17:42:40,time_utc,est_lat,est_lon,est_channel,13619.0,14818.0,est_cable,south,7844,7844,2021-11-01 17:51:30.339000+00:00,2021-11-01 18:12:48.839000+00:00,0.8251074750085762,0.8346039688982018,1.3424692882011855,0.041594122939937625
D:\DAS\_ship_position_estimation_from_das\run_20260612_141130\tables\estimate_vs_groundtruth_joined.csv,estimate_vs_groundtruth_joined.csv,2026-06-12 17:42:40,time_utc,est_lat,est_lon,est_channel,13619.0,14818.0,est_cable,south,7844,7844,2021-11-01 17:51:30.339000+00:00,2021-11-01 18:12:48.839000+00:00,0.8251074750085762,0.8346039688982018,1.3424692882011855,0.041594122939937625
D:\DAS\_ship_position_estimation_from_das\run_20260612_141130\tables\estimate_vs_groundtruth_joined.csv,estimate_vs_groundtruth_joined.csv,2026-06-12 17:42:40,time_utc,est_lat,est_lon,est_channel,13619.0,14818.0,est_cable,south,7844,7844,2021-11-01 17:51:30.339000+00:00,2021-11-01 18:12:48.839000+00:00,0.8251074750085762,0.8346039688982018,1.3424692882011855,0.041594122939937625
D:\DAS\_ship_position_estimation_from_das\run_20260613_064830\tables\estimated_ship_track_from_das.csv,estimated_ship_track_from_das.csv,2026-06-13 10:22:40,time_utc,est_lat,est_lon,est_channel,13619.0,14818.0,est_cable,south,10304,10304,2021-11-01 17:48:10.339000+00:00,2021-11-01 18:16:40.839000+00:00,0.844371123010347,0.8579790285001689,1.3926725862532305,0.041594122939937625
D:\DAS\_ship_position_estimation_from_das\run_20260613_064830\tables\estimated_ship_track_from_das.csv,estimated_ship_track_from_das.csv,2026-06-13 10:22:40,time_utc,est_lat,est_lon,est_channel,13619.0,14818.0,est_cable,south,10304,10304,2021-11-01 17:48:10.339000+00:00,2021-11-01 18:16:40.839000+00:00,0.844371123010347,0.8579790285001689,1.3926725862532305,0.041594122939937625
D:\DAS\_ship_position_estimation_from_das\run_20260613_064830\tables\estimated_ship_track_from_das.csv,estimated_ship_track_from_das.csv,2026-06-13 10:22:40,time_utc,est_lat,est_lon,est_channel,13619.0,14818.0,est_cable,south,10304,10304,2021-11-01 17:48:10.339000+00:00,2021-11-01 18:16:40.839000+00:00,0.844371123010347,0.8579790285001689,1.3926725862532305,0.041594122939937625
D:\DAS\_ship_position_estimation_from_das\run_20260612_161047\tables\estimated_ship_track_from_das.csv,estimated_ship_track_from_das.csv,2026-06-12 19:42:00,time_utc,est_lat,est_lon,est_channel,13619.0,14818.0,est_cable,south,10304,10304,2021-11-01 17:48:10.339000+00:00,2021-11-01 18:16:40.839000+00:00,0.844371123010347,0.8579790285001689,1.3926725862532305,0.041594122939937625
D:\DAS\_ship_position_estimation_from_das\run_20260612_161047\tables\estimated_ship_track_from_das.csv,estimated_ship_track_from_das.csv,2026-06-12 19:42:00,time_utc,est_lat,est_lon,est_channel,13619.0,14818.0,est_cable,south,10304,10304,2021-11-01 17:48:10.339000+00:00,2021-11-01 18:16:40.839000+00:00,0.844371123010347,0.8579790285001689,1.3926725862532305,0.041594122939937625
D:\DAS\_ship_position_estimation_from_das\run_20260612_161047\tables\estimated_ship_track_from_das.csv,estimated_ship_track_from_das.csv,2026-06-12 19:42:00,time_utc,est_lat,est_lon,est_channel,13619.0,14818.0,est_cable,south,10304,10304,2021-11-01 17:48:10.339000+00:00,2021-11-01 18:16:40.839000+00:00,0.844371123010347,0.8579790285001689,1.3926725862532305,0.041594122939937625
D:\DAS\_ship_position_estimation_from_das\run_20260612_141130\tables\estimated_ship_track_from_das.csv,estimated_ship_track_from_das.csv,2026-06-12 17:42:40,time_utc,est_lat,est_lon,est_channel,13619.0,14818.0,est_cable,south,10304,10304,2021-11-01 17:48:10.339000+00:00,2021-11-01 18:16:40.839000+00:00,0.844371123010347,0.8579790285001689,1.3926725862532305,0.041594122939937625
D:\DAS\_ship_position_estimation_from_das\run_20260612_141130\tables\estimated_ship_track_from_das.csv,estimated_ship_track_from_das.csv,2026-06-12 17:42:40,time_utc,est_lat,est_lon,est_channel,13619.0,14818.0,est_cable,south,10304,10304,2021-11-01 17:48:10.339000+00:00,2021-11-01 18:16:40.839000+00:00,0.844371123010347,0.8579790285001689,1.3926725862532305,0.041594122939937625
D:\DAS\_ship_position_estimation_from_das\run_20260612_141130\tables\estimated_ship_track_from_das.csv,estimated_ship_track_from_das.csv,2026-06-12 17:42:40,time_utc,est_lat,est_lon,est_channel,13619.0,14818.0,est_cable,south,10304,10304,2021-11-01 17:48:10.339000+00:00,2021-11-01 18:16:40.839000+00:00,0.844371123010347,0.8579790285001689,1.3926725862532305,0.041594122939937625
D:\DAS\_ship_position_estimation_from_das\run_20260621_104743\tables\activated_channel_segments.csv,activated_channel_segments.csv,2026-06-21 14:07:58,start_time_utc,lat,lon,channel,13620.0,14818.0,cable_dist_km,"26.50461973268397,26.64761081375497,26.6538873992166,26.78806570339119,26.895567256190333,27.8503795373448,28.11247832882655,28.11483080645845,28.15722550626357,28.15958138714692",2485,2485,2021-11-01 17:48:10.339000+00:00,2021-11-01 18:16:35.839000+00:00,0.8925088965715826,0.973404129841346,1.7625395401276849,0.041594122939937625
D:\DAS\_ship_position_estimation_from_das\run_20260621_104743\tables\activated_channel_segments.csv,activated_channel_segments.csv,2026-06-21 14:07:58,start_time_utc,lat,lon,channel,13620.0,14818.0,cable_dist_km,"26.50461973268397,26.64761081375497,26.6538873992166,26.78806570339119,26.895567256190333,27.8503795373448,28.11247832882655,28.11483080645845,28.15722550626357,28.15958138714692",2485,2485,2021-11-01 17:48:10.339000+00:00,2021-11-01 18:16:35.839000+00:00,0.8925088965715826,0.973404129841346,1.7625395401276849,0.041594122939937625
D:\DAS\_ship_position_estimation_from_das\run_20260619_114653\tables\activated_channel_segments.csv,activated_channel_segments.csv,2026-06-19 15:06:00,start_time_utc,lat,lon,channel,13620.0,14818.0,cable_dist_km,"26.50461973268397,26.64761081375497,26.6538873992166,26.78806570339119,26.895567256190333,27.8503795373448,28.11247832882655,28.11483080645845,28.15722550626357,28.15958138714692",2485,2485,2021-11-01 17:48:10.339000+00:00,2021-11-01 18:16:35.839000+00:00,0.8925088965715826,0.973404129841346,1.7625395401276849,0.041594122939937625
D:\DAS\_ship_position_estimation_from_das\run_20260619_114653\tables\activated_channel_segments.csv,activated_channel_segments.csv,2026-06-19 15:06:00,start_time_utc,lat,lon,channel,13620.0,14818.0,cable_dist_km,"26.50461973268397,26.64761081375497,26.6538873992166,26.78806570339119,26.895567256190333,27.8503795373448,28.11247832882655,28.11483080645845,28.15722550626357,28.15958138714692",2485,2485,2021-11-01 17:48:10.339000+00:00,2021-11-01 18:16:35.839000+00:00,0.8925088965715826,0.973404129841346,1.7625395401276849,0.041594122939937625
D:\DAS\_ship_position_estimation_from_das\run_20260621_104743\tables\activated_channels_summary.csv,activated_channels_summary.csv,2026-06-21 14:07:58,first_time_utc,lat,lon,channel,13619.0,14818.0,cable_dist_km,"26.643688690371317,26.645256483706117,26.64761081375497,26.649965167687583,26.6538873992166,26.88771486317127,26.889287032973137,27.0399896301859,27.064311973615546,28.01281191830249",1200,1200,2021-11-01 17:48:10.339000+00:00,2021-11-01 17:51:01.339000+00:00,0.8932736052033459,1.0403803094356359,1.6561473217051623,0.6526998600325077
D:\DAS\_ship_position_estimation_from_das\run_20260621_104743\tables\activated_channels_summary.csv,activated_channels_summary.csv,2026-06-21 14:07:58,first_time_utc,lat,lon,channel,13619.0,14818.0,cable_dist_km,"26.643688690371317,26.645256483706117,26.64761081375497,26.649965167687583,26.6538873992166,26.88771486317127,26.889287032973137,27.0399896301859,27.064311973615546,28.01281191830249",1200,1200,2021-11-01 17:48:10.339000+00:00,2021-11-01 17:51:01.339000+00:00,0.8932736052033459,1.0403803094356359,1.6561473217051623,0.6526998600325077
D:\DAS\_ship_position_estimation_from_das\run_20260619_114653\tables\activated_channels_summary.csv,activated_channels_summary.csv,2026-06-19 15:05:58,first_time_utc,lat,lon,channel,13619.0,14818.0,cable_dist_km,"26.643688690371317,26.645256483706117,26.64761081375497,26.649965167687583,26.6538873992166,26.88771486317127,26.889287032973137,27.0399896301859,27.064311973615546,28.01281191830249",1200,1200,2021-11-01 17:48:10.339000+00:00,2021-11-01 17:51:01.339000+00:00,0.8932736052033459,1.0403803094356359,1.6561473217051623,0.6526998600325077
D:\DAS\_ship_position_estimation_from_das\run_20260619_114653\tables\activated_channels_summary.csv,activated_channels_summary.csv,2026-06-19 15:05:58,first_time_utc,lat,lon,channel,13619.0,14818.0,cable_dist_km,"26.643688690371317,26.645256483706117,26.64761081375497,26.649965167687583,26.6538873992166,26.88771486317127,26.889287032973137,27.0399896301859,27.064311973615546,28.01281191830249",1200,1200,2021-11-01 17:48:10.339000+00:00,2021-11-01 17:51:01.339000+00:00,0.8932736052033459,1.0403803094356359,1.6561473217051623,0.6526998600325077
D:\DAS\_ship_position_estimation_from_das\run_20260612_072332\tables\estimate_vs_groundtruth_joined.csv,estimate_vs_groundtruth_joined.csv,2026-06-12 14:30:58,time_utc,est_lat,gt_cable_lon,est_channel,19489.0,20231.0,est_cable,south,9110,9110,2021-11-01 17:48:00.339000+00:00,2021-11-01 18:12:48.839000+00:00,1.146186736792088,1.0884802002871123,1.3338998687164823,0.66703724493834
D:\DAS\_ship_position_estimation_from_das\run_20260612_072332\tables\estimate_vs_groundtruth_joined.csv,estimate_vs_groundtruth_joined.csv,2026-06-12 14:30:58,time_utc,est_lat,ais_lon,est_channel,19489.0,20231.0,est_cable,south,9110,9110,2021-11-01 17:48:00.339000+00:00,2021-11-01 18:12:48.839000+00:00,1.1481331855978487,1.088028622552459,1.3339008731917144,0.6667257010810095
D:\DAS\_ship_position_estimation_from_das_noais\run_20260613_222353\tables\estimate_vs_ais_groundtruth_evaluation_only.csv,estimate_vs_ais_groundtruth_evaluation_only.csv,2026-06-14 02:16:58,time_utc,est_ship_lat_plus,ais_lon,est_channel,4482.0,5173.0,est_cable,south,3036,3036,2021-11-01 17:51:25.339000+00:00,2021-11-01 18:00:10.839000+00:00,2.0784259255080535,1.9582184955043522,2.098443990506702,1.6465664631672805
D:\DAS\_ship_position_estimation_from_das_noais\run_20260613_222353\tables\estimate_vs_ais_groundtruth_evaluation_only.csv,estimate_vs_ais_groundtruth_evaluation_only.csv,2026-06-14 02:16:58,time_utc,est_ship_lat,ais_lon,est_channel,4482.0,5173.0,est_cable,south,3036,3036,2021-11-01 17:51:25.339000+00:00,2021-11-01 18:00:10.839000+00:00,2.0784259255080535,1.9582184955043522,2.098443990506702,1.6465664631672805
D:\DAS\_ship_position_estimation_from_das_noais\run_20260613_222353\tables\estimate_vs_ais_groundtruth_evaluation_only.csv,estimate_vs_ais_groundtruth_evaluation_only.csv,2026-06-14 02:16:58,time_utc,est_lat,ais_lon,est_channel,4482.0,5173.0,est_cable,south,3036,3036,2021-11-01 17:51:25.339000+00:00,2021-11-01 18:00:10.839000+00:00,2.0784259255080535,1.9582184955043522,2.098443990506702,1.6465664631672805
D:\DAS\_ship_position_estimation_from_das_noais\run_20260613_222353\tables\estimate_vs_ais_groundtruth_evaluation_only.csv,estimate_vs_ais_groundtruth_evaluation_only.csv,2026-06-14 02:16:58,time_utc,est_ship_lat_plus,gt_cable_lon,est_channel,4482.0,5173.0,est_cable,south,3036,3036,2021-11-01 17:51:25.339000+00:00,2021-11-01 18:00:10.839000+00:00,2.079411302490403,1.9585664489173986,2.099680522401394,1.6452720387441706
D:\DAS\_ship_position_estimation_from_das_noais\run_20260613_222353\tables\estimate_vs_ais_groundtruth_evaluation_only.csv,estimate_vs_ais_groundtruth_evaluation_only.csv,2026-06-14 02:16:58,time_utc,est_ship_lat,gt_cable_lon,est_channel,4482.0,5173.0,est_cable,south,3036,3036,2021-11-01 17:51:25.339000+00:00,2021-11-01 18:00:10.839000+00:00,2.079411302490403,1.9585664489173986,2.099680522401394,1.6452720387441706
D:\DAS\_ship_position_estimation_from_das_noais\run_20260613_222353\tables\estimate_vs_ais_groundtruth_evaluation_only.csv,estimate_vs_ais_groundtruth_evaluation_only.csv,2026-06-14 02:16:58,time_utc,est_lat,gt_cable_lon,est_channel,4482.0,5173.0,est_cable,south,3036,3036,2021-11-01 17:51:25.339000+00:00,2021-11-01 18:00:10.839000+00:00,2.079411302490403,1.9585664489173986,2.099680522401394,1.6452720387441706
D:\DAS\_ship_position_estimation_from_das_noais_3d\run_20260618_140657\tables\ais_matched_evaluation_3d.csv,ais_matched_evaluation_3d.csv,2026-06-18 17:49:16,time_utc,est_ship_lat_plus,ais_lon,est_channel,4382.0,5171.0,est_cable,south,3036,3036,2021-11-01 17:51:25.339000+00:00,2021-11-01 18:00:10.839000+00:00,2.0888736921801137,1.9695757194649792,2.1105641697701953,1.6574024647930279
D:\DAS\_ship_position_estimation_from_das_noais_3d\run_20260618_140657\tables\ais_matched_evaluation_3d.csv,ais_matched_evaluation_3d.csv,2026-06-18 17:49:16,time_utc,est_ship_lat,ais_lon,est_channel,4382.0,5171.0,est_cable,south,3036,3036,2021-11-01 17:51:25.339000+00:00,2021-11-01 18:00:10.839000+00:00,2.0888736921801137,1.9695757194649792,2.1105641697701953,1.6574024647930279
D:\DAS\_ship_position_estimation_from_das_noais_3d\run_20260618_140657\tables\ais_matched_evaluation_3d.csv,ais_matched_evaluation_3d.csv,2026-06-18 17:49:16,time_utc,est_lat,ais_lon,est_channel,4382.0,5171.0,est_cable,south,3036,3036,2021-11-01 17:51:25.339000+00:00,2021-11-01 18:00:10.839000+00:00,2.0888736921801137,1.9695757194649792,2.1105641697701953,1.6574024647930279
D:\DAS\_ship_position_estimation_from_das_noais_3d\run_20260618_124039\tables\ais_matched_evaluation_3d.csv,ais_matched_evaluation_3d.csv,2026-06-18 16:24:26,time_utc,est_ship_lat_plus,ais_lon,est_channel,4382.0,5171.0,est_cable,south,3036,3036,2021-11-01 17:51:25.339000+00:00,2021-11-01 18:00:10.839000+00:00,2.0888736921801137,1.9695757194649792,2.1105641697701953,1.6574024647930279
D:\DAS\_ship_position_estimation_from_das_noais_3d\run_20260618_124039\tables\ais_matched_evaluation_3d.csv,ais_matched_evaluation_3d.csv,2026-06-18 16:24:26,time_utc,est_ship_lat,ais_lon,est_channel,4382.0,5171.0,est_cable,south,3036,3036,2021-11-01 17:51:25.339000+00:00,2021-11-01 18:00:10.839000+00:00,2.0888736921801137,1.9695757194649792,2.1105641697701953,1.6574024647930279
D:\DAS\_ship_position_estimation_from_das_noais_3d\run_20260618_124039\tables\ais_matched_evaluation_3d.csv,ais_matched_evaluation_3d.csv,2026-06-18 16:24:26,time_utc,est_lat,ais_lon,est_channel,4382.0,5171.0,est_cable,south,3036,3036,2021-11-01 17:51:25.339000+00:00,2021-11-01 18:00:10.839000+00:00,2.0888736921801137,1.9695757194649792,2.1105641697701953,1.6574024647930279
D:\DAS\_ship_position_estimation_from_das_noais\run_20260613_222353\tables\estimate_vs_ais_groundtruth_evaluation_only.csv,estimate_vs_ais_groundtruth_evaluation_only.csv,2026-06-14 02:16:58,time_utc,est_cable_lat,ais_lon,est_channel,4482.0,5173.0,est_cable,south,3036,3036,2021-11-01 17:51:25.339000+00:00,2021-11-01 18:00:10.839000+00:00,2.2850602272250975,2.158187242539784,2.2919681874556064,1.8645812244749291
D:\DAS\_ship_position_estimation_from_das_noais_3d\run_20260618_140657\tables\ais_matched_evaluation_3d.csv,ais_matched_evaluation_3d.csv,2026-06-18 17:49:16,time_utc,est_cable_lat,ais_lon,est_channel,4382.0,5171.0,est_cable,south,3036,3036,2021-11-01 17:51:25.339000+00:00,2021-11-01 18:00:10.839000+00:00,2.285298642103764,2.1585221490393165,2.292009188137044,1.8645812244749291
D:\DAS\_ship_position_estimation_from_das_noais_3d\run_20260618_124039\tables\ais_matched_evaluation_3d.csv,ais_matched_evaluation_3d.csv,2026-06-18 16:24:26,time_utc,est_cable_lat,ais_lon,est_channel,4382.0,5171.0,est_cable,south,3036,3036,2021-11-01 17:51:25.339000+00:00,2021-11-01 18:00:10.839000+00:00,2.285298642103764,2.1585221490393165,2.292009188137044,1.8645812244749291
D:\DAS\_ship_position_estimation_from_das_noais\run_20260613_222353\tables\estimate_vs_ais_groundtruth_evaluation_only.csv,estimate_vs_ais_groundtruth_evaluation_only.csv,2026-06-14 02:16:58,time_utc,est_cable_lat,gt_cable_lon,est_channel,4482.0,5173.0,est_cable,south,3036,3036,2021-11-01 17:51:25.339000+00:00,2021-11-01 18:00:10.839000+00:00,2.286067169269455,2.158513799839352,2.293048817451344,1.863680604594253
D:\DAS\_ship_position_estimation_from_das_noais_3d\run_20260618_140657\tables\ais_matched_evaluation_3d.csv,ais_matched_evaluation_3d.csv,2026-06-18 17:49:16,time_utc,est_ship_lat_minus,ais_lon,est_channel,4382.0,5171.0,est_cable,south,3036,3036,2021-11-01 17:51:25.339000+00:00,2021-11-01 18:00:10.839000+00:00,2.4748283752226072,2.347572005393642,2.4861387423469834,1.932519901080781
D:\DAS\_ship_position_estimation_from_das_noais_3d\run_20260618_124039\tables\ais_matched_evaluation_3d.csv,ais_matched_evaluation_3d.csv,2026-06-18 16:24:26,time_utc,est_ship_lat_minus,ais_lon,est_channel,4382.0,5171.0,est_cable,south,3036,3036,2021-11-01 17:51:25.339000+00:00,2021-11-01 18:00:10.839000+00:00,2.4748283752226072,2.347572005393642,2.4861387423469834,1.932519901080781
D:\DAS\_ship_position_estimation_from_das_noais\run_20260613_222353\tables\estimate_vs_ais_groundtruth_evaluation_only.csv,estimate_vs_ais_groundtruth_evaluation_only.csv,2026-06-14 02:16:58,time_utc,est_ship_lat_minus,ais_lon,est_channel,4482.0,5173.0,est_cable,south,3036,3036,2021-11-01 17:51:25.339000+00:00,2021-11-01 18:00:10.839000+00:00,2.486404282763541,2.358271701591036,2.4955932320013376,1.9606078534707818
D:\DAS\_ship_position_estimation_from_das_noais\run_20260613_222353\tables\estimate_vs_ais_groundtruth_evaluation_only.csv,estimate_vs_ais_groundtruth_evaluation_only.csv,2026-06-14 02:16:58,time_utc,est_ship_lat_minus,gt_cable_lon,est_channel,4482.0,5173.0,est_cable,south,3036,3036,2021-11-01 17:51:25.339000+00:00,2021-11-01 18:00:10.839000+00:00,2.487360679260813,2.3585786475505737,2.4965747541045182,1.9597458294409393
D:\DAS\_ship_position_estimation_from_das\run_20260612_072332\tables\estimated_ship_track_from_das.csv,estimated_ship_track_from_das.csv,2026-06-12 14:30:58,time_utc,est_lat,est_lon,est_channel,19312.0,20231.0,est_cable,south,22568,13736,2021-11-01 17:43:28.603000+00:00,2021-11-01 18:46:03.839000+00:00,11.888492878140283,11.895305670828543,12.515635010118432,10.348031549560098
D:\DAS\_ship_position_estimation_from_das\run_20260612_072332\tables\estimated_ship_track_from_das.csv,estimated_ship_track_from_das.csv,2026-06-12 14:30:58,time_utc,est_lat,est_lon,est_channel,19312.0,20231.0,est_cable,south,22568,13736,2021-11-01 17:43:28.603000+00:00,2021-11-01 18:46:03.839000+00:00,11.888492878140283,11.895305670828543,12.515635010118432,10.348031549560098
D:\DAS\_ship_position_estimation_from_das\run_20260612_072332\tables\estimated_ship_track_from_das.csv,estimated_ship_track_from_das.csv,2026-06-12 14:30:58,time_utc,est_lat,est_lon,est_channel,19312.0,20231.0,est_cable,south,22568,13736,2021-11-01 17:43:28.603000+00:00,2021-11-01 18:46:03.839000+00:00,11.888492878140283,11.895305670828543,12.515635010118432,10.348031549560098
D:\DAS\_ship_position_estimation_from_das\run_20260612_072332\tables\estimate_vs_groundtruth_joined.csv,estimate_vs_groundtruth_joined.csv,2026-06-12 14:30:58,time_utc,ais_lat,est_lon,est_channel,19489.0,20231.0,est_cable,south,9110,9110,2021-11-01 17:48:00.339000+00:00,2021-11-01 18:12:48.839000+00:00,11.898474318488233,11.91108499577122,12.48403035127881,10.648068496045545
D:\DAS\_ship_position_estimation_from_das\run_20260612_072332\tables\estimate_vs_groundtruth_joined.csv,estimate_vs_groundtruth_joined.csv,2026-06-12 14:30:58,time_utc,gt_cable_lat,est_lon,est_channel,19489.0,20231.0,est_cable,south,9110,9110,2021-11-01 17:48:00.339000+00:00,2021-11-01 18:12:48.839000+00:00,11.90252010265637,11.917674511977177,12.50025213991987,10.64779964920357
D:\DAS\_ship_position_estimation_from_das\run_20260612_072332\tables\estimate_vs_groundtruth_joined.csv,estimate_vs_groundtruth_joined.csv,2026-06-12 14:30:58,time_utc,est_lat,est_lon,est_channel,19489.0,20231.0,est_cable,south,9110,9110,2021-11-01 17:48:00.339000+00:00,2021-11-01 18:12:48.839000+00:00,11.935915970887322,11.962998930993312,12.515635010118432,10.70750335543087
D:\DAS\_ship_position_estimation_from_das\run_20260612_072332\tables\estimate_vs_groundtruth_joined.csv,estimate_vs_groundtruth_joined.csv,2026-06-12 14:30:58,time_utc,est_lat,est_lon,est_channel,19489.0,20231.0,est_cable,south,9110,9110,2021-11-01 17:48:00.339000+00:00,2021-11-01 18:12:48.839000+00:00,11.935915970887322,11.962998930993312,12.515635010118432,10.70750335543087
D:\DAS\_ship_position_estimation_from_das\run_20260612_072332\tables\estimate_vs_groundtruth_joined.csv,estimate_vs_groundtruth_joined.csv,2026-06-12 14:30:58,time_utc,est_lat,est_lon,est_channel,19489.0,20231.0,est_cable,south,9110,9110,2021-11-01 17:48:00.339000+00:00,2021-11-01 18:12:48.839000+00:00,11.935915970887322,11.962998930993312,12.515635010118432,10.70750335543087
D:\DAS\_ship_position_estimation_from_das_noais\run_20260613_222353\tables\estimate_vs_ais_groundtruth_evaluation_only.csv,estimate_vs_ais_groundtruth_evaluation_only.csv,2026-06-14 02:16:58,time_utc,ais_lat,est_ship_lon_minus,est_channel,4482.0,5173.0,est_cable,south,3036,3036,2021-11-01 17:51:25.339000+00:00,2021-11-01 18:00:10.839000+00:00,17.928454310605396,18.078597689105703,18.349096530127337,17.763832183344178
D:\DAS\_ship_position_estimation_from_das_noais_3d\run_20260618_140657\tables\ais_matched_evaluation_3d.csv,ais_matched_evaluation_3d.csv,2026-06-18 17:49:16,time_utc,ais_lat,est_ship_lon_minus,est_channel,4382.0,5171.0,est_cable,south,3036,3036,2021-11-01 17:51:25.339000+00:00,2021-11-01 18:00:10.839000+00:00,17.932207186171013,18.08985975541609,18.36098606524721,17.764221936440432
D:\DAS\_ship_position_estimation_from_das_noais_3d\run_20260618_124039\tables\ais_matched_evaluation_3d.csv,ais_matched_evaluation_3d.csv,2026-06-18 16:24:26,time_utc,ais_lat,est_ship_lon_minus,est_channel,4382.0,5171.0,est_cable,south,3036,3036,2021-11-01 17:51:25.339000+00:00,2021-11-01 18:00:10.839000+00:00,17.932207186171013,18.08985975541609,18.36098606524721,17.764221936440432
D:\DAS\_ship_position_estimation_from_das_noais\run_20260613_222353\tables\estimate_vs_ais_groundtruth_evaluation_only.csv,estimate_vs_ais_groundtruth_evaluation_only.csv,2026-06-14 02:16:58,time_utc,ais_lat,est_cable_lon,est_channel,4482.0,5173.0,est_cable,south,3036,3036,2021-11-01 17:51:25.339000+00:00,2021-11-01 18:00:10.839000+00:00,17.93470773217663,18.084902872150824,18.355382361520736,17.770178251822916
D:\DAS\_ship_position_estimation_from_das_noais_3d\run_20260618_140657\tables\ais_matched_evaluation_3d.csv,ais_matched_evaluation_3d.csv,2026-06-18 17:49:16,time_utc,ais_lat,est_cable_lon,est_channel,4382.0,5171.0,est_cable,south,3036,3036,2021-11-01 17:51:25.339000+00:00,2021-11-01 18:00:10.839000+00:00,17.938391168757285,18.095822159039542,18.367067222214814,17.770178251822905
D:\DAS\_ship_position_estimation_from_das_noais_3d\run_20260618_124039\tables\ais_matched_evaluation_3d.csv,ais_matched_evaluation_3d.csv,2026-06-18 16:24:26,time_utc,ais_lat,est_cable_lon,est_channel,4382.0,5171.0,est_cable,south,3036,3036,2021-11-01 17:51:25.339000+00:00,2021-11-01 18:00:10.839000+00:00,17.938391168757285,18.095822159039542,18.367067222214814,17.770178251822905
D:\DAS\_ship_position_estimation_from_das_noais\run_20260613_222353\tables\estimate_vs_ais_groundtruth_evaluation_only.csv,estimate_vs_ais_groundtruth_evaluation_only.csv,2026-06-14 02:16:58,time_utc,gt_cable_lat,est_ship_lon_minus,est_channel,4482.0,5173.0,est_cable,south,3036,3036,2021-11-01 17:51:25.339000+00:00,2021-11-01 18:00:10.839000+00:00,17.938753321562004,18.085686220793818,18.34877965458309,17.77410796802341
D:\DAS\_ship_position_estimation_from_das_noais\run_20260613_222353\tables\estimate_vs_ais_groundtruth_evaluation_only.csv,estimate_vs_ais_groundtruth_evaluation_only.csv,2026-06-14 02:16:58,time_utc,ais_lat,est_ship_lon_plus,est_channel,4482.0,5173.0,est_cable,south,3036,3036,2021-11-01 17:51:25.339000+00:00,2021-11-01 18:00:10.839000+00:00,17.941128715461556,18.09120805536184,18.361649895919044,17.77652432050803
D:\DAS\_ship_position_estimation_from_das_noais\run_20260613_222353\tables\estimate_vs_ais_groundtruth_evaluation_only.csv,estimate_vs_ais_groundtruth_evaluation_only.csv,2026-06-14 02:16:58,time_utc,ais_lat,est_ship_lon,est_channel,4482.0,5173.0,est_cable,south,3036,3036,2021-11-01 17:51:25.339000+00:00,2021-11-01 18:00:10.839000+00:00,17.941128715461556,18.09120805536184,18.361649895919044,17.77652432050803
D:\DAS\_ship_position_estimation_from_das_noais\run_20260613_222353\tables\estimate_vs_ais_groundtruth_evaluation_only.csv,estimate_vs_ais_groundtruth_evaluation_only.csv,2026-06-14 02:16:58,time_utc,ais_lat,est_lon,est_channel,4482.0,5173.0,est_cable,south,3036,3036,2021-11-01 17:51:25.339000+00:00,2021-11-01 18:00:10.839000+00:00,17.941128715461556,18.09120805536184,18.361649895919044,17.77652432050803
D:\DAS\_ship_position_estimation_from_das_noais_3d\run_20260618_140657\tables\ais_matched_evaluation_3d.csv,ais_matched_evaluation_3d.csv,2026-06-18 17:49:16,time_utc,ais_lat,est_ship_lon_plus,est_channel,4382.0,5171.0,est_cable,south,3036,3036,2021-11-01 17:51:25.339000+00:00,2021-11-01 18:00:10.839000+00:00,17.94458385786134,18.101784562811297,18.37321447886109,17.776134567389185
D:\DAS\_ship_position_estimation_from_das_noais_3d\run_20260618_140657\tables\ais_matched_evaluation_3d.csv,ais_matched_evaluation_3d.csv,2026-06-18 17:49:16,time_utc,ais_lat,est_ship_lon,est_channel,4382.0,5171.0,est_cable,south,3036,3036,2021-11-01 17:51:25.339000+00:00,2021-11-01 18:00:10.839000+00:00,17.94458385786134,18.101784562811297,18.37321447886109,17.776134567389185
D:\DAS\_ship_position_estimation_from_das_noais_3d\run_20260618_140657\tables\ais_matched_evaluation_3d.csv,ais_matched_evaluation_3d.csv,2026-06-18 17:49:16,time_utc,ais_lat,est_lon,est_channel,4382.0,5171.0,est_cable,south,3036,3036,2021-11-01 17:51:25.339000+00:00,2021-11-01 18:00:10.839000+00:00,17.94458385786134,18.101784562811297,18.37321447886109,17.776134567389185
D:\DAS\_ship_position_estimation_from_das_noais_3d\run_20260618_124039\tables\ais_matched_evaluation_3d.csv,ais_matched_evaluation_3d.csv,2026-06-18 16:24:26,time_utc,ais_lat,est_ship_lon_plus,est_channel,4382.0,5171.0,est_cable,south,3036,3036,2021-11-01 17:51:25.339000+00:00,2021-11-01 18:00:10.839000+00:00,17.94458385786134,18.101784562811297,18.37321447886109,17.776134567389185
D:\DAS\_ship_position_estimation_from_das_noais_3d\run_20260618_124039\tables\ais_matched_evaluation_3d.csv,ais_matched_evaluation_3d.csv,2026-06-18 16:24:26,time_utc,ais_lat,est_ship_lon,est_channel,4382.0,5171.0,est_cable,south,3036,3036,2021-11-01 17:51:25.339000+00:00,2021-11-01 18:00:10.839000+00:00,17.94458385786134,18.101784562811297,18.37321447886109,17.776134567389185
D:\DAS\_ship_position_estimation_from_das_noais_3d\run_20260618_124039\tables\ais_matched_evaluation_3d.csv,ais_matched_evaluation_3d.csv,2026-06-18 16:24:26,time_utc,ais_lat,est_lon,est_channel,4382.0,5171.0,est_cable,south,3036,3036,2021-11-01 17:51:25.339000+00:00,2021-11-01 18:00:10.839000+00:00,17.94458385786134,18.101784562811297,18.37321447886109,17.776134567389185
D:\DAS\_ship_position_estimation_from_das_noais\run_20260613_222353\tables\estimate_vs_ais_groundtruth_evaluation_only.csv,estimate_vs_ais_groundtruth_evaluation_only.csv,2026-06-14 02:16:58,time_utc,gt_cable_lat,est_cable_lon,est_channel,4482.0,5173.0,est_cable,south,3036,3036,2021-11-01 17:51:25.339000+00:00,2021-11-01 18:00:10.839000+00:00,17.94502616121475,18.091988445231273,18.355054755164762,17.78044989304816
D:\DAS\_ship_position_estimation_from_das_noais\run_20260613_222353\tables\estimate_vs_ais_groundtruth_evaluation_only.csv,estimate_vs_ais_groundtruth_evaluation_only.csv,2026-06-14 02:16:58,time_utc,gt_cable_lat,est_ship_lon_plus,est_channel,4482.0,5173.0,est_cable,south,3036,3036,2021-11-01 17:51:25.339000+00:00,2021-11-01 18:00:10.839000+00:00,17.9515038673778,18.098290671762552,18.3613219810766,17.786791821064917
D:\DAS\_ship_position_estimation_from_das_noais\run_20260613_222353\tables\estimate_vs_ais_groundtruth_evaluation_only.csv,estimate_vs_ais_groundtruth_evaluation_only.csv,2026-06-14 02:16:58,time_utc,gt_cable_lat,est_ship_lon,est_channel,4482.0,5173.0,est_cable,south,3036,3036,2021-11-01 17:51:25.339000+00:00,2021-11-01 18:00:10.839000+00:00,17.9515038673778,18.098290671762552,18.3613219810766,17.786791821064917
D:\DAS\_ship_position_estimation_from_das_noais\run_20260613_222353\tables\estimate_vs_ais_groundtruth_evaluation_only.csv,estimate_vs_ais_groundtruth_evaluation_only.csv,2026-06-14 02:16:58,time_utc,gt_cable_lat,est_lon,est_channel,4482.0,5173.0,est_cable,south,3036,3036,2021-11-01 17:51:25.339000+00:00,2021-11-01 18:00:10.839000+00:00,17.9515038673778,18.098290671762552,18.3613219810766,17.786791821064917
D:\DAS\_ship_position_estimation_from_das_noais\run_20260613_222353\tables\estimate_vs_ais_groundtruth_evaluation_only.csv,estimate_vs_ais_groundtruth_evaluation_only.csv,2026-06-14 02:16:58,time_utc,est_ship_lat_plus,est_ship_lon_minus,est_channel,4482.0,5173.0,est_cable,south,3036,3036,2021-11-01 17:51:25.339000+00:00,2021-11-01 18:00:10.839000+00:00,18.045749994695164,18.181526543268767,18.420448867793226,17.881781533383723
D:\DAS\_ship_position_estimation_from_das_noais\run_20260613_222353\tables\estimate_vs_ais_groundtruth_evaluation_only.csv,estimate_vs_ais_groundtruth_evaluation_only.csv,2026-06-14 02:16:58,time_utc,est_ship_lat,est_ship_lon_minus,est_channel,4482.0,5173.0,est_cable,south,3036,3036,2021-11-01 17:51:25.339000+00:00,2021-11-01 18:00:10.839000+00:00,18.045749994695164,18.181526543268767,18.420448867793226,17.881781533383723
D:\DAS\_ship_position_estimation_from_das_noais\run_20260613_222353\tables\estimate_vs_ais_groundtruth_evaluation_only.csv,estimate_vs_ais_groundtruth_evaluation_only.csv,2026-06-14 02:16:58,time_utc,est_lat,est_ship_lon_minus,est_channel,4482.0,5173.0,est_cable,south,3036,3036,2021-11-01 17:51:25.339000+00:00,2021-11-01 18:00:10.839000+00:00,18.045749994695164,18.181526543268767,18.420448867793226,17.881781533383723
D:\DAS\_ship_position_estimation_from_das_noais\run_20260613_222353\tables\estimated_ship_track_offcable_noais_diagnostics.csv,estimated_ship_track_offcable_noais_diagnostics.csv,2026-06-14 02:15:54,time_utc,est_ship_lat_plus,est_ship_lon_minus,est_channel,4482.0,5173.0,,,3036,3036,2021-11-01 17:51:25.339000+00:00,2021-11-01 18:00:10.839000+00:00,18.045749994695164,18.181526543268767,18.420448867793226,17.881781533383723
D:\DAS\_ship_position_estimation_from_das_noais\run_20260613_222353\tables\estimated_ship_track_offcable_das_only.csv,estimated_ship_track_offcable_das_only.csv,2026-06-14 02:15:54,time_utc,est_ship_lat_plus,est_ship_lon_minus,est_channel,4482.0,5173.0,est_cable,south,3036,3036,2021-11-01 17:51:25.339000+00:00,2021-11-01 18:00:10.839000+00:00,18.045749994695164,18.181526543268767,18.420448867793226,17.881781533383723
D:\DAS\_ship_position_estimation_from_das_noais\run_20260613_222353\tables\estimated_ship_track_offcable_das_only.csv,estimated_ship_track_offcable_das_only.csv,2026-06-14 02:15:54,time_utc,est_ship_lat,est_ship_lon_minus,est_channel,4482.0,5173.0,est_cable,south,3036,3036,2021-11-01 17:51:25.339000+00:00,2021-11-01 18:00:10.839000+00:00,18.045749994695164,18.181526543268767,18.420448867793226,17.881781533383723
D:\DAS\_ship_position_estimation_from_das_noais\run_20260613_222353\tables\estimated_ship_track_offcable_das_only.csv,estimated_ship_track_offcable_das_only.csv,2026-06-14 02:15:54,time_utc,est_lat,est_ship_lon_minus,est_channel,4482.0,5173.0,est_cable,south,3036,3036,2021-11-01 17:51:25.339000+00:00,2021-11-01 18:00:10.839000+00:00,18.045749994695164,18.181526543268767,18.420448867793226,17.881781533383723
D:\DAS\_ship_position_estimation_from_das_noais_3d\run_20260618_140657\tables\ais_matched_evaluation_3d.csv,ais_matched_evaluation_3d.csv,2026-06-18 17:49:16,time_utc,est_ship_lat_plus,est_ship_lon_minus,est_channel,4382.0,5171.0,est_cable,south,3036,3036,2021-11-01 17:51:25.339000+00:00,2021-11-01 18:00:10.839000+00:00,18.04995970800104,18.19393780818333,18.43334916227482,17.88357071931567
D:\DAS\_ship_position_estimation_from_das_noais_3d\run_20260618_140657\tables\ais_matched_evaluation_3d.csv,ais_matched_evaluation_3d.csv,2026-06-18 17:49:16,time_utc,est_ship_lat,est_ship_lon_minus,est_channel,4382.0,5171.0,est_cable,south,3036,3036,2021-11-01 17:51:25.339000+00:00,2021-11-01 18:00:10.839000+00:00,18.04995970800104,18.19393780818333,18.43334916227482,17.88357071931567
D:\DAS\_ship_position_estimation_from_das_noais_3d\run_20260618_140657\tables\ais_matched_evaluation_3d.csv,ais_matched_evaluation_3d.csv,2026-06-18 17:49:16,time_utc,est_lat,est_ship_lon_minus,est_channel,4382.0,5171.0,est_cable,south,3036,3036,2021-11-01 17:51:25.339000+00:00,2021-11-01 18:00:10.839000+00:00,18.04995970800104,18.19393780818333,18.43334916227482,17.88357071931567
D:\DAS\_ship_position_estimation_from_das_noais_3d\run_20260618_140657\tables\estimated_ship_track_offcable_noais_3d_diagnostics.csv,estimated_ship_track_offcable_noais_3d_diagnostics.csv,2026-06-18 17:47:58,time_utc,est_ship_lat_plus,est_ship_lon_minus,est_channel,4382.0,5171.0,est_cable_depth_m,-53.53029,3036,3036,2021-11-01 17:51:25.339000+00:00,2021-11-01 18:00:10.839000+00:00,18.04995970800104,18.19393780818333,18.43334916227482,17.88357071931567
D:\DAS\_ship_position_estimation_from_das_noais_3d\run_20260618_140657\tables\estimated_ship_track_offcable_das_only_3d.csv,estimated_ship_track_offcable_das_only_3d.csv,2026-06-18 17:47:58,time_utc,est_ship_lat_plus,est_ship_lon_minus,est_channel,4382.0,5171.0,est_cable,south,3036,3036,2021-11-01 17:51:25.339000+00:00,2021-11-01 18:00:10.839000+00:00,18.04995970800104,18.19393780818333,18.43334916227482,17.88357071931567
D:\DAS\_ship_position_estimation_from_das_noais_3d\run_20260618_140657\tables\estimated_ship_track_offcable_das_only_3d.csv,estimated_ship_track_offcable_das_only_3d.csv,2026-06-18 17:47:58,time_utc,est_ship_lat,est_ship_lon_minus,est_channel,4382.0,5171.0,est_cable,south,3036,3036,2021-11-01 17:51:25.339000+00:00,2021-11-01 18:00:10.839000+00:00,18.04995970800104,18.19393780818333,18.43334916227482,17.88357071931567
D:\DAS\_ship_position_estimation_from_das_noais_3d\run_20260618_140657\tables\estimated_ship_track_offcable_das_only_3d.csv,estimated_ship_track_offcable_das_only_3d.csv,2026-06-18 17:47:58,time_utc,est_lat,est_ship_lon_minus,est_channel,4382.0,5171.0,est_cable,south,3036,3036,2021-11-01 17:51:25.339000+00:00,2021-11-01 18:00:10.839000+00:00,18.04995970800104,18.19393780818333,18.43334916227482,17.88357071931567
D:\DAS\_ship_position_estimation_from_das_noais_3d\run_20260618_124039\tables\ais_matched_evaluation_3d.csv,ais_matched_evaluation_3d.csv,2026-06-18 16:24:26,time_utc,est_ship_lat_plus,est_ship_lon_minus,est_channel,4382.0,5171.0,est_cable,south,3036,3036,2021-11-01 17:51:25.339000+00:00,2021-11-01 18:00:10.839000+00:00,18.04995970800104,18.19393780818333,18.43334916227482,17.88357071931567
D:\DAS\_ship_position_estimation_from_das_noais_3d\run_20260618_124039\tables\ais_matched_evaluation_3d.csv,ais_matched_evaluation_3d.csv,2026-06-18 16:24:26,time_utc,est_ship_lat,est_ship_lon_minus,est_channel,4382.0,5171.0,est_cable,south,3036,3036,2021-11-01 17:51:25.339000+00:00,2021-11-01 18:00:10.839000+00:00,18.04995970800104,18.19393780818333,18.43334916227482,17.88357071931567
D:\DAS\_ship_position_estimation_from_das_noais_3d\run_20260618_124039\tables\ais_matched_evaluation_3d.csv,ais_matched_evaluation_3d.csv,2026-06-18 16:24:26,time_utc,est_lat,est_ship_lon_minus,est_channel,4382.0,5171.0,est_cable,south,3036,3036,2021-11-01 17:51:25.339000+00:00,2021-11-01 18:00:10.839000+00:00,18.04995970800104,18.19393780818333,18.43334916227482,17.88357071931567
D:\DAS\_ship_position_estimation_from_das_noais_3d\run_20260618_124039\tables\estimated_ship_track_offcable_noais_3d_diagnostics.csv,estimated_ship_track_offcable_noais_3d_diagnostics.csv,2026-06-18 16:23:06,time_utc,est_ship_lat_plus,est_ship_lon_minus,est_channel,4382.0,5171.0,est_cable_depth_m,-53.53029,3036,3036,2021-11-01 17:51:25.339000+00:00,2021-11-01 18:00:10.839000+00:00,18.04995970800104,18.19393780818333,18.43334916227482,17.88357071931567
D:\DAS\_ship_position_estimation_from_das_noais_3d\run_20260618_124039\tables\estimated_ship_track_offcable_das_only_3d.csv,estimated_ship_track_offcable_das_only_3d.csv,2026-06-18 16:23:06,time_utc,est_ship_lat_plus,est_ship_lon_minus,est_channel,4382.0,5171.0,est_cable,south,3036,3036,2021-11-01 17:51:25.339000+00:00,2021-11-01 18:00:10.839000+00:00,18.04995970800104,18.19393780818333,18.43334916227482,17.88357071931567
D:\DAS\_ship_position_estimation_from_das_noais_3d\run_20260618_124039\tables\estimated_ship_track_offcable_das_only_3d.csv,estimated_ship_track_offcable_das_only_3d.csv,2026-06-18 16:23:06,time_utc,est_ship_lat,est_ship_lon_minus,est_channel,4382.0,5171.0,est_cable,south,3036,3036,2021-11-01 17:51:25.339000+00:00,2021-11-01 18:00:10.839000+00:00,18.04995970800104,18.19393780818333,18.43334916227482,17.88357071931567
D:\DAS\_ship_position_estimation_from_das_noais_3d\run_20260618_124039\tables\estimated_ship_track_offcable_das_only_3d.csv,estimated_ship_track_offcable_das_only_3d.csv,2026-06-18 16:23:06,time_utc,est_lat,est_ship_lon_minus,est_channel,4382.0,5171.0,est_cable,south,3036,3036,2021-11-01 17:51:25.339000+00:00,2021-11-01 18:00:10.839000+00:00,18.04995970800104,18.19393780818333,18.43334916227482,17.88357071931567
D:\DAS\_ship_position_estimation_from_das_noais\run_20260613_222353\tables\estimate_vs_ais_groundtruth_evaluation_only.csv,estimate_vs_ais_groundtruth_evaluation_only.csv,2026-06-14 02:16:58,time_utc,est_ship_lat_plus,est_cable_lon,est_channel,4482.0,5173.0,est_cable,south,3036,3036,2021-11-01 17:51:25.339000+00:00,2021-11-01 18:00:10.839000+00:00,18.05194195643665,18.187794127460087,18.426694679476917,17.88808385743761
D:\DAS\_ship_position_estimation_from_das_noais\run_20260613_222353\tables\estimate_vs_ais_groundtruth_evaluation_only.csv,estimate_vs_ais_groundtruth_evaluation_only.csv,2026-06-14 02:16:58,time_utc,est_ship_lat,est_cable_lon,est_channel,4482.0,5173.0,est_cable,south,3036,3036,2021-11-01 17:51:25.339000+00:00,2021-11-01 18:00:10.839000+00:00,18.05194195643665,18.187794127460087,18.426694679476917,17.88808385743761
D:\DAS\_ship_position_estimation_from_das_noais\run_20260613_222353\tables\estimate_vs_ais_groundtruth_evaluation_only.csv,estimate_vs_ais_groundtruth_evaluation_only.csv,2026-06-14 02:16:58,time_utc,est_lat,est_cable_lon,est_channel,4482.0,5173.0,est_cable,south,3036,3036,2021-11-01 17:51:25.339000+00:00,2021-11-01 18:00:10.839000+00:00,18.05194195643665,18.187794127460087,18.426694679476917,17.88808385743761
D:\DAS\_ship_position_estimation_from_das_noais\run_20260613_222353\tables\estimated_ship_track_offcable_das_only.csv,estimated_ship_track_offcable_das_only.csv,2026-06-14 02:15:54,time_utc,est_ship_lat_plus,est_cable_lon,est_channel,4482.0,5173.0,est_cable,south,3036,3036,2021-11-01 17:51:25.339000+00:00,2021-11-01 18:00:10.839000+00:00,18.05194195643665,18.187794127460087,18.426694679476917,17.88808385743761
D:\DAS\_ship_position_estimation_from_das_noais\run_20260613_222353\tables\estimated_ship_track_offcable_das_only.csv,estimated_ship_track_offcable_das_only.csv,2026-06-14 02:15:54,time_utc,est_ship_lat,est_cable_lon,est_channel,4482.0,5173.0,est_cable,south,3036,3036,2021-11-01 17:51:25.339000+00:00,2021-11-01 18:00:10.839000+00:00,18.05194195643665,18.187794127460087,18.426694679476917,17.88808385743761
D:\DAS\_ship_position_estimation_from_das_noais\run_20260613_222353\tables\estimated_ship_track_offcable_das_only.csv,estimated_ship_track_offcable_das_only.csv,2026-06-14 02:15:54,time_utc,est_lat,est_cable_lon,est_channel,4482.0,5173.0,est_cable,south,3036,3036,2021-11-01 17:51:25.339000+00:00,2021-11-01 18:00:10.839000+00:00,18.05194195643665,18.187794127460087,18.426694679476917,17.88808385743761
D:\DAS\_ship_position_estimation_from_das_noais_3d\run_20260618_140657\tables\ais_matched_evaluation_3d.csv,ais_matched_evaluation_3d.csv,2026-06-18 17:49:16,time_utc,est_ship_lat_plus,est_cable_lon,est_channel,4382.0,5171.0,est_cable,south,3036,3036,2021-11-01 17:51:25.339000+00:00,2021-11-01 18:00:10.839000+00:00,18.056189871620845,18.199864299962968,18.439397346928338,17.88948550279374
D:\DAS\_ship_position_estimation_from_das_noais_3d\run_20260618_140657\tables\ais_matched_evaluation_3d.csv,ais_matched_evaluation_3d.csv,2026-06-18 17:49:16,time_utc,est_ship_lat,est_cable_lon,est_channel,4382.0,5171.0,est_cable,south,3036,3036,2021-11-01 17:51:25.339000+00:00,2021-11-01 18:00:10.839000+00:00,18.056189871620845,18.199864299962968,18.439397346928338,17.88948550279374
D:\DAS\_ship_position_estimation_from_das_noais_3d\run_20260618_140657\tables\ais_matched_evaluation_3d.csv,ais_matched_evaluation_3d.csv,2026-06-18 17:49:16,time_utc,est_lat,est_cable_lon,est_channel,4382.0,5171.0,est_cable,south,3036,3036,2021-11-01 17:51:25.339000+00:00,2021-11-01 18:00:10.839000+00:00,18.056189871620845,18.199864299962968,18.439397346928338,17.88948550279374
D:\DAS\_ship_position_estimation_from_das_noais_3d\run_20260618_124039\tables\ais_matched_evaluation_3d.csv,ais_matched_evaluation_3d.csv,2026-06-18 16:24:26,time_utc,est_ship_lat_plus,est_cable_lon,est_channel,4382.0,5171.0,est_cable,south,3036,3036,2021-11-01 17:51:25.339000+00:00,2021-11-01 18:00:10.839000+00:00,18.056189871620845,18.199864299962968,18.439397346928338,17.88948550279374
D:\DAS\_ship_position_estimation_from_das_noais_3d\run_20260618_124039\tables\ais_matched_evaluation_3d.csv,ais_matched_evaluation_3d.csv,2026-06-18 16:24:26,time_utc,est_ship_lat,est_cable_lon,est_channel,4382.0,5171.0,est_cable,south,3036,3036,2021-11-01 17:51:25.339000+00:00,2021-11-01 18:00:10.839000+00:00,18.056189871620845,18.199864299962968,18.439397346928338,17.88948550279374
D:\DAS\_ship_position_estimation_from_das_noais_3d\run_20260618_124039\tables\ais_matched_evaluation_3d.csv,ais_matched_evaluation_3d.csv,2026-06-18 16:24:26,time_utc,est_lat,est_cable_lon,est_channel,4382.0,5171.0,est_cable,south,3036,3036,2021-11-01 17:51:25.339000+00:00,2021-11-01 18:00:10.839000+00:00,18.056189871620845,18.199864299962968,18.439397346928338,17.88948550279374
D:\DAS\_ship_position_estimation_from_das_noais_3d\run_20260618_140657\tables\estimated_ship_track_offcable_das_only_3d.csv,estimated_ship_track_offcable_das_only_3d.csv,2026-06-18 17:47:58,time_utc,est_ship_lat_plus,est_cable_lon,est_channel,4382.0,5171.0,est_cable,south,3036,3036,2021-11-01 17:51:25.339000+00:00,2021-11-01 18:00:10.839000+00:00,18.056189871620845,18.19986429996297,18.439397346928338,17.88948550279374
D:\DAS\_ship_position_estimation_from_das_noais_3d\run_20260618_140657\tables\estimated_ship_track_offcable_das_only_3d.csv,estimated_ship_track_offcable_das_only_3d.csv,2026-06-18 17:47:58,time_utc,est_ship_lat,est_cable_lon,est_channel,4382.0,5171.0,est_cable,south,3036,3036,2021-11-01 17:51:25.339000+00:00,2021-11-01 18:00:10.839000+00:00,18.056189871620845,18.19986429996297,18.439397346928338,17.88948550279374
D:\DAS\_ship_position_estimation_from_das_noais_3d\run_20260618_140657\tables\estimated_ship_track_offcable_das_only_3d.csv,estimated_ship_track_offcable_das_only_3d.csv,2026-06-18 17:47:58,time_utc,est_lat,est_cable_lon,est_channel,4382.0,5171.0,est_cable,south,3036,3036,2021-11-01 17:51:25.339000+00:00,2021-11-01 18:00:10.839000+00:00,18.056189871620845,18.19986429996297,18.439397346928338,17.88948550279374
D:\DAS\_ship_position_estimation_from_das_noais_3d\run_20260618_124039\tables\estimated_ship_track_offcable_das_only_3d.csv,estimated_ship_track_offcable_das_only_3d.csv,2026-06-18 16:23:06,time_utc,est_ship_lat_plus,est_cable_lon,est_channel,4382.0,5171.0,est_cable,south,3036,3036,2021-11-01 17:51:25.339000+00:00,2021-11-01 18:00:10.839000+00:00,18.056189871620845,18.19986429996297,18.439397346928338,17.88948550279374
D:\DAS\_ship_position_estimation_from_das_noais_3d\run_20260618_124039\tables\estimated_ship_track_offcable_das_only_3d.csv,estimated_ship_track_offcable_das_only_3d.csv,2026-06-18 16:23:06,time_utc,est_ship_lat,est_cable_lon,est_channel,4382.0,5171.0,est_cable,south,3036,3036,2021-11-01 17:51:25.339000+00:00,2021-11-01 18:00:10.839000+00:00,18.056189871620845,18.19986429996297,18.439397346928338,17.88948550279374
D:\DAS\_ship_position_estimation_from_das_noais_3d\run_20260618_124039\tables\estimated_ship_track_offcable_das_only_3d.csv,estimated_ship_track_offcable_das_only_3d.csv,2026-06-18 16:23:06,time_utc,est_lat,est_cable_lon,est_channel,4382.0,5171.0,est_cable,south,3036,3036,2021-11-01 17:51:25.339000+00:00,2021-11-01 18:00:10.839000+00:00,18.056189871620845,18.19986429996297,18.439397346928338,17.88948550279374
D:\DAS\_ship_position_estimation_from_das_noais\run_20260613_222353\tables\estimate_vs_ais_groundtruth_evaluation_only.csv,estimate_vs_ais_groundtruth_evaluation_only.csv,2026-06-14 02:16:58,time_utc,est_ship_lat,est_ship_lon,est_channel,4482.0,5173.0,est_cable,south,3036,3036,2021-11-01 17:51:25.339000+00:00,2021-11-01 18:00:10.839000+00:00,18.05812604134298,18.194061737490347,18.43294050851771,17.894386211938116
D:\DAS\_ship_position_estimation_from_das_noais\run_20260613_222353\tables\estimate_vs_ais_groundtruth_evaluation_only.csv,estimate_vs_ais_groundtruth_evaluation_only.csv,2026-06-14 02:16:58,time_utc,est_lat,est_lon,est_channel,4482.0,5173.0,est_cable,south,3036,3036,2021-11-01 17:51:25.339000+00:00,2021-11-01 18:00:10.839000+00:00,18.05812604134298,18.194061737490347,18.43294050851771,17.894386211938116
D:\DAS\_ship_position_estimation_from_das_noais\run_20260613_222353\tables\estimate_vs_ais_groundtruth_evaluation_only.csv,estimate_vs_ais_groundtruth_evaluation_only.csv,2026-06-14 02:16:58,time_utc,est_ship_lat_plus,est_ship_lon_plus,est_channel,4482.0,5173.0,est_cable,south,3036,3036,2021-11-01 17:51:25.339000+00:00,2021-11-01 18:00:10.839000+00:00,18.05812604134298,18.194061737490347,18.43294050851771,17.894386211938116
D:\DAS\_ship_position_estimation_from_das_noais\run_20260613_222353\tables\estimate_vs_ais_groundtruth_evaluation_only.csv,estimate_vs_ais_groundtruth_evaluation_only.csv,2026-06-14 02:16:58,time_utc,est_ship_lat_plus,est_ship_lon,est_channel,4482.0,5173.0,est_cable,south,3036,3036,2021-11-01 17:51:25.339000+00:00,2021-11-01 18:00:10.839000+00:00,18.05812604134298,18.194061737490347,18.43294050851771,17.894386211938116
D:\DAS\_ship_position_estimation_from_das_noais\run_20260613_222353\tables\estimate_vs_ais_groundtruth_evaluation_only.csv,estimate_vs_ais_groundtruth_evaluation_only.csv,2026-06-14 02:16:58,time_utc,est_ship_lat_plus,est_lon,est_channel,4482.0,5173.0,est_cable,south,3036,3036,2021-11-01 17:51:25.339000+00:00,2021-11-01 18:00:10.839000+00:00,18.05812604134298,18.194061737490347,18.43294050851771,17.894386211938116
D:\DAS\_ship_position_estimation_from_das_noais\run_20260613_222353\tables\estimate_vs_ais_groundtruth_evaluation_only.csv,estimate_vs_ais_groundtruth_evaluation_only.csv,2026-06-14 02:16:58,time_utc,est_ship_lat,est_ship_lon_plus,est_channel,4482.0,5173.0,est_cable,south,3036,3036,2021-11-01 17:51:25.339000+00:00,2021-11-01 18:00:10.839000+00:00,18.05812604134298,18.194061737490347,18.43294050851771,17.894386211938116
D:\DAS\_ship_position_estimation_from_das_noais\run_20260613_222353\tables\estimate_vs_ais_groundtruth_evaluation_only.csv,estimate_vs_ais_groundtruth_evaluation_only.csv,2026-06-14 02:16:58,time_utc,est_ship_lat,est_lon,est_channel,4482.0,5173.0,est_cable,south,3036,3036,2021-11-01 17:51:25.339000+00:00,2021-11-01 18:00:10.839000+00:00,18.05812604134298,18.194061737490347,18.43294050851771,17.894386211938116
D:\DAS\_ship_position_estimation_from_das_noais\run_20260613_222353\tables\estimate_vs_ais_groundtruth_evaluation_only.csv,estimate_vs_ais_groundtruth_evaluation_only.csv,2026-06-14 02:16:58,time_utc,est_lat,est_ship_lon_plus,est_channel,4482.0,5173.0,est_cable,south,3036,3036,2021-11-01 17:51:25.339000+00:00,2021-11-01 18:00:10.839000+00:00,18.05812604134298,18.194061737490347,18.43294050851771,17.894386211938116
D:\DAS\_ship_position_estimation_from_das_noais\run_20260613_222353\tables\estimate_vs_ais_groundtruth_evaluation_only.csv,estimate_vs_ais_groundtruth_evaluation_only.csv,2026-06-14 02:16:58,time_utc,est_lat,est_ship_lon,est_channel,4482.0,5173.0,est_cable,south,3036,3036,2021-11-01 17:51:25.339000+00:00,2021-11-01 18:00:10.839000+00:00,18.05812604134298,18.194061737490347,18.43294050851771,17.894386211938116
D:\DAS\_ship_position_estimation_from_das_noais\run_20260613_222353\tables\estimated_ship_track_offcable_noais_diagnostics.csv,estimated_ship_track_offcable_noais_diagnostics.csv,2026-06-14 02:15:54,time_utc,est_ship_lat_plus,est_ship_lon_plus,est_channel,4482.0,5173.0,,,3036,3036,2021-11-01 17:51:25.339000+00:00,2021-11-01 18:00:10.839000+00:00,18.05812604134298,18.194061737490347,18.43294050851771,17.894386211938116
D:\DAS\_ship_position_estimation_from_das_noais\run_20260613_222353\tables\estimated_ship_track_offcable_noais_diagnostics.csv,estimated_ship_track_offcable_noais_diagnostics.csv,2026-06-14 02:15:54,time_utc,est_ship_lat_plus,est_ship_lon_plus,est_channel,4482.0,5173.0,,,3036,3036,2021-11-01 17:51:25.339000+00:00,2021-11-01 18:00:10.839000+00:00,18.05812604134298,18.194061737490347,18.43294050851771,17.894386211938116
D:\DAS\_ship_position_estimation_from_das_noais\run_20260613_222353\tables\estimated_ship_track_offcable_noais_diagnostics.csv,estimated_ship_track_offcable_noais_diagnostics.csv,2026-06-14 02:15:54,time_utc,est_ship_lat_plus,est_ship_lon_plus,est_channel,4482.0,5173.0,,,3036,3036,2021-11-01 17:51:25.339000+00:00,2021-11-01 18:00:10.839000+00:00,18.05812604134298,18.194061737490347,18.43294050851771,17.894386211938116
D:\DAS\_ship_position_estimation_from_das_noais\run_20260613_222353\tables\estimated_ship_track_offcable_das_only.csv,estimated_ship_track_offcable_das_only.csv,2026-06-14 02:15:54,time_utc,est_ship_lat,est_ship_lon,est_channel,4482.0,5173.0,est_cable,south,3036,3036,2021-11-01 17:51:25.339000+00:00,2021-11-01 18:00:10.839000+00:00,18.05812604134298,18.194061737490347,18.43294050851771,17.894386211938116
D:\DAS\_ship_position_estimation_from_das_noais\run_20260613_222353\tables\estimated_ship_track_offcable_das_only.csv,estimated_ship_track_offcable_das_only.csv,2026-06-14 02:15:54,time_utc,est_lat,est_lon,est_channel,4482.0,5173.0,est_cable,south,3036,3036,2021-11-01 17:51:25.339000+00:00,2021-11-01 18:00:10.839000+00:00,18.05812604134298,18.194061737490347,18.43294050851771,17.894386211938116
D:\DAS\_ship_position_estimation_from_das_noais\run_20260613_222353\tables\estimated_ship_track_offcable_das_only.csv,estimated_ship_track_offcable_das_only.csv,2026-06-14 02:15:54,time_utc,est_ship_lat_plus,est_ship_lon_plus,est_channel,4482.0,5173.0,est_cable,south,3036,3036,2021-11-01 17:51:25.339000+00:00,2021-11-01 18:00:10.839000+00:00,18.05812604134298,18.194061737490347,18.43294050851771,17.894386211938116
D:\DAS\_ship_position_estimation_from_das_noais\run_20260613_222353\tables\estimated_ship_track_offcable_das_only.csv,estimated_ship_track_offcable_das_only.csv,2026-06-14 02:15:54,time_utc,est_ship_lat_plus,est_ship_lon,est_channel,4482.0,5173.0,est_cable,south,3036,3036,2021-11-01 17:51:25.339000+00:00,2021-11-01 18:00:10.839000+00:00,18.05812604134298,18.194061737490347,18.43294050851771,17.894386211938116
D:\DAS\_ship_position_estimation_from_das_noais\run_20260613_222353\tables\estimated_ship_track_offcable_das_only.csv,estimated_ship_track_offcable_das_only.csv,2026-06-14 02:15:54,time_utc,est_ship_lat_plus,est_lon,est_channel,4482.0,5173.0,est_cable,south,3036,3036,2021-11-01 17:51:25.339000+00:00,2021-11-01 18:00:10.839000+00:00,18.05812604134298,18.194061737490347,18.43294050851771,17.894386211938116
D:\DAS\_ship_position_estimation_from_das_noais\run_20260613_222353\tables\estimated_ship_track_offcable_das_only.csv,estimated_ship_track_offcable_das_only.csv,2026-06-14 02:15:54,time_utc,est_ship_lat,est_ship_lon_plus,est_channel,4482.0,5173.0,est_cable,south,3036,3036,2021-11-01 17:51:25.339000+00:00,2021-11-01 18:00:10.839000+00:00,18.05812604134298,18.194061737490347,18.43294050851771,17.894386211938116
D:\DAS\_ship_position_estimation_from_das_noais\run_20260613_222353\tables\estimated_ship_track_offcable_das_only.csv,estimated_ship_track_offcable_das_only.csv,2026-06-14 02:15:54,time_utc,est_ship_lat,est_lon,est_channel,4482.0,5173.0,est_cable,south,3036,3036,2021-11-01 17:51:25.339000+00:00,2021-11-01 18:00:10.839000+00:00,18.05812604134298,18.194061737490347,18.43294050851771,17.894386211938116
D:\DAS\_ship_position_estimation_from_das_noais\run_20260613_222353\tables\estimated_ship_track_offcable_das_only.csv,estimated_ship_track_offcable_das_only.csv,2026-06-14 02:15:54,time_utc,est_lat,est_ship_lon_plus,est_channel,4482.0,5173.0,est_cable,south,3036,3036,2021-11-01 17:51:25.339000+00:00,2021-11-01 18:00:10.839000+00:00,18.05812604134298,18.194061737490347,18.43294050851771,17.894386211938116
D:\DAS\_ship_position_estimation_from_das_noais\run_20260613_222353\tables\estimated_ship_track_offcable_das_only.csv,estimated_ship_track_offcable_das_only.csv,2026-06-14 02:15:54,time_utc,est_lat,est_ship_lon,est_channel,4482.0,5173.0,est_cable,south,3036,3036,2021-11-01 17:51:25.339000+00:00,2021-11-01 18:00:10.839000+00:00,18.05812604134298,18.194061737490347,18.43294050851771,17.894386211938116
D:\DAS\_ship_position_estimation_from_das_noais_3d\run_20260618_140657\tables\ais_matched_evaluation_3d.csv,ais_matched_evaluation_3d.csv,2026-06-18 17:49:16,time_utc,est_ship_lat,est_ship_lon,est_channel,4382.0,5171.0,est_cable,south,3036,3036,2021-11-01 17:51:25.339000+00:00,2021-11-01 18:00:10.839000+00:00,18.06242006433973,18.205790815138062,18.445445548043832,17.89540031340348
D:\DAS\_ship_position_estimation_from_das_noais_3d\run_20260618_140657\tables\ais_matched_evaluation_3d.csv,ais_matched_evaluation_3d.csv,2026-06-18 17:49:16,time_utc,est_lat,est_lon,est_channel,4382.0,5171.0,est_cable,south,3036,3036,2021-11-01 17:51:25.339000+00:00,2021-11-01 18:00:10.839000+00:00,18.06242006433973,18.205790815138062,18.445445548043832,17.89540031340348
D:\DAS\_ship_position_estimation_from_das_noais_3d\run_20260618_140657\tables\ais_matched_evaluation_3d.csv,ais_matched_evaluation_3d.csv,2026-06-18 17:49:16,time_utc,est_ship_lat_plus,est_ship_lon_plus,est_channel,4382.0,5171.0,est_cable,south,3036,3036,2021-11-01 17:51:25.339000+00:00,2021-11-01 18:00:10.839000+00:00,18.06242006433973,18.205790815138062,18.445445548043832,17.89540031340348
D:\DAS\_ship_position_estimation_from_das_noais_3d\run_20260618_140657\tables\ais_matched_evaluation_3d.csv,ais_matched_evaluation_3d.csv,2026-06-18 17:49:16,time_utc,est_ship_lat_plus,est_ship_lon,est_channel,4382.0,5171.0,est_cable,south,3036,3036,2021-11-01 17:51:25.339000+00:00,2021-11-01 18:00:10.839000+00:00,18.06242006433973,18.205790815138062,18.445445548043832,17.89540031340348
D:\DAS\_ship_position_estimation_from_das_noais_3d\run_20260618_140657\tables\ais_matched_evaluation_3d.csv,ais_matched_evaluation_3d.csv,2026-06-18 17:49:16,time_utc,est_ship_lat_plus,est_lon,est_channel,4382.0,5171.0,est_cable,south,3036,3036,2021-11-01 17:51:25.339000+00:00,2021-11-01 18:00:10.839000+00:00,18.06242006433973,18.205790815138062,18.445445548043832,17.89540031340348
D:\DAS\_ship_position_estimation_from_das_noais_3d\run_20260618_140657\tables\ais_matched_evaluation_3d.csv,ais_matched_evaluation_3d.csv,2026-06-18 17:49:16,time_utc,est_ship_lat,est_ship_lon_plus,est_channel,4382.0,5171.0,est_cable,south,3036,3036,2021-11-01 17:51:25.339000+00:00,2021-11-01 18:00:10.839000+00:00,18.06242006433973,18.205790815138062,18.445445548043832,17.89540031340348
D:\DAS\_ship_position_estimation_from_das_noais_3d\run_20260618_140657\tables\ais_matched_evaluation_3d.csv,ais_matched_evaluation_3d.csv,2026-06-18 17:49:16,time_utc,est_ship_lat,est_lon,est_channel,4382.0,5171.0,est_cable,south,3036,3036,2021-11-01 17:51:25.339000+00:00,2021-11-01 18:00:10.839000+00:00,18.06242006433973,18.205790815138062,18.445445548043832,17.89540031340348
D:\DAS\_ship_position_estimation_from_das_noais_3d\run_20260618_140657\tables\ais_matched_evaluation_3d.csv,ais_matched_evaluation_3d.csv,2026-06-18 17:49:16,time_utc,est_lat,est_ship_lon_plus,est_channel,4382.0,5171.0,est_cable,south,3036,3036,2021-11-01 17:51:25.339000+00:00,2021-11-01 18:00:10.839000+00:00,18.06242006433973,18.205790815138062,18.445445548043832,17.89540031340348
D:\DAS\_ship_position_estimation_from_das_noais_3d\run_20260618_140657\tables\ais_matched_evaluation_3d.csv,ais_matched_evaluation_3d.csv,2026-06-18 17:49:16,time_utc,est_lat,est_ship_lon,est_channel,4382.0,5171.0,est_cable,south,3036,3036,2021-11-01 17:51:25.339000+00:00,2021-11-01 18:00:10.839000+00:00,18.06242006433973,18.205790815138062,18.445445548043832,17.89540031340348
D:\DAS\_ship_position_estimation_from_das_noais_3d\run_20260618_140657\tables\estimated_ship_track_offcable_noais_3d_diagnostics.csv,estimated_ship_track_offcable_noais_3d_diagnostics.csv,2026-06-18 17:47:58,time_utc,est_ship_lat_plus,est_ship_lon_plus,est_channel,4382.0,5171.0,est_cable_depth_m,-53.53029,3036,3036,2021-11-01 17:51:25.339000+00:00,2021-11-01 18:00:10.839000+00:00,18.06242006433973,18.205790815138062,18.445445548043832,17.89540031340348
D:\DAS\_ship_position_estimation_from_das_noais_3d\run_20260618_140657\tables\estimated_ship_track_offcable_noais_3d_diagnostics.csv,estimated_ship_track_offcable_noais_3d_diagnostics.csv,2026-06-18 17:47:58,time_utc,est_ship_lat_plus,est_ship_lon_plus,est_channel,4382.0,5171.0,est_cable_depth_m,-53.53029,3036,3036,2021-11-01 17:51:25.339000+00:00,2021-11-01 18:00:10.839000+00:00,18.06242006433973,18.205790815138062,18.445445548043832,17.89540031340348
D:\DAS\_ship_position_estimation_from_das_noais_3d\run_20260618_140657\tables\estimated_ship_track_offcable_noais_3d_diagnostics.csv,estimated_ship_track_offcable_noais_3d_diagnostics.csv,2026-06-18 17:47:58,time_utc,est_ship_lat_plus,est_ship_lon_plus,est_channel,4382.0,5171.0,est_cable_depth_m,-53.53029,3036,3036,2021-11-01 17:51:25.339000+00:00,2021-11-01 18:00:10.839000+00:00,18.06242006433973,18.205790815138062,18.445445548043832,17.89540031340348
D:\DAS\_ship_position_estimation_from_das_noais_3d\run_20260618_140657\tables\estimated_ship_track_offcable_das_only_3d.csv,estimated_ship_track_offcable_das_only_3d.csv,2026-06-18 17:47:58,time_utc,est_ship_lat,est_ship_lon,est_channel,4382.0,5171.0,est_cable,south,3036,3036,2021-11-01 17:51:25.339000+00:00,2021-11-01 18:00:10.839000+00:00,18.06242006433973,18.205790815138062,18.445445548043832,17.89540031340348
D:\DAS\_ship_position_estimation_from_das_noais_3d\run_20260618_140657\tables\estimated_ship_track_offcable_das_only_3d.csv,estimated_ship_track_offcable_das_only_3d.csv,2026-06-18 17:47:58,time_utc,est_lat,est_lon,est_channel,4382.0,5171.0,est_cable,south,3036,3036,2021-11-01 17:51:25.339000+00:00,2021-11-01 18:00:10.839000+00:00,18.06242006433973,18.205790815138062,18.445445548043832,17.89540031340348
D:\DAS\_ship_position_estimation_from_das_noais_3d\run_20260618_140657\tables\estimated_ship_track_offcable_das_only_3d.csv,estimated_ship_track_offcable_das_only_3d.csv,2026-06-18 17:47:58,time_utc,est_ship_lat_plus,est_ship_lon_plus,est_channel,4382.0,5171.0,est_cable,south,3036,3036,2021-11-01 17:51:25.339000+00:00,2021-11-01 18:00:10.839000+00:00,18.06242006433973,18.205790815138062,18.445445548043832,17.89540031340348
D:\DAS\_ship_position_estimation_from_das_noais_3d\run_20260618_140657\tables\estimated_ship_track_offcable_das_only_3d.csv,estimated_ship_track_offcable_das_only_3d.csv,2026-06-18 17:47:58,time_utc,est_ship_lat_plus,est_ship_lon,est_channel,4382.0,5171.0,est_cable,south,3036,3036,2021-11-01 17:51:25.339000+00:00,2021-11-01 18:00:10.839000+00:00,18.06242006433973,18.205790815138062,18.445445548043832,17.89540031340348
D:\DAS\_ship_position_estimation_from_das_noais_3d\run_20260618_140657\tables\estimated_ship_track_offcable_das_only_3d.csv,estimated_ship_track_offcable_das_only_3d.csv,2026-06-18 17:47:58,time_utc,est_ship_lat_plus,est_lon,est_channel,4382.0,5171.0,est_cable,south,3036,3036,2021-11-01 17:51:25.339000+00:00,2021-11-01 18:00:10.839000+00:00,18.06242006433973,18.205790815138062,18.445445548043832,17.89540031340348
D:\DAS\_ship_position_estimation_from_das_noais_3d\run_20260618_140657\tables\estimated_ship_track_offcable_das_only_3d.csv,estimated_ship_track_offcable_das_only_3d.csv,2026-06-18 17:47:58,time_utc,est_ship_lat,est_ship_lon_plus,est_channel,4382.0,5171.0,est_cable,south,3036,3036,2021-11-01 17:51:25.339000+00:00,2021-11-01 18:00:10.839000+00:00,18.06242006433973,18.205790815138062,18.445445548043832,17.89540031340348
D:\DAS\_ship_position_estimation_from_das_noais_3d\run_20260618_140657\tables\estimated_ship_track_offcable_das_only_3d.csv,estimated_ship_track_offcable_das_only_3d.csv,2026-06-18 17:47:58,time_utc,est_ship_lat,est_lon,est_channel,4382.0,5171.0,est_cable,south,3036,3036,2021-11-01 17:51:25.339000+00:00,2021-11-01 18:00:10.839000+00:00,18.06242006433973,18.205790815138062,18.445445548043832,17.89540031340348
D:\DAS\_ship_position_estimation_from_das_noais_3d\run_20260618_140657\tables\estimated_ship_track_offcable_das_only_3d.csv,estimated_ship_track_offcable_das_only_3d.csv,2026-06-18 17:47:58,time_utc,est_lat,est_ship_lon_plus,est_channel,4382.0,5171.0,est_cable,south,3036,3036,2021-11-01 17:51:25.339000+00:00,2021-11-01 18:00:10.839000+00:00,18.06242006433973,18.205790815138062,18.445445548043832,17.89540031340348
D:\DAS\_ship_position_estimation_from_das_noais_3d\run_20260618_140657\tables\estimated_ship_track_offcable_das_only_3d.csv,estimated_ship_track_offcable_das_only_3d.csv,2026-06-18 17:47:58,time_utc,est_lat,est_ship_lon,est_channel,4382.0,5171.0,est_cable,south,3036,3036,2021-11-01 17:51:25.339000+00:00,2021-11-01 18:00:10.839000+00:00,18.06242006433973,18.205790815138062,18.445445548043832,17.89540031340348
D:\DAS\_ship_position_estimation_from_das_noais_3d\run_20260618_124039\tables\ais_matched_evaluation_3d.csv,ais_matched_evaluation_3d.csv,2026-06-18 16:24:26,time_utc,est_ship_lat,est_ship_lon,est_channel,4382.0,5171.0,est_cable,south,3036,3036,2021-11-01 17:51:25.339000+00:00,2021-11-01 18:00:10.839000+00:00,18.06242006433973,18.205790815138062,18.445445548043832,17.89540031340348
D:\DAS\_ship_position_estimation_from_das_noais_3d\run_20260618_124039\tables\ais_matched_evaluation_3d.csv,ais_matched_evaluation_3d.csv,2026-06-18 16:24:26,time_utc,est_lat,est_lon,est_channel,4382.0,5171.0,est_cable,south,3036,3036,2021-11-01 17:51:25.339000+00:00,2021-11-01 18:00:10.839000+00:00,18.06242006433973,18.205790815138062,18.445445548043832,17.89540031340348
D:\DAS\_ship_position_estimation_from_das_noais_3d\run_20260618_124039\tables\ais_matched_evaluation_3d.csv,ais_matched_evaluation_3d.csv,2026-06-18 16:24:26,time_utc,est_ship_lat_plus,est_ship_lon_plus,est_channel,4382.0,5171.0,est_cable,south,3036,3036,2021-11-01 17:51:25.339000+00:00,2021-11-01 18:00:10.839000+00:00,18.06242006433973,18.205790815138062,18.445445548043832,17.89540031340348
D:\DAS\_ship_position_estimation_from_das_noais_3d\run_20260618_124039\tables\ais_matched_evaluation_3d.csv,ais_matched_evaluation_3d.csv,2026-06-18 16:24:26,time_utc,est_ship_lat_plus,est_ship_lon,est_channel,4382.0,5171.0,est_cable,south,3036,3036,2021-11-01 17:51:25.339000+00:00,2021-11-01 18:00:10.839000+00:00,18.06242006433973,18.205790815138062,18.445445548043832,17.89540031340348
D:\DAS\_ship_position_estimation_from_das_noais_3d\run_20260618_124039\tables\ais_matched_evaluation_3d.csv,ais_matched_evaluation_3d.csv,2026-06-18 16:24:26,time_utc,est_ship_lat_plus,est_lon,est_channel,4382.0,5171.0,est_cable,south,3036,3036,2021-11-01 17:51:25.339000+00:00,2021-11-01 18:00:10.839000+00:00,18.06242006433973,18.205790815138062,18.445445548043832,17.89540031340348
D:\DAS\_ship_position_estimation_from_das_noais_3d\run_20260618_124039\tables\ais_matched_evaluation_3d.csv,ais_matched_evaluation_3d.csv,2026-06-18 16:24:26,time_utc,est_ship_lat,est_ship_lon_plus,est_channel,4382.0,5171.0,est_cable,south,3036,3036,2021-11-01 17:51:25.339000+00:00,2021-11-01 18:00:10.839000+00:00,18.06242006433973,18.205790815138062,18.445445548043832,17.89540031340348
D:\DAS\_ship_position_estimation_from_das_noais_3d\run_20260618_124039\tables\ais_matched_evaluation_3d.csv,ais_matched_evaluation_3d.csv,2026-06-18 16:24:26,time_utc,est_ship_lat,est_lon,est_channel,4382.0,5171.0,est_cable,south,3036,3036,2021-11-01 17:51:25.339000+00:00,2021-11-01 18:00:10.839000+00:00,18.06242006433973,18.205790815138062,18.445445548043832,17.89540031340348
D:\DAS\_ship_position_estimation_from_das_noais_3d\run_20260618_124039\tables\ais_matched_evaluation_3d.csv,ais_matched_evaluation_3d.csv,2026-06-18 16:24:26,time_utc,est_lat,est_ship_lon_plus,est_channel,4382.0,5171.0,est_cable,south,3036,3036,2021-11-01 17:51:25.339000+00:00,2021-11-01 18:00:10.839000+00:00,18.06242006433973,18.205790815138062,18.445445548043832,17.89540031340348
D:\DAS\_ship_position_estimation_from_das_noais_3d\run_20260618_124039\tables\ais_matched_evaluation_3d.csv,ais_matched_evaluation_3d.csv,2026-06-18 16:24:26,time_utc,est_lat,est_ship_lon,est_channel,4382.0,5171.0,est_cable,south,3036,3036,2021-11-01 17:51:25.339000+00:00,2021-11-01 18:00:10.839000+00:00,18.06242006433973,18.205790815138062,18.445445548043832,17.89540031340348
D:\DAS\_ship_position_estimation_from_das_noais_3d\run_20260618_124039\tables\estimated_ship_track_offcable_noais_3d_diagnostics.csv,estimated_ship_track_offcable_noais_3d_diagnostics.csv,2026-06-18 16:23:06,time_utc,est_ship_lat_plus,est_ship_lon_plus,est_channel,4382.0,5171.0,est_cable_depth_m,-53.53029,3036,3036,2021-11-01 17:51:25.339000+00:00,2021-11-01 18:00:10.839000+00:00,18.06242006433973,18.205790815138062,18.445445548043832,17.89540031340348
D:\DAS\_ship_position_estimation_from_das_noais_3d\run_20260618_124039\tables\estimated_ship_track_offcable_noais_3d_diagnostics.csv,estimated_ship_track_offcable_noais_3d_diagnostics.csv,2026-06-18 16:23:06,time_utc,est_ship_lat_plus,est_ship_lon_plus,est_channel,4382.0,5171.0,est_cable_depth_m,-53.53029,3036,3036,2021-11-01 17:51:25.339000+00:00,2021-11-01 18:00:10.839000+00:00,18.06242006433973,18.205790815138062,18.445445548043832,17.89540031340348
D:\DAS\_ship_position_estimation_from_das_noais_3d\run_20260618_124039\tables\estimated_ship_track_offcable_noais_3d_diagnostics.csv,estimated_ship_track_offcable_noais_3d_diagnostics.csv,2026-06-18 16:23:06,time_utc,est_ship_lat_plus,est_ship_lon_plus,est_channel,4382.0,5171.0,est_cable_depth_m,-53.53029,3036,3036,2021-11-01 17:51:25.339000+00:00,2021-11-01 18:00:10.839000+00:00,18.06242006433973,18.205790815138062,18.445445548043832,17.89540031340348
D:\DAS\_ship_position_estimation_from_das_noais_3d\run_20260618_124039\tables\estimated_ship_track_offcable_das_only_3d.csv,estimated_ship_track_offcable_das_only_3d.csv,2026-06-18 16:23:06,time_utc,est_ship_lat,est_ship_lon,est_channel,4382.0,5171.0,est_cable,south,3036,3036,2021-11-01 17:51:25.339000+00:00,2021-11-01 18:00:10.839000+00:00,18.06242006433973,18.205790815138062,18.445445548043832,17.89540031340348
D:\DAS\_ship_position_estimation_from_das_noais_3d\run_20260618_124039\tables\estimated_ship_track_offcable_das_only_3d.csv,estimated_ship_track_offcable_das_only_3d.csv,2026-06-18 16:23:06,time_utc,est_lat,est_lon,est_channel,4382.0,5171.0,est_cable,south,3036,3036,2021-11-01 17:51:25.339000+00:00,2021-11-01 18:00:10.839000+00:00,18.06242006433973,18.205790815138062,18.445445548043832,17.89540031340348
D:\DAS\_ship_position_estimation_from_das_noais_3d\run_20260618_124039\tables\estimated_ship_track_offcable_das_only_3d.csv,estimated_ship_track_offcable_das_only_3d.csv,2026-06-18 16:23:06,time_utc,est_ship_lat_plus,est_ship_lon_plus,est_channel,4382.0,5171.0,est_cable,south,3036,3036,2021-11-01 17:51:25.339000+00:00,2021-11-01 18:00:10.839000+00:00,18.06242006433973,18.205790815138062,18.445445548043832,17.89540031340348
D:\DAS\_ship_position_estimation_from_das_noais_3d\run_20260618_124039\tables\estimated_ship_track_offcable_das_only_3d.csv,estimated_ship_track_offcable_das_only_3d.csv,2026-06-18 16:23:06,time_utc,est_ship_lat_plus,est_ship_lon,est_channel,4382.0,5171.0,est_cable,south,3036,3036,2021-11-01 17:51:25.339000+00:00,2021-11-01 18:00:10.839000+00:00,18.06242006433973,18.205790815138062,18.445445548043832,17.89540031340348
D:\DAS\_ship_position_estimation_from_das_noais_3d\run_20260618_124039\tables\estimated_ship_track_offcable_das_only_3d.csv,estimated_ship_track_offcable_das_only_3d.csv,2026-06-18 16:23:06,time_utc,est_ship_lat_plus,est_lon,est_channel,4382.0,5171.0,est_cable,south,3036,3036,2021-11-01 17:51:25.339000+00:00,2021-11-01 18:00:10.839000+00:00,18.06242006433973,18.205790815138062,18.445445548043832,17.89540031340348
D:\DAS\_ship_position_estimation_from_das_noais_3d\run_20260618_124039\tables\estimated_ship_track_offcable_das_only_3d.csv,estimated_ship_track_offcable_das_only_3d.csv,2026-06-18 16:23:06,time_utc,est_ship_lat,est_ship_lon_plus,est_channel,4382.0,5171.0,est_cable,south,3036,3036,2021-11-01 17:51:25.339000+00:00,2021-11-01 18:00:10.839000+00:00,18.06242006433973,18.205790815138062,18.445445548043832,17.89540031340348
D:\DAS\_ship_position_estimation_from_das_noais_3d\run_20260618_124039\tables\estimated_ship_track_offcable_das_only_3d.csv,estimated_ship_track_offcable_das_only_3d.csv,2026-06-18 16:23:06,time_utc,est_ship_lat,est_lon,est_channel,4382.0,5171.0,est_cable,south,3036,3036,2021-11-01 17:51:25.339000+00:00,2021-11-01 18:00:10.839000+00:00,18.06242006433973,18.205790815138062,18.445445548043832,17.89540031340348
D:\DAS\_ship_position_estimation_from_das_noais_3d\run_20260618_124039\tables\estimated_ship_track_offcable_das_only_3d.csv,estimated_ship_track_offcable_das_only_3d.csv,2026-06-18 16:23:06,time_utc,est_lat,est_ship_lon_plus,est_channel,4382.0,5171.0,est_cable,south,3036,3036,2021-11-01 17:51:25.339000+00:00,2021-11-01 18:00:10.839000+00:00,18.06242006433973,18.205790815138062,18.445445548043832,17.89540031340348
D:\DAS\_ship_position_estimation_from_das_noais_3d\run_20260618_124039\tables\estimated_ship_track_offcable_das_only_3d.csv,estimated_ship_track_offcable_das_only_3d.csv,2026-06-18 16:23:06,time_utc,est_lat,est_ship_lon,est_channel,4382.0,5171.0,est_cable,south,3036,3036,2021-11-01 17:51:25.339000+00:00,2021-11-01 18:00:10.839000+00:00,18.06242006433973,18.205790815138062,18.445445548043832,17.89540031340348
D:\DAS\_ship_position_estimation_from_das_noais\run_20260613_222353\tables\estimate_vs_ais_groundtruth_evaluation_only.csv,estimate_vs_ais_groundtruth_evaluation_only.csv,2026-06-14 02:16:58,time_utc,est_cable_lat,est_ship_lon_minus,est_channel,4482.0,5173.0,est_cable,south,3036,3036,2021-11-01 17:51:25.339000+00:00,2021-11-01 18:00:10.839000+00:00,18.069672188560887,18.20389138624682,18.43942705016357,17.90562578547297
D:\DAS\_ship_position_estimation_from_das_noais\run_20260613_222353\tables\estimated_ship_track_offcable_das_only.csv,estimated_ship_track_offcable_das_only.csv,2026-06-14 02:15:54,time_utc,est_cable_lat,est_ship_lon_minus,est_channel,4482.0,5173.0,est_cable,south,3036,3036,2021-11-01 17:51:25.339000+00:00,2021-11-01 18:00:10.839000+00:00,18.069672188560887,18.20389138624682,18.43942705016357,17.90562578547297
D:\DAS\_ship_position_estimation_from_das_noais_3d\run_20260618_140657\tables\ais_matched_evaluation_3d.csv,ais_matched_evaluation_3d.csv,2026-06-18 17:49:16,time_utc,est_cable_lat,est_ship_lon_minus,est_channel,4382.0,5171.0,est_cable,south,3036,3036,2021-11-01 17:51:25.339000+00:00,2021-11-01 18:00:10.839000+00:00,18.07351762766364,18.215117701578624,18.451365413003757,17.906012323548392
D:\DAS\_ship_position_estimation_from_das_noais_3d\run_20260618_140657\tables\estimated_ship_track_offcable_das_only_3d.csv,estimated_ship_track_offcable_das_only_3d.csv,2026-06-18 17:47:58,time_utc,est_cable_lat,est_ship_lon_minus,est_channel,4382.0,5171.0,est_cable,south,3036,3036,2021-11-01 17:51:25.339000+00:00,2021-11-01 18:00:10.839000+00:00,18.07351762766364,18.215117701578624,18.451365413003757,17.906012323548392
D:\DAS\_ship_position_estimation_from_das_noais_3d\run_20260618_124039\tables\ais_matched_evaluation_3d.csv,ais_matched_evaluation_3d.csv,2026-06-18 16:24:26,time_utc,est_cable_lat,est_ship_lon_minus,est_channel,4382.0,5171.0,est_cable,south,3036,3036,2021-11-01 17:51:25.339000+00:00,2021-11-01 18:00:10.839000+00:00,18.07351762766364,18.215117701578624,18.451365413003757,17.906012323548392
D:\DAS\_ship_position_estimation_from_das_noais_3d\run_20260618_124039\tables\estimated_ship_track_offcable_das_only_3d.csv,estimated_ship_track_offcable_das_only_3d.csv,2026-06-18 16:23:06,time_utc,est_cable_lat,est_ship_lon_minus,est_channel,4382.0,5171.0,est_cable,south,3036,3036,2021-11-01 17:51:25.339000+00:00,2021-11-01 18:00:10.839000+00:00,18.07351762766364,18.215117701578624,18.451365413003757,17.906012323548392
D:\DAS\_ship_position_estimation_from_das_noais\run_20260613_222353\tables\estimated_ship_track_offcable_das_only.csv,estimated_ship_track_offcable_das_only.csv,2026-06-14 02:15:54,time_utc,est_cable_lat,est_cable_lon,est_channel,4482.0,5173.0,est_cable,south,3036,3036,2021-11-01 17:51:25.339000+00:00,2021-11-01 18:00:10.839000+00:00,18.07583781948267,18.210150965931447,18.44566623718384,17.911919523071383
D:\DAS\_ship_position_estimation_from_das_noais\run_20260613_222353\tables\estimated_ship_track_offcable_das_only.csv,estimated_ship_track_offcable_das_only.csv,2026-06-14 02:15:54,time_utc,est_cable_lat,est_cable_lon,est_channel,4482.0,5173.0,est_cable,south,3036,3036,2021-11-01 17:51:25.339000+00:00,2021-11-01 18:00:10.839000+00:00,18.07583781948267,18.210150965931447,18.44566623718384,17.911919523071383
D:\DAS\_ship_position_estimation_from_das_noais\run_20260613_222353\tables\estimated_ship_track_projected_on_cable_das_only.csv,estimated_ship_track_projected_on_cable_das_only.csv,2026-06-14 02:15:50,time_utc,est_cable_lat,est_cable_lon,est_channel,4482.0,5173.0,est_cable,south,3036,3036,2021-11-01 17:51:25.339000+00:00,2021-11-01 18:00:10.839000+00:00,18.07583781948267,18.210150965931447,18.44566623718384,17.911919523071383
D:\DAS\_ship_position_estimation_from_das_noais\run_20260613_222353\tables\estimated_ship_track_projected_on_cable_das_only.csv,estimated_ship_track_projected_on_cable_das_only.csv,2026-06-14 02:15:50,time_utc,est_cable_lat,est_cable_lon,est_channel,4482.0,5173.0,est_cable,south,3036,3036,2021-11-01 17:51:25.339000+00:00,2021-11-01 18:00:10.839000+00:00,18.07583781948267,18.210150965931447,18.44566623718384,17.911919523071383
D:\DAS\_ship_position_estimation_from_das_noais\run_20260613_222353\tables\estimate_vs_ais_groundtruth_evaluation_only.csv,estimate_vs_ais_groundtruth_evaluation_only.csv,2026-06-14 02:16:58,time_utc,est_cable_lat,est_cable_lon,est_channel,4482.0,5173.0,est_cable,south,3036,3036,2021-11-01 17:51:25.339000+00:00,2021-11-01 18:00:10.839000+00:00,18.07583781948267,18.21015096593145,18.44566623718384,17.911919523071383
D:\DAS\_ship_position_estimation_from_das_noais\run_20260613_222353\tables\estimate_vs_ais_groundtruth_evaluation_only.csv,estimate_vs_ais_groundtruth_evaluation_only.csv,2026-06-14 02:16:58,time_utc,est_cable_lat,est_cable_lon,est_channel,4482.0,5173.0,est_cable,south,3036,3036,2021-11-01 17:51:25.339000+00:00,2021-11-01 18:00:10.839000+00:00,18.07583781948267,18.21015096593145,18.44566623718384,17.911919523071383
D:\DAS\_ship_position_estimation_from_das_noais_3d\run_20260618_140657\tables\ais_matched_evaluation_3d.csv,ais_matched_evaluation_3d.csv,2026-06-18 17:49:16,time_utc,est_cable_lat,est_cable_lon,est_channel,4382.0,5171.0,est_cable,south,3036,3036,2021-11-01 17:51:25.339000+00:00,2021-11-01 18:00:10.839000+00:00,18.079739479714533,18.221037005492626,18.457407511990663,17.911919523071383
D:\DAS\_ship_position_estimation_from_das_noais_3d\run_20260618_140657\tables\ais_matched_evaluation_3d.csv,ais_matched_evaluation_3d.csv,2026-06-18 17:49:16,time_utc,est_cable_lat,est_cable_lon,est_channel,4382.0,5171.0,est_cable,south,3036,3036,2021-11-01 17:51:25.339000+00:00,2021-11-01 18:00:10.839000+00:00,18.079739479714533,18.221037005492626,18.457407511990663,17.911919523071383
D:\DAS\_ship_position_estimation_from_das_noais_3d\run_20260618_140657\tables\estimated_ship_track_offcable_das_only_3d.csv,estimated_ship_track_offcable_das_only_3d.csv,2026-06-18 17:47:58,time_utc,est_cable_lat,est_cable_lon,est_channel,4382.0,5171.0,est_cable,south,3036,3036,2021-11-01 17:51:25.339000+00:00,2021-11-01 18:00:10.839000+00:00,18.079739479714533,18.221037005492626,18.457407511990663,17.911919523071383
D:\DAS\_ship_position_estimation_from_das_noais_3d\run_20260618_140657\tables\estimated_ship_track_offcable_das_only_3d.csv,estimated_ship_track_offcable_das_only_3d.csv,2026-06-18 17:47:58,time_utc,est_cable_lat,est_cable_lon,est_channel,4382.0,5171.0,est_cable,south,3036,3036,2021-11-01 17:51:25.339000+00:00,2021-11-01 18:00:10.839000+00:00,18.079739479714533,18.221037005492626,18.457407511990663,17.911919523071383
D:\DAS\_ship_position_estimation_from_das_noais_3d\run_20260618_140657\tables\estimated_projected_track_on_cable_das_only_3d.csv,estimated_projected_track_on_cable_das_only_3d.csv,2026-06-18 17:47:36,time_utc,est_cable_lat,est_cable_lon,est_channel,4382.0,5171.0,est_cable,south,3036,3036,2021-11-01 17:51:25.339000+00:00,2021-11-01 18:00:10.839000+00:00,18.079739479714533,18.221037005492626,18.457407511990663,17.911919523071383
D:\DAS\_ship_position_estimation_from_das_noais_3d\run_20260618_140657\tables\estimated_projected_track_on_cable_das_only_3d.csv,estimated_projected_track_on_cable_das_only_3d.csv,2026-06-18 17:47:36,time_utc,est_cable_lat,est_cable_lon,est_channel,4382.0,5171.0,est_cable,south,3036,3036,2021-11-01 17:51:25.339000+00:00,2021-11-01 18:00:10.839000+00:00,18.079739479714533,18.221037005492626,18.457407511990663,17.911919523071383
D:\DAS\_ship_position_estimation_from_das_noais_3d\run_20260618_124039\tables\ais_matched_evaluation_3d.csv,ais_matched_evaluation_3d.csv,2026-06-18 16:24:26,time_utc,est_cable_lat,est_cable_lon,est_channel,4382.0,5171.0,est_cable,south,3036,3036,2021-11-01 17:51:25.339000+00:00,2021-11-01 18:00:10.839000+00:00,18.079739479714533,18.221037005492626,18.457407511990663,17.911919523071383
D:\DAS\_ship_position_estimation_from_das_noais_3d\run_20260618_124039\tables\ais_matched_evaluation_3d.csv,ais_matched_evaluation_3d.csv,2026-06-18 16:24:26,time_utc,est_cable_lat,est_cable_lon,est_channel,4382.0,5171.0,est_cable,south,3036,3036,2021-11-01 17:51:25.339000+00:00,2021-11-01 18:00:10.839000+00:00,18.079739479714533,18.221037005492626,18.457407511990663,17.911919523071383
D:\DAS\_ship_position_estimation_from_das_noais_3d\run_20260618_124039\tables\estimated_ship_track_offcable_das_only_3d.csv,estimated_ship_track_offcable_das_only_3d.csv,2026-06-18 16:23:06,time_utc,est_cable_lat,est_cable_lon,est_channel,4382.0,5171.0,est_cable,south,3036,3036,2021-11-01 17:51:25.339000+00:00,2021-11-01 18:00:10.839000+00:00,18.079739479714533,18.221037005492626,18.457407511990663,17.911919523071383
D:\DAS\_ship_position_estimation_from_das_noais_3d\run_20260618_124039\tables\estimated_ship_track_offcable_das_only_3d.csv,estimated_ship_track_offcable_das_only_3d.csv,2026-06-18 16:23:06,time_utc,est_cable_lat,est_cable_lon,est_channel,4382.0,5171.0,est_cable,south,3036,3036,2021-11-01 17:51:25.339000+00:00,2021-11-01 18:00:10.839000+00:00,18.079739479714533,18.221037005492626,18.457407511990663,17.911919523071383
D:\DAS\_ship_position_estimation_from_das_noais_3d\run_20260618_124039\tables\estimated_projected_track_on_cable_das_only_3d.csv,estimated_projected_track_on_cable_das_only_3d.csv,2026-06-18 16:22:44,time_utc,est_cable_lat,est_cable_lon,est_channel,4382.0,5171.0,est_cable,south,3036,3036,2021-11-01 17:51:25.339000+00:00,2021-11-01 18:00:10.839000+00:00,18.079739479714533,18.221037005492626,18.457407511990663,17.911919523071383
D:\DAS\_ship_position_estimation_from_das_noais_3d\run_20260618_124039\tables\estimated_projected_track_on_cable_das_only_3d.csv,estimated_projected_track_on_cable_das_only_3d.csv,2026-06-18 16:22:44,time_utc,est_cable_lat,est_cable_lon,est_channel,4382.0,5171.0,est_cable,south,3036,3036,2021-11-01 17:51:25.339000+00:00,2021-11-01 18:00:10.839000+00:00,18.079739479714533,18.221037005492626,18.457407511990663,17.911919523071383
D:\DAS\_ship_position_estimation_from_das_noais\run_20260613_222353\tables\estimate_vs_ais_groundtruth_evaluation_only.csv,estimate_vs_ais_groundtruth_evaluation_only.csv,2026-06-14 02:16:58,time_utc,est_cable_lat,est_ship_lon_plus,est_channel,4482.0,5173.0,est_cable,south,3036,3036,2021-11-01 17:51:25.339000+00:00,2021-11-01 18:00:10.839000+00:00,18.08225197899312,18.216410576969178,18.45190544595794,17.918213297041703
D:\DAS\_ship_position_estimation_from_das_noais\run_20260613_222353\tables\estimate_vs_ais_groundtruth_evaluation_only.csv,estimate_vs_ais_groundtruth_evaluation_only.csv,2026-06-14 02:16:58,time_utc,est_cable_lat,est_ship_lon,est_channel,4482.0,5173.0,est_cable,south,3036,3036,2021-11-01 17:51:25.339000+00:00,2021-11-01 18:00:10.839000+00:00,18.08225197899312,18.216410576969178,18.45190544595794,17.918213297041703
D:\DAS\_ship_position_estimation_from_das_noais\run_20260613_222353\tables\estimate_vs_ais_groundtruth_evaluation_only.csv,estimate_vs_ais_groundtruth_evaluation_only.csv,2026-06-14 02:16:58,time_utc,est_cable_lat,est_lon,est_channel,4482.0,5173.0,est_cable,south,3036,3036,2021-11-01 17:51:25.339000+00:00,2021-11-01 18:00:10.839000+00:00,18.08225197899312,18.216410576969178,18.45190544595794,17.918213297041703
D:\DAS\_ship_position_estimation_from_das_noais\run_20260613_222353\tables\estimated_ship_track_offcable_das_only.csv,estimated_ship_track_offcable_das_only.csv,2026-06-14 02:15:54,time_utc,est_cable_lat,est_ship_lon_plus,est_channel,4482.0,5173.0,est_cable,south,3036,3036,2021-11-01 17:51:25.339000+00:00,2021-11-01 18:00:10.839000+00:00,18.08225197899312,18.216410576969178,18.45190544595794,17.918213297041703
D:\DAS\_ship_position_estimation_from_das_noais\run_20260613_222353\tables\estimated_ship_track_offcable_das_only.csv,estimated_ship_track_offcable_das_only.csv,2026-06-14 02:15:54,time_utc,est_cable_lat,est_ship_lon,est_channel,4482.0,5173.0,est_cable,south,3036,3036,2021-11-01 17:51:25.339000+00:00,2021-11-01 18:00:10.839000+00:00,18.08225197899312,18.216410576969178,18.45190544595794,17.918213297041703
D:\DAS\_ship_position_estimation_from_das_noais\run_20260613_222353\tables\estimated_ship_track_offcable_das_only.csv,estimated_ship_track_offcable_das_only.csv,2026-06-14 02:15:54,time_utc,est_cable_lat,est_lon,est_channel,4482.0,5173.0,est_cable,south,3036,3036,2021-11-01 17:51:25.339000+00:00,2021-11-01 18:00:10.839000+00:00,18.08225197899312,18.216410576969178,18.45190544595794,17.918213297041703
D:\DAS\_ship_position_estimation_from_das_noais_3d\run_20260618_140657\tables\ais_matched_evaluation_3d.csv,ais_matched_evaluation_3d.csv,2026-06-18 17:49:16,time_utc,est_cable_lat,est_ship_lon_plus,est_channel,4382.0,5171.0,est_cable,south,3036,3036,2021-11-01 17:51:25.339000+00:00,2021-11-01 18:00:10.839000+00:00,18.085814032081554,18.226956337498113,18.463635431217725,17.917826754637783
D:\DAS\_ship_position_estimation_from_das_noais_3d\run_20260618_140657\tables\ais_matched_evaluation_3d.csv,ais_matched_evaluation_3d.csv,2026-06-18 17:49:16,time_utc,est_cable_lat,est_ship_lon,est_channel,4382.0,5171.0,est_cable,south,3036,3036,2021-11-01 17:51:25.339000+00:00,2021-11-01 18:00:10.839000+00:00,18.085814032081554,18.226956337498113,18.463635431217725,17.917826754637783
D:\DAS\_ship_position_estimation_from_das_noais_3d\run_20260618_140657\tables\ais_matched_evaluation_3d.csv,ais_matched_evaluation_3d.csv,2026-06-18 17:49:16,time_utc,est_cable_lat,est_lon,est_channel,4382.0,5171.0,est_cable,south,3036,3036,2021-11-01 17:51:25.339000+00:00,2021-11-01 18:00:10.839000+00:00,18.085814032081554,18.226956337498113,18.463635431217725,17.917826754637783
D:\DAS\_ship_position_estimation_from_das_noais_3d\run_20260618_140657\tables\estimated_ship_track_offcable_das_only_3d.csv,estimated_ship_track_offcable_das_only_3d.csv,2026-06-18 17:47:58,time_utc,est_cable_lat,est_ship_lon_plus,est_channel,4382.0,5171.0,est_cable,south,3036,3036,2021-11-01 17:51:25.339000+00:00,2021-11-01 18:00:10.839000+00:00,18.085814032081554,18.226956337498113,18.463635431217725,17.917826754637783
D:\DAS\_ship_position_estimation_from_das_noais_3d\run_20260618_140657\tables\estimated_ship_track_offcable_das_only_3d.csv,estimated_ship_track_offcable_das_only_3d.csv,2026-06-18 17:47:58,time_utc,est_cable_lat,est_ship_lon,est_channel,4382.0,5171.0,est_cable,south,3036,3036,2021-11-01 17:51:25.339000+00:00,2021-11-01 18:00:10.839000+00:00,18.085814032081554,18.226956337498113,18.463635431217725,17.917826754637783
D:\DAS\_ship_position_estimation_from_das_noais_3d\run_20260618_140657\tables\estimated_ship_track_offcable_das_only_3d.csv,estimated_ship_track_offcable_das_only_3d.csv,2026-06-18 17:47:58,time_utc,est_cable_lat,est_lon,est_channel,4382.0,5171.0,est_cable,south,3036,3036,2021-11-01 17:51:25.339000+00:00,2021-11-01 18:00:10.839000+00:00,18.085814032081554,18.226956337498113,18.463635431217725,17.917826754637783
D:\DAS\_ship_position_estimation_from_das_noais_3d\run_20260618_124039\tables\ais_matched_evaluation_3d.csv,ais_matched_evaluation_3d.csv,2026-06-18 16:24:26,time_utc,est_cable_lat,est_ship_lon_plus,est_channel,4382.0,5171.0,est_cable,south,3036,3036,2021-11-01 17:51:25.339000+00:00,2021-11-01 18:00:10.839000+00:00,18.085814032081554,18.226956337498113,18.463635431217725,17.917826754637783
D:\DAS\_ship_position_estimation_from_das_noais_3d\run_20260618_124039\tables\ais_matched_evaluation_3d.csv,ais_matched_evaluation_3d.csv,2026-06-18 16:24:26,time_utc,est_cable_lat,est_ship_lon,est_channel,4382.0,5171.0,est_cable,south,3036,3036,2021-11-01 17:51:25.339000+00:00,2021-11-01 18:00:10.839000+00:00,18.085814032081554,18.226956337498113,18.463635431217725,17.917826754637783
D:\DAS\_ship_position_estimation_from_das_noais_3d\run_20260618_124039\tables\ais_matched_evaluation_3d.csv,ais_matched_evaluation_3d.csv,2026-06-18 16:24:26,time_utc,est_cable_lat,est_lon,est_channel,4382.0,5171.0,est_cable,south,3036,3036,2021-11-01 17:51:25.339000+00:00,2021-11-01 18:00:10.839000+00:00,18.085814032081554,18.226956337498113,18.463635431217725,17.917826754637783
D:\DAS\_ship_position_estimation_from_das_noais_3d\run_20260618_124039\tables\estimated_ship_track_offcable_das_only_3d.csv,estimated_ship_track_offcable_das_only_3d.csv,2026-06-18 16:23:06,time_utc,est_cable_lat,est_ship_lon_plus,est_channel,4382.0,5171.0,est_cable,south,3036,3036,2021-11-01 17:51:25.339000+00:00,2021-11-01 18:00:10.839000+00:00,18.085814032081554,18.226956337498113,18.463635431217725,17.917826754637783
D:\DAS\_ship_position_estimation_from_das_noais_3d\run_20260618_124039\tables\estimated_ship_track_offcable_das_only_3d.csv,estimated_ship_track_offcable_das_only_3d.csv,2026-06-18 16:23:06,time_utc,est_cable_lat,est_ship_lon,est_channel,4382.0,5171.0,est_cable,south,3036,3036,2021-11-01 17:51:25.339000+00:00,2021-11-01 18:00:10.839000+00:00,18.085814032081554,18.226956337498113,18.463635431217725,17.917826754637783
D:\DAS\_ship_position_estimation_from_das_noais_3d\run_20260618_124039\tables\estimated_ship_track_offcable_das_only_3d.csv,estimated_ship_track_offcable_das_only_3d.csv,2026-06-18 16:23:06,time_utc,est_cable_lat,est_lon,est_channel,4382.0,5171.0,est_cable,south,3036,3036,2021-11-01 17:51:25.339000+00:00,2021-11-01 18:00:10.839000+00:00,18.085814032081554,18.226956337498113,18.463635431217725,17.917826754637783
D:\DAS\_ship_position_estimation_from_das_noais\run_20260613_222353\tables\estimated_ship_track_offcable_noais_diagnostics.csv,estimated_ship_track_offcable_noais_diagnostics.csv,2026-06-14 02:15:54,time_utc,est_ship_lat_minus,est_ship_lon_minus,est_channel,4482.0,5173.0,,,3036,3036,2021-11-01 17:51:25.339000+00:00,2021-11-01 18:00:10.839000+00:00,18.09655778490587,18.228465680161552,18.46059343268957,17.93162510516168
D:\DAS\_ship_position_estimation_from_das_noais\run_20260613_222353\tables\estimated_ship_track_offcable_das_only.csv,estimated_ship_track_offcable_das_only.csv,2026-06-14 02:15:54,time_utc,est_ship_lat_minus,est_ship_lon_minus,est_channel,4482.0,5173.0,est_cable,south,3036,3036,2021-11-01 17:51:25.339000+00:00,2021-11-01 18:00:10.839000+00:00,18.09655778490587,18.228465680161552,18.46059343268957,17.93162510516168
D:\DAS\_ship_position_estimation_from_das_noais\run_20260613_222353\tables\estimate_vs_ais_groundtruth_evaluation_only.csv,estimate_vs_ais_groundtruth_evaluation_only.csv,2026-06-14 02:16:58,time_utc,est_ship_lat_minus,est_ship_lon_minus,est_channel,4482.0,5173.0,est_cable,south,3036,3036,2021-11-01 17:51:25.339000+00:00,2021-11-01 18:00:10.839000+00:00,18.09655778490587,18.228465680161555,18.46059343268957,17.93162510516168
D:\DAS\_ship_position_estimation_from_das_noais_3d\run_20260618_140657\tables\ais_matched_evaluation_3d.csv,ais_matched_evaluation_3d.csv,2026-06-18 17:49:16,time_utc,est_ship_lat_minus,est_ship_lon_minus,est_channel,4382.0,5171.0,est_cable,south,3036,3036,2021-11-01 17:51:25.339000+00:00,2021-11-01 18:00:10.839000+00:00,18.098703982091575,18.238276427091915,18.47179421064466,17.93035237771454
D:\DAS\_ship_position_estimation_from_das_noais_3d\run_20260618_140657\tables\estimated_ship_track_offcable_noais_3d_diagnostics.csv,estimated_ship_track_offcable_noais_3d_diagnostics.csv,2026-06-18 17:47:58,time_utc,est_ship_lat_minus,est_ship_lon_minus,est_channel,4382.0,5171.0,est_cable_depth_m,-53.53029,3036,3036,2021-11-01 17:51:25.339000+00:00,2021-11-01 18:00:10.839000+00:00,18.098703982091575,18.238276427091915,18.47179421064466,17.93035237771454
D:\DAS\_ship_position_estimation_from_das_noais_3d\run_20260618_140657\tables\estimated_ship_track_offcable_das_only_3d.csv,estimated_ship_track_offcable_das_only_3d.csv,2026-06-18 17:47:58,time_utc,est_ship_lat_minus,est_ship_lon_minus,est_channel,4382.0,5171.0,est_cable,south,3036,3036,2021-11-01 17:51:25.339000+00:00,2021-11-01 18:00:10.839000+00:00,18.098703982091575,18.238276427091915,18.47179421064466,17.93035237771454
D:\DAS\_ship_position_estimation_from_das_noais_3d\run_20260618_124039\tables\ais_matched_evaluation_3d.csv,ais_matched_evaluation_3d.csv,2026-06-18 16:24:26,time_utc,est_ship_lat_minus,est_ship_lon_minus,est_channel,4382.0,5171.0,est_cable,south,3036,3036,2021-11-01 17:51:25.339000+00:00,2021-11-01 18:00:10.839000+00:00,18.098703982091575,18.238276427091915,18.47179421064466,17.93035237771454
D:\DAS\_ship_position_estimation_from_das_noais_3d\run_20260618_124039\tables\estimated_ship_track_offcable_noais_3d_diagnostics.csv,estimated_ship_track_offcable_noais_3d_diagnostics.csv,2026-06-18 16:23:06,time_utc,est_ship_lat_minus,est_ship_lon_minus,est_channel,4382.0,5171.0,est_cable_depth_m,-53.53029,3036,3036,2021-11-01 17:51:25.339000+00:00,2021-11-01 18:00:10.839000+00:00,18.098703982091575,18.238276427091915,18.47179421064466,17.93035237771454
D:\DAS\_ship_position_estimation_from_das_noais_3d\run_20260618_124039\tables\estimated_ship_track_offcable_das_only_3d.csv,estimated_ship_track_offcable_das_only_3d.csv,2026-06-18 16:23:06,time_utc,est_ship_lat_minus,est_ship_lon_minus,est_channel,4382.0,5171.0,est_cable,south,3036,3036,2021-11-01 17:51:25.339000+00:00,2021-11-01 18:00:10.839000+00:00,18.098703982091575,18.238276427091915,18.47179421064466,17.93035237771454
D:\DAS\_ship_position_estimation_from_das_noais\run_20260613_222353\tables\estimate_vs_ais_groundtruth_evaluation_only.csv,estimate_vs_ais_groundtruth_evaluation_only.csv,2026-06-14 02:16:58,time_utc,est_ship_lat_minus,est_cable_lon,est_channel,4482.0,5173.0,est_cable,south,3036,3036,2021-11-01 17:51:25.339000+00:00,2021-11-01 18:00:10.839000+00:00,18.102948398010223,18.234716502579527,18.46681638873923,17.937909524023276
D:\DAS\_ship_position_estimation_from_das_noais\run_20260613_222353\tables\estimated_ship_track_offcable_das_only.csv,estimated_ship_track_offcable_das_only.csv,2026-06-14 02:15:54,time_utc,est_ship_lat_minus,est_cable_lon,est_channel,4482.0,5173.0,est_cable,south,3036,3036,2021-11-01 17:51:25.339000+00:00,2021-11-01 18:00:10.839000+00:00,18.102948398010223,18.234716502579527,18.46681638873923,17.937909524023276
D:\DAS\_ship_position_estimation_from_das_noais_3d\run_20260618_140657\tables\ais_matched_evaluation_3d.csv,ais_matched_evaluation_3d.csv,2026-06-18 17:49:16,time_utc,est_ship_lat_minus,est_cable_lon,est_channel,4382.0,5171.0,est_cable,south,3036,3036,2021-11-01 17:51:25.339000+00:00,2021-11-01 18:00:10.839000+00:00,18.10476991597747,18.244187903551257,18.47801496116537,17.93625138781314
D:\DAS\_ship_position_estimation_from_das_noais_3d\run_20260618_140657\tables\estimated_ship_track_offcable_das_only_3d.csv,estimated_ship_track_offcable_das_only_3d.csv,2026-06-18 17:47:58,time_utc,est_ship_lat_minus,est_cable_lon,est_channel,4382.0,5171.0,est_cable,south,3036,3036,2021-11-01 17:51:25.339000+00:00,2021-11-01 18:00:10.839000+00:00,18.10476991597747,18.244187903551257,18.47801496116537,17.93625138781314
D:\DAS\_ship_position_estimation_from_das_noais_3d\run_20260618_124039\tables\ais_matched_evaluation_3d.csv,ais_matched_evaluation_3d.csv,2026-06-18 16:24:26,time_utc,est_ship_lat_minus,est_cable_lon,est_channel,4382.0,5171.0,est_cable,south,3036,3036,2021-11-01 17:51:25.339000+00:00,2021-11-01 18:00:10.839000+00:00,18.10476991597747,18.244187903551257,18.47801496116537,17.93625138781314
D:\DAS\_ship_position_estimation_from_das_noais_3d\run_20260618_124039\tables\estimated_ship_track_offcable_das_only_3d.csv,estimated_ship_track_offcable_das_only_3d.csv,2026-06-18 16:23:06,time_utc,est_ship_lat_minus,est_cable_lon,est_channel,4382.0,5171.0,est_cable,south,3036,3036,2021-11-01 17:51:25.339000+00:00,2021-11-01 18:00:10.839000+00:00,18.10476991597747,18.244187903551257,18.47801496116537,17.93625138781314
D:\DAS\_ship_position_estimation_from_das_noais\run_20260613_222353\tables\estimate_vs_ais_groundtruth_evaluation_only.csv,estimate_vs_ais_groundtruth_evaluation_only.csv,2026-06-14 02:16:58,time_utc,est_ship_lat_minus,est_ship_lon_plus,est_channel,4482.0,5173.0,est_cable,south,3036,3036,2021-11-01 17:51:25.339000+00:00,2021-11-01 18:00:10.839000+00:00,18.109303132033894,18.240967362367712,18.47307828220599,17.944193985665986
D:\DAS\_ship_position_estimation_from_das_noais\run_20260613_222353\tables\estimate_vs_ais_groundtruth_evaluation_only.csv,estimate_vs_ais_groundtruth_evaluation_only.csv,2026-06-14 02:16:58,time_utc,est_ship_lat_minus,est_ship_lon,est_channel,4482.0,5173.0,est_cable,south,3036,3036,2021-11-01 17:51:25.339000+00:00,2021-11-01 18:00:10.839000+00:00,18.109303132033894,18.240967362367712,18.47307828220599,17.944193985665986
D:\DAS\_ship_position_estimation_from_das_noais\run_20260613_222353\tables\estimate_vs_ais_groundtruth_evaluation_only.csv,estimate_vs_ais_groundtruth_evaluation_only.csv,2026-06-14 02:16:58,time_utc,est_ship_lat_minus,est_lon,est_channel,4482.0,5173.0,est_cable,south,3036,3036,2021-11-01 17:51:25.339000+00:00,2021-11-01 18:00:10.839000+00:00,18.109303132033894,18.240967362367712,18.47307828220599,17.944193985665986
D:\DAS\_ship_position_estimation_from_das_noais\run_20260613_222353\tables\estimated_ship_track_offcable_noais_diagnostics.csv,estimated_ship_track_offcable_noais_diagnostics.csv,2026-06-14 02:15:54,time_utc,est_ship_lat_minus,est_ship_lon_plus,est_channel,4482.0,5173.0,,,3036,3036,2021-11-01 17:51:25.339000+00:00,2021-11-01 18:00:10.839000+00:00,18.109303132033894,18.240967362367712,18.47307828220599,17.944193985665986
D:\DAS\_ship_position_estimation_from_das_noais\run_20260613_222353\tables\estimated_ship_track_offcable_das_only.csv,estimated_ship_track_offcable_das_only.csv,2026-06-14 02:15:54,time_utc,est_ship_lat_minus,est_ship_lon_plus,est_channel,4482.0,5173.0,est_cable,south,3036,3036,2021-11-01 17:51:25.339000+00:00,2021-11-01 18:00:10.839000+00:00,18.109303132033894,18.240967362367712,18.47307828220599,17.944193985665986
D:\DAS\_ship_position_estimation_from_das_noais\run_20260613_222353\tables\estimated_ship_track_offcable_das_only.csv,estimated_ship_track_offcable_das_only.csv,2026-06-14 02:15:54,time_utc,est_ship_lat_minus,est_ship_lon,est_channel,4482.0,5173.0,est_cable,south,3036,3036,2021-11-01 17:51:25.339000+00:00,2021-11-01 18:00:10.839000+00:00,18.109303132033894,18.240967362367712,18.47307828220599,17.944193985665986
D:\DAS\_ship_position_estimation_from_das_noais\run_20260613_222353\tables\estimated_ship_track_offcable_das_only.csv,estimated_ship_track_offcable_das_only.csv,2026-06-14 02:15:54,time_utc,est_ship_lat_minus,est_lon,est_channel,4482.0,5173.0,est_cable,south,3036,3036,2021-11-01 17:51:25.339000+00:00,2021-11-01 18:00:10.839000+00:00,18.109303132033894,18.240967362367712,18.47307828220599,17.944193985665986
D:\DAS\_ship_position_estimation_from_das_noais_3d\run_20260618_140657\tables\ais_matched_evaluation_3d.csv,ais_matched_evaluation_3d.csv,2026-06-18 17:49:16,time_utc,est_ship_lat_minus,est_ship_lon_plus,est_channel,4382.0,5171.0,est_cable,south,3036,3036,2021-11-01 17:51:25.339000+00:00,2021-11-01 18:00:10.839000+00:00,18.110835888601024,18.25009941320358,18.4839977195456,17.942150435242432
D:\DAS\_ship_position_estimation_from_das_noais_3d\run_20260618_140657\tables\ais_matched_evaluation_3d.csv,ais_matched_evaluation_3d.csv,2026-06-18 17:49:16,time_utc,est_ship_lat_minus,est_ship_lon,est_channel,4382.0,5171.0,est_cable,south,3036,3036,2021-11-01 17:51:25.339000+00:00,2021-11-01 18:00:10.839000+00:00,18.110835888601024,18.25009941320358,18.4839977195456,17.942150435242432
D:\DAS\_ship_position_estimation_from_das_noais_3d\run_20260618_140657\tables\ais_matched_evaluation_3d.csv,ais_matched_evaluation_3d.csv,2026-06-18 17:49:16,time_utc,est_ship_lat_minus,est_lon,est_channel,4382.0,5171.0,est_cable,south,3036,3036,2021-11-01 17:51:25.339000+00:00,2021-11-01 18:00:10.839000+00:00,18.110835888601024,18.25009941320358,18.4839977195456,17.942150435242432
D:\DAS\_ship_position_estimation_from_das_noais_3d\run_20260618_140657\tables\estimated_ship_track_offcable_noais_3d_diagnostics.csv,estimated_ship_track_offcable_noais_3d_diagnostics.csv,2026-06-18 17:47:58,time_utc,est_ship_lat_minus,est_ship_lon_plus,est_channel,4382.0,5171.0,est_cable_depth_m,-53.53029,3036,3036,2021-11-01 17:51:25.339000+00:00,2021-11-01 18:00:10.839000+00:00,18.110835888601024,18.25009941320358,18.4839977195456,17.942150435242432
D:\DAS\_ship_position_estimation_from_das_noais_3d\run_20260618_140657\tables\estimated_ship_track_offcable_das_only_3d.csv,estimated_ship_track_offcable_das_only_3d.csv,2026-06-18 17:47:58,time_utc,est_ship_lat_minus,est_ship_lon_plus,est_channel,4382.0,5171.0,est_cable,south,3036,3036,2021-11-01 17:51:25.339000+00:00,2021-11-01 18:00:10.839000+00:00,18.110835888601024,18.25009941320358,18.4839977195456,17.942150435242432
D:\DAS\_ship_position_estimation_from_das_noais_3d\run_20260618_140657\tables\estimated_ship_track_offcable_das_only_3d.csv,estimated_ship_track_offcable_das_only_3d.csv,2026-06-18 17:47:58,time_utc,est_ship_lat_minus,est_ship_lon,est_channel,4382.0,5171.0,est_cable,south,3036,3036,2021-11-01 17:51:25.339000+00:00,2021-11-01 18:00:10.839000+00:00,18.110835888601024,18.25009941320358,18.4839977195456,17.942150435242432
D:\DAS\_ship_position_estimation_from_das_noais_3d\run_20260618_140657\tables\estimated_ship_track_offcable_das_only_3d.csv,estimated_ship_track_offcable_das_only_3d.csv,2026-06-18 17:47:58,time_utc,est_ship_lat_minus,est_lon,est_channel,4382.0,5171.0,est_cable,south,3036,3036,2021-11-01 17:51:25.339000+00:00,2021-11-01 18:00:10.839000+00:00,18.110835888601024,18.25009941320358,18.4839977195456,17.942150435242432
D:\DAS\_ship_position_estimation_from_das_noais_3d\run_20260618_124039\tables\ais_matched_evaluation_3d.csv,ais_matched_evaluation_3d.csv,2026-06-18 16:24:26,time_utc,est_ship_lat_minus,est_ship_lon_plus,est_channel,4382.0,5171.0,est_cable,south,3036,3036,2021-11-01 17:51:25.339000+00:00,2021-11-01 18:00:10.839000+00:00,18.110835888601024,18.25009941320358,18.4839977195456,17.942150435242432
D:\DAS\_ship_position_estimation_from_das_noais_3d\run_20260618_124039\tables\ais_matched_evaluation_3d.csv,ais_matched_evaluation_3d.csv,2026-06-18 16:24:26,time_utc,est_ship_lat_minus,est_ship_lon,est_channel,4382.0,5171.0,est_cable,south,3036,3036,2021-11-01 17:51:25.339000+00:00,2021-11-01 18:00:10.839000+00:00,18.110835888601024,18.25009941320358,18.4839977195456,17.942150435242432
D:\DAS\_ship_position_estimation_from_das_noais_3d\run_20260618_124039\tables\ais_matched_evaluation_3d.csv,ais_matched_evaluation_3d.csv,2026-06-18 16:24:26,time_utc,est_ship_lat_minus,est_lon,est_channel,4382.0,5171.0,est_cable,south,3036,3036,2021-11-01 17:51:25.339000+00:00,2021-11-01 18:00:10.839000+00:00,18.110835888601024,18.25009941320358,18.4839977195456,17.942150435242432
D:\DAS\_ship_position_estimation_from_das_noais_3d\run_20260618_124039\tables\estimated_ship_track_offcable_noais_3d_diagnostics.csv,estimated_ship_track_offcable_noais_3d_diagnostics.csv,2026-06-18 16:23:06,time_utc,est_ship_lat_minus,est_ship_lon_plus,est_channel,4382.0,5171.0,est_cable_depth_m,-53.53029,3036,3036,2021-11-01 17:51:25.339000+00:00,2021-11-01 18:00:10.839000+00:00,18.110835888601024,18.25009941320358,18.4839977195456,17.942150435242432
D:\DAS\_ship_position_estimation_from_das_noais_3d\run_20260618_124039\tables\estimated_ship_track_offcable_das_only_3d.csv,estimated_ship_track_offcable_das_only_3d.csv,2026-06-18 16:23:06,time_utc,est_ship_lat_minus,est_ship_lon_plus,est_channel,4382.0,5171.0,est_cable,south,3036,3036,2021-11-01 17:51:25.339000+00:00,2021-11-01 18:00:10.839000+00:00,18.110835888601024,18.25009941320358,18.4839977195456,17.942150435242432
D:\DAS\_ship_position_estimation_from_das_noais_3d\run_20260618_124039\tables\estimated_ship_track_offcable_das_only_3d.csv,estimated_ship_track_offcable_das_only_3d.csv,2026-06-18 16:23:06,time_utc,est_ship_lat_minus,est_ship_lon,est_channel,4382.0,5171.0,est_cable,south,3036,3036,2021-11-01 17:51:25.339000+00:00,2021-11-01 18:00:10.839000+00:00,18.110835888601024,18.25009941320358,18.4839977195456,17.942150435242432
D:\DAS\_ship_position_estimation_from_das_noais_3d\run_20260618_124039\tables\estimated_ship_track_offcable_das_only_3d.csv,estimated_ship_track_offcable_das_only_3d.csv,2026-06-18 16:23:06,time_utc,est_ship_lat_minus,est_lon,est_channel,4382.0,5171.0,est_cable,south,3036,3036,2021-11-01 17:51:25.339000+00:00,2021-11-01 18:00:10.839000+00:00,18.110835888601024,18.25009941320358,18.4839977195456,17.942150435242432
D:\DAS\_ship_position_estimation_from_das_noais_3d\run_20260618_140657\tables\activated_channels_summary.csv,activated_channels_summary.csv,2026-06-18 17:47:54,first_time_utc,lat,lon,channel,4382.0,5776.0,cable_dist_km,"7.336006419694684,8.024077269268533,8.031920827212264,8.039763057479824,8.180206581371515,8.18491216472246,8.186483709029659,8.493975217086286,8.501822684028658,8.505745116756207",1110,1110,2021-11-01 17:51:25.339000+00:00,2021-11-01 17:55:53.339000+00:00,18.126976548384594,18.13636411429618,19.2178042263426,16.655762348797893
D:\DAS\_ship_position_estimation_from_das_noais_3d\run_20260618_140657\tables\activated_channels_summary.csv,activated_channels_summary.csv,2026-06-18 17:47:54,first_time_utc,lat,lon,channel,4382.0,5776.0,cable_dist_km,"7.336006419694684,8.024077269268533,8.031920827212264,8.039763057479824,8.180206581371515,8.18491216472246,8.186483709029659,8.493975217086286,8.501822684028658,8.505745116756207",1110,1110,2021-11-01 17:51:25.339000+00:00,2021-11-01 17:55:53.339000+00:00,18.126976548384594,18.13636411429618,19.2178042263426,16.655762348797893
D:\DAS\_ship_position_estimation_from_das_noais_3d\run_20260618_124039\tables\activated_channels_summary.csv,activated_channels_summary.csv,2026-06-18 16:23:02,first_time_utc,lat,lon,channel,4382.0,5776.0,cable_dist_km,"7.336006419694684,8.024077269268533,8.031920827212264,8.039763057479824,8.180206581371515,8.18491216472246,8.186483709029659,8.493975217086286,8.501822684028658,8.505745116756207",1110,1110,2021-11-01 17:51:25.339000+00:00,2021-11-01 17:55:53.339000+00:00,18.126976548384594,18.13636411429618,19.2178042263426,16.655762348797893
D:\DAS\_ship_position_estimation_from_das_noais_3d\run_20260618_124039\tables\activated_channels_summary.csv,activated_channels_summary.csv,2026-06-18 16:23:02,first_time_utc,lat,lon,channel,4382.0,5776.0,cable_dist_km,"7.336006419694684,8.024077269268533,8.031920827212264,8.039763057479824,8.180206581371515,8.18491216472246,8.186483709029659,8.493975217086286,8.501822684028658,8.505745116756207",1110,1110,2021-11-01 17:51:25.339000+00:00,2021-11-01 17:55:53.339000+00:00,18.126976548384594,18.13636411429618,19.2178042263426,16.655762348797893
D:\DAS\_ship_position_estimation_from_das_noais_3d\run_20260618_140657\tables\activated_channel_segments.csv,activated_channel_segments.csv,2026-06-18 17:47:54,segment_start_utc,lat,lon,channel,4382.0,5776.0,cable_dist_km,"7.195597066372297,7.197950772245851,7.204222965647552,7.205794299937253,7.208148023288271,7.2097154217896575,7.222267725470047,7.2246188089872145,7.2261901344808495,8.501822684028658",1303,1303,2021-11-01 17:51:25.339000+00:00,2021-11-01 17:59:41.839000+00:00,18.173453731607612,18.328663563448284,19.376745427165485,16.655762348797893
D:\DAS\_ship_position_estimation_from_das_noais_3d\run_20260618_140657\tables\activated_channel_segments.csv,activated_channel_segments.csv,2026-06-18 17:47:54,segment_start_utc,lat,lon,channel,4382.0,5776.0,cable_dist_km,"7.195597066372297,7.197950772245851,7.204222965647552,7.205794299937253,7.208148023288271,7.2097154217896575,7.222267725470047,7.2246188089872145,7.2261901344808495,8.501822684028658",1303,1303,2021-11-01 17:51:25.339000+00:00,2021-11-01 17:59:41.839000+00:00,18.173453731607612,18.328663563448284,19.376745427165485,16.655762348797893
D:\DAS\_ship_position_estimation_from_das_noais_3d\run_20260618_124039\tables\activated_channel_segments.csv,activated_channel_segments.csv,2026-06-18 16:23:02,segment_start_utc,lat,lon,channel,4382.0,5776.0,cable_dist_km,"7.195597066372297,7.197950772245851,7.204222965647552,7.205794299937253,7.208148023288271,7.2097154217896575,7.222267725470047,7.2246188089872145,7.2261901344808495,8.501822684028658",1303,1303,2021-11-01 17:51:25.339000+00:00,2021-11-01 17:59:41.839000+00:00,18.173453731607612,18.328663563448284,19.376745427165485,16.655762348797893
D:\DAS\_ship_position_estimation_from_das_noais_3d\run_20260618_124039\tables\activated_channel_segments.csv,activated_channel_segments.csv,2026-06-18 16:23:02,segment_start_utc,lat,lon,channel,4382.0,5776.0,cable_dist_km,"7.195597066372297,7.197950772245851,7.204222965647552,7.205794299937253,7.208148023288271,7.2097154217896575,7.222267725470047,7.2246188089872145,7.2261901344808495,8.501822684028658",1303,1303,2021-11-01 17:51:25.339000+00:00,2021-11-01 17:59:41.839000+00:00,18.173453731607612,18.328663563448284,19.376745427165485,16.655762348797893
D:\DAS\_ship_position_estimation_from_das_noais_3d\run_20260618_140657\tables\activated_channels_by_frame.csv,activated_channels_by_frame.csv,2026-06-18 17:47:52,time_utc,lat,lon,channel,4382.0,5782.0,cable_dist_km,"8.024077269268533,8.027998391700493,8.031920827212264,8.039763057479824,8.180206581371515,8.18491216472246,8.186483709029659,8.493975217086286,8.501822684028658,8.505745116756207",15053,15053,2021-11-01 17:51:25.339000+00:00,2021-11-01 18:00:10.839000+00:00,18.265542211084096,18.331913479400978,19.37987391463901,16.64308422868979
D:\DAS\_ship_position_estimation_from_das_noais_3d\run_20260618_140657\tables\activated_channels_by_frame.csv,activated_channels_by_frame.csv,2026-06-18 17:47:52,time_utc,lat,lon,channel,4382.0,5782.0,cable_dist_km,"8.024077269268533,8.027998391700493,8.031920827212264,8.039763057479824,8.180206581371515,8.18491216472246,8.186483709029659,8.493975217086286,8.501822684028658,8.505745116756207",15053,15053,2021-11-01 17:51:25.339000+00:00,2021-11-01 18:00:10.839000+00:00,18.265542211084096,18.331913479400978,19.37987391463901,16.64308422868979
D:\DAS\_ship_position_estimation_from_das_noais_3d\run_20260618_124039\tables\activated_channels_by_frame.csv,activated_channels_by_frame.csv,2026-06-18 16:23:02,time_utc,lat,lon,channel,4382.0,5782.0,cable_dist_km,"8.024077269268533,8.027998391700493,8.031920827212264,8.039763057479824,8.180206581371515,8.18491216472246,8.186483709029659,8.493975217086286,8.501822684028658,8.505745116756207",15053,15053,2021-11-01 17:51:25.339000+00:00,2021-11-01 18:00:10.839000+00:00,18.265542211084096,18.331913479400978,19.37987391463901,16.64308422868979
D:\DAS\_ship_position_estimation_from_das_noais_3d\run_20260618_124039\tables\activated_channels_by_frame.csv,activated_channels_by_frame.csv,2026-06-18 16:23:02,time_utc,lat,lon,channel,4382.0,5782.0,cable_dist_km,"8.024077269268533,8.027998391700493,8.031920827212264,8.039763057479824,8.180206581371515,8.18491216472246,8.186483709029659,8.493975217086286,8.501822684028658,8.505745116756207",15053,15053,2021-11-01 17:51:25.339000+00:00,2021-11-01 18:00:10.839000+00:00,18.265542211084096,18.331913479400978,19.37987391463901,16.64308422868979
D:\DAS\_ship_das_time_intersection\run_20260609_201834\03_resampled_ship_distance_to_cable.csv,03_resampled_ship_distance_to_cable.csv,2026-06-09 23:20:40,BaseDateTime,nearest_cable_lat,LON,nearest_channel,942.0,39062.0,distance_to_cable_m,"115438.65734388576,115473.98005824052,115509.3213788715,115544.6812885329,115580.05976999464,199248.01391581044,199286.39376347448,199324.77870863635,199363.16874842756,199401.5638799749",1398,720,2021-11-01 17:18:19+00:00,2021-11-01 18:46:03+00:00,26.727749495138838,37.21091762957267,80.24425307898711,0.04147734734476264
D:\DAS\_ship_das_time_intersection\run_20260609_201834\03_resampled_ship_distance_to_cable.csv,03_resampled_ship_distance_to_cable.csv,2026-06-09 23:20:40,BaseDateTime,nearest_cable_lat,nearest_cable_lon,nearest_channel,942.0,39062.0,distance_to_cable_m,"115438.65734388576,115473.98005824052,115509.3213788715,115544.6812885329,115580.05976999464,199248.01391581044,199286.39376347448,199324.77870863635,199363.16874842756,199401.5638799749",1398,720,2021-11-01 17:18:19+00:00,2021-11-01 18:46:03+00:00,26.74195049011766,26.789524158432805,47.588159457226155,0.041594122939937625
D:\DAS\_ship_das_time_intersection\run_20260609_201834\03_resampled_ship_distance_to_cable.csv,03_resampled_ship_distance_to_cable.csv,2026-06-09 23:20:40,BaseDateTime,LAT,nearest_cable_lon,nearest_channel,942.0,39062.0,distance_to_cable_m,"115438.65734388576,115473.98005824052,115509.3213788715,115544.6812885329,115580.05976999464,199248.01391581044,199286.39376347448,199324.77870863635,199363.16874842756,199401.5638799749",1398,720,2021-11-01 17:18:19+00:00,2021-11-01 18:46:03+00:00,112.18900387206116,117.44093599451905,215.54079740889816,0.003166726443934892
D:\DAS\_ship_das_time_intersection\run_20260609_201834\03_resampled_ship_distance_to_cable.csv,03_resampled_ship_distance_to_cable.csv,2026-06-09 23:20:40,BaseDateTime,LAT,LON,nearest_channel,942.0,39062.0,distance_to_cable_m,"115438.65734388576,115473.98005824052,115509.3213788715,115544.6812885329,115580.05976999464,199248.01391581044,199286.39376347448,199324.77870863635,199363.16874842756,199401.5638799749",1398,720,2021-11-01 17:18:19+00:00,2021-11-01 18:46:03+00:00,133.01768274386464,123.57034078825725,211.9192590550619,0.0
D:\DAS\_ship_das_time_intersection\run_20260609_201834\03_resampled_ship_distance_to_cable.csv,03_resampled_ship_distance_to_cable.csv,2026-06-09 23:20:40,BaseDateTime,LAT,LON,nearest_channel,942.0,39062.0,distance_to_cable_m,"115438.65734388576,115473.98005824052,115509.3213788715,115544.6812885329,115580.05976999464,199248.01391581044,199286.39376347448,199324.77870863635,199363.16874842756,199401.5638799749",1398,720,2021-11-01 17:18:19+00:00,2021-11-01 18:46:03+00:00,133.01768274386464,123.57034078825725,211.9192590550619,0.0
D:\DAS\_ship_das_time_intersection\run_20260609_201834\02_selected_ais_points.csv,02_selected_ais_points.csv,2026-06-09 23:20:38,BaseDateTime,LAT,LON,,,,,,111,75,2021-11-01 17:18:38+00:00,2021-11-01 18:29:51+00:00,136.47351601025252,162.86415629909288,211.97053794877837,0.0
D:\DAS\_ship_das_time_intersection\run_20260609_201834\02_selected_ais_points.csv,02_selected_ais_points.csv,2026-06-09 23:20:38,BaseDateTime,LAT,LON,,,,,,111,75,2021-11-01 17:18:38+00:00,2021-11-01 18:29:51+00:00,136.47351601025252,162.86415629909288,211.97053794877837,0.0
D:\DAS\_ship_position_estimation_from_das\trajectory_cache\2021-11-01\mmsi_477117400.csv,mmsi_477117400.csv,2026-06-12 04:27:40,time_utc,lat,lon,,,,,,77,38,2021-11-01 17:19:01+00:00,2021-11-01 18:45:00+00:00,498.3215265189832,498.16784070374507,506.85082561508403,487.4260085362835
D:\DAS\_ship_position_estimation_from_das\trajectory_cache\2021-11-01\mmsi_477117400.csv,mmsi_477117400.csv,2026-06-12 04:27:40,time_utc,lat,lon,,,,,,77,38,2021-11-01 17:19:01+00:00,2021-11-01 18:45:00+00:00,498.3215265189832,498.16784070374507,506.85082561508403,487.4260085362835
D:\DAS\_ship_position_estimation_from_das\indexes\vessel_day_index.csv,vessel_day_index.csv,2026-06-12 04:27:02,first_time_utc,lat_max,lon_min,,,,,,336,176,2021-11-01 17:19:00+00:00,2021-11-01 18:46:00+00:00,3946.996652006874,2796.7558565144213,4312.176159504247,129.68335953473994
D:\DAS\_ship_position_estimation_from_das\indexes\vessel_day_index.csv,vessel_day_index.csv,2026-06-12 04:27:02,first_time_utc,lat_min,lon_min,,,,,,336,176,2021-11-01 17:19:00+00:00,2021-11-01 18:46:00+00:00,3947.575876478779,2806.5482360474994,4313.73147506237,129.14707546064466
D:\DAS\_ship_position_estimation_from_das\indexes\vessel_day_index.csv,vessel_day_index.csv,2026-06-12 04:27:02,first_time_utc,lat_min,lon_min,,,,,,336,176,2021-11-01 17:19:00+00:00,2021-11-01 18:46:00+00:00,3947.575876478779,2806.5482360474994,4313.73147506237,129.14707546064466
D:\DAS\_ship_position_estimation_from_das\indexes\vessel_day_index.csv,vessel_day_index.csv,2026-06-12 04:27:02,first_time_utc,lat_max,lon_max,,,,,,336,176,2021-11-01 17:19:00+00:00,2021-11-01 18:46:00+00:00,3948.649944712757,2818.6764180456544,4313.393572138795,131.13136184715955
D:\DAS\_ship_position_estimation_from_das\indexes\vessel_day_index.csv,vessel_day_index.csv,2026-06-12 04:27:02,first_time_utc,lat_min,lon_max,,,,,,336,176,2021-11-01 17:19:00+00:00,2021-11-01 18:46:00+00:00,3948.9434170458744,2825.8040877775097,4314.0557836999815,130.60139368072146
D:\DAS\_ship_das_time_intersection\run_20260609_201834\03_resampled_ship_distance_to_cable.csv,03_resampled_ship_distance_to_cable.csv,2026-06-09 23:20:40,BaseDateTime,interpolated_ais,nearest_cable_lon,nearest_channel,942.0,39062.0,distance_to_cable_m,"115438.65734388576,115473.98005824052,115509.3213788715,115544.6812885329,115580.05976999464,199248.01391581044,199286.39376347448,199324.77870863635,199363.16874842756,199401.5638799749",1398,720,2021-11-01 17:18:19+00:00,2021-11-01 18:46:03+00:00,4911.6612667908585,4911.612832555016,4912.071509378058,4911.128645800092
D:\DAS\_ship_das_time_intersection\run_20260609_201834\03_resampled_ship_distance_to_cable.csv,03_resampled_ship_distance_to_cable.csv,2026-06-09 23:20:40,BaseDateTime,interpolated_ais,LON,nearest_channel,942.0,39062.0,distance_to_cable_m,"115438.65734388576,115473.98005824052,115509.3213788715,115544.6812885329,115580.05976999464,199248.01391581044,199286.39376347448,199324.77870863635,199363.16874842756,199401.5638799749",1398,720,2021-11-01 17:18:19+00:00,2021-11-01 18:46:03+00:00,4911.721318499343,4911.822367634961,4912.748519584851,4911.128645756797
D:\DAS\_ship_position_estimation_from_das\run_20260613_153917\tables\estimate_vs_groundtruth_joined.csv,estimate_vs_groundtruth_joined.csv,2026-06-13 19:01:24,time_utc,est_cable_lat,gt_along_track_residual_km,est_channel,13912.0,14228.0,est_cable,south,7844,7844,2021-11-01 17:51:30.339000+00:00,2021-11-01 18:12:48.839000+00:00,8575.559262170009,8575.56172838781,8575.70401560904,8575.358582836345
D:\DAS\_ship_position_estimation_from_das\run_20260618_120347\tables\estimate_vs_groundtruth_joined.csv,estimate_vs_groundtruth_joined.csv,2026-06-18 15:20:14,time_utc,gt_cable_lat,gt_along_track_residual_km,est_channel,14176.0,14257.0,est_cable,south,7844,7844,2021-11-01 17:51:30.339000+00:00,2021-11-01 18:12:48.839000+00:00,8575.562828800541,8575.563663837833,8575.707551884203,8575.359296222936
D:\DAS\_ship_position_estimation_from_das\run_20260613_172525\tables\estimate_vs_groundtruth_joined.csv,estimate_vs_groundtruth_joined.csv,2026-06-13 20:47:30,time_utc,gt_cable_lat,gt_along_track_residual_km,est_channel,14176.0,14257.0,est_cable,south,7844,7844,2021-11-01 17:51:30.339000+00:00,2021-11-01 18:12:48.839000+00:00,8575.562828800541,8575.563663837833,8575.707551884203,8575.359296222936
D:\DAS\_ship_position_estimation_from_das\run_20260613_153917\tables\estimate_vs_groundtruth_joined.csv,estimate_vs_groundtruth_joined.csv,2026-06-13 19:01:24,time_utc,gt_cable_lat,gt_along_track_residual_km,est_channel,13912.0,14228.0,est_cable,south,7844,7844,2021-11-01 17:51:30.339000+00:00,2021-11-01 18:12:48.839000+00:00,8575.562828800541,8575.563663837833,8575.707551884203,8575.359296222936
D:\DAS\_ship_position_estimation_from_das\run_20260618_120347\tables\groundtruth_signed_cross_track_offset_v12.csv,groundtruth_signed_cross_track_offset_v12.csv,2026-06-18 15:20:12,time_utc,gt_cable_lat,gt_along_track_residual_km,gt_channel,13990.0,14219.0,gt_cable,south,42,42,2021-11-01 17:52:15+00:00,2021-11-01 18:12:04+00:00,8575.562950918222,8575.563822470214,8575.70735877216,8575.359296222936
D:\DAS\_ship_position_estimation_from_das\run_20260618_120347\tables\groundtruth_event_focused_with_cross_track_v12.csv,groundtruth_event_focused_with_cross_track_v12.csv,2026-06-18 15:04:06,time_utc,gt_cable_lat,gt_along_track_residual_km,gt_channel,13990.0,14219.0,gt_cable,south,42,42,2021-11-01 17:52:15+00:00,2021-11-01 18:12:04+00:00,8575.562950918222,8575.563822470214,8575.70735877216,8575.359296222936
D:\DAS\_ship_position_estimation_from_das\run_20260613_172525\tables\groundtruth_signed_cross_track_offset_v12.csv,groundtruth_signed_cross_track_offset_v12.csv,2026-06-13 20:47:28,time_utc,gt_cable_lat,gt_along_track_residual_km,gt_channel,13990.0,14219.0,gt_cable,south,42,42,2021-11-01 17:52:15+00:00,2021-11-01 18:12:04+00:00,8575.562950918222,8575.563822470214,8575.70735877216,8575.359296222936
D:\DAS\_ship_position_estimation_from_das\run_20260613_172525\tables\groundtruth_event_focused_with_cross_track_v12.csv,groundtruth_event_focused_with_cross_track_v12.csv,2026-06-13 20:25:48,time_utc,gt_cable_lat,gt_along_track_residual_km,gt_channel,13990.0,14219.0,gt_cable,south,42,42,2021-11-01 17:52:15+00:00,2021-11-01 18:12:04+00:00,8575.562950918222,8575.563822470214,8575.70735877216,8575.359296222936
D:\DAS\_ship_position_estimation_from_das\run_20260613_153917\tables\groundtruth_signed_cross_track_offset_v12.csv,groundtruth_signed_cross_track_offset_v12.csv,2026-06-13 19:01:20,time_utc,gt_cable_lat,gt_along_track_residual_km,gt_channel,13990.0,14219.0,gt_cable,south,42,42,2021-11-01 17:52:15+00:00,2021-11-01 18:12:04+00:00,8575.562950918222,8575.563822470214,8575.70735877216,8575.359296222936
D:\DAS\_ship_position_estimation_from_das\run_20260613_153917\tables\groundtruth_event_focused_with_cross_track_v12.csv,groundtruth_event_focused_with_cross_track_v12.csv,2026-06-13 18:39:40,time_utc,gt_cable_lat,gt_along_track_residual_km,gt_channel,13990.0,14219.0,gt_cable,south,42,42,2021-11-01 17:52:15+00:00,2021-11-01 18:12:04+00:00,8575.562950918222,8575.563822470214,8575.70735877216,8575.359296222936
D:\DAS\_ship_position_estimation_from_das\run_20260613_135420\tables\groundtruth_event_focused_with_cross_track_v12.csv,groundtruth_event_focused_with_cross_track_v12.csv,2026-06-13 16:54:44,time_utc,gt_cable_lat,gt_along_track_residual_km,gt_channel,13990.0,14219.0,gt_cable,south,42,42,2021-11-01 17:52:15+00:00,2021-11-01 18:12:04+00:00,8575.562950918222,8575.563822470214,8575.70735877216,8575.359296222936
D:\DAS\_ship_position_estimation_from_das\run_20260618_120347\tables\estimate_vs_groundtruth_joined.csv,estimate_vs_groundtruth_joined.csv,2026-06-18 15:20:14,time_utc,est_cable_lat,gt_along_track_residual_km,est_channel,14176.0,14257.0,est_cable,south,7844,7844,2021-11-01 17:51:30.339000+00:00,2021-11-01 18:12:48.839000+00:00,8575.5686417619,8575.569698317653,8575.71780618841,8575.362149769395
D:\DAS\_ship_position_estimation_from_das\run_20260613_172525\tables\estimate_vs_groundtruth_joined.csv,estimate_vs_groundtruth_joined.csv,2026-06-13 20:47:30,time_utc,est_cable_lat,gt_along_track_residual_km,est_channel,14176.0,14257.0,est_cable,south,7844,7844,2021-11-01 17:51:30.339000+00:00,2021-11-01 18:12:48.839000+00:00,8575.5686417619,8575.569698317653,8575.71780618841,8575.362149769395
D:\DAS\_ship_position_estimation_from_das\run_20260621_104743\tables\groundtruth_signed_cross_track_offset_v12.csv,groundtruth_signed_cross_track_offset_v12.csv,2026-06-21 14:09:10,time_utc,gt_cable_lat,gt_along_track_residual_km,gt_channel,13985.0,14219.0,gt_cable,south,42,42,2021-11-01 17:52:15+00:00,2021-11-01 18:12:04+00:00,8575.650150179568,8575.740778083806,8576.193772783308,8575.330616292684
D:\DAS\_ship_position_estimation_from_das\run_20260621_104743\tables\groundtruth_event_focused_with_cross_track_v12.csv,groundtruth_event_focused_with_cross_track_v12.csv,2026-06-21 13:49:50,time_utc,gt_cable_lat,gt_along_track_residual_km,gt_channel,13985.0,14219.0,gt_cable,south,42,42,2021-11-01 17:52:15+00:00,2021-11-01 18:12:04+00:00,8575.650150179568,8575.740778083806,8576.193772783308,8575.330616292684
D:\DAS\_ship_position_estimation_from_das\run_20260619_114653\tables\groundtruth_signed_cross_track_offset_v12.csv,groundtruth_signed_cross_track_offset_v12.csv,2026-06-19 15:07:16,time_utc,gt_cable_lat,gt_along_track_residual_km,gt_channel,13985.0,14219.0,gt_cable,south,42,42,2021-11-01 17:52:15+00:00,2021-11-01 18:12:04+00:00,8575.650150179568,8575.740778083806,8576.193772783308,8575.330616292684
D:\DAS\_ship_position_estimation_from_das\run_20260619_114653\tables\groundtruth_event_focused_with_cross_track_v12.csv,groundtruth_event_focused_with_cross_track_v12.csv,2026-06-19 14:48:50,time_utc,gt_cable_lat,gt_along_track_residual_km,gt_channel,13985.0,14219.0,gt_cable,south,42,42,2021-11-01 17:52:15+00:00,2021-11-01 18:12:04+00:00,8575.650150179568,8575.740778083806,8576.193772783308,8575.330616292684
D:\DAS\_ship_position_estimation_from_das\run_20260618_165041\tables\groundtruth_event_focused_with_cross_track_v12.csv,groundtruth_event_focused_with_cross_track_v12.csv,2026-06-18 19:52:36,time_utc,gt_cable_lat,gt_along_track_residual_km,gt_channel,13985.0,14219.0,gt_cable,south,42,42,2021-11-01 17:52:15+00:00,2021-11-01 18:12:04+00:00,8575.650150179568,8575.740778083806,8576.193772783308,8575.330616292684
D:\DAS\_ship_position_estimation_from_das\run_20260621_104743\tables\estimate_vs_groundtruth_joined.csv,estimate_vs_groundtruth_joined.csv,2026-06-21 14:09:16,time_utc,gt_cable_lat,gt_along_track_residual_km,est_channel,14176.0,14257.0,est_cable,south,7844,7844,2021-11-01 17:51:30.339000+00:00,2021-11-01 18:12:48.839000+00:00,8575.658621795737,8575.749196810002,8576.194772522096,8575.330616292684
D:\DAS\_ship_position_estimation_from_das\run_20260619_114653\tables\estimate_vs_groundtruth_joined.csv,estimate_vs_groundtruth_joined.csv,2026-06-19 15:07:20,time_utc,gt_cable_lat,gt_along_track_residual_km,est_channel,14176.0,14257.0,est_cable,south,7844,7844,2021-11-01 17:51:30.339000+00:00,2021-11-01 18:12:48.839000+00:00,8575.658621795737,8575.749196810002,8576.194772522096,8575.330616292684
D:\DAS\_ship_position_estimation_from_das\run_20260621_104743\tables\estimate_vs_groundtruth_joined.csv,estimate_vs_groundtruth_joined.csv,2026-06-21 14:09:16,time_utc,est_cable_lat,gt_along_track_residual_km,est_channel,14176.0,14257.0,est_cable,south,7844,7844,2021-11-01 17:51:30.339000+00:00,2021-11-01 18:12:48.839000+00:00,8575.665934115248,8575.755336094062,8576.204492580331,8575.335698975752
D:\DAS\_ship_position_estimation_from_das\run_20260619_114653\tables\estimate_vs_groundtruth_joined.csv,estimate_vs_groundtruth_joined.csv,2026-06-19 15:07:20,time_utc,est_cable_lat,gt_along_track_residual_km,est_channel,14176.0,14257.0,est_cable,south,7844,7844,2021-11-01 17:51:30.339000+00:00,2021-11-01 18:12:48.839000+00:00,8575.665934115248,8575.755336094062,8576.204492580331,8575.335698975752
D:\DAS\_ship_position_estimation_from_das\run_20260613_153917\tables\estimate_vs_groundtruth_joined.csv,estimate_vs_groundtruth_joined.csv,2026-06-13 19:01:24,time_utc,est_lat,gt_along_track_residual_km,est_channel,13912.0,14228.0,est_cable,south,7844,7844,2021-11-01 17:51:30.339000+00:00,2021-11-01 18:12:48.839000+00:00,8575.803693007154,8575.809989651354,8576.128140145076,8575.436156878033
D:\DAS\_ship_position_estimation_from_das\run_20260613_153917\tables\estimate_vs_groundtruth_joined.csv,estimate_vs_groundtruth_joined.csv,2026-06-13 19:01:24,time_utc,est_ship_lat,gt_along_track_residual_km,est_channel,13912.0,14228.0,est_cable,south,7844,7844,2021-11-01 17:51:30.339000+00:00,2021-11-01 18:12:48.839000+00:00,8575.803693007154,8575.809989651354,8576.128140145076,8575.436156878033
D:\DAS\_ship_position_estimation_from_das\run_20260618_120347\tables\groundtruth_signed_cross_track_offset_v12.csv,groundtruth_signed_cross_track_offset_v12.csv,2026-06-18 15:20:12,time_utc,ais_lat,gt_along_track_residual_km,gt_channel,13990.0,14219.0,gt_cable,south,42,42,2021-11-01 17:52:15+00:00,2021-11-01 18:12:04+00:00,8575.804695554249,8575.807687489558,8576.104427859515,8575.442126709811
D:\DAS\_ship_position_estimation_from_das\run_20260618_120347\tables\groundtruth_event_focused_with_cross_track_v12.csv,groundtruth_event_focused_with_cross_track_v12.csv,2026-06-18 15:04:06,time_utc,ais_lat,gt_along_track_residual_km,gt_channel,13990.0,14219.0,gt_cable,south,42,42,2021-11-01 17:52:15+00:00,2021-11-01 18:12:04+00:00,8575.804695554249,8575.807687489558,8576.104427859515,8575.442126709811
D:\DAS\_ship_position_estimation_from_das\run_20260613_172525\tables\groundtruth_signed_cross_track_offset_v12.csv,groundtruth_signed_cross_track_offset_v12.csv,2026-06-13 20:47:28,time_utc,ais_lat,gt_along_track_residual_km,gt_channel,13990.0,14219.0,gt_cable,south,42,42,2021-11-01 17:52:15+00:00,2021-11-01 18:12:04+00:00,8575.804695554249,8575.807687489558,8576.104427859515,8575.442126709811
D:\DAS\_ship_position_estimation_from_das\run_20260613_172525\tables\groundtruth_event_focused_with_cross_track_v12.csv,groundtruth_event_focused_with_cross_track_v12.csv,2026-06-13 20:25:48,time_utc,ais_lat,gt_along_track_residual_km,gt_channel,13990.0,14219.0,gt_cable,south,42,42,2021-11-01 17:52:15+00:00,2021-11-01 18:12:04+00:00,8575.804695554249,8575.807687489558,8576.104427859515,8575.442126709811
D:\DAS\_ship_position_estimation_from_das\run_20260613_153917\tables\groundtruth_signed_cross_track_offset_v12.csv,groundtruth_signed_cross_track_offset_v12.csv,2026-06-13 19:01:20,time_utc,ais_lat,gt_along_track_residual_km,gt_channel,13990.0,14219.0,gt_cable,south,42,42,2021-11-01 17:52:15+00:00,2021-11-01 18:12:04+00:00,8575.804695554249,8575.807687489558,8576.104427859515,8575.442126709811
D:\DAS\_ship_position_estimation_from_das\run_20260613_153917\tables\groundtruth_event_focused_with_cross_track_v12.csv,groundtruth_event_focused_with_cross_track_v12.csv,2026-06-13 18:39:40,time_utc,ais_lat,gt_along_track_residual_km,gt_channel,13990.0,14219.0,gt_cable,south,42,42,2021-11-01 17:52:15+00:00,2021-11-01 18:12:04+00:00,8575.804695554249,8575.807687489558,8576.104427859515,8575.442126709811
D:\DAS\_ship_position_estimation_from_das\run_20260613_135420\tables\groundtruth_event_focused_with_cross_track_v12.csv,groundtruth_event_focused_with_cross_track_v12.csv,2026-06-13 16:54:44,time_utc,ais_lat,gt_along_track_residual_km,gt_channel,13990.0,14219.0,gt_cable,south,42,42,2021-11-01 17:52:15+00:00,2021-11-01 18:12:04+00:00,8575.804695554249,8575.807687489558,8576.104427859515,8575.442126709811
D:\DAS\_ship_position_estimation_from_das\run_20260618_120347\tables\estimate_vs_groundtruth_joined.csv,estimate_vs_groundtruth_joined.csv,2026-06-18 15:20:14,time_utc,ais_lat,gt_along_track_residual_km,est_channel,14176.0,14257.0,est_cable,south,7844,7844,2021-11-01 17:51:30.339000+00:00,2021-11-01 18:12:48.839000+00:00,8575.806809829017,8575.811941819811,8576.129234373666,8575.442126709811
D:\DAS\_ship_position_estimation_from_das\run_20260613_172525\tables\estimate_vs_groundtruth_joined.csv,estimate_vs_groundtruth_joined.csv,2026-06-13 20:47:30,time_utc,ais_lat,gt_along_track_residual_km,est_channel,14176.0,14257.0,est_cable,south,7844,7844,2021-11-01 17:51:30.339000+00:00,2021-11-01 18:12:48.839000+00:00,8575.806809829017,8575.811941819811,8576.129234373666,8575.442126709811
D:\DAS\_ship_position_estimation_from_das\run_20260613_153917\tables\estimate_vs_groundtruth_joined.csv,estimate_vs_groundtruth_joined.csv,2026-06-13 19:01:24,time_utc,ais_lat,gt_along_track_residual_km,est_channel,13912.0,14228.0,est_cable,south,7844,7844,2021-11-01 17:51:30.339000+00:00,2021-11-01 18:12:48.839000+00:00,8575.806809829017,8575.811941819811,8576.129234373666,8575.442126709811
D:\DAS\_ship_position_estimation_from_das\run_20260618_120347\tables\estimate_vs_groundtruth_joined.csv,estimate_vs_groundtruth_joined.csv,2026-06-18 15:20:14,time_utc,est_lat,gt_along_track_residual_km,est_channel,14176.0,14257.0,est_cable,south,7844,7844,2021-11-01 17:51:30.339000+00:00,2021-11-01 18:12:48.839000+00:00,8575.811876086635,8575.817958576834,8576.140814581759,8575.439364230038
D:\DAS\_ship_position_estimation_from_das\run_20260618_120347\tables\estimate_vs_groundtruth_joined.csv,estimate_vs_groundtruth_joined.csv,2026-06-18 15:20:14,time_utc,est_ship_lat,gt_along_track_residual_km,est_channel,14176.0,14257.0,est_cable,south,7844,7844,2021-11-01 17:51:30.339000+00:00,2021-11-01 18:12:48.839000+00:00,8575.811876086635,8575.817958576834,8576.140814581759,8575.439364230038
D:\DAS\_ship_position_estimation_from_das\run_20260613_172525\tables\estimate_vs_groundtruth_joined.csv,estimate_vs_groundtruth_joined.csv,2026-06-13 20:47:30,time_utc,est_lat,gt_along_track_residual_km,est_channel,14176.0,14257.0,est_cable,south,7844,7844,2021-11-01 17:51:30.339000+00:00,2021-11-01 18:12:48.839000+00:00,8575.811876086635,8575.817958576834,8576.140814581759,8575.439364230038
D:\DAS\_ship_position_estimation_from_das\run_20260613_172525\tables\estimate_vs_groundtruth_joined.csv,estimate_vs_groundtruth_joined.csv,2026-06-13 20:47:30,time_utc,est_ship_lat,gt_along_track_residual_km,est_channel,14176.0,14257.0,est_cable,south,7844,7844,2021-11-01 17:51:30.339000+00:00,2021-11-01 18:12:48.839000+00:00,8575.811876086635,8575.817958576834,8576.140814581759,8575.439364230038
D:\DAS\_ship_position_estimation_from_das\run_20260621_104743\tables\groundtruth_signed_cross_track_offset_v12.csv,groundtruth_signed_cross_track_offset_v12.csv,2026-06-21 14:09:10,time_utc,ais_lat,gt_along_track_residual_km,gt_channel,13985.0,14219.0,gt_cable,south,42,42,2021-11-01 17:52:15+00:00,2021-11-01 18:12:04+00:00,8575.883169916322,8575.984751094691,8576.634225987222,8575.466939427914
D:\DAS\_ship_position_estimation_from_das\run_20260621_104743\tables\groundtruth_event_focused_with_cross_track_v12.csv,groundtruth_event_focused_with_cross_track_v12.csv,2026-06-21 13:49:50,time_utc,ais_lat,gt_along_track_residual_km,gt_channel,13985.0,14219.0,gt_cable,south,42,42,2021-11-01 17:52:15+00:00,2021-11-01 18:12:04+00:00,8575.883169916322,8575.984751094691,8576.634225987222,8575.466939427914
D:\DAS\_ship_position_estimation_from_das\run_20260619_114653\tables\groundtruth_signed_cross_track_offset_v12.csv,groundtruth_signed_cross_track_offset_v12.csv,2026-06-19 15:07:16,time_utc,ais_lat,gt_along_track_residual_km,gt_channel,13985.0,14219.0,gt_cable,south,42,42,2021-11-01 17:52:15+00:00,2021-11-01 18:12:04+00:00,8575.883169916322,8575.984751094691,8576.634225987222,8575.466939427914
D:\DAS\_ship_position_estimation_from_das\run_20260619_114653\tables\groundtruth_event_focused_with_cross_track_v12.csv,groundtruth_event_focused_with_cross_track_v12.csv,2026-06-19 14:48:50,time_utc,ais_lat,gt_along_track_residual_km,gt_channel,13985.0,14219.0,gt_cable,south,42,42,2021-11-01 17:52:15+00:00,2021-11-01 18:12:04+00:00,8575.883169916322,8575.984751094691,8576.634225987222,8575.466939427914
D:\DAS\_ship_position_estimation_from_das\run_20260618_165041\tables\groundtruth_event_focused_with_cross_track_v12.csv,groundtruth_event_focused_with_cross_track_v12.csv,2026-06-18 19:52:36,time_utc,ais_lat,gt_along_track_residual_km,gt_channel,13985.0,14219.0,gt_cable,south,42,42,2021-11-01 17:52:15+00:00,2021-11-01 18:12:04+00:00,8575.883169916322,8575.984751094691,8576.634225987222,8575.466939427914
D:\DAS\_ship_position_estimation_from_das\run_20260621_104743\tables\estimate_vs_groundtruth_joined.csv,estimate_vs_groundtruth_joined.csv,2026-06-21 14:09:16,time_utc,ais_lat,gt_along_track_residual_km,est_channel,14176.0,14257.0,est_cable,south,7844,7844,2021-11-01 17:51:30.339000+00:00,2021-11-01 18:12:48.839000+00:00,8575.889619296278,8575.99758827762,8576.637278219137,8575.466939427914
D:\DAS\_ship_position_estimation_from_das\run_20260619_114653\tables\estimate_vs_groundtruth_joined.csv,estimate_vs_groundtruth_joined.csv,2026-06-19 15:07:20,time_utc,ais_lat,gt_along_track_residual_km,est_channel,14176.0,14257.0,est_cable,south,7844,7844,2021-11-01 17:51:30.339000+00:00,2021-11-01 18:12:48.839000+00:00,8575.889619296278,8575.99758827762,8576.637278219137,8575.466939427914
D:\DAS\_ship_position_estimation_from_das\run_20260621_104743\tables\estimate_vs_groundtruth_joined.csv,estimate_vs_groundtruth_joined.csv,2026-06-21 14:09:16,time_utc,est_lat,gt_along_track_residual_km,est_channel,14176.0,14257.0,est_cable,south,7844,7844,2021-11-01 17:51:30.339000+00:00,2021-11-01 18:12:48.839000+00:00,8575.898021254314,8576.003602959261,8576.647412774151,8575.468858990185
D:\DAS\_ship_position_estimation_from_das\run_20260621_104743\tables\estimate_vs_groundtruth_joined.csv,estimate_vs_groundtruth_joined.csv,2026-06-21 14:09:16,time_utc,est_ship_lat,gt_along_track_residual_km,est_channel,14176.0,14257.0,est_cable,south,7844,7844,2021-11-01 17:51:30.339000+00:00,2021-11-01 18:12:48.839000+00:00,8575.898021254314,8576.003602959261,8576.647412774151,8575.468858990185
D:\DAS\_ship_position_estimation_from_das\run_20260619_114653\tables\estimate_vs_groundtruth_joined.csv,estimate_vs_groundtruth_joined.csv,2026-06-19 15:07:20,time_utc,est_lat,gt_along_track_residual_km,est_channel,14176.0,14257.0,est_cable,south,7844,7844,2021-11-01 17:51:30.339000+00:00,2021-11-01 18:12:48.839000+00:00,8575.898021254314,8576.003602959261,8576.647412774151,8575.468858990185
D:\DAS\_ship_position_estimation_from_das\run_20260619_114653\tables\estimate_vs_groundtruth_joined.csv,estimate_vs_groundtruth_joined.csv,2026-06-19 15:07:20,time_utc,est_ship_lat,gt_along_track_residual_km,est_channel,14176.0,14257.0,est_cable,south,7844,7844,2021-11-01 17:51:30.339000+00:00,2021-11-01 18:12:48.839000+00:00,8575.898021254314,8576.003602959261,8576.647412774151,8575.468858990185
